rainfall_1h,rainfall_3h,rainfall_6h,soil_moisture,slope,elevation,river_level,temperature,flood
8.12,13.43,45.59,43.4,9.74,63.73,2.39,30.3,0
13.3,15.76,24.28,34.77,4.03,100.86,2.98,22.53,0
6.44,6.89,39.09,56.77,22.48,23.41,2.7,28.8,0
5.21,33.03,74.74,45.54,11.62,12.47,3.04,23.21,0
15.07,27.47,29.71,30.5,8.97,62.08,3.78,27.09,0
5.9,59.24,66.44,38.17,5.02,31.71,2.81,34.22,0
9.85,28.36,66.03,41.84,6.51,95.62,3.48,32.76,0
8.78,20.04,38.03,43.65,4.56,108.72,2.22,28.1,0
15.06,29.36,100.18,39.68,2.17,28.12,5.59,28.89,0
3.95,19.16,54.9,18.5,19.76,200.06,2.06,26.83,0
20.45,66.97,97.64,48.21,5.88,70.52,3.24,23.16,1
2.39,35.82,61.47,44.78,3.92,41.41,3.39,16.71,0
10.59,18.21,82.17,34.62,5.77,126.09,2.02,31.23,0
9.24,14.66,57.41,47.28,11.47,108.96,3.05,36.76,0
1.92,55.27,95.92,48.39,0.96,49.58,4.21,23.73,0
11.58,24.2,91.15,42.54,4.52,21.32,4.26,26.08,0
4.46,21.89,96.58,36.45,18.41,23.07,2.56,31.02,0
0.48,48.62,56.99,26.34,12.87,55.78,2.57,27.72,0
13.2,35.17,190.47,61.18,17.87,106.61,5.73,25.43,1
0.0,13.66,16.98,31.16,10.19,11.95,0.89,28.34,0
1.16,9.79,42.15,29.32,7.41,58.73,1.91,28.89,0
6.34,28.76,37.63,16.25,12.76,49.08,0.61,27.97,1
14.96,32.97,81.59,43.86,8.98,123.14,3.55,17.63,0
12.37,27.43,81.12,44.2,7.05,8.89,1.63,35.09,0
7.96,14.37,23.24,31.02,10.1,70.71,1.13,15.73,0
0.0,15.15,77.4,36.69,0.91,31.43,4.5,20.9,0
2.15,24.75,25.19,19.94,7.34,69.14,2.24,29.94,0
3.33,44.07,93.7,46.49,5.44,469.44,5.1,25.74,0
0.32,18.06,22.73,45.45,13.0,207.01,1.32,17.54,0
0.0,19.93,91.75,32.03,6.68,68.1,4.28,33.22,0
6.75,39.07,61.84,27.96,18.01,16.08,4.61,26.54,0
12.78,41.05,55.4,30.6,28.05,35.24,3.97,29.29,0
2.86,25.14,103.45,53.23,6.93,142.36,3.57,29.99,0
14.77,30.83,80.38,51.26,3.52,43.32,3.85,31.9,1
0.0,30.31,53.33,33.1,8.42,23.49,3.33,28.96,0
0.12,13.4,44.77,32.21,4.48,58.5,3.0,23.26,0
6.57,28.09,110.72,43.24,9.35,48.0,6.64,31.82,1
2.39,12.83,35.27,17.87,5.56,155.15,2.82,32.58,0
11.7,19.35,28.12,15.33,9.27,27.43,0.47,15.09,0
9.73,22.68,55.78,37.63,4.09,30.72,3.47,27.19,0
2.77,5.89,25.03,47.46,9.71,86.85,3.3,20.61,0
0.0,7.04,48.73,56.0,5.17,75.45,4.04,40.09,0
2.16,17.71,57.74,32.19,3.31,64.81,3.38,26.05,0
9.99,32.07,61.01,27.59,1.94,66.81,3.44,30.19,0
12.2,50.28,63.95,26.18,5.02,311.69,0.97,37.29,0
2.42,17.21,43.02,51.81,8.13,31.31,2.66,35.8,0
0.0,7.44,44.11,21.89,3.17,45.42,2.52,23.44,0
9.1,13.71,29.64,29.86,5.65,176.22,1.24,26.9,0
2.68,38.65,61.24,44.29,26.05,37.75,2.83,26.62,0
2.82,21.01,75.42,37.11,12.54,136.64,4.56,20.22,0
0.07,14.28,32.1,43.77,2.78,77.29,2.37,30.6,0
0.01,18.68,38.66,18.84,16.99,16.73,1.86,27.57,0
14.52,45.09,59.91,28.05,8.32,34.31,2.75,27.63,0
9.48,56.08,76.98,32.85,5.61,61.67,4.78,14.47,0
1.5,5.33,13.48,25.97,13.36,16.05,2.12,31.86,0
5.95,19.15,48.86,42.27,11.14,61.87,2.21,26.66,0
7.41,35.97,56.71,14.82,20.27,30.1,1.66,25.11,0
27.59,31.8,70.9,34.75,13.9,28.22,2.81,32.39,1
0.0,59.25,88.38,42.79,4.24,1200.0,4.96,35.82,0
7.29,20.35,42.32,39.83,9.46,165.47,2.34,18.28,0
14.45,79.74,135.72,41.52,10.2,128.0,7.11,28.93,0
24.83,28.35,113.97,42.39,5.4,17.93,5.22,31.21,1
1.28,36.28,56.92,35.79,13.6,20.25,5.34,27.18,0
2.61,11.28,60.73,40.35,8.18,95.5,3.46,30.22,0
11.82,28.23,52.56,48.48,17.34,8.61,3.33,25.73,0
0.0,26.2,40.31,31.11,6.58,28.32,2.92,22.46,0
8.21,41.08,80.0,43.33,5.16,28.85,2.49,38.12,0
36.49,59.53,96.52,22.63,9.01,40.61,3.21,26.73,1
9.26,24.97,68.53,33.9,7.83,135.22,3.14,24.38,0
0.0,18.35,49.03,39.28,13.66,180.8,1.92,22.21,0
0.52,92.65,119.36,54.34,9.61,94.1,3.83,23.06,1
1.41,38.42,64.46,20.01,9.61,22.43,4.0,40.71,1
17.88,24.18,76.88,36.72,5.75,24.97,4.02,26.47,1
4.13,22.19,60.64,30.31,4.96,144.06,3.9,24.05,0
0.0,24.1,59.58,45.48,8.32,102.48,3.94,33.06,0
4.92,5.7,37.05,17.01,6.53,135.68,0.2,21.65,0
6.46,46.82,64.75,40.89,3.75,25.69,1.98,32.17,0
1.99,8.99,39.15,34.82,4.38,41.44,1.64,39.68,0
0.0,9.4,64.89,42.33,13.04,148.39,1.56,26.43,0
39.81,44.86,63.08,36.42,4.6,112.63,4.53,33.2,1
14.5,49.73,65.09,40.5,2.64,113.14,3.31,40.71,1
15.83,43.05,51.22,40.32,4.26,85.69,3.13,33.98,1
4.15,40.82,90.15,33.86,5.72,33.17,5.02,23.66,0
1.21,50.52,155.27,48.55,12.18,93.5,6.01,25.53,1
2.24,22.3,119.16,51.98,36.38,66.82,4.53,26.26,0
0.0,10.7,15.48,29.68,23.82,37.18,1.34,25.98,0
27.13,47.49,64.0,17.13,14.82,35.46,4.29,21.53,1
4.43,13.75,46.6,18.79,8.12,66.26,2.1,25.65,0
21.91,47.71,107.55,55.34,26.73,55.52,6.69,26.71,1
2.49,43.88,48.68,28.81,6.68,43.75,0.66,24.95,0
9.42,16.9,26.52,9.53,9.46,57.66,1.81,32.97,0
6.94,27.45,49.42,28.15,1.36,38.07,2.28,30.27,0
0.0,15.38,30.11,37.19,5.02,79.24,1.1,31.86,0
30.17,46.48,61.77,29.98,8.63,75.61,2.12,28.97,0
2.65,37.39,63.74,47.84,10.11,79.64,2.31,27.63,0
0.0,24.43,63.86,25.78,6.61,14.87,3.39,32.76,0
11.92,25.19,38.83,35.66,16.59,28.11,1.63,24.67,0
5.31,20.06,50.99,40.85,8.49,29.06,2.26,23.51,0
8.45,26.71,57.85,36.96,5.69,18.26,3.22,34.53,0
6.11,23.42,47.32,38.66,13.52,173.19,3.69,24.8,0
0.0,18.23,27.63,45.46,13.79,67.96,0.94,28.63,0
0.4,30.85,41.01,36.87,1.25,34.31,0.46,22.97,0
0.27,5.22,24.75,12.5,12.71,35.13,1.18,23.11,0
15.6,40.27,63.16,34.75,8.96,17.57,3.65,25.19,1
5.6,32.4,90.89,44.18,6.69,14.26,3.84,24.66,1
10.08,72.72,133.21,57.48,3.89,79.7,4.26,26.76,1
2.99,18.64,57.25,37.73,5.71,372.82,3.54,30.68,0
10.65,35.0,41.66,34.31,4.09,105.85,1.83,27.47,0
4.16,38.69,90.86,46.04,3.39,59.97,4.76,27.03,0
3.68,27.63,39.62,34.48,5.84,31.58,2.19,26.64,0
6.88,8.64,49.04,24.77,15.76,49.32,1.58,23.0,0
6.11,8.18,19.21,38.65,1.89,11.88,3.97,22.93,0
50.72,65.19,100.69,34.56,4.74,51.45,5.73,21.47,1
0.37,17.44,58.37,19.88,20.55,45.63,2.96,30.79,0
0.0,22.04,45.1,35.09,3.73,18.48,3.8,26.23,0
8.23,12.76,32.84,23.82,16.15,15.66,2.08,31.5,0
0.87,28.35,49.97,34.42,8.91,81.15,1.36,32.63,0
0.0,4.61,50.14,20.26,4.33,18.63,1.78,25.38,0
41.99,65.67,94.01,41.23,6.58,258.27,4.32,31.89,1
0.28,6.68,13.57,23.91,4.79,17.58,2.4,23.56,0
0.0,26.39,48.79,31.51,3.78,106.72,4.26,33.15,0
39.83,74.5,122.39,45.82,6.07,13.96,4.0,26.36,1
0.0,8.1,68.41,33.96,7.82,78.89,3.96,20.78,0
63.34,86.72,142.85,41.4,14.79,35.01,4.17,22.47,1
2.74,22.23,47.44,21.41,4.62,45.46,2.93,21.37,0
30.28,38.0,47.72,36.74,1.21,70.57,1.61,24.31,0
3.53,7.85,33.1,23.97,7.78,29.48,3.24,25.76,0
9.48,37.39,121.06,30.52,12.45,108.42,4.88,41.16,1
4.31,60.89,70.97,31.99,4.52,84.09,1.71,31.61,0
3.58,16.82,21.82,22.31,10.32,27.66,2.46,15.3,0
7.4,9.22,22.62,23.58,0.65,21.31,0.2,28.19,0
9.89,10.67,56.94,42.62,11.11,52.94,2.53,26.22,0
6.69,24.81,41.45,23.18,2.18,76.44,2.99,35.44,0
5.79,8.94,55.46,49.5,12.91,30.46,3.09,23.69,0
0.9,3.29,107.53,42.09,9.14,58.98,3.65,24.92,0
4.59,12.12,46.27,28.6,7.98,99.44,1.2,23.05,0
27.01,54.35,64.82,46.61,4.23,77.84,1.23,27.96,1
0.73,26.33,76.44,35.81,23.83,39.33,2.64,32.68,0
7.69,36.34,168.94,47.69,4.09,152.57,4.6,27.82,0
19.92,30.35,43.48,30.16,2.15,33.63,2.99,28.32,0
9.99,21.14,30.93,63.35,7.96,11.25,1.26,17.73,1
15.77,52.18,96.42,16.0,14.28,13.11,2.6,31.48,1
0.0,12.57,43.67,32.09,7.2,41.33,3.44,30.63,0
7.71,11.92,64.4,45.32,12.3,38.22,5.36,22.48,0
3.22,11.17,157.12,54.01,2.37,42.58,4.61,26.23,0
3.49,32.5,39.27,35.11,2.05,36.01,3.26,34.59,0
24.99,48.01,76.75,44.81,2.83,38.5,4.92,16.11,1
3.59,17.85,22.62,35.53,6.39,24.68,1.29,25.31,0
8.03,10.9,23.7,26.7,18.96,88.53,1.57,33.91,0
0.0,22.87,24.96,36.32,7.2,47.45,2.4,32.47,0
30.25,42.26,79.19,38.62,5.89,116.45,3.9,33.68,1
14.85,19.0,37.01,33.67,2.25,67.65,2.84,36.41,1
4.86,33.34,61.77,26.38,2.61,35.92,3.49,25.8,0
2.95,15.57,46.84,26.38,12.56,44.59,4.79,32.53,0
11.18,28.58,52.37,28.46,7.71,65.12,2.66,32.27,0
19.69,60.24,67.95,28.37,5.42,23.41,4.33,29.18,0
30.61,51.82,62.65,25.02,10.95,66.78,0.2,27.96,1
14.35,41.23,60.25,42.65,0.6,85.16,2.56,31.31,1
5.9,22.34,37.99,24.63,13.54,8.88,0.2,31.68,0
16.69,47.81,105.18,31.79,2.39,26.22,7.46,27.74,1
13.73,19.01,30.01,31.51,11.59,93.19,4.04,24.58,0
5.94,8.8,13.16,18.92,6.63,73.89,0.37,26.28,0
13.3,17.98,55.26,39.21,7.95,46.53,2.17,28.47,0
13.04,24.26,60.66,37.54,13.97,58.53,1.58,25.97,0
4.82,31.67,49.5,36.85,9.07,53.03,2.9,20.54,0
1.89,11.86,31.0,21.85,15.82,149.46,2.28,23.81,0
11.85,38.09,80.98,33.26,8.58,20.68,2.4,20.63,1
0.0,18.16,28.17,34.11,6.75,119.92,2.69,31.05,0
0.0,63.61,94.37,25.7,6.68,72.2,2.64,26.32,0
8.19,26.78,58.68,37.4,3.9,148.76,2.6,21.89,0
11.5,20.49,57.5,34.39,21.64,92.8,3.63,28.29,0
8.11,32.33,81.97,49.62,8.34,78.57,2.79,20.59,0
9.26,26.34,42.66,17.44,11.76,53.47,0.2,30.07,0
11.28,16.58,54.9,29.27,6.99,52.35,2.94,28.35,0
25.08,39.16,68.25,37.07,17.59,196.59,3.09,33.98,0
14.61,28.44,38.26,42.65,8.43,19.0,5.67,32.2,0
14.15,28.7,91.47,46.52,2.48,30.5,5.65,34.83,1
7.41,13.11,36.89,25.14,1.89,114.56,2.97,29.13,0
7.78,64.94,87.92,40.73,5.46,89.53,2.61,28.58,0
4.21,7.47,35.27,38.63,9.21,258.94,2.15,27.23,0
8.93,50.04,81.14,45.42,6.5,36.63,2.19,30.46,1
0.0,15.81,71.97,47.4,4.98,60.66,3.8,25.22,0
25.18,31.97,65.81,25.62,10.18,146.72,1.66,21.35,0
0.49,51.3,100.16,58.04,5.41,81.05,6.19,29.17,0
14.58,14.94,31.88,21.93,4.48,147.91,2.36,27.82,0
22.32,29.03,37.77,33.12,4.38,35.2,2.76,23.6,0
14.54,27.82,42.12,26.7,2.19,87.88,2.18,27.84,0
45.19,52.89,74.28,36.28,4.14,18.12,1.93,31.12,1
0.0,14.69,26.99,26.39,5.28,163.09,2.69,29.25,0
2.22,27.52,58.1,49.76,7.54,71.42,0.2,26.8,0
21.97,26.27,72.94,25.47,8.74,89.97,3.03,25.22,1
0.0,19.42,55.95,17.69,1.84,40.3,4.26,35.83,0
0.6,27.8,86.34,29.55,9.64,75.76,4.44,25.56,0
10.49,15.33,33.71,21.09,6.71,152.93,3.14,26.47,0
5.8,23.96,80.36,42.54,4.5,26.33,4.56,27.08,0
9.76,23.48,65.83,33.8,6.61,200.61,3.09,31.93,0
6.53,12.51,40.92,34.67,5.97,79.93,2.39,20.21,0
7.38,13.96,22.89,31.17,15.87,34.16,2.26,25.28,0
0.98,7.64,34.95,23.11,12.2,36.9,1.45,24.32,0
7.07,17.39,43.98,25.89,5.12,86.73,0.38,34.64,0
2.59,13.04,107.97,32.15,6.63,38.73,3.45,14.45,0
3.39,45.61,80.18,44.18,4.65,116.08,4.88,16.57,0
14.37,34.93,41.77,19.83,16.07,70.6,1.67,21.97,0
0.0,21.05,74.81,18.16,15.35,187.6,2.04,27.13,0
0.0,17.4,50.28,26.08,14.17,85.46,2.7,30.86,0
13.29,31.9,77.93,50.38,15.13,127.69,4.04,24.42,1
7.08,29.28,69.45,28.04,6.66,65.77,3.54,21.22,0
22.3,27.46,81.58,36.02,21.34,20.78,2.66,30.4,0
0.7,14.95,73.67,26.41,10.16,54.51,6.61,22.68,0
4.58,11.45,104.05,28.32,11.88,18.94,4.11,21.53,0
6.13,38.61,93.11,31.73,14.68,58.4,6.32,24.79,1
1.5,10.97,30.2,33.98,1.47,80.71,4.97,16.91,0
0.23,22.67,31.28,13.7,9.57,34.64,1.54,28.04,0
14.01,39.67,49.91,46.95,7.57,31.23,5.08,26.29,1
0.0,19.59,33.25,14.81,15.25,149.98,1.61,14.33,0
0.0,17.95,38.22,23.47,20.13,16.2,0.8,24.61,0
4.33,20.07,31.95,19.57,4.37,175.76,1.89,25.13,0
15.78,42.39,68.38,30.48,11.66,96.96,2.62,21.65,0
1.81,9.21,22.87,42.83,5.85,16.86,2.14,15.3,0
1.21,22.03,54.12,30.17,5.89,8.35,3.75,27.98,0
3.92,6.11,38.52,26.57,13.58,25.89,2.31,23.06,0
8.7,17.76,38.05,36.37,3.72,33.65,3.0,29.92,0
2.9,13.07,109.9,33.78,17.32,53.53,5.54,23.68,0
17.9,21.54,69.25,36.38,6.02,43.45,4.33,26.38,1
18.65,36.63,72.48,49.26,10.21,95.27,3.5,20.41,1
4.33,12.23,82.47,44.17,15.1,30.22,5.58,33.25,0
35.38,72.79,98.2,43.39,7.7,55.57,4.46,25.81,1
5.93,18.65,56.99,36.43,8.24,44.91,3.99,18.04,0
18.04,43.23,107.31,36.78,6.16,56.93,3.87,24.53,1
8.41,41.4,164.94,39.24,3.07,83.21,5.29,21.34,0
8.21,31.06,43.68,37.8,3.52,62.17,3.06,28.88,0
0.0,11.18,24.79,28.1,8.06,102.98,0.55,32.64,0
0.0,15.67,90.99,45.5,5.46,97.42,3.5,28.94,0
3.21,6.89,40.47,45.8,5.14,20.1,2.5,30.96,0
18.51,44.02,70.53,48.9,1.23,83.59,2.35,22.84,1
8.56,39.58,74.64,36.81,6.96,36.25,3.73,26.34,0
3.27,14.01,93.27,41.69,12.36,83.29,3.3,27.7,0
11.62,23.3,71.64,27.08,13.6,82.78,4.76,27.55,0
17.84,49.86,85.17,32.33,8.56,32.52,4.23,21.23,1
5.4,9.79,22.96,24.58,11.82,66.25,0.51,19.59,0
7.32,15.6,43.36,35.24,14.35,57.03,4.26,20.26,0
6.12,15.1,59.4,31.63,5.2,99.6,3.91,30.09,0
4.9,6.9,38.93,32.79,8.58,83.35,1.52,28.43,0
0.66,22.34,120.75,41.36,11.59,99.75,6.03,29.31,1
0.37,11.26,49.84,26.03,4.45,78.81,3.25,21.39,0
11.54,22.51,48.64,38.14,9.11,14.62,4.68,28.72,0
18.18,35.49,87.9,41.47,4.07,102.46,2.5,29.37,1
3.26,6.27,110.59,36.31,2.1,72.28,6.07,18.95,0
3.11,17.59,90.25,42.6,8.97,355.98,2.67,24.12,0
0.0,2.95,9.94,22.1,8.48,100.11,1.1,26.07,0
22.96,44.6,85.35,46.49,6.63,120.03,3.11,33.01,1
0.91,36.1,83.06,52.24,2.51,119.8,4.21,31.15,0
1.76,27.16,106.76,37.45,1.58,67.34,4.18,38.39,0
9.48,18.6,30.11,32.18,7.64,34.11,2.86,26.15,1
9.82,33.14,78.05,42.02,7.04,71.99,4.73,14.82,0
3.19,15.55,27.78,28.13,12.04,83.09,1.88,30.58,0
4.67,21.25,25.22,21.37,2.38,45.3,2.51,18.17,1
8.52,30.83,48.78,33.59,4.39,11.4,1.17,29.64,0
1.05,1.32,43.63,37.74,0.93,30.05,2.15,25.44,0
28.15,30.42,105.95,28.34,8.82,51.25,3.46,25.17,1
0.24,13.39,30.42,27.3,5.62,317.46,0.64,25.95,0
3.9,11.15,28.27,38.6,6.9,42.33,2.25,24.29,0
2.31,17.15,53.61,42.0,12.17,413.73,4.95,16.78,0
6.47,23.49,60.35,22.72,2.09,62.62,2.66,33.53,1
26.83,36.02,67.62,21.79,4.98,49.48,1.33,29.72,0
0.05,11.43,21.49,38.26,2.66,46.37,0.65,24.99,0
9.68,15.38,30.11,12.79,14.26,103.42,3.07,31.51,0
11.85,30.59,116.74,36.8,5.64,37.16,5.94,27.01,0
19.2,46.99,111.48,50.27,16.06,57.78,5.66,34.72,1
0.63,3.77,27.71,40.99,9.29,25.86,2.84,36.47,0
0.47,27.2,69.56,26.64,13.5,23.16,2.61,24.96,0
3.99,24.72,71.68,38.86,4.7,99.05,2.44,29.48,0
4.13,29.37,60.14,44.91,17.6,15.48,2.69,31.91,0
0.0,35.8,40.18,27.99,4.27,37.7,1.8,36.34,0
12.16,21.36,68.43,31.5,1.32,83.05,3.56,18.17,0
10.87,42.84,47.78,47.73,1.93,40.04,5.72,26.38,0
37.44,73.66,85.82,37.24,4.81,42.0,1.72,23.86,1
3.12,6.75,70.13,15.31,6.17,162.65,4.27,22.66,0
0.0,17.07,35.8,31.95,8.75,116.92,3.73,30.16,0
0.23,16.75,41.94,36.61,10.78,155.62,1.93,23.01,0
8.42,46.28,56.82,43.72,7.19,31.53,3.51,35.47,0
0.72,78.64,89.3,45.65,1.18,101.53,1.33,34.55,0
13.15,38.61,87.65,42.67,6.96,58.18,4.53,26.66,0
1.22,59.31,94.77,32.62,15.33,16.07,4.14,18.21,0
6.99,14.66,49.62,46.93,11.03,33.76,4.25,20.39,0
4.81,28.49,77.87,36.26,15.6,325.83,2.09,33.91,0
0.19,14.76,28.76,36.99,20.18,36.8,2.0,25.97,0
0.0,22.0,45.6,40.1,1.15,134.01,2.91,37.52,1
20.89,46.68,60.41,40.12,2.97,80.16,2.04,32.71,0
8.72,37.92,56.41,30.61,14.14,22.96,1.89,42.68,0
0.0,11.55,27.06,42.11,9.21,218.92,3.1,35.64,0
0.0,13.49,56.78,35.0,4.32,84.68,4.86,32.5,1
36.5,63.98,140.0,49.99,13.72,48.93,6.24,25.2,1
0.43,20.07,33.28,37.63,4.32,170.64,1.79,30.7,0
7.57,15.99,64.47,34.56,4.38,19.33,3.95,26.35,0
0.0,13.82,84.83,48.09,20.4,45.39,5.02,34.65,0
2.41,36.11,52.13,36.43,7.9,125.02,5.31,20.46,0
14.14,20.43,42.37,28.37,10.96,97.36,2.17,23.83,0
0.0,15.07,43.37,36.93,7.52,111.0,3.1,32.54,0
1.58,5.8,75.57,28.16,8.52,96.18,2.19,22.66,0
1.34,37.23,99.49,42.46,3.23,64.24,3.43,31.77,0
10.69,91.36,91.57,37.7,4.26,28.89,2.88,30.22,1
9.63,52.65,77.64,44.0,24.86,33.88,3.29,28.54,1
10.65,20.42,56.75,40.95,16.15,98.78,3.42,33.88,0
7.43,17.15,58.26,28.94,21.55,30.32,0.96,23.56,0
9.61,44.11,87.4,31.75,20.0,18.42,4.33,23.83,1
0.0,31.41,70.48,48.77,2.83,144.75,2.7,30.0,0
7.5,23.22,94.34,54.94,2.23,753.16,6.02,24.09,0
24.6,29.99,43.5,55.39,1.87,46.58,3.14,23.81,1
5.61,21.65,57.38,30.69,3.46,27.57,4.64,31.87,0
1.37,15.47,59.23,29.28,9.13,216.13,2.65,35.25,1
1.81,71.0,90.14,30.21,5.33,43.32,5.02,25.03,1
22.94,49.0,75.55,35.47,25.39,57.17,4.12,30.88,1
51.69,53.98,56.79,20.43,4.7,11.56,1.72,28.19,1
0.0,26.84,42.42,27.83,8.75,17.31,6.0,28.15,0
3.26,39.42,46.59,33.44,4.94,72.99,2.91,26.57,0
0.0,32.14,62.45,20.01,3.89,39.76,1.24,27.18,0
10.49,41.24,63.17,36.24,3.57,27.37,3.34,29.7,0
6.84,26.2,51.67,42.95,2.33,83.81,2.06,25.43,0
4.25,17.77,66.22,38.85,22.01,48.94,2.41,33.02,0
0.0,5.05,21.31,35.61,4.72,51.1,0.2,24.47,0
2.61,52.46,108.47,35.08,12.62,121.32,2.91,30.15,1
4.02,28.31,75.03,22.84,9.77,53.08,1.78,32.26,0
0.0,9.97,31.84,39.87,20.42,29.05,2.75,27.78,0
8.27,25.96,50.33,35.79,0.2,116.19,3.25,25.11,0
6.89,11.99,72.29,35.1,14.3,63.28,2.0,25.16,0
3.02,20.58,41.48,31.31,18.3,37.32,0.24,24.86,0
5.21,45.23,74.83,27.42,2.86,107.92,3.59,27.07,0
2.9,29.83,53.56,36.4,3.21,23.83,2.47,24.95,0
0.0,35.25,103.35,44.09,12.4,47.15,3.92,25.73,0
10.01,43.34,80.16,40.21,6.07,46.7,4.84,24.39,0
7.8,30.51,65.16,31.37,2.56,222.71,4.22,22.12,0
0.0,14.31,65.72,39.21,0.82,178.05,4.3,36.17,0
8.57,20.33,31.11,32.82,12.61,45.73,3.42,17.53,0
8.95,56.33,85.44,41.25,3.01,163.09,5.56,29.58,1
8.98,33.93,71.79,36.05,2.6,56.35,3.63,21.69,0
14.2,37.73,50.37,32.31,2.36,100.95,4.33,28.06,0
20.95,45.8,108.85,39.93,14.22,40.61,4.44,28.99,0
2.35,15.18,53.16,34.33,4.87,168.53,1.99,22.5,0
13.84,36.28,64.19,22.04,2.39,219.24,4.06,23.29,1
2.21,11.3,23.63,29.05,6.32,49.11,1.06,26.35,0
8.21,19.05,37.5,29.08,15.14,104.0,4.32,23.92,0
16.13,43.92,58.12,48.84,7.44,282.16,5.65,26.6,0
0.47,24.75,61.59,25.07,7.31,175.73,4.01,27.04,0
0.0,6.93,86.12,26.99,2.97,54.87,4.68,23.58,0
0.14,7.36,33.85,24.34,9.6,25.7,3.01,31.4,0
18.63,51.43,121.65,46.81,19.1,178.46,5.4,30.77,1
0.0,9.43,74.08,34.6,9.64,32.62,5.13,23.2,0
17.61,33.4,64.25,19.64,3.07,42.52,4.5,20.62,0
0.15,0.76,20.53,16.48,4.2,59.33,0.33,33.72,0
3.69,9.59,24.77,38.99,0.95,31.14,0.47,16.89,0
5.24,15.63,19.23,45.77,7.65,249.7,0.2,22.94,0
0.0,11.54,52.38,38.29,6.48,55.1,4.12,32.47,0
3.77,27.38,77.13,35.82,1.96,34.45,3.19,28.57,1
0.0,2.28,35.8,32.63,11.77,170.77,2.16,32.79,0
2.85,82.01,107.28,35.17,3.58,53.77,5.91,33.65,1
4.6,32.49,118.48,55.6,4.26,35.53,5.78,23.64,1
0.11,10.54,56.07,48.1,0.97,42.02,4.95,31.01,0
7.9,27.91,65.3,28.8,3.2,70.68,2.19,27.64,0
0.0,19.69,27.24,33.7,6.21,126.81,2.23,23.13,0
9.63,11.82,41.49,27.53,1.32,303.98,3.52,24.69,0
10.78,51.74,78.12,42.58,3.75,154.99,5.13,22.87,0
7.85,16.5,40.75,28.71,12.79,73.93,3.7,29.85,0
13.66,26.22,69.13,29.28,4.94,151.18,5.83,20.73,0
0.0,11.46,40.72,33.62,17.53,127.75,2.77,21.99,0
16.88,33.78,124.1,32.41,2.63,66.33,4.28,31.49,0
0.0,25.79,51.46,32.97,2.84,34.99,2.43,31.0,0
6.19,28.59,58.54,32.18,3.6,48.19,3.37,24.19,0
31.81,38.99,110.91,48.32,6.22,72.47,2.94,30.12,1
2.72,12.95,20.91,30.21,17.64,82.72,3.24,27.18,0
5.44,35.02,45.49,32.53,4.42,89.7,4.11,20.97,0
0.0,34.95,45.3,40.28,0.91,9.61,3.63,22.85,0
31.53,35.86,97.9,47.75,6.93,69.41,3.53,26.7,1
0.12,3.81,35.87,38.38,9.55,146.61,3.37,38.1,0
11.88,60.33,164.06,41.87,22.11,129.33,5.8,29.8,1
20.92,26.05,66.7,41.69,9.19,21.94,5.09,32.91,0
13.16,21.16,50.62,46.92,10.5,89.2,2.29,17.89,0
8.48,21.34,27.73,14.56,3.36,84.14,3.31,25.09,0
6.05,13.76,24.47,17.69,8.04,56.86,1.45,23.1,0
0.0,8.15,27.7,45.88,10.88,64.42,1.4,29.54,0
30.29,38.47,151.96,53.08,1.96,110.44,5.08,26.93,1
7.63,26.01,55.56,28.36,8.38,16.85,3.23,18.74,1
5.45,8.33,75.68,25.94,5.94,87.09,2.96,33.78,0
0.0,29.59,53.51,27.67,9.81,62.67,3.71,25.13,0
5.85,9.56,12.7,8.42,11.38,100.15,0.49,28.58,0
4.94,49.55,62.08,37.88,13.23,47.81,1.87,38.08,0
31.81,42.4,70.19,44.3,9.62,47.22,3.75,28.18,0
5.44,15.21,48.98,45.18,9.27,51.28,3.46,20.86,0
5.72,7.88,63.05,18.54,13.02,28.88,1.6,26.48,0
0.0,1.88,11.41,31.86,12.74,44.75,0.82,28.98,0
0.8,16.12,40.97,32.24,12.04,63.91,4.54,28.07,0
10.34,12.46,38.3,37.85,4.38,72.08,2.8,26.36,0
0.0,7.87,15.71,5.74,2.14,18.37,0.2,35.2,0
16.79,41.54,50.05,32.73,11.08,19.74,4.39,19.12,1
17.25,35.24,46.27,22.59,9.78,82.26,4.04,42.13,1
0.4,12.26,36.36,21.05,7.35,42.61,2.82,30.5,0
8.52,25.07,35.07,46.9,6.42,92.17,0.71,32.16,0
21.58,46.79,75.98,52.14,7.99,32.96,4.47,30.27,1
4.33,14.67,72.17,38.29,6.03,259.02,4.38,24.55,0
3.05,32.01,41.45,13.46,7.73,105.59,1.77,29.27,0
3.83,19.13,106.34,35.92,6.44,155.62,4.48,24.66,0
7.6,41.5,66.13,51.94,4.28,52.79,2.03,32.82,1
1.33,17.75,69.95,34.41,4.2,51.82,3.66,26.59,0
2.54,6.28,35.18,20.18,7.09,128.08,1.71,29.71,0
7.8,15.49,32.73,31.48,11.01,29.96,1.6,27.24,0
2.09,16.84,30.41,29.04,15.08,75.35,3.44,23.29,0
0.0,78.04,99.63,31.1,2.94,100.46,3.17,31.77,0
5.6,12.74,31.54,24.16,2.94,19.92,0.73,29.52,0
20.31,85.65,114.01,30.82,3.89,50.78,3.66,27.2,1
9.06,40.21,48.22,54.68,4.56,63.0,2.62,28.72,0
0.0,32.22,36.69,23.38,12.45,117.03,1.44,29.97,0
0.77,26.06,38.46,26.57,2.5,25.39,2.27,37.12,0
3.0,64.36,91.96,36.61,4.52,44.13,3.35,40.91,1
32.71,41.05,49.55,39.25,0.98,75.21,3.94,27.09,1
34.28,64.67,132.64,28.66,9.64,141.71,5.42,24.27,1
30.83,35.39,55.95,33.25,2.6,129.76,1.78,27.51,1
6.47,14.89,64.85,36.6,4.78,124.2,1.98,26.21,0
0.97,27.74,41.39,35.57,5.11,110.38,2.45,34.18,0
2.78,35.54,42.07,33.12,9.17,44.09,2.68,27.37,0
15.49,37.12,37.26,21.5,4.83,23.49,2.25,23.81,0
7.86,9.53,27.71,28.46,6.39,33.06,0.2,32.53,0
8.44,15.38,28.44,34.36,9.58,96.07,2.54,27.91,0
0.0,3.74,16.93,28.23,3.61,17.8,2.63,24.18,0
4.89,18.9,24.33,28.15,9.31,241.32,0.57,30.71,0
1.03,4.69,29.62,42.58,6.7,15.37,4.52,16.89,0
0.0,8.73,34.36,37.84,29.09,26.01,4.03,26.39,0
1.55,10.05,49.51,26.95,6.3,60.77,3.43,33.99,0
7.86,46.69,70.33,33.53,12.34,41.49,2.68,27.8,0
12.95,22.35,65.46,39.08,7.26,35.71,2.63,34.85,0
0.0,63.92,177.72,43.46,9.45,35.58,5.74,25.8,1
5.25,15.95,55.32,33.88,5.3,75.01,3.85,32.29,0
4.54,28.49,59.51,38.28,12.59,148.74,2.82,22.85,0
7.34,26.44,57.98,24.68,10.68,28.33,2.3,26.82,0
0.0,16.87,33.45,37.83,10.36,50.12,3.55,22.01,0
0.0,30.7,43.55,39.42,4.36,35.78,4.52,15.36,0
20.84,35.75,56.07,15.68,9.2,16.62,0.3,23.84,0
0.44,9.17,22.2,32.88,2.89,22.51,1.17,24.73,0
2.5,29.49,45.67,45.87,8.66,29.71,0.6,24.23,0
3.09,8.83,21.02,28.36,10.96,90.01,1.37,34.58,0
1.11,12.27,33.35,18.65,8.58,20.08,2.67,39.98,0
9.97,40.61,60.58,40.17,5.82,132.52,3.43,27.45,0
9.0,22.66,45.88,27.53,7.67,114.2,3.65,29.63,0
4.21,26.54,58.24,39.29,10.56,37.34,3.61,25.05,0
1.36,20.87,32.13,36.18,1.9,136.82,2.53,27.92,0
3.66,12.94,28.5,18.94,20.53,28.63,1.54,28.54,0
5.93,20.04,27.21,31.42,1.83,64.61,3.28,27.29,0
0.77,6.22,47.51,23.67,4.67,69.24,3.09,26.52,0
10.86,45.42,143.4,36.43,10.96,343.02,6.22,31.85,1
16.66,28.16,59.25,41.25,8.61,74.92,4.41,19.57,1
24.31,60.82,102.04,42.22,1.53,52.91,3.22,27.53,1
22.95,35.99,46.65,9.52,2.71,69.0,2.79,33.34,1
3.06,26.71,102.48,47.24,7.86,62.78,3.96,25.04,0
6.36,11.9,61.5,24.25,5.74,136.47,5.09,25.0,0
4.08,36.64,40.28,31.55,2.46,32.38,3.06,27.01,0
4.05,17.62,40.73,27.77,20.12,206.37,4.3,30.76,0
3.62,13.57,41.02,40.2,17.87,18.88,1.05,24.99,0
5.4,10.24,38.05,35.72,9.71,140.46,2.71,25.42,0
19.49,108.96,118.68,46.31,17.09,199.46,3.72,29.36,1
8.17,12.06,23.99,33.95,10.19,14.71,2.94,23.45,0
0.0,62.62,74.0,35.82,0.87,139.14,3.24,26.38,0
15.96,65.19,103.77,49.33,5.37,52.64,3.7,19.61,1
7.21,10.82,37.34,33.55,6.09,50.11,4.56,33.79,0
10.11,24.82,53.62,42.11,3.09,70.58,1.55,33.78,0
7.96,21.54,35.81,43.68,8.63,54.08,3.16,32.75,0
8.43,23.54,34.83,40.39,17.9,19.85,3.71,32.51,0
8.92,28.37,31.62,30.65,6.56,83.56,0.98,26.48,0
0.0,36.97,44.06,46.36,6.33,61.2,3.7,27.6,1
9.96,14.58,21.04,22.05,8.95,114.0,0.69,26.19,0
0.95,14.63,122.37,44.02,4.53,84.97,5.15,32.71,1
2.07,12.12,15.36,32.24,4.34,63.35,2.19,35.85,0
5.33,14.36,46.27,29.91,7.91,74.14,2.83,20.37,0
27.9,43.58,85.73,46.71,8.89,41.65,3.49,30.87,1
0.0,12.49,16.39,27.88,15.32,406.91,3.12,39.7,0
5.06,24.77,65.51,20.58,8.44,24.48,2.56,26.94,0
3.46,5.13,29.11,18.14,4.48,55.09,2.17,33.39,0
15.72,49.71,65.54,43.72,10.37,111.28,1.79,31.05,0
3.28,20.41,111.48,34.17,7.22,87.34,4.62,27.18,0
7.32,18.89,22.28,29.0,12.97,22.04,3.09,33.41,0
0.0,3.44,34.13,26.31,16.78,24.14,2.17,33.45,0
18.49,38.68,91.96,44.07,14.28,31.33,5.46,27.36,0
0.0,14.75,38.39,30.74,10.91,20.44,0.56,28.55,0
9.8,25.45,105.29,33.93,5.6,38.19,5.85,26.97,0
7.38,24.95,38.59,17.79,11.35,141.75,2.41,34.49,0
8.83,34.07,56.71,41.62,5.34,72.65,1.49,34.16,0
0.0,19.64,97.66,38.75,25.1,289.98,5.51,24.89,0
3.15,49.79,216.35,46.72,6.81,31.21,9.23,26.81,1
14.95,40.12,103.94,43.64,4.43,22.1,4.39,38.71,1
31.73,50.98,84.56,41.47,23.9,47.01,3.63,31.62,1
4.49,20.71,24.1,25.6,7.44,24.65,0.2,28.74,0
13.52,19.73,34.87,29.69,2.75,68.83,3.04,32.44,0
6.47,9.34,21.25,37.77,9.66,145.96,4.34,28.66,0
4.88,5.36,71.18,36.92,10.79,57.19,2.6,21.08,0
2.47,26.56,64.54,21.9,11.83,29.17,0.75,31.58,0
5.37,20.34,42.2,32.22,4.96,39.53,4.03,15.73,0
12.26,37.98,72.26,45.34,8.97,33.97,3.19,33.76,0
13.38,57.74,84.37,26.52,2.42,163.29,1.94,25.46,0
0.0,13.74,43.0,38.31,13.14,72.28,3.72,28.53,0
1.98,5.71,57.26,33.39,3.51,160.3,3.49,21.58,0
0.0,31.77,39.22,17.8,9.87,20.51,2.87,28.29,0
5.78,18.45,43.25,40.0,6.74,414.69,3.23,34.83,0
2.94,11.61,16.15,20.37,1.48,143.05,0.82,29.18,0
8.48,16.48,46.55,32.35,3.09,137.25,2.89,34.05,0
9.21,33.1,88.3,41.84,4.56,60.08,3.17,32.03,0
0.0,23.59,57.82,35.09,2.21,128.02,3.11,24.02,0
5.31,42.99,58.85,27.53,2.63,21.74,5.75,20.08,0
19.86,24.92,49.67,43.59,13.9,78.28,2.01,20.32,1
1.99,6.95,14.43,19.37,3.17,66.98,0.63,21.3,0
1.84,19.67,54.11,30.23,5.1,34.63,3.28,33.75,0
16.64,36.2,42.45,39.31,10.63,53.07,1.94,22.1,0
14.04,47.98,70.68,35.05,5.13,40.32,3.34,27.56,0
0.0,35.79,53.34,30.11,19.07,16.7,3.64,22.99,0
12.62,29.86,64.11,32.15,15.77,21.84,4.9,26.27,0
0.73,38.28,62.91,18.04,14.15,14.65,2.46,36.53,0
1.79,16.25,39.99,39.84,9.34,81.73,4.02,31.71,0
0.0,14.63,16.99,16.48,19.26,178.01,3.55,32.96,0
0.0,12.31,39.52,30.84,9.26,183.14,2.62,25.31,0
6.28,10.99,35.77,9.71,18.25,39.49,0.96,30.02,0
0.0,2.65,23.13,29.22,11.81,45.07,1.47,28.68,0
6.64,24.19,52.72,21.38,5.19,26.53,2.67,22.51,0
6.36,38.59,47.95,16.83,3.53,61.5,3.78,26.1,0
4.17,12.48,41.14,22.27,3.17,148.57,2.84,25.46,0
2.23,37.57,66.19,20.08,26.52,143.32,1.36,25.61,0
1.26,44.27,51.97,31.39,2.11,51.61,5.14,22.15,0
0.0,11.14,41.89,31.45,5.17,129.69,2.24,29.46,0
24.48,26.39,79.07,35.89,2.16,30.35,3.68,26.22,0
3.86,16.11,43.51,25.15,16.08,34.64,3.06,28.53,0
3.64,9.09,16.52,34.49,18.63,91.53,1.93,25.16,0
0.14,32.54,72.99,33.68,3.37,37.84,3.61,26.81,1
22.14,40.41,47.63,42.12,7.34,9.74,3.14,23.17,1
1.54,3.41,14.82,6.9,7.06,134.97,2.24,23.05,0
7.52,29.86,37.68,32.26,9.28,63.3,2.4,27.11,0
9.46,43.51,65.69,36.56,13.25,118.39,3.21,31.59,0
6.28,22.71,101.84,33.28,14.31,17.29,3.74,33.91,0
0.0,10.1,27.36,38.45,3.6,91.84,2.98,31.69,0
12.05,33.08,47.0,31.18,18.05,105.48,3.8,27.46,0
1.49,51.63,167.18,51.85,3.05,124.81,6.46,33.53,1
13.9,52.17,72.08,38.93,5.53,30.37,4.34,29.57,0
4.82,8.86,20.63,43.85,1.43,21.52,1.63,12.0,0
10.15,28.23,35.92,26.03,4.11,60.97,3.69,23.91,0
20.79,26.49,49.06,33.29,2.4,44.1,1.29,28.82,0
11.56,21.46,41.62,41.27,11.0,230.92,3.01,22.11,1
10.44,50.86,115.45,41.19,2.48,21.74,4.64,29.29,1
12.65,30.66,51.64,41.79,5.87,66.48,4.32,23.37,0
0.6,6.86,8.46,25.22,2.93,109.6,1.86,26.95,0
14.52,26.57,40.22,33.57,10.62,108.37,2.57,22.38,0
3.35,30.92,38.3,28.63,12.38,19.42,2.57,25.79,0
3.56,12.9,28.67,25.73,8.98,27.03,2.74,24.32,0
6.01,24.84,43.52,30.99,3.53,84.89,2.85,36.86,0
2.79,12.84,25.7,20.74,6.68,34.88,0.55,32.3,0
0.0,11.02,23.09,20.59,3.16,133.38,1.3,30.4,0
5.38,48.8,59.81,32.22,10.61,256.41,4.21,20.68,0
3.59,21.1,46.48,31.75,6.57,39.81,3.38,24.36,0
3.36,27.41,48.38,37.43,5.83,31.19,2.73,27.9,0
4.58,21.83,40.97,27.12,14.67,148.26,2.73,29.14,0
3.41,6.63,85.4,50.99,5.84,130.06,1.68,27.01,0
23.29,28.42,58.18,22.56,0.72,38.9,3.52,33.31,1
21.6,64.86,99.55,32.22,8.84,31.04,5.09,27.48,1
5.66,45.6,71.88,38.93,8.06,24.34,4.52,38.26,0
5.38,22.15,28.67,40.2,3.03,427.19,4.16,30.29,0
0.0,7.29,9.39,19.04,1.61,170.89,3.77,26.03,0
1.76,4.22,17.29,40.37,11.24,64.72,1.11,24.82,0
12.51,80.96,102.74,47.33,6.75,59.04,6.5,22.38,0
2.65,7.46,34.06,33.98,17.63,81.92,2.86,24.03,0
17.32,25.21,35.46,34.03,3.1,34.39,2.17,32.77,0
16.29,25.52,76.22,40.29,10.37,11.88,5.71,23.35,0
1.66,8.8,17.4,22.57,13.18,32.81,4.66,27.58,0
6.29,21.86,42.98,26.58,7.04,37.52,4.2,29.94,0
25.02,87.85,118.81,38.69,9.2,47.79,4.82,22.11,1
0.0,13.63,42.01,26.67,15.13,44.97,2.32,24.4,0
2.77,22.78,132.92,51.34,10.07,76.21,4.94,25.9,1
0.0,25.42,62.19,45.13,3.38,30.82,4.69,20.39,0
0.34,30.67,57.38,24.15,9.87,100.69,2.52,29.83,0
31.9,48.68,104.1,32.73,2.51,16.3,5.51,32.87,1
2.77,9.28,54.61,45.02,9.2,58.52,3.7,33.51,0
0.0,25.66,31.99,28.62,18.82,65.21,2.25,25.03,0
0.0,50.01,70.37,41.25,8.19,187.02,3.9,29.83,1
0.0,8.79,51.16,28.59,12.44,117.93,3.47,33.44,0
6.63,27.53,61.39,51.02,12.88,20.09,3.7,23.23,0
9.3,35.73,54.22,33.74,14.87,35.73,4.0,31.28,0
14.72,25.49,86.75,45.19,1.24,91.57,4.99,34.84,1
11.79,41.94,132.96,53.66,7.96,23.37,6.57,31.66,0
0.0,37.5,52.49,17.95,12.52,156.51,2.75,29.06,0
8.74,29.65,142.88,31.85,0.48,15.74,4.41,31.39,1
4.26,33.55,80.11,31.9,6.14,185.98,5.94,24.01,0
16.97,30.63,59.86,34.16,9.12,122.18,1.97,32.5,0
13.29,17.83,68.74,35.24,3.8,54.4,4.18,22.3,0
35.61,41.88,50.7,41.42,1.73,95.58,3.31,41.94,1
0.1,57.04,103.84,32.19,13.36,52.54,4.14,14.52,0
0.0,37.8,65.91,25.43,13.12,40.12,4.52,31.89,0
2.06,7.9,64.49,26.22,7.11,89.94,3.51,34.34,0
4.55,9.78,54.85,43.08,6.25,54.06,2.7,15.14,0
1.12,27.23,99.51,47.02,23.41,63.64,3.09,26.18,0
0.27,91.51,101.41,28.87,22.22,29.42,5.07,26.82,1
8.04,25.3,67.23,41.64,2.31,9.9,2.76,29.12,0
2.05,9.55,24.58,23.24,3.26,45.04,2.79,40.29,0
0.94,32.43,72.81,23.4,9.45,54.49,2.88,32.58,0
0.0,41.99,74.43,35.81,2.98,27.67,3.0,34.28,0
0.0,26.14,44.41,30.41,4.38,269.02,3.43,27.13,0
22.25,45.53,61.68,41.1,11.68,61.45,2.88,30.36,1
21.64,27.35,33.81,28.75,5.49,59.27,3.07,43.0,1
13.73,45.67,97.36,50.09,5.2,82.98,4.68,40.18,1
10.49,37.0,72.77,47.21,7.54,86.71,4.57,36.6,1
1.59,13.42,36.5,25.1,2.12,99.29,1.08,25.58,0
10.98,15.0,48.41,30.39,18.67,69.35,1.99,29.39,0
0.0,10.91,94.88,48.31,7.44,92.74,5.03,29.82,0
6.08,22.26,44.22,31.73,6.53,257.67,2.0,35.39,0
0.6,28.5,48.14,41.11,4.5,122.19,3.52,35.74,0
11.04,42.85,59.7,43.28,5.95,171.14,3.7,32.73,0
26.58,41.4,83.05,22.98,19.07,30.39,3.96,30.69,1
0.0,13.75,26.75,33.58,7.1,19.94,2.17,30.15,0
1.82,37.92,61.34,37.95,13.72,138.32,2.89,31.37,1
5.92,27.45,42.44,35.22,19.04,132.69,4.33,25.87,0
0.0,26.26,63.14,37.75,19.18,46.79,1.47,29.71,0
0.0,11.94,40.38,33.95,5.02,73.52,1.49,30.23,0
25.88,61.44,104.64,57.55,7.05,20.73,5.82,22.37,1
8.09,17.37,22.87,31.9,17.68,92.34,1.87,17.72,0
1.33,63.91,79.86,33.35,10.71,50.13,4.01,27.94,1
5.04,10.07,36.05,26.87,5.69,140.48,1.56,28.35,0
2.08,19.24,61.25,32.22,1.63,45.07,0.3,36.3,0
6.17,10.74,35.53,41.78,3.97,38.4,1.53,24.73,0
2.28,27.13,52.57,23.66,13.09,55.16,3.55,33.47,0
4.45,43.38,97.47,53.97,11.36,38.09,3.41,23.52,0
12.16,38.53,55.25,35.41,8.01,99.1,3.56,33.83,0
11.31,22.68,58.1,14.8,4.9,68.42,2.65,23.45,0
24.56,29.13,72.87,48.28,5.4,71.06,3.11,19.0,1
8.82,20.07,32.39,37.28,0.73,43.84,3.33,31.82,0
5.54,32.48,53.4,30.18,4.43,173.86,1.63,28.64,1
27.97,34.28,74.18,38.54,7.4,69.09,3.34,25.5,1
3.72,6.62,27.78,37.62,6.67,69.32,4.09,27.18,0
13.91,27.36,62.1,45.39,33.05,47.02,3.47,25.4,0
7.58,12.31,33.38,28.98,8.15,88.42,3.12,28.62,0
5.16,25.91,100.53,53.18,11.4,68.93,4.49,26.86,0
14.3,29.15,61.79,33.21,9.69,45.32,2.99,20.8,0
2.33,15.36,28.57,40.3,8.16,33.48,3.51,29.59,0
14.59,82.72,111.72,28.55,8.82,32.48,1.32,25.44,1
1.18,24.41,42.35,45.5,26.39,121.72,2.13,24.67,0
0.0,0.64,28.81,13.85,0.9,60.76,2.12,32.43,0
13.34,74.97,130.41,38.73,4.34,82.31,5.71,27.16,1
20.63,37.66,56.54,43.25,4.46,130.63,1.93,28.56,1
2.87,14.81,36.04,31.65,5.41,17.22,3.66,33.33,0
14.03,33.64,37.51,37.38,1.83,130.58,2.42,32.3,0
9.15,14.43,44.35,21.39,7.66,27.61,2.49,22.1,0
32.68,47.07,66.92,28.13,1.82,409.96,5.47,30.86,1
8.85,43.64,88.5,36.53,16.14,29.75,4.69,28.86,0
19.91,32.5,42.46,17.77,11.18,58.03,2.45,20.04,0
1.67,11.71,51.74,43.47,8.56,50.71,3.69,25.38,0
0.0,8.16,45.58,31.67,7.53,25.08,2.03,26.15,0
16.36,47.27,76.81,27.04,1.4,414.52,3.59,22.55,0
0.0,21.11,94.66,39.6,2.12,41.47,6.16,26.12,0
13.19,74.93,176.6,53.17,3.98,14.03,8.68,21.35,1
0.0,55.07,112.33,47.37,3.42,53.58,2.7,32.99,0
7.77,21.13,23.95,27.73,12.83,33.97,2.53,23.07,0
33.22,58.94,72.62,29.7,5.58,78.01,1.98,31.1,1
12.1,23.61,32.13,28.19,11.77,30.64,1.06,28.68,1
3.74,13.71,25.0,47.9,4.33,157.65,3.73,32.22,0
9.41,18.78,78.65,40.65,2.66,155.77,4.38,31.56,0
1.84,10.3,98.32,31.99,7.09,67.67,2.75,28.32,0
44.69,79.67,138.04,56.11,12.82,555.74,6.26,36.2,1
0.86,10.71,45.47,53.28,1.89,26.01,3.83,30.81,0
4.5,16.27,25.35,33.81,8.76,21.58,1.54,19.79,0
10.94,31.77,56.05,33.43,2.6,63.08,5.0,22.04,0
8.61,27.97,74.7,23.63,2.23,60.78,3.47,15.75,1
9.83,27.71,127.56,44.55,6.14,75.32,4.74,30.66,1
1.95,41.48,106.63,30.96,8.38,118.28,7.45,25.05,0
3.47,13.09,31.33,32.66,5.66,113.17,3.18,27.41,0
15.61,24.03,44.31,13.3,11.49,52.85,1.97,35.39,0
14.83,15.08,37.95,36.25,14.19,18.16,2.56,18.28,0
8.86,35.09,79.6,21.82,2.43,31.18,2.77,26.94,0
22.32,47.88,59.72,35.34,5.19,12.55,2.23,26.01,1
16.24,53.13,79.11,51.69,14.2,188.75,4.62,27.14,1
14.37,27.61,63.03,26.67,28.57,17.77,3.7,18.16,0
0.0,15.14,58.47,28.39,4.6,66.34,5.0,32.72,0
8.73,42.62,71.4,39.72,2.04,65.67,2.85,25.54,1
6.89,18.03,42.87,26.95,22.38,52.27,3.94,30.74,0
25.03,41.81,87.76,49.77,8.63,82.78,2.85,43.0,1
3.06,42.07,77.11,34.84,5.71,25.24,3.69,22.56,0
0.0,24.96,78.71,46.32,11.63,19.44,4.4,17.79,0
20.9,33.73,52.05,37.63,12.73,139.16,3.33,26.68,1
8.44,41.77,144.96,48.65,17.58,25.47,5.55,38.43,0
1.13,16.67,75.52,38.37,4.53,76.32,2.73,30.05,0
1.76,35.66,93.75,43.2,1.51,49.72,3.05,28.24,1
11.42,32.49,52.85,30.03,4.54,82.36,1.94,32.63,0
11.1,21.83,33.33,40.9,9.0,59.77,2.26,27.76,0
19.77,25.55,32.94,18.71,5.75,80.33,2.47,27.23,0
3.81,33.51,172.38,67.06,4.68,80.38,5.92,24.7,1
1.57,33.48,98.57,29.23,9.6,30.83,4.05,31.93,0
7.63,50.53,68.87,45.3,3.82,90.51,2.58,24.92,1
5.28,32.17,43.5,49.45,3.87,124.5,3.81,31.81,0
2.44,16.66,58.74,49.96,1.16,47.19,3.97,19.58,0
23.03,43.48,66.59,17.22,10.73,75.69,3.68,34.32,0
42.48,60.09,107.08,42.55,6.75,36.27,4.63,32.88,1
16.42,30.22,47.48,32.84,10.49,102.11,4.55,31.3,0
3.72,8.8,41.05,46.13,10.21,60.48,1.99,25.42,0
9.01,14.91,62.35,22.68,4.03,57.85,3.42,24.35,0
6.93,37.39,140.96,47.23,25.21,11.3,5.23,33.05,1
14.3,22.34,59.69,26.07,2.86,78.75,2.71,21.09,1
12.06,25.25,40.1,33.34,2.38,98.18,4.28,27.56,1
3.36,6.4,7.18,21.25,2.23,174.53,1.98,26.51,0
0.31,3.66,28.45,31.09,5.74,18.99,1.13,25.93,0
7.45,15.66,47.96,29.36,6.61,12.79,1.13,31.06,1
2.32,31.95,74.13,23.84,13.21,108.09,3.09,30.19,0
0.0,30.92,127.4,54.24,4.12,178.89,4.78,23.41,0
1.16,20.69,55.79,15.84,6.43,83.68,2.29,21.58,0
0.0,9.26,78.62,38.93,8.94,24.77,3.18,29.99,0
4.24,50.28,98.94,38.0,26.5,20.57,2.98,30.92,0
45.13,58.12,79.2,43.63,16.71,41.59,3.82,27.58,1
3.13,52.23,84.37,58.01,4.28,229.26,6.0,32.91,1
3.01,25.9,97.86,24.08,8.67,53.26,3.92,25.96,0
4.53,39.59,45.09,26.58,17.19,181.32,2.04,35.0,0
24.91,60.12,91.33,37.62,4.71,16.5,3.72,40.33,1
44.4,46.52,54.18,26.87,3.32,122.5,3.15,29.54,1
31.53,37.26,50.6,39.42,6.64,41.87,4.55,36.62,1
16.29,28.47,103.8,41.32,6.85,144.52,3.12,26.01,0
0.36,8.54,19.45,21.47,4.74,91.1,0.52,31.41,0
16.68,40.67,45.73,23.13,12.58,49.72,3.88,24.35,1
0.0,25.52,55.05,15.26,4.55,147.5,3.8,30.8,0
0.0,11.2,53.22,39.09,5.12,129.36,2.3,25.14,0
6.28,16.4,120.47,38.54,2.26,76.01,5.56,26.18,0
5.24,38.44,62.15,51.81,10.65,70.63,3.86,28.58,0
3.91,14.19,59.97,45.78,14.79,34.33,3.15,21.48,0
2.61,40.37,52.18,30.72,18.81,26.9,2.94,15.68,0
9.65,29.6,74.44,35.71,16.76,40.25,4.12,29.97,0
6.32,26.34,52.83,25.55,19.31,23.62,5.6,30.55,0
13.66,20.3,55.09,32.25,12.61,69.87,4.07,34.68,0
15.05,43.29,94.44,35.93,7.19,123.53,4.78,26.86,1
8.36,13.95,58.36,33.58,5.85,29.18,3.92,34.8,0
1.39,29.58,38.82,38.48,7.93,69.48,1.33,31.44,0
1.36,26.8,33.91,47.94,12.44,44.71,3.24,34.41,0
2.83,28.73,78.25,31.36,19.43,54.02,2.73,22.75,0
8.3,33.68,56.25,19.53,9.31,53.5,0.55,18.23,0
12.79,45.9,78.74,34.71,18.22,94.16,5.03,22.51,0
1.64,25.04,59.43,35.02,20.92,11.92,2.22,24.84,0
22.25,24.48,85.46,43.31,22.86,85.99,1.97,23.51,1
3.76,25.31,49.29,42.62,5.12,27.44,2.45,28.84,0
36.51,44.06,80.19,24.71,17.81,38.88,1.63,36.66,1
5.92,9.95,39.59,33.83,11.82,20.18,4.92,23.14,1
15.31,21.74,34.02,47.34,7.18,46.66,4.6,29.58,0
0.0,9.38,37.6,34.08,7.01,216.81,2.27,19.8,0
0.93,27.37,40.74,21.35,2.95,29.13,2.55,26.77,0
3.07,16.21,52.47,19.34,12.07,20.32,2.51,29.76,0
0.0,32.66,68.22,34.14,5.95,91.73,3.43,30.99,0
3.61,12.26,23.46,42.67,8.1,86.13,1.71,27.86,0
2.41,15.94,17.44,26.68,0.95,108.13,1.8,27.79,0
20.04,29.09,57.03,27.13,4.97,103.09,1.24,27.59,0
10.86,12.27,45.3,21.54,14.9,84.58,1.67,26.53,0
16.57,33.62,52.57,51.6,3.91,87.31,4.91,22.73,0
36.78,119.98,196.49,37.55,13.36,29.73,8.69,18.64,1
13.28,17.48,50.79,29.41,6.88,21.6,2.76,24.75,0
0.08,28.45,43.85,21.64,22.82,32.03,2.92,29.56,0
3.43,36.71,47.14,30.99,4.28,18.29,2.83,32.58,0
7.45,25.22,36.71,29.82,7.85,34.72,0.53,26.85,0
22.96,27.72,39.38,38.94,11.39,33.91,2.28,28.79,1
0.0,66.78,73.46,23.28,15.09,277.89,2.29,28.21,1
10.81,35.89,83.92,38.18,2.54,130.07,3.83,28.07,0
0.0,49.02,104.64,26.37,17.03,42.67,3.77,24.21,0
1.56,4.34,74.32,21.17,11.98,245.82,1.3,26.07,0
0.0,9.8,15.41,24.47,14.56,40.06,1.36,36.46,0
0.87,5.17,74.3,40.85,3.11,30.71,1.24,27.45,0
14.09,49.97,73.43,43.2,4.6,254.25,3.43,24.33,0
2.6,5.38,42.16,36.3,9.8,243.46,2.24,20.73,0
0.51,15.23,58.62,33.94,5.58,134.21,2.01,26.84,0
0.05,13.44,40.13,34.17,13.55,90.57,2.73,30.91,0
0.0,1.88,74.16,32.93,13.81,112.03,2.42,26.26,0
13.03,39.89,138.45,38.76,14.87,65.01,4.49,15.84,1
5.56,28.75,84.39,30.52,6.26,172.21,1.27,33.25,0
8.49,17.76,72.32,34.4,6.27,292.0,4.94,27.67,0
0.0,48.96,114.72,36.22,3.29,167.8,5.19,27.9,0
5.59,7.99,33.5,45.29,3.07,141.07,2.46,29.55,0
0.0,1.1,13.42,21.3,1.31,17.89,2.18,16.22,0
19.89,38.38,40.05,13.86,18.49,115.54,4.29,28.07,1
10.79,17.23,49.88,39.23,15.47,35.52,3.08,38.81,1
4.42,19.68,39.28,37.82,2.89,20.09,0.49,24.77,0
0.0,39.75,53.68,34.35,6.81,47.73,5.14,31.69,0
0.0,3.99,7.42,26.31,6.0,28.29,0.82,21.72,0
0.0,36.21,43.2,29.62,8.73,102.57,2.05,30.58,0
4.02,8.38,77.61,34.72,3.08,207.93,4.02,30.04,0
8.87,19.87,80.23,36.06,29.54,37.69,2.29,33.12,0
8.28,50.38,137.51,47.2,3.31,69.66,6.49,23.01,1
27.1,54.41,59.33,32.21,15.06,18.27,3.05,37.66,1
4.91,11.86,30.49,12.97,3.33,120.22,1.99,34.37,0
21.18,42.54,58.94,24.54,6.7,194.03,2.86,28.65,1
3.09,13.32,55.51,35.32,15.04,38.9,3.48,22.94,0
10.31,21.88,36.62,20.72,8.17,69.44,3.83,30.21,1
3.72,17.21,30.0,21.57,0.65,32.5,0.86,23.96,0
7.95,32.28,45.79,38.43,7.1,35.68,2.71,24.26,0
5.01,22.51,49.09,17.33,21.88,71.37,1.45,13.14,0
1.1,14.93,48.1,22.81,4.6,33.53,2.27,16.68,0
8.31,22.53,44.41,37.12,15.86,77.49,2.92,26.34,0
11.12,30.66,48.38,25.38,6.48,83.1,2.22,30.77,0
13.45,30.24,98.0,39.4,2.48,43.92,5.56,35.52,0
7.03,16.85,25.94,5.0,4.91,199.76,2.98,28.08,0
0.0,20.01,36.99,39.19,1.86,83.33,0.9,31.88,0
8.84,31.8,68.37,44.13,7.58,108.4,3.47,37.96,1
0.0,20.47,47.54,32.05,9.88,667.72,2.17,26.74,0
6.6,39.17,87.68,28.51,14.64,153.57,3.15,25.98,0
7.9,16.96,27.3,42.89,6.5,254.6,3.38,38.04,0
0.0,8.66,10.46,46.76,12.53,37.63,1.0,33.03,0
5.42,50.01,71.81,51.24,14.28,16.47,4.09,18.51,1
0.0,7.26,65.66,42.92,8.36,21.55,3.35,25.33,0
0.0,12.67,66.67,36.69,3.77,103.83,3.97,34.13,0
0.0,1.35,39.45,27.65,6.39,52.56,4.01,30.07,0
4.42,8.81,24.84,40.65,0.75,84.62,4.08,31.17,0
3.99,15.06,36.1,29.3,22.64,18.02,3.16,19.22,0
1.95,12.49,47.57,5.57,12.1,97.01,3.69,35.61,0
10.63,23.72,55.15,33.66,6.53,25.62,1.46,23.44,0
3.59,56.18,108.25,40.4,6.25,34.87,3.68,23.57,1
8.98,11.08,13.11,20.92,2.75,78.74,1.84,28.43,0
13.32,29.16,56.89,41.38,2.95,35.05,1.54,28.17,0
46.87,61.18,108.76,36.15,8.05,58.72,3.48,23.69,1
4.55,63.42,82.2,39.85,18.91,27.85,4.15,31.66,0
19.92,50.25,65.64,13.29,7.86,104.98,4.28,27.49,1
7.33,17.66,31.83,20.58,16.95,152.52,2.81,35.74,0
7.89,51.68,94.53,37.17,14.68,82.11,3.52,30.51,1
4.65,14.18,35.56,12.17,4.5,140.83,2.78,23.54,0
6.5,38.82,132.46,37.39,11.01,5.29,3.82,22.49,0
3.65,52.52,74.25,43.28,2.14,75.55,4.17,31.96,0
16.68,34.22,123.1,40.65,16.98,60.82,5.09,22.0,1
0.89,6.43,83.62,50.94,27.43,69.17,1.32,26.13,0
0.0,1.85,7.58,28.87,3.67,123.18,0.2,28.68,0
1.79,19.89,32.63,18.61,8.0,43.08,1.63,36.96,1
1.28,32.58,90.49,51.36,5.66,114.13,4.1,18.79,0
1.78,97.2,103.72,47.37,17.3,14.64,2.87,21.56,1
4.26,44.62,64.1,37.53,14.91,110.26,3.54,35.14,0
1.8,18.28,30.49,38.71,3.65,84.13,3.42,35.22,0
4.16,9.38,65.03,26.62,6.69,118.58,2.87,37.83,1
1.82,15.99,85.86,40.76,4.44,56.19,4.26,29.35,1
9.22,61.3,127.17,38.28,11.75,24.08,4.69,20.26,1
46.52,113.28,149.53,55.47,14.37,196.75,4.4,38.42,1
7.13,16.57,60.14,23.69,10.82,41.09,3.59,25.65,0
2.02,15.05,106.34,43.1,13.31,128.83,3.91,23.2,0
34.23,80.21,102.85,51.18,14.54,48.07,5.54,36.03,1
7.67,51.63,79.9,34.99,14.28,43.88,4.11,30.08,0
4.1,13.94,19.05,39.66,5.36,379.37,0.95,29.09,0
4.47,32.73,35.98,25.11,17.77,103.02,0.7,31.98,0
6.43,16.86,66.78,24.9,4.72,59.32,3.65,16.09,0
1.84,39.29,168.3,54.2,7.94,189.02,5.65,28.54,1
0.0,16.32,56.04,32.77,9.12,29.66,2.53,31.25,0
0.0,11.93,30.13,40.31,9.06,106.26,2.68,32.18,0
34.71,64.98,146.75,40.78,6.45,79.58,4.4,30.67,1
6.17,23.54,76.04,45.73,11.46,125.13,1.89,21.73,0
1.83,31.5,70.25,36.76,2.29,24.37,5.23,23.29,0
5.66,11.61,61.72,43.51,13.5,126.67,3.68,33.91,0
5.1,12.43,46.97,25.26,1.7,32.01,2.14,24.44,0
0.0,15.1,74.21,33.61,4.07,84.94,0.98,21.14,0
15.58,23.72,32.11,30.63,8.93,12.59,0.2,27.06,0
3.91,14.98,50.11,43.56,5.21,80.51,1.99,32.98,0
6.29,21.75,40.95,35.94,4.87,272.49,2.67,29.46,0
25.1,34.25,36.44,17.75,1.31,31.77,2.97,23.38,1
0.0,50.78,88.98,31.61,5.64,117.91,3.98,26.47,0
0.68,8.3,53.56,32.44,2.15,69.48,3.38,19.38,0
8.21,22.92,95.42,33.68,17.74,59.81,2.7,31.91,0
15.27,30.26,45.53,47.49,6.38,131.47,2.56,26.94,0
1.38,19.39,47.62,26.25,17.95,34.69,1.24,38.73,0
1.64,13.56,58.96,23.77,8.38,65.12,2.57,20.88,0
11.74,44.06,62.37,30.14,19.73,60.56,3.23,17.83,1
43.52,77.41,78.96,42.99,29.44,48.4,5.2,31.5,1
5.94,15.36,21.96,25.57,2.42,56.69,1.03,30.47,0
0.67,36.6,67.23,49.94,19.02,34.01,3.68,28.68,0
0.0,9.0,41.39,18.96,13.31,27.09,2.25,21.67,0
4.24,19.0,36.66,28.55,11.72,92.94,1.97,18.4,0
14.55,30.81,45.53,55.64,3.38,67.26,5.0,25.69,1
60.06,68.62,87.73,44.13,6.25,38.27,3.6,24.91,1
3.1,6.54,20.8,21.71,16.56,120.23,2.33,27.88,0
5.95,23.89,46.01,17.37,26.05,38.35,2.1,22.03,0
29.79,35.16,129.19,37.29,12.0,43.09,4.3,23.83,1
8.04,55.85,149.23,48.84,16.36,94.85,6.98,24.49,1
7.2,17.76,48.77,42.91,10.29,49.04,4.08,12.61,0
24.81,53.83,63.85,25.23,15.51,176.04,2.48,29.74,1
6.15,33.74,63.72,24.95,10.68,164.36,1.53,32.37,0
0.0,8.48,22.16,27.23,6.8,103.81,4.08,31.9,0
20.29,31.11,54.51,49.47,24.15,232.96,2.65,24.07,1
0.0,10.72,66.44,45.87,3.67,143.34,2.63,24.71,0
17.09,37.11,53.81,17.3,1.57,110.07,2.93,22.21,0
5.29,91.22,133.68,45.08,6.29,147.74,3.69,23.87,1
3.17,22.42,41.33,35.51,7.88,141.32,3.28,21.98,0
3.01,13.09,69.27,35.46,8.78,306.03,3.29,27.82,0
4.21,24.83,53.0,23.12,3.57,53.35,2.93,20.13,0
2.3,7.7,63.91,43.67,1.95,57.71,1.44,28.96,0
9.57,17.25,28.88,35.63,7.91,65.48,1.8,21.84,0
2.5,50.87,97.59,53.24,5.08,133.91,3.32,37.6,0
5.35,18.3,43.95,33.59,3.54,25.45,1.35,17.72,0
0.0,7.36,39.55,27.3,8.35,60.75,0.86,38.01,0
5.29,9.78,60.94,38.72,16.95,109.76,3.04,29.58,0
2.2,17.5,38.53,23.95,11.42,22.51,2.52,36.02,0
15.84,20.68,62.56,42.82,5.92,41.97,4.22,31.74,1
3.43,41.38,55.38,49.16,8.71,43.43,2.5,32.56,0
13.55,41.05,113.58,33.67,2.68,79.47,5.67,30.12,1
11.94,21.57,97.01,33.26,9.22,116.29,3.88,16.78,0
12.3,68.56,97.9,54.98,3.84,14.4,6.14,28.87,1
3.66,14.39,100.7,48.52,7.67,85.59,4.09,36.55,1
5.83,18.76,83.01,38.38,18.33,37.82,3.32,18.64,0
9.26,17.11,25.48,15.65,5.43,9.43,3.46,26.23,0
6.09,31.82,61.37,32.47,2.64,10.89,1.69,31.88,0
3.44,8.83,46.99,29.89,1.77,26.18,3.26,30.22,0
0.19,10.25,31.99,25.14,0.61,35.31,2.53,28.63,0
5.44,14.15,58.26,35.74,7.24,128.79,3.18,32.13,0
0.0,19.16,47.79,15.87,10.73,54.55,1.6,34.02,0
0.0,3.92,25.78,30.19,11.27,61.51,1.49,28.81,0
12.15,26.15,80.37,40.39,4.68,33.94,3.57,30.63,1
7.4,45.27,161.04,46.61,13.61,74.93,6.68,27.4,0
12.28,16.98,34.52,41.47,1.73,168.47,3.06,27.32,0
1.04,27.91,87.36,31.75,1.15,32.21,0.6,22.04,0
17.53,48.75,51.5,37.64,12.91,124.63,3.63,34.15,0
0.0,13.42,28.79,41.64,2.54,95.16,2.61,26.72,0
0.0,1.25,13.66,32.84,4.84,361.43,3.45,28.17,0
17.22,43.26,48.06,20.55,8.55,24.59,1.71,30.98,0
6.7,43.66,136.01,62.89,4.14,102.49,5.37,24.03,1
12.37,65.44,117.81,42.89,3.99,32.49,3.85,30.77,1
7.44,24.21,50.18,41.18,12.65,91.01,4.22,32.58,0
1.66,4.02,11.41,28.71,6.83,97.07,2.35,30.42,0
0.0,25.69,36.86,41.69,13.0,43.74,1.57,30.85,0
0.0,2.89,59.58,42.79,2.17,93.87,5.09,20.35,0
32.06,54.84,109.96,39.88,5.19,81.26,3.29,26.58,1
0.0,29.17,33.64,27.42,15.07,82.06,2.11,35.19,0
24.04,62.77,84.71,43.5,10.63,33.3,6.1,36.5,1
6.21,16.45,26.31,25.83,6.91,91.56,1.86,39.22,0
7.74,13.98,23.43,37.37,17.52,48.42,1.9,26.59,0
7.1,24.1,43.26,45.14,16.23,39.59,2.73,19.27,0
10.71,14.63,37.81,34.82,8.83,23.04,1.61,24.62,0
0.64,11.94,54.33,30.43,10.59,17.66,3.63,20.03,0
0.0,8.54,45.99,40.27,1.55,21.27,2.19,23.7,0
1.56,35.02,50.54,44.33,4.37,41.89,2.12,26.78,0
9.68,55.1,91.62,36.77,17.64,11.38,4.39,18.43,0
0.0,24.27,133.83,38.82,2.99,35.07,4.57,24.34,0
17.96,48.34,58.42,24.83,3.24,297.38,2.21,25.78,0
4.34,21.44,87.28,30.75,5.31,95.67,2.78,30.14,0
0.0,15.98,29.81,31.52,1.58,168.0,2.66,32.88,0
6.61,9.62,32.13,38.72,11.2,16.63,2.77,27.78,0
9.49,30.46,45.24,20.0,2.36,74.45,0.83,26.98,0
10.33,39.17,50.13,40.02,7.19,59.13,1.36,22.39,0
19.9,32.41,36.77,38.86,13.01,23.0,2.96,18.0,0
1.39,14.41,47.06,48.08,5.76,42.54,2.91,26.47,1
3.06,4.47,17.57,24.29,14.69,126.07,0.91,17.17,0
0.0,13.32,33.2,44.8,0.89,27.77,4.5,36.25,0
0.0,33.67,59.5,36.33,10.6,132.81,2.59,26.03,0
4.91,25.02,41.46,28.67,11.82,22.43,5.22,25.45,0
1.55,16.23,18.41,20.9,18.72,115.39,2.04,29.31,0
14.89,20.0,99.09,39.61,0.2,19.02,5.08,32.15,1
0.0,9.99,22.76,19.28,13.95,60.64,2.63,30.19,0
0.33,8.64,34.49,27.9,4.52,26.42,3.3,22.34,0
0.0,5.8,18.76,22.12,8.8,8.84,0.99,30.81,0
5.08,25.12,36.91,14.68,5.63,52.45,2.58,23.76,0
1.1,11.46,46.21,36.56,7.72,172.59,4.66,17.76,0
0.0,31.22,52.37,36.67,26.88,119.34,2.7,26.64,0
2.67,17.48,32.08,26.83,4.17,45.91,3.1,29.84,0
0.77,58.66,90.98,43.96,11.77,34.61,4.82,22.93,1
0.3,10.48,32.16,34.16,3.5,66.04,3.94,28.2,0
5.82,43.09,69.7,24.23,19.56,63.71,1.94,21.72,1
7.24,50.38,58.17,37.39,6.56,130.07,2.42,29.98,0
15.49,24.85,35.53,33.39,21.75,37.01,2.34,23.32,0
3.26,17.06,43.85,29.44,3.71,146.81,2.13,38.83,0
6.77,17.88,56.27,17.99,11.82,10.88,3.18,27.76,0
3.36,12.27,32.78,58.66,8.51,159.22,1.18,24.4,0
0.85,25.99,41.59,27.52,10.08,13.1,3.65,23.62,0
7.46,34.88,71.23,31.61,9.13,95.95,3.1,28.94,0
2.38,10.54,21.62,30.78,4.16,95.24,2.81,18.38,0
3.59,11.62,126.89,41.71,3.15,72.28,4.96,25.81,0
6.23,21.43,37.79,23.87,12.59,83.02,2.44,24.52,0
0.0,14.79,134.68,56.76,11.01,68.68,5.57,39.14,1
0.0,2.99,11.1,13.29,3.48,72.74,1.51,31.23,0
27.04,52.64,101.23,33.17,3.44,29.26,3.25,20.84,1
6.83,9.32,29.75,23.7,26.73,161.14,2.54,29.16,0
5.61,12.89,32.08,33.32,5.95,175.1,0.22,22.56,0
0.63,18.26,71.31,48.75,1.25,51.17,4.24,36.99,0
7.08,32.4,56.77,23.75,12.44,77.24,2.84,22.77,0
0.55,7.41,60.73,34.62,0.81,116.01,2.97,24.9,0
9.01,22.45,82.04,22.41,10.59,139.42,2.3,24.7,0
7.4,17.77,112.13,34.98,7.49,66.33,3.01,37.18,0
6.09,6.49,24.36,27.31,6.22,44.91,3.99,26.47,0
8.11,18.91,39.15,33.36,3.58,20.21,0.42,30.72,0
1.82,7.38,33.23,9.63,6.12,25.9,0.2,33.01,0
2.25,17.15,82.12,26.13,5.61,180.93,4.11,29.27,0
9.48,14.19,49.58,37.77,4.99,823.52,2.28,28.36,0
4.61,14.7,34.34,36.8,3.23,225.12,1.72,31.63,0
19.88,33.3,39.09,25.31,21.81,42.14,0.2,22.86,0
12.12,28.04,48.33,27.66,20.03,49.33,4.03,31.08,0
6.72,18.99,28.19,23.09,8.11,25.22,3.45,26.32,0
1.18,37.29,101.97,52.82,5.14,10.96,3.9,32.99,1
9.95,28.52,55.78,40.15,2.32,197.57,1.41,29.32,1
0.62,24.41,42.46,45.8,11.78,98.62,3.75,19.65,0
4.8,18.52,21.46,39.92,37.26,50.04,1.83,30.84,0
0.0,4.25,6.3,25.08,7.57,19.11,3.57,26.83,0
2.11,5.66,24.59,26.75,4.84,51.72,2.74,21.61,0
2.02,14.1,37.48,32.23,9.73,56.99,3.3,35.97,0
2.57,44.52,99.14,40.26,6.38,29.19,3.8,31.73,0
13.12,31.0,39.54,37.04,6.13,109.81,2.54,22.35,0
16.8,46.75,61.48,38.93,1.77,186.47,2.18,34.45,0
8.02,14.26,112.51,53.0,4.71,36.61,4.35,22.58,1
12.13,28.06,101.23,34.15,2.41,76.93,3.27,36.36,1
0.73,37.11,57.33,37.77,11.71,106.04,3.59,23.49,0
0.0,30.34,47.9,28.52,2.9,14.63,2.89,27.15,0
10.19,18.92,62.85,43.88,0.27,18.34,2.12,26.57,1
0.0,13.72,50.04,14.89,10.14,157.92,1.95,20.25,0
0.0,31.87,43.35,37.88,14.69,46.01,1.72,21.79,0
5.8,13.84,43.88,22.81,9.44,134.7,2.11,30.34,0
2.03,14.98,37.94,30.52,5.44,151.66,1.81,28.64,0
1.46,3.08,14.04,28.66,16.65,84.87,0.45,33.92,0
0.0,28.12,47.23,25.69,4.59,39.88,3.62,29.77,0
7.8,34.62,62.78,30.71,9.35,113.92,1.13,24.27,0
3.11,5.09,14.12,29.63,13.58,313.77,2.51,36.42,0
16.32,29.27,81.42,35.86,8.44,186.21,5.1,34.12,1
10.57,44.39,77.04,40.17,11.76,40.17,4.33,23.91,1
2.9,7.9,27.5,38.18,5.65,19.12,3.6,34.52,0
0.0,19.42,77.32,35.56,3.86,109.78,2.83,38.83,0
5.82,16.0,82.73,46.87,6.28,117.22,1.87,25.86,0
5.07,38.48,100.54,32.1,5.18,33.46,5.93,26.65,0
0.0,1.5,15.8,46.44,3.44,123.34,2.01,28.56,0
9.18,10.89,17.61,16.21,4.35,42.06,1.08,24.7,0
0.0,7.92,60.99,28.01,6.25,36.48,3.04,29.52,0
17.2,32.69,44.96,42.17,13.57,74.9,2.09,20.2,0
4.6,20.33,28.12,35.6,5.2,26.24,2.29,33.88,0
1.33,3.66,21.89,32.35,6.99,47.58,2.55,29.08,0
7.05,28.52,65.1,35.06,8.74,44.07,2.63,34.73,0
6.48,31.56,39.65,24.23,11.07,88.62,3.41,26.44,0
6.15,21.95,46.87,20.01,7.01,37.71,0.92,19.3,1
14.95,48.93,63.28,40.11,30.19,33.49,4.68,23.35,0
7.64,30.38,59.98,40.94,5.61,28.5,1.44,19.71,0
0.94,10.96,36.26,35.23,5.02,134.53,1.23,30.17,0
3.3,45.36,56.52,32.25,4.15,27.32,3.06,27.69,0
23.65,70.78,91.17,54.97,11.95,103.3,2.79,38.61,1
0.58,20.29,21.99,33.18,5.45,61.31,2.31,29.87,0
9.0,15.4,40.04,32.8,1.36,63.52,0.2,35.08,0
15.53,48.57,80.4,40.97,3.61,33.75,4.14,29.7,0
10.09,14.04,47.16,50.55,2.51,53.13,2.39,24.74,0
5.87,12.75,109.2,35.43,3.35,38.02,4.73,24.63,0
7.24,37.1,102.17,34.63,5.06,163.07,7.37,25.58,0
10.85,16.83,37.33,32.42,8.96,64.38,2.25,20.74,0
0.54,39.88,89.57,38.93,7.34,58.56,4.35,34.23,0
5.12,11.47,34.26,37.39,4.22,79.03,4.62,42.32,0
41.87,53.51,82.8,39.14,10.26,126.26,3.03,43.0,1
9.35,19.99,81.47,44.83,5.16,78.56,4.74,23.34,0
6.18,31.14,40.56,42.13,12.92,77.09,3.88,25.32,0
2.68,27.28,45.2,31.05,5.07,66.06,3.22,23.38,0
0.58,10.94,37.59,46.38,3.49,94.78,1.0,19.6,0
7.57,29.97,54.79,33.39,2.71,20.86,4.45,36.79,0
8.26,25.84,38.8,37.19,10.21,51.77,3.18,28.87,0
4.6,30.94,42.11,31.22,6.4,58.41,2.38,19.16,0
56.57,80.16,96.02,30.75,8.88,49.42,4.04,29.31,1
0.91,7.16,16.97,24.98,20.39,52.65,2.08,25.03,0
0.04,39.55,51.31,48.34,10.11,200.55,0.96,25.59,0
2.77,4.73,40.5,18.41,9.09,83.33,2.54,26.06,0
4.85,16.41,51.92,44.34,14.14,25.89,4.02,30.35,0
0.39,22.86,37.97,15.17,4.4,22.07,2.03,27.11,0
7.33,21.83,50.23,35.19,12.29,137.92,1.94,18.83,0
8.4,21.65,52.68,44.44,5.14,31.91,1.55,31.28,1
12.35,23.7,120.95,30.53,7.37,49.9,5.89,18.68,1
1.87,11.95,18.92,21.13,19.22,40.28,2.52,26.55,0
21.82,58.11,92.1,51.65,5.81,71.02,5.19,25.98,1
11.45,24.9,79.31,32.71,10.89,35.69,2.62,26.13,1
0.83,14.29,41.37,29.76,9.2,53.34,2.89,33.61,0
0.37,8.09,74.08,34.2,19.65,44.58,3.67,32.9,0
3.17,27.26,71.89,25.04,3.93,134.11,2.94,29.32,1
8.43,12.11,53.3,35.83,1.55,45.97,4.2,31.44,0
10.0,63.38,89.04,51.37,2.63,69.03,4.76,24.1,1
11.43,17.73,22.59,30.46,8.49,17.3,0.2,27.1,0
39.62,52.88,77.76,48.81,5.19,39.96,2.83,22.25,1
4.4,24.76,74.64,34.52,14.78,65.89,2.63,28.66,0
36.84,68.01,110.45,45.2,7.7,27.85,3.9,34.57,1
12.98,23.96,66.25,44.37,3.8,12.0,4.32,35.09,0
0.0,9.11,48.07,34.41,6.07,44.45,4.06,32.83,0
6.85,23.37,51.94,23.96,0.34,137.03,3.11,33.98,0
3.98,12.0,30.53,23.28,8.73,69.89,3.47,20.92,0
3.74,15.93,42.97,32.61,12.77,37.71,1.02,38.1,0
1.78,44.71,133.31,53.92,17.05,21.53,4.71,29.43,1
6.11,12.35,37.51,29.54,3.25,35.2,0.36,31.6,0
18.11,19.18,55.98,42.88,9.58,104.63,3.94,28.12,0
2.23,9.57,47.11,49.34,18.0,105.33,3.05,19.96,0
11.52,15.15,24.94,39.3,1.58,58.82,2.36,35.84,0
13.83,37.18,138.37,43.23,8.51,29.36,4.68,21.94,1
21.66,30.75,41.59,28.96,15.98,39.85,2.82,24.3,1
0.32,34.04,63.18,47.34,30.19,45.2,3.76,25.72,0
5.44,17.39,48.63,35.28,12.39,20.42,3.1,27.61,0
1.23,4.95,6.93,26.49,6.55,67.57,1.88,32.35,0
6.13,36.78,44.22,30.49,7.25,47.66,4.59,31.18,0
6.07,12.62,29.98,22.18,8.56,275.29,3.33,18.7,0
0.0,1.05,55.74,25.33,20.68,68.56,3.12,27.03,0
6.65,26.28,28.72,25.6,7.99,37.94,2.87,22.13,0
41.31,48.97,85.77,34.68,2.57,104.72,4.25,24.62,1
10.04,30.91,45.62,37.74,3.58,69.64,3.95,22.58,0
0.0,27.32,69.04,33.06,9.02,16.22,4.04,23.17,0
0.11,17.94,48.9,32.99,5.35,90.43,2.88,33.96,0
5.04,13.07,27.74,25.63,6.48,61.21,2.09,25.46,0
0.18,31.63,49.31,29.93,11.84,50.88,2.93,19.29,0
20.57,26.49,39.86,34.0,7.19,47.39,1.47,32.66,0
0.0,20.9,71.92,11.97,9.18,105.75,3.09,33.86,0
10.13,34.41,43.46,44.01,3.69,59.23,1.49,26.36,0
0.0,15.2,20.64,26.91,9.36,105.48,0.7,32.17,0
4.91,31.76,72.35,27.76,7.42,90.9,3.33,30.1,0
0.0,17.95,54.66,23.45,11.48,108.41,1.64,18.25,0
12.32,32.31,48.2,33.34,15.39,96.56,5.14,40.76,0
17.37,44.29,64.41,9.15,18.22,54.18,3.25,34.24,0
8.39,25.59,113.17,54.49,5.42,55.56,6.6,27.39,0
18.17,47.49,122.29,37.26,4.58,78.73,6.19,25.6,1
0.0,38.16,56.94,45.8,2.71,15.82,0.2,33.73,0
6.53,27.99,124.65,50.21,1.65,130.26,5.0,19.13,0
9.96,37.34,64.16,34.41,6.37,82.5,4.93,31.97,0
11.49,26.75,63.89,42.12,17.02,143.91,3.62,32.44,0
9.28,47.94,93.91,34.3,8.1,45.36,3.25,32.18,0
11.77,30.83,89.7,36.69,9.89,29.96,2.29,21.41,0
6.43,32.06,69.62,52.49,20.94,43.41,2.83,21.09,0
0.0,3.84,18.88,33.66,13.09,61.47,0.78,21.49,0
1.74,25.75,29.35,37.29,20.03,55.64,0.2,26.37,0
20.67,36.98,100.02,40.74,2.14,57.94,3.85,27.36,1
18.5,41.82,49.66,24.83,7.99,46.0,2.89,25.02,0
9.75,34.9,45.53,30.84,5.11,29.51,3.56,24.09,1
12.61,39.66,80.12,27.15,0.79,65.98,3.98,37.16,1
16.41,40.65,60.52,21.22,3.7,65.75,3.63,29.7,0
9.61,22.17,54.68,34.18,3.73,91.97,1.26,33.84,0
20.11,69.07,102.29,34.52,12.53,102.26,3.46,26.89,1
19.48,53.24,72.43,40.58,1.81,100.56,1.65,31.06,1
1.95,15.61,27.64,23.88,1.91,55.79,4.15,34.88,0
2.04,15.12,69.29,19.95,5.6,47.85,3.36,29.82,1
2.35,7.57,51.21,39.43,15.74,198.61,3.23,26.01,0
2.02,9.45,32.58,35.91,10.01,35.36,3.55,22.89,0
5.46,18.85,22.32,33.18,10.72,242.3,2.1,17.05,0
7.69,45.36,64.31,31.62,5.3,103.3,4.75,30.21,0
7.86,20.01,40.44,41.95,6.73,126.21,2.28,29.92,0
5.81,10.95,79.86,36.65,4.86,156.12,3.4,33.85,0
8.75,31.76,107.25,43.02,3.38,96.18,4.97,29.49,0
9.16,33.48,64.33,39.83,17.72,81.62,3.6,26.06,1
3.36,15.62,48.58,21.53,3.19,78.09,2.74,26.78,0
21.06,55.44,63.88,35.17,6.62,28.94,2.29,24.14,1
5.45,41.51,84.08,37.64,7.14,103.11,3.26,22.11,1
10.4,12.58,15.6,32.16,7.15,31.44,3.06,32.39,0
24.96,49.41,62.32,38.37,3.72,31.76,2.7,39.07,1
16.85,17.77,35.55,41.45,7.72,66.49,3.4,23.72,0
0.0,13.52,45.87,46.5,9.08,27.61,1.97,37.65,0
5.08,71.0,78.69,34.79,18.28,29.82,4.17,19.85,1
6.06,29.62,57.25,16.89,9.47,225.17,3.58,31.37,0
14.44,22.82,29.88,10.82,7.7,179.4,2.54,31.57,0
14.57,40.01,116.07,53.52,8.9,50.62,4.74,34.72,1
3.91,11.65,26.3,19.89,2.33,56.02,1.77,28.54,0
3.92,23.1,65.74,32.59,6.34,105.95,5.5,28.9,0
0.0,6.33,27.51,38.63,5.2,508.24,3.69,29.19,0
1.04,11.78,30.35,31.83,13.71,74.6,2.39,35.52,0
13.29,47.25,90.84,59.41,27.09,30.63,3.24,29.83,0
11.65,59.68,74.16,45.02,3.54,36.17,4.88,23.94,1
7.08,26.2,42.19,26.7,11.21,97.62,1.66,28.32,0
8.31,35.93,56.15,28.27,25.35,73.76,2.72,23.77,0
26.97,36.38,65.8,43.91,14.61,110.9,2.4,36.81,0
0.0,5.51,25.97,26.22,3.86,21.53,1.15,27.59,0
9.99,27.54,42.66,38.13,18.54,163.85,2.65,34.23,0
25.16,41.82,58.43,50.54,1.95,57.51,4.16,25.21,1
2.63,70.89,96.83,29.46,0.2,69.73,3.9,29.85,0
13.81,26.96,46.65,23.21,2.9,42.43,5.14,31.49,1
3.58,16.23,112.03,29.76,7.38,42.41,4.09,22.76,0
27.41,50.89,75.97,24.71,8.96,26.88,4.15,36.35,1
0.0,9.18,35.68,23.9,14.49,118.31,0.45,34.43,0
1.0,8.28,33.57,27.65,26.27,54.36,1.86,38.25,0
4.67,25.52,50.69,28.63,9.26,22.33,1.39,21.73,0
13.83,17.07,28.67,31.25,31.03,38.7,2.76,39.04,0
1.9,24.36,52.13,30.85,7.31,13.74,3.24,26.31,0
1.4,11.67,50.42,41.46,9.82,16.62,4.35,23.64,0
12.24,38.85,49.66,60.65,1.46,55.23,4.68,33.86,1
4.99,44.29,71.04,34.95,19.28,78.72,4.18,32.47,1
12.72,20.0,67.35,31.36,12.43,372.82,2.97,25.18,0
8.16,20.57,34.63,23.14,9.12,31.54,3.32,19.9,0
0.0,32.38,52.02,18.58,9.72,146.06,3.06,23.17,0
3.96,23.07,63.08,29.58,1.18,79.34,1.38,30.01,0
11.25,59.98,102.82,42.54,8.44,73.88,4.98,34.04,1
16.55,36.23,58.99,33.5,3.41,37.68,3.43,35.53,1
1.01,38.92,88.77,54.77,12.81,55.2,4.24,33.5,0
11.1,15.75,20.23,32.39,7.46,83.46,2.92,24.66,0
0.0,7.03,17.51,38.58,3.82,39.26,1.0,36.3,0
2.83,47.16,57.5,30.41,8.7,200.95,3.35,27.68,0
1.8,8.68,14.43,13.24,1.58,27.18,2.05,32.57,0
27.06,71.75,88.76,46.4,0.4,74.27,6.0,15.61,1
0.0,8.0,33.35,38.27,10.53,62.27,1.82,34.45,0
22.83,26.46,59.87,25.34,12.32,105.53,0.36,32.33,0
1.31,14.35,22.35,11.01,18.71,89.4,1.63,32.75,0
3.29,7.95,26.02,13.86,10.35,48.57,0.2,26.57,0
2.35,27.21,44.52,41.03,10.01,39.63,1.08,27.72,0
18.97,19.9,90.04,40.44,9.56,43.13,4.04,22.24,1
1.59,58.89,78.19,36.38,2.81,30.03,4.45,31.49,0
32.36,48.98,99.9,47.47,6.3,30.43,5.94,31.73,1
17.28,43.18,77.31,35.06,1.08,49.35,4.37,19.37,1
6.22,34.67,93.92,24.65,12.55,58.22,2.63,19.41,0
0.0,18.16,58.49,28.9,5.29,104.17,3.01,22.61,0
7.84,30.02,58.21,59.97,13.92,99.35,2.35,32.57,1
4.34,15.83,31.88,41.23,5.03,44.23,2.21,37.48,0
11.04,39.43,66.64,38.89,3.3,165.84,3.0,30.62,0
13.16,63.33,100.33,34.6,6.96,138.08,4.78,25.54,1
53.37,64.49,94.19,44.19,4.2,26.32,3.38,16.51,1
2.22,33.3,57.65,43.93,19.04,23.59,4.86,32.21,0
14.23,49.38,124.06,48.59,9.36,54.85,5.08,28.01,1
2.53,13.09,19.77,28.2,4.74,24.55,1.3,31.13,0
0.46,15.69,28.55,26.39,10.8,44.57,1.39,25.99,0
6.1,20.74,51.42,43.45,5.95,51.1,1.62,28.21,1
1.45,14.68,23.74,29.04,7.55,77.68,1.5,36.36,0
0.0,8.2,31.11,28.18,5.57,39.65,4.1,34.49,0
0.0,15.73,65.91,34.01,7.85,39.13,2.99,34.28,0
0.0,12.72,22.56,23.4,6.92,78.1,1.49,13.27,0
0.68,41.09,60.05,36.4,7.04,87.21,4.85,29.82,0
22.21,41.54,54.41,17.88,1.57,40.76,1.11,28.62,1
5.48,14.44,24.79,23.7,6.89,60.3,3.46,34.99,0
2.36,44.57,60.32,27.89,6.63,37.54,3.54,27.33,1
11.2,47.75,77.51,43.96,10.08,68.02,3.73,26.02,1
5.65,18.73,35.94,34.26,16.75,40.35,4.72,37.71,0
7.21,25.61,57.34,56.03,7.69,41.7,4.37,31.15,0
3.3,44.07,72.6,34.45,2.57,34.37,3.37,24.44,0
0.26,30.37,73.92,43.57,10.95,46.1,2.58,21.4,0
5.06,7.9,42.33,13.92,10.25,27.06,1.47,31.03,0
4.46,10.91,22.56,28.4,13.78,22.75,2.73,27.4,0
14.63,24.43,49.44,27.3,3.04,129.49,2.17,29.12,0
5.33,16.2,30.13,18.56,8.49,88.82,1.42,28.08,0
0.99,15.92,78.08,39.4,17.98,57.64,2.46,29.12,0
0.73,22.27,97.64,56.22,2.95,18.89,5.3,35.56,0
41.98,56.89,70.78,39.55,7.41,42.95,4.34,23.46,1
0.0,35.69,119.08,31.08,5.15,171.23,4.55,28.18,0
20.61,31.67,76.98,19.16,9.68,45.79,2.68,30.01,1
7.57,43.27,68.77,37.67,10.12,10.63,3.47,33.04,0
10.04,29.43,139.26,41.82,7.61,67.01,5.03,34.17,0
15.65,34.1,60.1,22.77,2.29,86.07,2.4,25.69,1
8.67,36.55,41.58,37.41,10.25,64.6,1.57,27.69,0
3.12,27.84,43.65,43.66,7.55,71.42,2.57,35.13,0
29.8,44.68,61.86,20.58,1.07,112.47,3.35,38.07,1
14.03,22.12,69.48,45.0,12.18,89.1,0.45,25.5,0
1.54,42.65,44.83,25.9,15.13,33.21,5.16,24.32,0
24.31,41.87,82.12,37.16,21.0,8.54,4.36,25.77,1
0.0,17.7,57.29,43.55,7.55,96.85,2.62,33.26,0
31.46,108.26,142.39,40.23,2.38,26.2,2.86,27.62,1
10.72,46.67,78.94,36.66,11.41,16.39,2.35,36.95,0
0.0,13.82,84.46,29.71,6.88,116.6,2.59,32.39,0
12.41,28.82,93.0,42.81,6.19,57.41,4.91,34.82,0
2.72,10.02,50.94,37.18,21.63,67.99,2.45,29.65,0
1.76,6.82,40.89,18.4,14.09,88.57,3.08,19.62,0
10.7,24.51,28.07,22.02,15.85,27.64,1.48,19.35,0
6.6,30.04,42.12,44.41,2.71,30.38,2.0,31.22,0
17.56,25.36,49.09,38.21,10.47,293.94,4.4,33.49,0
0.0,30.19,37.59,32.74,21.4,106.26,2.46,26.1,0
11.77,17.89,35.11,39.44,11.25,61.11,0.78,22.99,0
9.19,23.17,71.96,29.25,7.68,30.0,5.15,22.77,0
13.8,41.98,60.5,31.38,16.51,25.3,3.72,25.31,0
2.06,62.18,92.71,31.66,21.71,220.53,3.87,29.88,1
37.08,82.38,117.79,30.06,7.01,85.29,4.34,20.79,1
10.21,48.63,86.88,32.19,2.61,43.26,3.48,14.37,1
4.5,22.6,63.9,34.65,6.97,366.94,1.92,18.52,0
2.67,34.12,75.5,42.2,13.66,68.17,3.29,21.88,0
14.51,27.49,30.52,40.77,5.41,38.86,3.11,35.48,0
25.35,52.14,104.51,42.49,0.8,20.86,1.49,26.75,1
5.73,10.27,41.99,37.18,9.23,49.37,0.96,19.66,0
29.28,50.82,71.69,44.61,28.22,48.92,1.91,30.39,1
0.04,4.56,22.64,37.24,0.88,19.55,1.76,25.08,0
9.54,46.17,47.86,27.1,4.58,242.26,1.88,32.81,0
9.87,40.15,49.12,26.68,4.35,64.35,3.19,32.54,0
11.88,60.33,69.57,36.3,12.28,36.89,2.01,27.74,1
6.94,12.22,21.62,47.06,3.75,179.75,2.3,19.09,0
8.91,85.18,89.47,47.6,5.36,83.5,3.45,27.23,1
0.0,16.31,56.19,30.26,3.2,37.85,2.41,26.15,0
23.11,59.37,84.74,38.71,9.71,26.94,4.92,20.16,1
16.37,23.37,49.78,35.47,13.91,79.34,3.82,34.11,1
8.47,31.4,92.25,28.77,2.39,38.06,5.05,26.88,0
16.77,31.54,36.23,23.95,3.39,107.6,1.8,34.09,1
23.82,54.1,111.91,47.01,10.43,19.2,6.57,26.51,1
11.69,13.93,33.2,36.82,8.73,36.85,4.3,33.66,0
40.6,46.98,91.24,38.31,4.33,121.07,2.53,30.8,1
12.81,51.96,54.19,29.57,12.33,17.86,1.12,26.81,0
0.48,6.72,62.8,38.4,6.3,43.22,4.96,30.08,0
7.94,22.94,30.11,20.88,5.58,116.5,1.49,34.15,0
17.44,30.67,52.33,25.19,9.99,102.77,2.33,25.9,1
23.84,44.89,105.64,68.1,13.36,88.29,4.48,27.69,1
7.14,14.85,49.87,25.98,22.38,107.93,2.96,25.08,0
0.2,41.92,64.05,43.1,2.14,218.51,5.19,22.95,0
3.86,25.27,69.08,32.61,6.73,16.68,2.63,33.38,0
0.0,45.03,64.08,40.8,20.09,22.17,2.86,33.67,0
14.29,44.36,95.88,48.79,5.74,46.52,4.05,34.47,1
2.6,22.99,50.66,19.04,4.8,61.57,3.41,29.42,0
1.1,1.65,4.35,24.92,14.1,74.43,1.55,29.04,0
15.81,42.41,62.19,24.22,11.36,32.08,3.06,25.46,0
28.75,55.13,85.67,30.37,4.8,148.33,3.01,24.39,1
1.08,45.49,82.9,50.6,19.41,85.59,4.04,33.44,0
7.21,26.23,73.57,29.57,9.74,266.94,2.49,32.39,0
4.16,21.8,40.62,25.02,12.18,133.97,3.4,15.17,1
24.89,52.68,84.53,44.24,9.29,98.0,2.22,26.22,1
5.01,22.56,36.65,56.95,5.66,27.55,4.63,21.82,0
0.0,11.29,96.78,36.57,3.14,25.47,4.15,17.06,0
5.39,37.17,79.48,30.75,4.87,46.31,3.1,27.56,0
20.19,21.94,68.54,34.39,3.55,26.48,5.26,34.71,0
3.74,21.06,86.05,45.18,4.39,12.68,3.19,28.26,0
1.54,13.58,41.29,40.92,2.22,43.65,3.47,26.86,0
4.66,10.83,73.56,25.23,17.93,395.1,1.24,29.48,0
0.0,20.8,61.22,50.68,12.73,125.11,2.91,30.33,0
4.15,52.92,94.21,45.26,19.11,22.26,3.0,34.88,0
1.91,9.29,28.29,22.31,0.5,68.76,1.55,23.21,0
47.04,73.65,125.71,43.02,6.11,54.75,6.3,29.86,1
0.47,24.11,58.95,38.66,4.21,29.9,2.98,25.91,0
1.54,6.68,27.34,29.42,25.13,71.29,3.3,20.95,0
0.01,23.47,26.76,27.95,11.54,27.12,3.56,28.91,0
9.65,22.25,52.09,52.01,9.55,26.26,3.22,24.91,0
1.0,10.29,30.66,34.69,3.51,33.38,5.92,36.43,0
0.0,9.1,30.82,25.84,11.26,14.88,1.82,28.11,0
6.36,86.69,114.37,40.13,13.12,54.69,5.82,24.81,0
3.36,6.14,52.4,48.92,1.01,55.16,4.17,35.0,0
1.2,39.09,104.9,45.01,16.23,24.58,4.9,39.0,0
24.31,38.35,92.42,30.17,4.0,96.87,4.18,33.24,1
10.04,16.84,53.53,31.47,5.12,28.98,1.36,27.92,0
8.74,20.51,58.49,34.13,4.2,41.62,1.23,21.49,1
10.31,50.35,74.93,27.73,9.29,25.11,1.07,30.04,0
9.7,51.06,119.57,58.91,8.03,73.62,4.14,28.11,1
3.69,10.27,22.56,17.36,7.33,37.36,1.17,36.8,0
1.04,23.98,32.9,45.11,1.41,93.63,4.27,39.09,0
6.56,28.32,47.72,22.05,3.39,90.1,3.97,33.69,0
3.57,17.09,22.84,31.36,10.13,68.04,1.84,30.86,0
0.0,24.79,58.29,45.52,9.64,83.02,2.65,28.32,0
2.76,32.32,165.26,50.15,10.41,134.68,9.82,36.27,1
16.16,22.38,103.66,34.18,1.49,87.34,4.92,15.37,0
6.6,9.08,43.48,33.33,8.13,52.74,2.2,27.89,0
0.33,5.45,13.16,30.69,16.63,66.73,1.19,30.37,0
0.0,11.45,59.79,46.77,4.62,78.86,1.95,22.58,0
19.83,33.45,98.58,30.03,3.5,32.71,2.74,21.95,1
4.01,35.8,52.09,25.06,0.93,34.64,1.71,34.32,0
8.09,23.57,54.66,52.21,13.24,95.14,4.5,19.31,0
4.95,16.41,19.48,30.11,5.54,100.24,3.6,30.26,0
4.76,7.1,43.97,35.77,12.14,236.47,3.71,25.34,0
4.26,43.33,67.0,42.35,1.09,57.54,2.0,24.05,0
6.32,12.89,24.44,30.02,7.69,92.3,2.39,18.5,0
17.46,58.97,79.47,48.95,15.45,55.49,4.08,26.27,0
6.87,17.3,32.5,36.17,7.72,338.93,2.34,23.52,0
0.0,5.49,25.42,29.6,9.49,224.02,1.43,23.07,0
1.54,18.24,42.32,18.3,3.62,21.4,0.22,26.19,0
0.17,7.77,20.4,37.49,3.8,119.28,2.08,30.91,0
32.8,45.59,89.29,56.2,13.26,17.91,4.47,29.16,1
30.25,46.51,90.06,50.33,8.29,410.67,2.85,31.61,1
5.14,34.41,45.13,12.32,10.33,48.92,0.73,29.06,0
0.03,58.24,158.52,61.56,20.17,44.3,4.88,35.65,1
48.95,58.3,70.47,42.35,20.64,5.46,6.21,19.56,1
0.37,18.32,52.09,33.87,9.46,47.25,3.9,39.25,0
0.45,4.67,11.97,15.1,1.97,30.28,2.08,29.63,0
17.15,42.85,51.32,26.34,8.04,37.24,3.96,33.24,0
17.56,36.66,86.84,43.05,5.27,79.02,6.13,29.45,1
4.08,6.35,76.41,33.3,6.1,99.12,3.13,24.59,0
0.0,20.0,94.23,58.61,7.49,44.57,5.31,25.73,0
2.59,9.89,69.15,21.68,17.3,59.37,3.46,34.08,0
6.32,18.93,33.99,29.59,8.21,76.78,1.95,27.49,0
0.0,48.51,103.04,26.91,20.34,48.05,4.88,34.16,1
8.39,11.19,21.19,13.62,2.56,23.09,0.9,27.17,0
14.97,42.43,69.71,25.94,8.81,200.4,3.66,32.19,0
0.0,6.23,49.5,16.9,8.25,23.24,2.37,25.15,0
15.21,20.31,47.33,37.55,12.07,86.36,0.97,16.5,0
1.03,9.96,55.83,26.72,5.58,126.53,3.15,26.14,0
30.81,35.4,118.62,34.13,5.4,198.1,4.37,26.02,0
13.56,81.83,97.15,40.23,2.69,43.25,3.22,26.95,1
11.11,13.6,93.08,38.01,17.48,49.87,3.61,20.72,1
4.1,8.22,53.77,31.35,3.17,90.29,3.65,34.22,0
54.35,55.97,130.24,42.11,12.38,68.31,4.62,34.45,1
2.19,9.28,67.84,39.2,6.93,83.75,3.95,38.98,0
0.0,16.95,101.94,46.84,2.11,142.72,3.27,16.7,0
1.18,19.76,86.38,29.53,4.95,78.78,3.73,20.2,0
17.88,38.43,78.06,52.28,8.14,30.9,5.34,31.95,0
6.15,27.82,74.43,36.77,20.6,367.63,2.45,21.98,0
4.9,38.61,65.99,45.99,11.19,54.59,4.42,30.86,0
2.27,51.49,92.96,40.77,29.26,69.67,3.75,23.63,0
4.5,30.01,76.31,44.64,18.63,37.45,4.36,26.12,0
1.9,18.27,56.95,20.55,19.0,11.4,3.76,29.47,0
12.33,18.75,31.02,19.57,6.36,13.85,1.85,32.61,0
3.45,21.34,47.96,27.2,2.57,57.04,3.63,28.02,0
1.26,26.03,29.25,18.12,1.25,17.35,0.2,27.27,0
16.4,28.6,32.15,32.59,13.69,15.22,2.82,28.34,0
0.0,29.03,45.03,31.99,4.76,69.23,1.79,21.62,0
6.27,27.62,36.05,21.7,2.94,68.11,2.64,31.78,0
0.0,7.69,75.87,41.96,5.04,46.52,4.11,30.3,0
0.0,9.01,44.18,39.13,19.3,122.42,1.63,30.1,0
2.77,40.57,143.91,29.17,18.72,38.56,7.23,21.21,1
1.81,3.39,31.71,39.3,4.91,72.58,0.2,32.23,0
1.8,3.88,40.98,37.23,6.94,105.54,1.09,25.82,0
13.69,19.02,77.93,23.18,9.27,30.33,4.36,22.27,0
14.56,86.13,151.19,42.87,2.41,41.44,6.53,30.63,1
8.06,30.04,65.54,29.45,13.57,48.15,2.79,28.48,0
0.0,8.9,16.32,18.88,6.67,54.24,2.79,29.79,0
4.44,26.7,78.51,51.27,13.27,31.08,4.23,22.29,0
34.74,42.93,50.07,28.35,5.42,451.77,1.05,27.69,1
50.01,66.29,100.98,20.38,9.41,228.47,5.45,31.4,1
16.56,26.49,34.78,27.75,17.42,75.07,2.19,31.04,0
0.0,21.63,41.47,26.12,4.01,26.88,2.73,19.75,0
4.51,17.74,38.76,24.71,10.82,338.27,1.27,33.96,0
7.39,16.46,18.67,30.85,7.36,123.52,3.43,28.6,0
5.98,22.21,125.93,32.38,7.06,133.96,4.99,24.02,0
18.35,29.4,50.17,49.01,3.33,53.95,4.33,25.82,1
13.05,24.08,29.77,28.61,6.32,93.12,2.89,16.48,0
0.0,3.33,15.99,27.85,19.85,129.64,1.48,24.82,0
1.37,22.56,58.45,30.35,13.06,18.01,3.34,29.78,0
16.49,104.93,115.63,57.5,11.84,66.49,3.69,27.24,1
24.21,41.09,67.59,29.59,9.65,66.31,1.7,27.72,1
7.51,19.19,19.97,30.09,4.54,99.25,1.38,30.17,0
27.05,39.07,150.2,52.21,5.2,107.6,6.71,27.99,1
6.42,43.15,96.02,38.34,3.92,50.49,4.6,25.67,1
0.23,17.53,27.16,34.44,4.75,25.23,0.88,38.81,0
11.79,25.75,98.43,48.58,2.19,9.21,4.12,24.51,0
0.0,13.2,36.95,37.49,13.52,72.04,2.55,28.41,0
26.12,41.94,82.24,37.22,8.41,62.58,2.26,40.35,1
11.06,16.81,50.35,30.72,4.84,30.39,1.16,31.84,0
1.1,7.09,46.71,33.67,9.66,40.39,4.54,39.12,0
0.0,2.82,25.9,25.49,7.88,251.84,2.42,25.42,0
0.0,21.66,43.51,22.5,7.16,24.99,2.51,23.26,0
1.79,2.39,33.52,31.78,27.6,13.8,1.39,23.24,0
9.07,27.17,44.81,45.42,2.5,71.91,1.32,29.56,0
15.28,24.21,77.77,42.01,7.21,33.97,1.61,42.2,0
19.08,24.7,50.33,21.09,9.36,120.76,4.73,24.98,0
8.1,24.5,102.77,42.23,18.35,59.93,3.01,29.32,0
6.56,16.84,60.75,42.98,5.96,11.01,2.2,20.18,0
2.96,19.03,42.02,30.19,3.35,50.03,0.2,32.48,0
9.34,15.46,68.09,37.49,8.7,40.45,3.96,18.61,0
1.17,20.86,28.12,61.49,12.7,115.51,3.92,26.44,0
0.0,13.59,27.95,46.3,8.33,67.24,3.24,40.96,0
6.01,34.02,85.37,38.77,6.67,79.9,6.01,24.57,1
14.08,17.57,38.9,37.88,11.58,298.53,4.82,18.26,0
0.0,10.24,41.27,29.73,19.27,159.81,0.2,28.89,0
1.79,10.88,32.51,27.7,8.46,29.56,2.4,30.99,0
5.69,29.37,65.86,44.44,8.34,29.51,3.03,25.24,1
5.51,38.83,70.45,44.97,12.3,30.52,2.18,28.62,0
10.72,27.91,38.64,37.45,24.28,37.98,2.28,25.72,0
33.88,47.05,123.94,43.18,6.78,20.7,5.05,24.54,1
0.0,28.04,84.81,55.47,14.67,52.97,5.63,22.56,1
35.22,46.32,49.31,23.36,2.25,32.94,1.61,26.34,1
32.56,81.45,85.93,40.0,10.2,58.08,3.39,26.4,1
15.54,23.02,26.24,19.2,3.68,88.14,0.2,23.32,0
7.33,8.62,21.82,29.88,2.47,66.67,0.89,22.54,0
1.26,4.65,54.86,31.52,6.09,23.89,3.88,17.45,0
15.35,25.93,51.71,45.95,15.37,49.74,2.79,20.81,0
7.84,74.26,92.97,40.24,2.77,65.47,4.58,34.18,1
3.1,9.08,13.27,40.09,6.27,44.2,1.32,37.84,0
14.93,63.39,96.93,39.26,7.57,43.31,3.79,21.87,0
17.72,34.76,70.98,32.39,7.24,26.84,0.8,22.5,1
0.0,5.96,29.05,33.89,1.67,86.77,3.65,36.32,0
2.55,14.03,72.48,18.09,8.52,75.66,3.18,29.85,0
28.44,58.78,117.47,41.15,2.06,38.52,3.91,24.2,1
5.55,18.29,32.75,32.63,6.22,133.9,2.0,32.26,0
4.33,10.45,31.14,50.87,8.21,11.61,3.14,17.09,0
27.56,38.29,98.58,46.98,4.16,16.62,5.8,28.05,1
12.98,48.65,70.7,20.51,7.71,321.35,2.68,17.3,0
0.0,80.87,96.39,34.77,8.29,108.52,2.65,42.82,0
3.21,32.34,65.34,25.77,7.91,44.65,2.51,34.89,0
10.57,61.54,118.4,48.51,5.05,68.85,4.08,27.77,1
6.95,35.5,69.22,44.91,8.08,32.75,3.04,25.98,1
0.0,28.36,42.73,18.83,3.82,180.3,3.56,28.08,0
8.11,31.74,49.53,43.78,2.82,126.85,2.14,28.6,0
5.58,26.07,65.92,27.88,2.83,30.69,2.37,26.92,0
23.81,31.54,53.9,26.15,22.94,62.27,2.05,23.7,1
37.34,53.03,106.51,31.58,4.21,64.48,5.27,25.05,1
17.28,46.35,67.77,31.1,1.9,80.01,1.43,31.64,0
5.1,25.68,49.01,33.45,6.86,25.68,2.23,26.47,0
6.36,9.18,35.54,41.84,8.1,52.4,2.71,29.96,0
0.64,36.06,61.07,23.61,4.06,31.11,4.35,30.65,0
1.42,26.1,33.86,19.68,6.89,151.23,1.3,23.93,0
4.64,38.58,80.29,46.33,1.75,106.15,6.01,28.68,1
3.87,9.72,79.7,35.2,1.59,20.96,3.45,34.7,0
0.0,2.88,38.8,25.47,3.33,25.12,0.51,29.9,0
24.05,36.8,76.2,39.64,17.09,28.74,3.76,25.6,1
27.27,48.65,66.77,31.1,4.39,60.37,3.16,25.63,1
23.33,68.73,103.41,33.5,9.22,117.18,3.2,22.42,1
28.12,47.32,114.18,40.9,8.87,101.56,5.19,32.09,1
46.97,106.96,133.64,48.84,4.93,151.86,5.64,27.0,1
0.71,10.93,58.23,24.6,10.21,106.07,2.86,29.44,0
45.28,68.85,112.74,52.4,18.64,50.93,4.08,28.37,1
2.95,5.02,58.14,33.14,6.31,108.35,1.46,37.17,0
12.48,43.19,79.9,36.38,6.72,13.64,4.92,25.02,1
2.19,45.6,81.92,33.07,9.72,34.35,4.36,27.57,1
17.79,38.12,90.28,35.96,11.42,11.63,1.84,28.94,1
13.16,17.73,65.76,28.87,11.1,30.31,2.48,32.42,0
2.84,18.42,40.89,41.9,19.0,19.29,1.04,25.24,0
6.36,16.3,48.36,34.29,4.85,67.08,3.42,21.9,0
1.64,12.7,16.33,23.36,8.91,20.05,2.23,20.61,0
17.74,33.2,55.53,26.35,3.88,62.79,0.63,30.55,1
25.57,29.92,55.2,29.71,6.27,57.68,3.43,29.11,0
0.73,19.63,41.96,36.17,8.38,79.94,1.53,31.08,0
5.46,16.1,40.44,28.31,4.44,61.33,2.46,29.16,0
7.8,29.94,61.15,32.81,9.72,58.15,2.49,31.71,0
11.05,33.22,76.0,38.27,12.38,19.48,6.03,30.99,0
8.65,14.47,49.38,27.89,3.14,733.77,2.13,29.81,0
10.06,22.18,50.08,32.11,10.24,46.92,3.12,27.26,0
4.6,16.29,33.56,48.89,3.56,142.85,3.55,28.74,0
4.78,19.74,35.26,32.32,5.65,92.09,2.29,32.2,0
4.42,43.98,68.49,37.96,11.99,51.14,4.63,31.7,0
2.03,10.55,16.01,20.95,8.22,34.69,0.84,31.54,0
2.71,14.74,29.48,37.53,6.95,56.2,3.01,28.42,0
10.48,32.85,112.95,37.27,1.93,76.76,6.15,26.04,0
24.07,40.47,50.84,36.1,20.77,15.78,2.14,33.53,1
0.07,30.16,37.67,12.39,5.78,93.07,1.49,22.87,0
4.75,26.55,66.86,28.54,5.08,34.41,2.97,31.33,0
0.0,11.94,58.86,29.41,3.67,177.78,1.31,27.22,0
2.13,19.73,40.55,28.73,16.12,157.82,3.61,27.83,0
3.07,39.06,60.6,30.98,11.68,39.41,3.2,23.38,0
7.09,11.95,12.64,37.94,12.5,22.07,2.16,31.4,0
6.83,12.24,38.29,30.53,2.5,18.02,3.36,33.18,0
5.38,11.6,60.54,45.69,9.17,70.63,4.18,14.45,0
9.49,21.85,58.12,25.87,6.05,58.7,3.66,27.94,0
0.4,14.06,37.78,20.1,8.14,240.56,2.22,20.86,0
7.17,47.2,60.62,48.17,8.68,31.84,3.24,21.6,1
13.57,23.46,95.37,32.12,6.08,29.59,4.03,26.24,0
0.35,3.58,13.69,29.74,20.08,27.74,2.18,24.5,0
0.0,35.92,44.0,29.71,15.93,85.32,1.61,32.8,0
17.59,27.09,63.38,24.93,6.62,27.81,2.33,38.15,0
0.0,26.66,31.23,17.68,12.92,83.79,1.11,33.2,0
1.87,33.57,61.64,27.45,3.21,50.56,2.25,39.38,0
13.15,31.8,45.38,28.33,1.75,26.19,1.98,28.54,0
0.17,15.11,39.38,35.01,10.16,119.98,1.64,27.8,0
16.39,23.93,60.29,35.28,2.93,141.43,4.83,21.63,0
1.16,8.47,19.39,25.04,1.44,54.71,0.4,25.69,0
0.64,33.27,62.46,44.3,8.0,116.88,5.04,18.49,0
1.2,22.26,41.77,43.59,12.03,147.5,4.04,32.27,0
11.28,44.07,57.84,35.67,4.22,152.29,3.72,20.96,0
1.87,11.99,44.31,27.78,7.58,47.1,3.82,25.32,1
17.67,55.29,86.55,38.7,6.91,156.95,2.21,23.55,1
5.72,53.72,89.02,41.55,10.23,62.99,5.72,29.53,0
6.47,10.89,12.99,13.97,14.27,35.77,1.97,22.52,0
0.52,5.25,25.18,28.42,4.86,116.33,1.36,22.52,0
20.33,48.31,73.27,37.04,3.94,41.07,3.92,29.79,1
13.69,31.51,63.99,26.24,11.72,72.38,1.22,21.65,1
13.28,26.29,45.45,27.26,10.01,101.94,2.53,31.18,0
4.17,35.43,52.68,26.67,6.36,57.7,3.23,32.65,0
0.0,8.85,27.04,40.21,9.87,29.63,2.99,16.76,0
6.96,16.36,31.36,18.97,6.22,74.26,2.42,39.66,0
10.75,15.85,24.08,32.26,3.44,24.49,3.75,24.37,0
10.87,45.22,78.97,52.27,33.83,24.12,3.28,29.19,0
9.25,13.28,58.99,33.59,3.51,122.6,3.95,22.01,0
8.79,40.21,47.34,45.07,11.48,30.78,3.26,30.93,0
1.14,25.7,50.63,34.01,4.57,232.13,3.27,35.22,0
1.36,33.53,94.08,44.43,5.48,51.45,2.62,26.04,0
0.0,5.54,116.36,31.19,4.95,92.32,8.27,30.04,0
17.87,32.39,40.72,43.06,3.77,19.06,1.65,32.91,1
35.89,43.45,53.77,30.9,3.06,15.6,4.08,26.14,1
67.86,112.73,158.94,49.78,10.87,304.1,6.03,34.52,1
7.63,24.45,127.2,42.17,5.92,185.46,4.29,22.09,0
8.81,18.58,33.21,23.48,12.8,216.0,1.82,27.81,0
4.46,11.61,21.93,35.83,7.55,44.91,0.42,28.58,0
7.47,25.93,52.5,30.04,7.97,78.35,0.52,24.97,0
0.16,10.01,22.02,21.36,12.98,66.53,1.83,33.98,0
4.31,15.23,60.26,27.99,6.24,66.37,3.5,28.17,1
0.67,14.55,44.21,23.51,3.52,166.77,0.2,36.04,0
3.41,67.86,115.98,57.04,13.59,142.97,6.23,19.13,1
1.01,17.18,74.95,38.14,3.6,76.27,2.99,24.8,0
10.75,20.23,29.06,22.47,4.55,30.04,1.37,21.6,0
12.34,28.48,65.65,28.12,6.55,162.4,3.17,19.81,0
8.48,16.48,46.79,41.79,16.9,21.18,3.7,36.32,0
1.37,45.89,57.42,36.6,3.7,39.26,1.98,34.49,1
0.0,27.29,30.01,16.37,6.04,39.35,3.58,32.34,0
12.49,16.79,49.42,5.98,3.38,29.05,4.03,27.15,0
5.67,32.77,132.22,47.43,1.84,104.55,5.47,17.74,1
0.0,18.84,32.31,42.49,45.0,42.28,3.41,26.55,0
6.89,30.35,66.3,28.59,10.88,44.57,3.16,16.64,0
8.89,43.92,76.6,42.75,6.6,27.9,3.91,29.15,0
0.0,6.06,25.67,45.12,13.13,68.27,2.88,35.33,0
10.97,25.38,61.39,23.05,14.79,71.3,3.3,35.33,0
0.0,22.51,34.94,21.88,6.78,49.55,2.26,31.54,0
0.9,33.19,83.63,35.22,9.79,60.2,3.08,15.87,0
0.0,25.68,147.14,51.97,19.97,82.36,5.78,33.59,0
0.49,14.51,32.08,33.21,7.8,72.3,5.14,29.15,0
0.0,34.12,88.07,37.99,5.94,89.37,4.27,25.62,1
17.76,30.75,55.17,57.02,7.02,20.14,4.19,26.36,1
3.8,14.88,45.92,39.74,15.33,35.9,3.6,30.5,0
2.45,4.09,26.67,26.22,3.13,61.32,1.81,30.25,0
19.46,24.51,44.67,30.45,3.73,29.64,2.54,24.64,0
18.49,31.62,57.13,30.79,6.06,35.42,2.43,25.03,1
2.9,8.3,21.62,39.72,16.8,13.68,2.85,28.64,0
8.28,10.92,30.12,16.17,4.38,243.16,3.81,28.48,0
1.73,8.13,89.11,37.12,16.04,67.27,2.07,25.43,0
4.86,52.7,89.01,22.25,3.38,44.63,3.63,29.56,0
0.0,4.12,17.09,30.5,12.65,144.79,1.44,32.36,0
9.83,40.87,59.75,39.16,2.92,137.93,3.53,31.49,0
20.21,42.36,59.34,21.65,4.24,58.4,1.39,29.86,0
16.88,31.44,46.72,18.09,4.69,89.93,2.8,29.92,1
6.07,35.18,57.89,34.47,9.71,41.47,3.03,26.81,0
0.0,16.69,28.54,32.73,17.57,121.66,4.68,28.56,0
1.51,10.31,55.31,20.8,2.84,51.83,4.28,22.04,0
4.85,77.74,235.37,60.22,15.61,38.1,7.39,19.38,1
0.0,16.7,21.77,34.44,12.02,59.08,2.54,33.53,0
0.0,37.0,150.6,53.43,4.21,23.89,5.38,24.06,1
25.74,64.78,89.69,35.61,6.29,73.11,2.18,20.84,0
14.94,40.2,60.31,28.41,5.06,46.32,2.08,34.39,0
10.74,25.9,38.02,8.78,8.75,57.81,2.95,22.56,0
13.18,20.11,49.95,26.09,11.58,59.27,1.72,20.18,0
0.0,4.16,24.44,31.85,3.91,71.45,1.63,32.48,0
0.37,38.48,69.95,35.8,1.92,50.21,4.44,25.31,0
7.66,28.77,92.26,46.51,3.11,54.58,2.53,29.72,0
8.45,29.76,59.77,51.47,6.53,61.4,5.14,24.27,1
0.0,25.15,28.55,29.57,2.14,83.63,2.24,25.95,0
6.97,18.27,22.28,10.09,5.99,79.67,2.42,30.22,0
4.99,37.94,80.94,33.42,1.48,85.05,3.67,24.12,0
16.34,34.0,44.13,42.44,5.95,19.79,2.83,24.09,1
8.5,20.94,25.02,39.95,19.7,26.56,3.92,24.26,1
28.47,50.04,164.53,36.42,7.84,157.05,5.28,17.21,1
2.93,36.74,86.64,31.07,8.35,53.7,4.64,31.8,0
0.0,12.0,41.3,29.7,10.08,109.5,3.68,28.4,0
27.8,100.25,148.44,56.96,6.42,52.03,5.71,31.25,1
9.05,13.03,20.48,20.21,14.39,32.34,2.33,34.62,0
5.04,28.92,41.84,36.95,12.3,12.14,4.43,21.03,0
0.5,8.36,65.09,10.72,13.11,14.26,3.59,30.72,0
3.0,20.99,54.04,32.23,3.41,305.29,3.88,28.2,0
2.69,30.75,42.82,21.08,3.92,194.53,3.43,33.74,0
0.0,152.48,180.34,51.24,17.16,131.38,5.95,26.43,1
0.0,2.32,38.67,17.31,23.37,169.71,3.05,25.09,0
2.55,8.32,78.24,37.72,6.62,58.01,4.16,25.47,0
13.54,38.24,43.51,36.93,14.35,29.67,3.07,26.62,1
21.88,56.28,62.01,36.84,3.2,81.32,1.53,42.35,1
16.99,27.78,48.52,42.81,9.26,62.28,2.81,26.52,1
17.99,23.34,65.19,36.52,2.82,35.03,4.15,25.53,0
0.0,25.38,40.09,32.85,16.65,47.88,1.85,33.64,0
7.84,16.95,38.53,25.82,10.3,29.85,4.49,31.18,0
10.84,53.57,56.27,37.71,7.87,106.01,4.22,28.84,0
11.64,34.77,38.97,26.48,7.68,201.02,1.46,27.0,0
4.87,29.72,78.79,34.7,15.54,38.71,3.19,18.36,1
6.65,45.52,48.82,42.46,5.57,92.73,1.98,25.83,0
16.49,77.65,106.58,57.41,7.3,39.99,4.51,25.31,0
10.4,16.93,24.61,25.91,5.63,202.13,3.27,25.62,0
12.69,25.54,38.8,34.77,5.2,142.93,4.5,26.97,0
2.3,45.0,47.48,25.74,4.61,47.3,2.01,26.29,0
11.98,29.21,61.14,28.92,3.99,58.6,4.12,25.55,0
6.53,16.7,28.04,7.29,17.27,49.99,2.09,24.92,0
14.84,30.5,44.92,37.25,10.53,212.83,3.33,35.3,0
1.14,58.74,82.03,34.02,4.02,43.05,4.15,21.79,0
13.61,29.94,67.89,50.87,7.28,124.5,2.66,39.79,1
3.09,30.27,66.41,28.99,10.19,160.26,3.77,20.78,0
13.68,26.23,65.37,35.34,22.88,47.28,4.26,20.8,0
7.91,11.12,57.38,40.81,11.69,132.27,2.03,22.22,0
5.88,39.49,72.46,59.1,9.19,28.17,3.15,25.01,0
3.42,15.96,36.07,23.0,2.75,112.81,2.08,31.06,0
5.07,41.63,52.35,29.1,12.76,89.03,3.62,29.3,0
2.57,28.81,46.07,33.82,12.71,41.31,4.0,24.43,0
3.29,24.77,31.16,27.12,4.41,75.48,2.11,30.11,0
10.08,55.14,65.53,41.73,8.69,26.7,5.22,43.0,1
0.0,12.58,76.31,38.69,4.9,125.14,2.94,22.73,0
13.48,46.51,54.45,45.01,16.47,26.5,1.19,22.34,1
13.72,30.18,76.84,35.02,14.72,131.79,1.74,32.0,0
3.62,15.32,33.5,38.05,12.64,202.47,1.54,37.02,0
6.89,31.18,65.15,35.17,0.67,26.91,2.58,23.77,1
0.13,10.57,12.56,32.13,8.88,141.01,3.49,27.75,0
9.33,22.4,42.69,33.89,5.35,42.68,2.76,21.03,0
0.55,19.62,52.82,32.85,6.4,73.17,2.79,22.76,0
21.1,64.4,129.32,39.07,6.52,105.07,5.79,29.98,1
0.0,5.58,27.07,36.97,9.12,15.39,0.28,17.75,0
4.9,16.12,54.42,24.3,16.94,13.31,3.16,27.48,0
7.25,36.09,60.23,40.4,10.46,28.25,4.5,24.01,1
10.05,19.87,33.04,35.82,31.96,190.11,3.62,24.35,0
5.6,16.58,39.64,51.19,10.29,40.48,2.27,12.0,0
8.1,23.99,34.35,38.13,2.89,119.31,3.0,32.73,0
3.46,31.25,52.67,16.6,3.41,58.27,1.42,40.87,0
0.0,21.06,51.93,24.7,1.48,45.55,0.75,26.28,0
5.28,52.44,90.07,39.21,14.75,157.88,4.94,18.01,1
11.7,30.61,55.63,30.21,6.0,55.34,2.87,34.45,0
0.0,21.35,47.54,35.81,6.82,66.19,1.41,26.65,0
7.34,23.77,57.81,22.97,5.3,19.5,3.39,22.83,0
33.66,57.07,87.73,22.93,45.0,112.56,5.92,29.99,1
4.77,16.6,63.23,26.57,1.69,39.74,0.2,25.78,0
5.16,29.56,53.43,52.86,2.88,56.78,5.24,27.21,1
0.0,9.58,31.47,39.81,13.19,100.42,1.01,31.5,0
0.0,40.68,45.86,27.28,3.3,42.44,3.83,31.24,0
0.59,17.92,66.27,37.2,6.29,47.24,1.63,21.87,0
11.19,64.74,92.59,30.89,13.96,39.96,4.11,20.24,1
0.18,40.33,64.0,42.87,9.09,49.78,3.35,34.67,0
9.1,30.94,99.18,31.39,30.38,68.42,4.25,33.04,0
0.94,30.72,91.86,36.17,8.95,31.62,5.15,20.25,0
0.0,24.81,56.79,27.22,12.63,184.51,5.06,32.82,0
12.76,18.47,26.75,27.11,9.91,123.44,1.48,30.15,0
2.75,23.86,56.96,36.7,23.99,55.36,4.9,25.48,0
10.14,30.35,41.9,31.52,2.69,29.11,2.29,21.67,0
0.0,16.31,52.07,42.25,1.64,45.92,5.24,28.08,0
6.45,32.84,93.5,30.98,4.1,87.29,3.24,29.87,0
0.0,21.52,42.32,9.35,8.86,265.99,1.25,28.81,0
6.33,29.05,35.0,32.14,10.42,94.89,4.25,27.97,0
6.52,58.11,119.28,58.68,1.97,21.78,3.12,36.39,1
5.42,24.43,32.01,20.96,7.23,48.73,2.06,27.32,0
17.85,51.3,76.4,42.42,12.8,34.05,4.37,20.78,1
8.9,26.11,45.97,28.25,2.54,45.64,3.77,23.28,0
33.63,85.93,119.32,36.98,32.61,44.5,4.21,31.06,1
2.91,31.79,122.7,37.52,2.11,34.42,4.82,22.22,0
0.0,21.88,46.07,36.87,7.86,110.14,4.4,34.07,0
1.22,11.82,63.42,47.29,2.52,11.0,4.79,24.6,0
3.27,56.4,71.27,47.12,22.84,96.07,2.51,28.57,0
36.13,74.33,108.97,50.18,7.18,126.97,3.94,32.65,1
5.88,15.75,19.25,29.33,19.72,25.79,1.16,27.21,0
18.51,22.61,63.47,29.36,10.18,70.72,2.76,17.97,0
2.43,16.99,42.94,40.26,12.57,59.24,2.84,23.54,0
1.78,9.62,67.95,47.9,12.9,22.75,2.46,26.5,0
0.0,15.92,32.2,26.32,15.1,162.17,3.66,25.07,0
35.13,67.08,71.42,32.44,4.32,245.08,3.29,23.54,1
24.8,62.82,79.3,41.49,15.76,107.94,5.06,29.2,1
7.44,11.08,12.76,17.92,5.75,25.84,1.68,23.9,0
3.65,8.98,26.8,31.32,4.82,121.56,0.58,31.7,0
6.21,13.81,59.31,16.6,8.25,54.94,1.44,27.03,0
0.0,20.85,52.72,42.71,3.96,35.42,2.34,29.48,0
10.12,50.0,67.15,36.85,10.08,161.63,3.34,28.69,0
22.93,40.21,62.41,36.16,11.52,50.77,3.67,23.69,1
24.02,27.54,63.92,39.98,16.23,32.37,3.23,27.24,0
0.0,22.86,39.71,27.04,7.26,62.01,2.97,37.26,0
18.35,30.81,67.48,44.45,8.08,42.48,3.44,24.96,1
0.0,12.64,22.59,39.28,13.78,21.72,1.2,24.71,0
19.03,39.73,74.61,43.67,8.08,78.52,2.82,33.08,0
1.99,29.2,53.59,40.42,2.45,102.41,2.76,31.8,0
16.47,53.28,63.64,63.89,5.61,40.38,3.84,27.06,1
15.0,55.68,71.46,50.89,8.67,83.24,2.64,20.79,0
13.07,46.45,61.28,29.23,13.75,108.19,3.43,31.6,1
6.1,36.8,88.3,40.76,13.93,23.79,1.83,20.49,1
0.0,5.02,53.05,18.26,5.31,113.99,1.86,17.17,0
3.29,32.22,45.94,38.86,12.79,32.31,1.65,35.86,0
24.4,40.58,59.12,29.53,6.03,108.75,5.07,30.92,1
16.91,57.16,103.04,57.45,4.53,58.71,5.18,24.22,1
3.62,15.38,36.64,37.07,3.99,115.28,2.76,22.58,0
3.54,18.69,47.42,28.31,9.98,14.95,3.53,34.63,0
11.83,22.28,43.07,32.68,11.39,94.77,3.06,33.34,0
6.74,18.92,34.73,40.38,15.09,114.84,0.2,32.91,0
3.97,50.29,110.07,49.82,12.4,75.65,4.56,37.61,0
10.74,21.63,24.26,22.61,2.74,437.84,2.55,23.81,0
10.34,29.68,139.74,60.03,17.67,42.26,6.96,24.71,1
1.35,13.1,32.86,10.27,10.77,86.61,0.65,34.19,0
8.65,27.97,53.74,21.12,25.17,150.09,2.41,38.69,0
9.61,32.49,55.33,33.33,16.12,194.22,3.5,36.15,0
5.45,34.1,48.88,29.16,4.09,46.82,2.43,28.01,1
0.88,18.78,44.05,34.59,12.3,91.96,2.6,21.06,0
3.09,52.46,104.83,31.5,3.52,73.82,4.54,33.61,1
0.12,4.15,26.95,22.72,8.35,20.13,3.06,20.27,0
8.94,19.46,43.48,22.22,1.99,40.77,1.89,28.18,0
26.76,36.87,63.6,24.76,5.65,38.14,3.83,28.75,0
21.93,30.03,94.18,39.22,10.97,46.41,2.63,28.59,1
9.89,36.9,56.39,24.5,3.53,192.01,0.3,26.36,0
15.92,26.11,97.89,36.35,3.42,23.81,2.7,21.06,0
14.84,36.08,57.78,30.26,13.0,58.4,2.99,28.13,0
6.89,57.14,92.34,39.61,5.58,43.46,6.21,32.89,0
4.17,5.18,66.65,20.33,4.82,125.24,3.18,25.16,0
3.39,29.4,72.35,40.22,2.63,46.61,5.68,29.46,0
0.74,36.19,40.63,25.68,12.15,56.37,1.54,29.87,0
0.81,12.17,64.53,38.01,3.72,58.03,1.94,35.53,0
17.37,40.71,68.7,34.52,6.08,30.55,2.97,22.31,0
15.76,35.67,69.72,38.98,17.49,19.81,3.56,40.58,1
3.76,32.0,101.17,43.0,8.97,97.22,5.28,24.56,0
11.16,23.56,40.07,47.12,13.77,37.88,3.23,39.48,0
12.87,25.64,91.79,26.33,18.44,73.32,4.23,27.31,0
0.0,23.8,42.31,47.25,3.7,76.38,5.32,27.89,0
23.28,41.22,50.29,44.03,3.87,196.75,0.85,31.53,0
12.86,51.53,77.41,34.25,3.92,118.35,4.19,31.74,0
10.11,29.25,39.37,38.22,12.6,58.29,1.91,17.95,0
12.97,37.45,49.24,52.59,13.55,87.45,4.45,36.27,0
8.72,21.73,41.53,18.99,3.29,27.29,2.77,21.89,0
4.99,17.96,80.03,39.82,0.88,61.32,3.39,34.39,0
6.97,38.22,76.98,27.16,1.23,31.47,3.9,31.22,1
0.0,33.87,43.29,35.26,19.57,144.28,3.12,26.52,0
37.92,42.76,135.03,55.43,10.74,39.28,5.68,22.47,1
4.86,20.19,88.68,30.29,21.38,90.21,1.75,36.45,0
37.37,62.04,67.13,30.75,1.29,47.37,4.2,31.47,1
7.13,8.39,9.8,26.25,3.07,65.12,0.2,27.03,0
1.74,16.89,58.77,42.83,11.19,174.75,3.8,24.17,0
22.66,89.48,164.35,61.09,19.05,38.38,6.82,31.58,1
9.63,17.95,52.13,38.09,6.52,82.12,2.53,23.54,0
49.98,57.99,88.74,42.11,5.12,55.27,5.14,27.12,1
1.61,18.67,31.04,30.43,9.93,69.11,2.96,23.67,0
23.56,41.69,84.27,47.11,5.89,56.3,3.92,32.36,1
24.73,38.53,61.83,40.03,6.34,75.4,4.63,32.96,1
14.05,48.47,59.92,41.7,0.73,272.87,1.52,36.29,1
24.92,27.58,39.49,33.59,7.7,23.24,2.5,32.4,0
5.04,12.76,68.01,24.75,7.18,38.44,1.61,26.72,0
0.72,15.95,22.4,18.53,14.24,50.99,1.28,23.03,0
2.19,42.06,53.07,38.22,18.33,129.68,2.58,22.33,0
6.48,17.13,121.51,40.47,8.16,60.22,5.77,14.76,1
14.82,21.79,29.1,34.22,2.31,33.96,2.38,25.83,0
0.99,2.76,80.09,34.1,14.73,296.35,3.51,22.25,0
3.39,9.6,16.38,20.87,3.18,18.34,1.98,17.41,0
1.34,3.37,23.49,35.39,19.41,33.56,2.32,32.74,0
17.66,27.65,34.16,18.81,3.14,284.88,0.69,36.53,1
37.11,63.73,73.37,42.15,4.06,19.52,1.47,21.79,1
0.1,23.27,42.09,28.58,13.49,36.8,2.55,20.58,0
11.77,39.41,53.86,26.98,4.96,203.83,1.48,25.12,0
19.91,25.08,62.08,31.47,7.2,27.23,3.84,30.98,1
4.36,7.81,24.58,30.34,11.11,15.85,3.72,28.7,0
0.0,22.21,29.49,45.7,15.01,54.24,3.02,31.51,0
22.46,54.82,84.21,42.99,6.87,42.64,3.71,28.93,1
0.0,17.05,21.82,38.52,9.3,90.9,3.47,23.61,0
28.91,52.47,71.94,43.1,7.48,55.68,1.7,21.66,1
1.24,17.35,64.79,37.29,14.39,21.18,3.48,15.98,0
0.0,11.31,21.93,24.95,2.58,58.89,0.51,24.2,0
2.59,15.66,40.9,27.96,10.36,50.63,3.81,30.69,1
5.78,37.73,71.36,34.81,6.77,58.83,3.2,19.23,0
7.64,23.52,36.55,40.41,5.71,194.9,1.69,31.98,0
12.89,44.59,82.83,59.28,5.28,49.64,3.12,31.09,1
8.56,27.76,63.15,32.24,5.38,62.77,2.73,33.98,1
34.53,44.36,48.6,34.84,5.64,64.57,3.8,34.98,1
5.39,30.08,41.58,32.51,1.94,78.92,3.65,36.01,0
9.13,25.49,32.14,26.6,13.48,183.93,3.15,30.56,0
8.22,45.58,88.39,21.48,4.42,48.05,3.48,31.15,1
0.0,7.95,22.77,41.5,4.94,57.12,1.94,22.64,0
0.0,2.09,54.64,38.75,3.87,43.61,2.86,32.57,0
6.52,33.23,57.94,39.71,17.07,70.75,4.6,25.95,0
10.52,53.77,66.09,31.09,4.6,38.79,4.42,21.89,0
0.0,32.31,41.52,37.69,6.19,12.86,4.62,30.71,0
35.92,81.78,109.44,32.35,3.07,18.82,4.55,21.07,1
11.52,64.53,95.01,43.11,10.18,48.5,4.4,17.91,1
6.02,20.53,34.85,21.53,10.01,85.48,1.48,34.26,0
10.93,17.42,71.68,27.79,9.36,120.09,4.29,31.42,0
2.27,2.79,103.36,41.16,5.91,15.85,3.99,23.95,0
7.75,10.11,19.13,25.32,10.04,280.74,0.2,25.07,0
9.4,35.21,57.01,48.76,7.49,125.92,2.28,23.97,0
22.71,25.31,35.93,15.5,3.11,45.81,1.67,28.96,0
4.68,25.53,67.25,40.61,12.94,65.18,3.41,21.85,0
0.0,27.18,56.89,43.79,19.9,12.92,5.6,33.48,0
0.62,18.25,28.08,23.49,8.95,78.06,1.27,22.91,0
4.08,16.91,36.57,28.37,24.0,45.02,2.56,32.7,0
0.0,7.54,40.32,37.99,7.17,35.29,3.07,25.03,0
0.22,48.35,82.91,30.04,7.69,44.59,5.9,30.25,0
0.65,8.16,41.88,31.93,3.88,25.58,2.13,28.43,0
3.62,16.52,30.15,28.71,5.48,27.22,0.5,34.34,0
11.35,22.94,24.9,32.43,10.89,68.14,4.06,20.06,0
3.31,31.83,69.34,37.6,5.16,42.42,3.25,30.41,0
12.23,31.41,37.29,30.12,18.24,36.94,2.4,32.53,0
6.03,10.64,26.26,28.89,12.3,50.29,1.95,37.67,0
0.34,31.17,53.14,29.58,8.99,91.41,0.9,32.43,0
9.6,17.09,61.83,42.09,7.39,50.05,4.48,31.34,0
7.88,29.03,62.13,36.81,8.4,25.18,4.02,26.09,0
12.59,57.73,100.01,42.21,7.85,27.86,3.58,27.15,1
15.53,24.89,71.83,50.37,4.99,35.46,3.57,22.98,1
23.39,33.25,52.31,40.79,4.22,13.63,2.46,29.55,1
11.79,26.31,111.22,38.14,29.18,52.86,5.47,20.37,0
7.55,22.53,29.78,49.5,12.62,14.41,3.27,36.38,0
12.66,32.45,75.5,33.64,20.78,24.97,3.46,29.11,1
2.7,27.73,51.98,56.81,1.25,56.62,3.29,21.34,1
2.29,9.36,32.82,5.0,0.31,83.14,1.05,30.99,0
26.43,42.8,68.82,31.61,4.08,21.87,1.25,19.51,1
2.13,8.07,29.75,28.85,11.31,79.34,3.36,26.57,0
0.75,28.36,53.39,32.03,4.08,11.63,4.59,24.13,0
11.78,47.97,68.71,33.46,10.91,114.39,2.87,33.44,1
2.75,14.26,23.17,33.38,8.64,34.82,3.01,25.65,0
15.37,33.8,62.97,30.42,5.27,38.08,4.09,24.07,1
21.79,65.14,84.37,39.33,11.83,26.73,4.23,34.44,1
1.32,23.51,72.73,39.53,20.22,131.0,4.44,25.58,0
13.4,19.38,79.98,66.85,16.16,54.13,3.9,33.34,1
2.01,5.2,45.87,46.79,12.86,52.51,1.9,24.48,0
4.23,12.42,66.25,41.26,17.55,12.02,3.13,34.78,0
9.08,22.63,75.51,50.48,3.08,17.32,3.84,25.46,0
2.3,32.42,57.33,14.58,16.28,8.35,1.42,32.02,0
8.1,20.62,47.62,19.38,6.39,205.21,2.04,35.06,0
4.83,10.35,21.26,26.59,7.37,49.78,1.94,29.08,0
15.73,28.86,55.02,24.25,5.03,28.63,1.68,27.96,0
15.77,29.57,97.23,45.63,15.92,28.88,4.93,28.61,1
2.32,10.85,65.41,43.58,5.05,189.72,3.61,38.97,0
9.33,21.92,63.53,33.38,12.96,482.2,1.93,43.0,0
18.26,36.89,65.63,28.61,13.49,110.71,3.3,12.0,1
0.17,2.87,39.0,43.77,4.59,66.44,1.09,23.9,0
4.79,18.62,26.53,12.54,14.08,61.63,1.99,29.72,0
8.84,84.15,164.37,48.73,1.84,70.31,6.71,32.68,1
0.03,21.63,71.34,27.44,17.0,498.87,2.27,28.24,0
2.98,33.45,48.33,32.32,5.63,59.9,2.47,35.67,0
31.44,74.54,86.85,35.8,3.56,66.88,4.29,28.48,1
2.11,51.03,65.51,33.73,1.76,57.36,4.68,23.08,0
2.7,12.77,42.49,34.36,13.23,85.62,2.44,24.42,0
11.63,14.63,47.15,50.01,13.37,42.39,2.84,27.83,0
0.0,34.28,37.69,40.84,18.79,124.6,2.07,24.85,0
4.95,18.66,24.71,26.28,8.25,38.62,0.81,36.96,0
0.79,15.1,41.39,26.89,6.15,12.56,1.84,18.64,0
8.08,32.86,58.59,38.28,1.82,24.26,1.34,20.73,0
6.72,23.34,64.11,21.52,7.85,17.16,3.73,29.54,0
9.14,29.16,82.83,19.16,2.84,49.91,2.11,32.67,0
3.14,24.48,34.5,31.87,5.42,115.99,1.79,29.08,0
3.53,38.14,63.92,34.35,17.42,43.83,2.74,23.89,0
2.41,25.49,37.21,43.73,9.04,86.82,1.63,25.31,0
4.85,10.65,56.54,32.75,3.97,35.77,3.93,34.37,0
26.75,32.43,47.12,39.81,4.09,63.75,3.46,19.68,0
16.23,25.48,49.77,37.33,6.11,69.05,2.31,43.0,0
4.84,26.94,36.32,30.64,6.25,63.0,2.2,23.78,0
2.99,9.31,34.61,20.51,1.66,59.07,2.22,22.92,0
14.72,21.03,39.92,30.86,3.94,136.41,1.31,26.2,0
7.43,28.32,101.96,30.78,20.79,19.2,5.27,22.36,0
0.0,10.01,17.0,21.42,4.65,57.45,3.23,29.89,0
4.0,50.2,66.73,24.02,6.27,52.78,5.34,24.51,0
24.21,34.71,53.05,44.45,6.66,197.36,3.66,28.57,1
11.13,39.43,55.25,32.8,3.43,33.65,1.19,28.63,0
3.05,17.73,32.12,21.1,13.48,221.65,0.2,24.5,0
0.0,5.09,28.98,18.5,5.24,77.54,2.36,27.13,0
8.03,18.23,41.95,40.62,3.96,57.51,3.1,25.72,0
6.07,21.62,30.6,36.73,14.86,149.01,2.24,29.98,0
4.61,14.98,59.72,22.95,4.57,66.09,1.14,34.66,0
14.89,57.49,97.65,45.84,11.27,52.53,4.36,35.7,1
11.28,18.43,72.33,30.96,3.59,23.43,4.48,21.56,1
0.0,11.51,33.56,37.36,11.41,26.59,1.52,16.05,0
6.12,28.98,30.15,15.84,8.1,164.04,2.41,33.1,1
0.0,56.35,99.87,41.02,5.97,174.67,2.51,35.07,0
2.5,27.92,57.72,37.27,2.63,21.07,3.6,24.1,0
0.0,21.77,51.1,46.96,16.25,150.38,3.35,34.08,0
0.0,31.18,102.19,34.87,11.33,127.37,5.61,23.62,0
9.29,46.8,79.44,28.75,14.33,75.69,4.32,26.48,0
8.22,51.46,62.1,24.03,10.03,58.98,3.91,23.27,0
5.49,30.87,57.63,26.05,34.17,20.81,2.95,29.32,0
2.04,21.54,47.97,44.26,9.67,111.73,2.76,30.81,0
0.0,7.4,99.08,31.71,18.26,57.16,5.21,22.56,0
2.53,23.18,61.93,37.19,6.49,43.24,3.14,33.13,0
8.27,57.4,79.77,39.92,1.48,14.43,3.12,30.97,0
8.03,9.13,79.47,27.16,6.64,45.67,3.65,35.02,0
23.75,63.8,166.23,56.21,0.58,68.49,6.3,23.67,1
20.68,40.1,58.98,42.53,1.01,93.2,1.95,24.74,0
5.82,39.46,46.4,27.37,6.15,128.31,2.32,32.97,0
2.47,28.68,44.92,30.3,5.81,70.06,1.29,16.6,0
0.89,18.06,28.35,25.99,0.66,47.81,3.86,16.89,0
0.0,19.39,43.84,21.28,2.69,52.23,0.2,28.63,0
0.0,27.84,56.26,37.62,15.06,24.03,1.84,27.15,0
8.28,16.13,29.92,29.25,4.71,34.93,3.66,25.48,0
12.16,29.46,74.97,38.73,8.02,30.88,3.5,26.14,1
3.63,28.67,91.83,19.96,9.97,68.03,2.93,21.19,0
48.6,78.57,156.57,53.1,6.18,153.74,7.67,27.34,1
0.0,27.79,88.15,50.57,15.67,82.29,3.01,33.51,0
0.0,13.44,51.15,27.66,2.66,19.87,2.78,35.44,0
47.9,66.24,88.06,31.01,10.67,35.36,6.5,28.35,1
0.0,5.66,28.22,35.9,1.89,29.22,2.79,23.69,0
3.54,42.1,55.96,22.66,11.45,59.43,2.1,24.68,0
1.22,22.45,27.03,7.02,6.7,174.73,1.17,19.6,0
9.06,27.33,122.64,46.0,6.54,139.12,6.0,32.19,0
3.07,21.27,93.4,34.45,13.13,43.44,5.82,28.11,0
12.2,27.14,58.33,39.91,6.08,235.68,1.58,28.51,0
15.2,45.57,64.19,35.75,7.48,49.46,4.73,19.98,1
0.0,18.59,29.37,35.51,14.31,11.52,4.39,28.89,0
0.76,8.03,46.56,33.56,6.64,40.65,2.36,32.51,0
13.36,22.86,76.53,44.71,9.83,71.84,4.79,22.72,0
18.4,23.19,74.09,65.04,15.37,23.19,4.26,28.55,0
7.18,54.97,174.4,49.06,4.25,105.72,7.27,29.31,1
9.87,25.8,29.67,27.96,10.55,17.15,4.49,28.31,1
25.16,76.52,97.34,30.44,10.61,21.75,2.56,23.75,1
3.14,23.27,24.73,26.6,22.93,52.66,2.92,23.96,0
7.08,19.98,33.39,30.28,5.32,46.72,0.95,35.81,0
20.7,35.93,73.77,33.08,1.44,208.55,2.81,32.0,1
21.94,41.57,67.0,36.45,9.6,133.46,2.75,28.11,1
4.91,12.39,32.62,31.24,32.86,19.84,0.2,32.57,0
0.88,6.35,80.93,40.03,7.9,42.15,3.29,27.38,0
4.82,40.65,47.11,28.7,9.48,27.22,4.26,33.44,0
5.56,17.91,35.11,16.06,5.58,167.54,2.45,26.37,0
0.74,52.95,79.12,43.7,4.14,260.05,3.91,28.01,0
1.33,27.03,34.19,27.45,13.08,58.32,3.17,36.08,0
21.97,33.51,66.1,42.39,12.13,86.22,1.89,21.33,1
10.41,76.47,91.93,36.18,7.75,176.06,5.1,43.0,0
3.57,40.65,63.91,22.48,4.84,340.98,0.89,29.59,0
0.0,3.97,20.65,25.32,24.94,66.35,2.93,32.3,0
1.38,10.18,46.87,15.33,7.12,109.63,2.8,30.18,0
0.0,14.06,31.97,21.31,11.81,92.95,2.94,28.11,0
7.43,67.75,71.33,33.52,7.81,193.84,3.14,31.88,0
1.14,3.71,16.26,16.42,7.84,34.48,0.2,30.76,0
8.2,30.56,81.75,35.89,5.99,135.69,4.47,26.66,0
13.22,89.66,106.47,33.31,9.68,75.54,4.64,36.41,1
8.35,23.2,62.57,39.98,5.35,33.16,3.09,28.5,0
2.81,24.17,69.95,18.02,19.91,135.03,3.86,23.46,0
0.55,12.73,103.11,43.71,8.51,67.82,2.43,21.12,0
0.0,8.54,24.88,27.64,13.9,191.13,2.97,25.49,0
20.01,49.67,74.36,30.26,3.87,43.67,3.17,29.56,1
7.9,38.18,52.05,31.5,17.95,92.85,4.35,38.08,0
3.14,27.24,91.37,42.77,5.86,18.01,4.16,26.3,0
11.41,21.96,35.38,8.84,4.14,87.36,1.75,35.13,0
17.03,41.42,131.89,51.35,4.72,37.76,5.95,18.47,0
1.23,4.93,46.53,46.75,2.48,59.66,4.72,22.65,0
7.61,33.92,76.02,24.72,9.21,127.57,3.04,22.92,0
7.8,15.82,40.44,47.32,2.15,49.14,3.86,38.95,0
24.19,31.63,48.81,40.87,6.52,16.17,2.94,23.03,1
3.05,52.68,56.66,27.22,4.82,56.06,4.3,31.11,0
0.42,1.08,59.67,35.42,2.26,41.27,4.31,41.77,0
8.7,23.19,40.09,25.93,12.93,65.14,2.55,30.58,0
12.47,16.61,50.17,34.24,2.15,129.79,3.78,31.76,1
6.83,25.97,38.5,46.25,6.05,76.35,2.84,24.26,0
25.72,34.58,52.92,38.32,9.78,35.8,4.07,32.44,1
3.04,7.53,31.01,27.11,3.61,49.93,2.13,31.84,0
7.06,19.39,65.36,38.94,10.76,17.42,2.29,22.07,1
0.0,6.88,37.57,18.37,1.84,42.9,1.12,22.41,0
0.24,7.42,101.27,55.49,5.76,371.55,4.81,24.77,0
1.26,28.28,57.16,32.09,20.09,136.3,4.59,20.94,0
4.06,7.52,37.18,28.77,20.24,40.87,2.03,28.76,0
0.0,20.05,50.23,34.95,2.99,89.84,2.87,28.32,0
11.24,25.6,50.13,28.56,14.27,110.5,3.67,26.62,0
0.89,9.41,97.08,32.88,5.88,23.44,3.0,23.84,0
41.66,68.47,71.37,39.37,6.51,30.82,5.16,32.89,1
1.03,53.79,114.81,40.25,6.96,26.58,5.95,35.79,0
6.13,22.22,41.26,21.22,9.22,56.08,3.79,35.57,1
5.1,21.51,27.95,38.37,3.77,70.41,2.5,21.21,0
0.0,5.23,57.47,11.93,6.92,62.71,2.27,20.56,0
4.09,7.78,33.16,19.44,8.4,38.47,1.13,33.15,0
4.0,18.85,35.44,37.83,7.62,21.62,2.24,26.52,0
15.22,17.58,48.94,30.19,15.92,64.56,1.56,23.14,1
9.1,10.96,32.56,41.21,5.09,20.8,0.93,31.0,1
11.05,33.69,72.43,46.81,4.4,23.1,3.65,23.87,0
14.88,18.6,44.84,40.71,1.54,23.43,2.8,26.83,0
11.25,34.64,55.33,47.39,7.14,28.34,5.47,15.18,0
7.53,46.85,77.79,35.17,34.11,23.98,0.93,29.95,0
1.22,22.5,33.44,29.19,21.66,77.97,3.83,23.69,0
6.93,9.93,53.86,33.94,6.81,44.15,4.02,25.3,0
0.48,66.89,93.8,49.06,6.66,95.46,3.98,30.03,1
4.61,21.94,94.76,35.06,7.0,58.16,4.92,16.08,0
3.7,19.81,62.61,43.15,8.38,45.39,5.15,19.63,0
4.12,18.17,59.69,35.26,3.11,162.47,1.92,25.03,0
0.0,8.27,54.32,42.73,10.53,25.0,1.88,19.49,0
2.58,8.29,77.95,45.65,7.94,47.89,4.51,35.37,0
18.54,19.2,48.73,31.52,14.74,26.13,3.44,27.93,0
6.0,10.1,14.2,42.08,12.49,74.79,3.07,25.72,0
17.25,30.12,71.02,44.77,18.82,34.69,2.91,19.68,1
0.5,22.92,52.11,17.17,4.52,164.28,3.1,34.51,0
2.31,8.71,26.68,10.6,5.88,25.91,1.27,22.76,0
43.77,64.0,73.68,27.68,10.47,60.22,2.22,34.87,1
0.72,12.73,23.64,28.55,2.51,37.23,1.71,31.1,0
10.82,25.54,59.92,44.78,11.79,75.16,2.05,34.41,0
10.8,42.67,62.31,31.91,3.17,128.04,0.64,19.9,1
9.5,29.86,58.88,31.47,7.88,98.63,2.33,36.26,0
10.97,34.84,45.39,34.81,23.64,90.1,1.3,18.01,0
0.66,71.95,138.46,60.47,3.74,22.27,4.87,25.75,1
2.84,9.32,19.81,31.49,2.41,10.91,0.5,28.93,0
24.94,54.8,91.33,37.39,2.96,31.08,2.85,28.57,1
10.9,34.36,68.35,25.83,5.19,88.96,3.3,25.01,0
1.26,24.65,61.67,23.44,13.03,40.78,3.17,33.61,0
0.54,18.9,23.64,15.34,5.35,45.75,3.81,36.88,0
18.85,40.52,104.11,46.12,7.42,173.41,3.72,31.79,1
0.97,13.34,39.41,34.21,5.29,76.56,4.38,22.6,0
1.25,17.6,30.91,35.3,6.12,29.83,2.8,29.14,0
0.0,35.38,88.29,47.07,1.18,58.89,2.62,31.62,0
13.25,22.48,55.86,35.45,2.73,52.39,3.98,29.34,1
17.01,27.26,55.94,25.43,8.27,191.64,2.77,18.67,0
3.74,25.98,76.45,31.25,15.09,22.33,5.29,23.66,0
17.12,37.76,40.42,32.49,3.24,176.76,4.57,31.63,1
8.58,20.52,31.74,26.56,7.47,99.87,1.74,29.0,0
0.0,22.75,87.85,22.56,5.5,29.42,3.69,28.86,0
23.31,45.87,57.8,27.85,9.89,53.26,0.95,25.0,1
0.0,63.95,100.59,53.74,4.42,127.4,2.78,21.87,0
4.22,82.87,122.42,46.58,0.87,31.99,5.71,24.12,1
3.76,26.13,58.83,35.41,9.69,29.42,2.2,28.12,0
2.67,34.85,73.1,29.42,9.47,99.58,3.71,23.71,0
0.0,21.95,38.96,18.29,11.51,18.94,2.42,17.22,0
36.43,51.38,78.37,38.12,11.03,95.74,3.27,25.79,1
0.0,23.62,45.7,35.64,9.65,77.02,1.74,22.89,0
24.66,39.36,60.43,21.71,17.27,27.21,2.59,25.76,1
0.42,17.62,30.43,37.54,5.34,148.43,2.57,34.73,0
1.67,17.61,51.41,28.84,5.48,84.79,2.61,30.89,0
22.49,38.62,92.24,42.89,3.4,257.02,3.98,30.32,1
9.72,19.1,30.41,30.25,20.56,34.87,1.68,28.95,0
0.0,29.99,63.46,34.34,12.19,20.39,2.81,24.13,0
0.0,23.09,43.42,55.82,4.39,29.17,3.63,23.63,0
8.11,17.17,58.13,39.33,5.66,84.51,2.57,32.23,0
0.0,15.58,26.9,29.58,6.04,110.29,2.11,34.06,0
10.25,16.37,19.34,33.79,6.17,138.44,1.92,25.23,0
11.48,30.96,68.74,32.4,2.64,148.13,1.84,28.41,0
0.8,35.97,54.44,41.01,12.8,132.64,3.84,32.99,0
1.93,14.5,23.17,31.17,5.54,36.35,3.76,33.6,0
8.44,37.95,46.48,31.12,2.52,506.2,5.21,14.66,1
0.63,16.84,44.66,29.59,3.8,74.39,2.92,40.04,0
6.01,19.08,42.65,30.41,6.36,52.16,4.54,30.91,0
45.98,54.52,66.35,35.71,1.35,184.55,5.39,21.2,1
8.94,23.2,44.39,42.95,1.12,17.18,3.13,28.04,0
2.75,32.94,76.49,41.1,5.7,404.89,3.41,22.81,0
39.63,61.24,99.94,22.09,10.44,40.64,4.94,31.32,1
14.27,21.42,26.11,44.07,6.24,105.38,2.54,26.88,0
0.0,23.93,63.13,40.05,7.12,73.99,5.54,39.14,0
0.4,19.29,27.62,51.99,4.92,139.55,2.38,23.81,0
0.0,6.21,70.29,35.74,3.03,50.62,3.54,26.27,0
8.25,12.84,40.81,41.94,9.81,71.43,2.74,31.23,0
39.59,43.96,59.67,41.39,8.0,51.55,2.65,26.98,1
3.45,35.14,94.7,41.88,5.67,59.72,3.72,32.72,0
15.19,21.51,86.55,50.89,0.72,170.94,5.51,21.68,1
2.9,16.22,63.49,33.55,10.69,102.1,4.6,25.98,0
8.08,30.73,46.82,33.71,5.5,144.65,1.22,36.75,0
4.32,26.01,38.22,21.37,4.45,81.43,2.12,30.2,0
5.77,27.46,136.2,44.84,9.6,86.46,6.89,24.16,0
20.23,25.78,57.68,26.21,7.44,34.0,2.01,33.79,0
30.07,53.03,65.25,35.88,11.62,328.7,1.79,29.08,1
28.03,40.87,64.64,40.94,7.83,35.83,3.37,14.64,1
76.96,94.5,115.13,47.02,14.95,24.03,4.67,25.22,1
1.05,17.91,40.14,33.44,10.6,72.68,2.77,41.22,0
9.08,23.91,28.76,36.2,9.69,56.14,3.59,19.51,0
1.14,35.5,51.1,55.25,0.34,133.13,4.19,32.23,1
19.44,50.46,86.04,34.81,2.07,82.78,4.23,28.02,0
0.0,98.84,105.33,63.79,6.03,145.36,4.14,31.68,1
20.57,65.89,83.97,25.91,12.24,88.94,4.18,34.99,1
7.14,10.16,79.63,16.78,10.64,52.29,4.09,29.2,0
4.73,20.78,55.11,44.82,3.36,24.7,2.93,32.6,0
5.61,48.33,72.58,37.39,33.29,30.9,5.27,33.14,1
0.0,14.45,28.22,15.63,5.71,27.37,0.87,18.16,0
0.0,11.98,29.96,30.25,3.69,39.21,0.6,34.48,0
7.31,12.66,46.28,28.73,11.4,81.2,1.99,24.81,0
7.24,12.04,21.53,32.09,8.46,8.05,1.74,27.02,0
1.34,30.49,93.49,37.73,4.69,46.34,3.52,30.54,0
3.38,21.22,64.91,47.11,15.28,161.51,5.61,20.52,0
10.01,11.23,38.22,32.67,2.48,48.26,3.95,28.43,0
0.61,36.65,83.8,40.97,7.07,664.68,5.57,24.64,0
0.0,39.7,124.88,43.32,5.97,57.61,6.34,20.89,0
25.76,39.28,44.06,38.33,1.41,52.23,3.57,35.25,1
7.99,24.29,41.89,30.71,4.4,56.09,1.14,21.82,0
2.17,48.43,61.93,44.01,7.28,28.69,1.78,29.13,1
1.13,14.18,20.4,15.78,2.59,19.95,3.67,27.81,0
0.58,2.93,9.29,27.61,4.2,128.48,1.37,31.51,0
19.36,48.69,92.83,34.63,14.16,73.55,4.67,19.67,1
0.0,38.69,66.97,26.87,3.57,85.4,3.98,20.31,1
9.05,27.6,108.67,30.49,7.19,74.79,6.57,34.48,0
9.04,15.34,45.58,24.56,4.62,16.42,3.01,23.39,0
13.51,56.08,95.3,43.52,4.86,62.84,3.7,24.98,1
2.68,14.04,111.24,46.89,8.9,306.98,6.16,30.22,0
23.79,31.29,82.07,45.38,9.42,36.72,3.22,21.79,1
13.94,32.25,42.44,27.78,12.7,85.31,2.7,20.85,0
2.49,15.83,49.6,42.18,3.54,75.03,3.04,36.14,0
0.94,28.31,63.18,34.57,18.86,24.07,2.84,30.89,0
4.34,74.9,104.15,47.7,6.44,169.3,5.3,35.83,1
2.31,9.38,28.06,30.51,9.15,29.76,4.27,30.08,0
0.32,31.17,128.2,38.92,5.38,44.22,4.91,22.74,0
5.98,18.84,33.65,17.72,0.86,97.56,2.4,23.92,0
3.42,30.66,43.54,21.22,9.04,68.66,1.61,22.52,0
29.18,48.07,58.86,25.76,13.29,57.65,2.73,22.25,1
2.3,13.15,65.39,31.04,1.02,216.51,2.16,32.34,0
0.9,32.45,78.25,43.34,7.45,239.4,2.05,26.83,0
5.43,17.36,38.39,40.09,5.61,33.82,1.47,27.67,0
7.67,15.37,38.18,40.7,5.72,45.0,3.46,29.57,0
8.44,38.39,83.65,10.23,5.93,96.7,2.61,25.13,1
8.34,15.99,16.28,23.43,7.17,72.3,2.44,30.61,0
5.71,34.67,41.77,29.3,2.77,32.54,2.39,18.91,1
5.12,22.36,53.85,29.87,7.31,134.77,3.42,21.64,1
11.55,29.71,70.56,20.84,3.9,101.41,3.32,23.76,1
0.02,6.8,45.75,41.55,1.81,36.12,3.89,29.76,0
0.93,19.81,77.89,53.84,9.37,77.58,4.81,40.86,0
0.0,11.2,88.63,36.1,7.7,36.14,3.53,17.37,0
0.07,47.85,76.75,57.2,21.72,38.51,3.44,25.07,1
17.55,22.21,105.73,21.04,18.84,255.66,4.78,24.91,0
11.01,47.97,120.58,34.36,9.2,19.69,4.23,31.51,1
32.7,71.86,84.58,36.14,1.74,53.21,4.66,30.45,1
26.11,49.78,63.17,40.94,5.37,185.97,2.55,36.18,1
11.12,57.08,79.56,38.47,6.27,110.88,3.57,24.83,0
6.65,20.18,23.27,18.88,7.93,90.22,2.12,29.32,0
5.59,20.65,41.96,38.36,17.65,29.52,3.8,27.83,0
0.0,24.91,36.9,36.14,2.11,28.11,2.64,23.55,0
4.71,18.64,39.42,26.44,2.87,46.43,2.27,31.1,0
1.67,6.43,116.44,40.25,13.56,145.34,5.38,18.91,0
0.21,5.5,20.76,18.17,14.8,73.15,1.42,26.37,0
9.18,39.47,54.23,38.49,4.42,17.97,3.6,38.91,0
3.84,20.18,34.35,19.8,4.29,36.42,2.68,21.24,0
6.1,34.59,85.03,26.88,7.26,38.36,5.03,31.51,0
0.0,31.89,37.55,45.63,1.97,47.58,2.62,43.0,0
14.57,28.24,53.73,34.43,2.07,14.51,3.16,17.36,0
2.28,23.12,67.23,29.27,5.64,43.26,2.88,23.52,0
8.61,13.15,58.52,17.04,4.74,48.33,2.55,31.1,0
2.73,12.12,33.95,31.46,21.43,74.91,3.45,22.84,0
0.0,13.15,16.29,27.74,2.43,24.24,1.68,29.74,0
9.63,26.4,61.11,44.78,8.27,109.24,3.0,30.87,0
4.29,8.0,17.91,6.68,7.35,74.03,2.75,19.55,0
0.0,13.29,57.0,27.35,10.92,131.54,2.08,24.66,0
0.0,7.74,33.33,35.28,10.07,78.4,2.2,31.04,0
15.02,80.8,113.59,41.69,8.54,60.51,2.08,18.45,0
0.0,17.62,79.05,44.07,6.99,25.12,3.39,38.08,0
2.14,30.49,51.35,35.63,3.65,20.79,2.32,31.6,0
35.23,63.61,146.82,50.43,7.05,47.05,4.97,18.38,1
9.93,28.58,53.52,39.07,16.3,140.53,3.35,28.89,0
12.93,35.77,46.45,21.41,7.58,48.17,1.92,34.22,0
3.28,24.45,43.73,35.05,9.09,223.9,2.54,24.83,0
0.0,21.19,27.53,32.9,5.34,30.79,2.87,28.63,0
6.94,49.83,62.91,54.01,6.1,31.5,4.28,25.3,0
0.0,17.1,46.22,13.61,1.56,79.82,2.12,28.11,0
0.0,29.14,58.05,30.73,11.26,53.74,2.59,29.71,0
5.9,11.81,28.51,34.45,0.82,50.83,1.28,33.8,0
0.0,14.94,56.49,42.0,6.15,38.57,1.2,40.46,0
4.96,15.75,92.53,37.89,13.56,42.23,3.81,28.73,0
1.07,14.79,21.75,25.45,4.62,45.61,2.37,13.95,0
4.7,28.95,85.66,36.66,7.06,192.19,3.27,31.6,0
1.81,24.52,30.27,42.59,15.98,173.24,2.96,30.07,0
4.91,18.72,49.12,32.45,6.36,105.1,3.87,30.0,0
24.16,33.79,43.96,25.62,8.79,182.09,3.38,36.06,1
13.25,46.13,94.23,34.58,14.47,24.38,4.69,29.12,0
4.09,29.46,69.43,29.41,12.99,260.3,3.48,38.15,1
20.68,24.32,58.26,41.85,0.39,150.22,3.42,24.56,1
8.76,12.95,54.21,43.5,4.88,23.84,4.2,27.22,0
19.34,30.02,32.35,14.89,5.17,212.43,1.6,23.36,1
0.0,2.2,13.57,22.6,2.59,141.78,2.05,26.5,0
0.0,4.93,14.34,32.38,26.56,108.38,0.2,26.76,0
6.83,25.98,85.34,40.96,9.36,16.96,3.23,23.54,0
3.92,26.5,42.21,29.08,9.74,68.6,3.32,19.11,0
4.93,19.48,66.03,43.14,10.38,73.84,3.17,21.97,0
10.54,25.1,70.41,48.87,5.1,63.05,4.23,33.03,0
6.92,17.92,45.37,25.85,24.24,140.01,3.64,29.88,0
14.63,23.41,25.23,14.73,3.34,61.85,2.94,25.0,0
14.21,42.02,48.58,31.94,14.42,35.0,2.39,29.06,0
0.0,29.43,47.04,22.76,1.36,79.36,2.47,28.19,0
0.0,14.11,29.74,36.2,4.46,51.85,0.95,39.7,0
0.0,5.09,48.35,23.45,4.07,65.39,2.13,39.89,0
0.0,8.81,33.78,48.12,4.5,23.4,3.3,30.07,0
5.51,20.83,42.54,21.44,14.79,29.09,1.55,26.35,0
5.4,19.49,43.94,30.96,7.98,20.36,2.95,34.61,0
3.52,29.32,66.94,37.53,3.88,25.72,3.16,29.29,1
9.17,17.52,37.6,25.17,3.19,179.58,0.62,28.15,0
49.28,72.75,128.18,43.91,4.93,77.59,5.93,26.08,1
3.38,19.1,37.92,32.87,11.62,26.62,2.95,29.88,0
7.21,71.23,167.51,69.21,9.45,102.01,7.39,27.08,1
4.92,19.96,37.31,34.14,3.95,152.44,1.71,31.35,0
1.39,10.62,29.92,30.42,9.26,38.4,3.04,31.26,0
10.66,52.14,62.16,46.24,7.07,41.06,3.22,25.23,0
3.07,17.21,44.19,38.24,6.1,39.59,3.47,23.13,0
0.51,23.06,43.73,43.18,17.79,65.2,2.19,22.3,0
0.78,3.41,17.89,20.32,13.67,27.29,1.71,33.87,0
15.18,50.2,60.44,21.74,6.83,97.59,3.39,29.08,0
10.36,19.17,22.51,44.12,14.04,57.89,1.81,24.22,0
1.9,7.62,58.35,38.89,6.21,84.52,2.51,18.18,0
8.99,39.42,52.98,28.61,7.19,91.02,1.93,27.53,0
5.01,13.05,32.42,20.39,14.23,69.99,1.69,29.6,0
7.38,14.29,40.11,27.67,4.97,77.58,3.48,40.23,1
1.27,6.16,12.09,43.95,9.96,31.44,1.89,30.53,0
0.0,10.7,63.82,24.15,10.1,68.17,1.92,26.02,0
3.04,11.07,13.44,43.85,2.72,125.44,0.86,23.36,0
0.18,27.81,95.96,35.06,7.99,33.65,4.29,21.06,0
0.0,8.59,60.99,34.69,5.96,19.56,0.5,22.86,0
0.0,10.08,53.6,33.76,9.56,79.99,3.39,20.63,0
1.99,11.35,59.04,35.79,7.29,227.16,2.38,36.8,0
18.19,42.37,65.45,21.88,45.0,59.27,1.15,32.13,0
13.92,43.39,116.33,66.06,4.25,82.48,5.32,27.27,1
27.59,43.14,105.31,48.44,22.24,202.18,1.7,22.3,1
0.0,14.95,57.87,41.75,2.99,53.56,3.14,28.68,0
11.46,28.71,29.85,30.76,16.62,15.55,4.2,24.34,1
4.06,22.48,51.55,35.66,10.74,69.24,3.14,36.21,1
0.79,26.62,77.75,41.69,3.54,88.11,4.32,26.1,0
16.17,40.8,67.78,39.07,8.66,64.29,3.64,23.34,1
4.13,10.57,46.32,24.51,6.13,29.23,2.7,24.23,0
0.0,1.69,45.56,26.47,8.67,62.32,4.14,35.09,0
13.77,33.24,40.19,40.32,25.8,32.86,0.78,31.57,0
8.26,12.88,72.54,49.37,4.5,55.64,1.71,26.13,0
5.98,28.11,102.1,34.24,14.59,62.37,4.69,22.75,0
0.0,18.27,72.05,34.49,14.0,30.63,3.11,25.9,0
6.99,21.91,70.8,33.99,6.55,103.85,2.91,33.16,0
24.22,36.84,68.87,44.06,19.44,52.46,5.59,41.22,1
7.97,36.89,63.13,33.97,27.54,34.43,3.76,26.1,0
0.0,23.4,34.82,27.69,5.74,80.02,2.24,26.94,0
8.75,14.68,165.57,44.45,7.93,34.15,5.21,35.79,1
8.08,26.85,63.63,43.76,5.06,126.95,5.17,32.6,0
12.52,29.3,44.2,31.56,4.47,26.11,3.0,32.81,0
7.79,43.5,69.9,33.39,17.18,121.0,2.58,30.06,0
0.0,39.39,87.52,38.37,15.2,33.18,5.06,18.86,0
5.52,21.46,42.57,46.36,19.41,18.81,2.81,31.38,0
3.15,64.0,101.71,43.9,1.59,29.39,3.81,19.93,0
6.52,14.57,34.65,44.24,5.01,64.47,1.19,28.01,0
16.78,20.22,68.3,27.51,3.39,20.27,4.6,23.86,0
1.05,43.47,74.68,38.38,11.76,55.96,2.43,29.26,0
31.44,38.5,85.39,37.84,6.93,55.19,4.46,30.75,1
8.68,12.33,26.44,53.39,8.08,28.37,2.8,29.99,0
13.85,21.42,94.41,40.38,1.16,65.1,4.28,31.93,1
11.93,21.95,38.9,23.63,8.51,69.76,3.55,32.4,0
8.26,10.12,45.72,35.67,15.24,80.23,2.78,19.59,0
10.23,22.26,30.07,34.93,23.52,33.03,2.34,22.2,0
6.9,16.07,28.02,43.65,10.08,259.24,2.95,30.86,1
9.61,26.07,39.16,27.97,18.73,52.17,2.36,26.89,0
0.0,12.88,49.5,45.12,7.53,19.22,3.57,27.75,0
9.52,41.18,66.71,37.43,7.23,124.54,3.0,32.06,0
8.71,12.73,31.54,34.94,4.68,84.61,2.45,31.41,0
13.44,21.54,36.84,37.31,21.05,32.65,3.11,26.62,0
13.98,24.38,99.42,40.59,12.06,41.9,4.7,23.06,1
21.59,62.96,85.0,25.98,10.9,53.3,4.3,25.18,0
9.85,22.04,51.02,35.41,4.08,28.21,2.84,26.22,0
25.58,36.17,45.55,28.16,2.3,77.23,3.22,27.07,0
2.22,6.92,44.6,22.14,6.05,85.52,1.77,25.78,0
26.46,37.12,94.36,42.06,5.99,119.66,6.55,39.45,1
3.22,15.06,63.74,27.02,16.46,17.65,4.24,17.66,0
8.72,26.36,31.12,31.81,0.45,55.02,0.57,38.29,0
14.92,22.12,42.41,32.58,17.71,44.29,2.33,28.67,0
8.38,13.17,53.84,32.33,7.59,36.07,3.18,27.42,1
33.94,38.58,78.37,29.28,4.24,113.67,3.05,29.46,1
5.71,38.06,41.42,19.35,6.99,94.3,3.37,39.18,0
10.88,47.06,55.4,35.87,0.62,61.58,1.59,26.49,1
7.0,39.74,53.5,45.06,2.37,58.16,2.91,36.18,0
21.75,32.52,77.03,44.64,14.92,30.41,3.7,29.41,0
2.37,33.81,57.4,23.02,1.01,37.77,5.69,23.98,0
36.35,64.56,77.95,34.16,8.32,234.59,2.57,21.19,1
1.15,22.75,72.06,34.38,4.24,93.84,1.76,30.47,0
28.78,40.36,80.92,26.89,3.47,70.05,2.36,31.11,1
0.0,21.6,63.64,30.14,12.44,91.83,5.22,33.76,0
11.28,15.41,33.14,21.86,6.1,49.66,3.18,29.07,0
5.01,34.26,36.14,45.14,6.42,57.21,3.29,22.97,0
14.6,15.88,42.91,33.82,12.84,59.52,1.95,31.88,0
8.98,20.64,32.45,43.65,4.02,66.02,2.26,25.93,0
13.79,27.41,91.2,42.21,16.8,275.38,3.58,30.44,0
0.0,11.13,46.24,45.46,7.36,14.3,2.06,28.06,0
0.0,29.69,38.4,18.8,21.83,83.35,2.81,32.97,0
0.0,4.26,13.64,38.85,7.73,33.93,2.73,20.86,0
0.0,6.17,21.18,27.65,6.56,64.28,0.64,18.97,0
0.0,16.55,115.04,42.48,41.13,66.04,3.62,30.47,0
1.44,4.45,50.29,42.37,15.41,23.67,3.8,29.31,0
1.4,11.8,85.22,38.21,5.48,33.89,5.75,21.78,0
5.2,49.29,53.08,38.1,7.34,78.9,2.79,37.77,0
0.43,29.45,45.53,24.28,8.86,70.98,4.05,32.42,0
0.72,50.44,121.76,61.86,1.67,35.0,4.65,30.62,0
3.59,18.79,107.68,35.16,5.9,67.08,2.28,37.26,0
16.73,47.35,97.52,31.08,8.8,71.47,5.01,32.91,0
2.27,34.22,98.54,32.94,9.56,109.76,4.09,19.77,0
4.69,7.81,32.81,19.19,5.38,67.58,2.3,24.23,0
5.94,14.55,27.18,13.08,11.94,39.93,1.74,21.58,0
0.03,11.14,72.42,37.45,22.36,112.63,1.85,30.11,0
2.8,39.4,70.87,25.48,10.14,6.19,2.47,34.14,0
15.16,20.46,141.6,41.47,16.68,90.85,6.14,22.3,1
13.9,61.4,66.27,16.58,8.68,50.53,3.96,30.26,1
0.63,10.79,38.41,45.37,11.78,16.87,1.66,34.17,0
4.55,28.67,54.8,38.4,2.85,26.18,3.49,31.03,0
10.89,22.65,106.02,23.23,5.65,30.55,4.53,35.92,0
7.83,9.24,25.05,27.42,7.65,74.36,0.2,33.4,0
8.92,56.85,82.58,36.5,12.61,64.28,4.1,22.15,0
0.05,33.18,86.32,37.41,3.97,46.68,3.22,30.25,0
27.85,40.71,92.62,43.08,6.06,70.15,4.62,43.0,1
1.36,22.74,25.6,15.48,12.96,119.06,2.23,37.77,0
1.23,9.89,38.1,22.27,3.19,125.11,1.83,36.01,0
0.0,7.6,24.45,24.28,7.83,69.19,1.33,28.0,0
3.88,36.87,58.29,39.02,5.26,101.68,4.62,31.75,0
18.53,48.19,102.22,38.13,16.86,155.15,2.77,27.84,0
7.73,66.29,107.77,44.1,4.03,19.57,3.42,22.4,1
4.41,34.84,66.73,24.4,5.22,56.27,2.3,25.73,0
12.85,33.72,60.2,28.01,16.22,124.55,3.31,27.94,0
18.08,49.16,60.46,41.05,4.89,207.6,3.3,30.74,1
13.87,36.88,95.57,45.14,9.37,41.09,3.8,29.56,1
0.0,24.64,40.61,34.18,5.77,15.44,1.87,25.69,0
12.97,41.28,68.62,43.02,5.26,53.0,4.07,36.43,1
9.35,41.94,60.84,39.98,12.73,34.38,5.14,28.72,0
0.55,15.17,26.34,24.56,1.11,30.45,3.64,35.35,0
9.39,10.48,17.74,32.86,26.55,43.54,0.62,37.09,0
18.57,33.88,122.01,45.65,4.29,24.58,4.89,20.68,0
1.55,7.76,22.11,26.18,3.29,34.73,1.26,22.03,0
14.92,35.43,37.28,27.49,13.81,89.97,2.74,25.88,0
7.94,23.97,63.99,44.76,2.23,15.48,4.18,26.37,0
0.17,11.27,98.9,47.53,13.95,32.11,5.38,43.0,0
2.81,19.08,109.68,38.35,7.36,108.73,6.37,17.33,1
18.9,28.51,51.27,27.12,16.2,45.24,3.36,32.35,0
0.0,7.61,53.99,28.9,1.73,91.59,2.89,34.68,0
3.0,8.16,24.2,35.62,2.15,25.69,0.35,20.75,0
3.22,9.22,138.91,38.36,13.89,51.44,5.81,34.27,0
5.32,10.8,28.04,28.53,7.98,33.89,2.93,29.29,0
15.37,43.06,54.3,39.5,11.31,71.65,5.08,23.27,1
4.97,24.56,79.78,41.6,14.73,43.65,5.45,18.72,1
4.48,20.12,81.95,42.31,12.5,30.25,3.86,38.72,0
4.73,28.11,50.95,19.67,6.63,54.36,1.77,32.57,0
7.6,13.07,59.85,38.14,3.99,79.51,2.03,15.59,0
0.0,18.22,44.53,25.38,1.39,126.66,4.0,31.48,0
0.0,5.3,6.25,21.95,5.9,130.61,0.78,28.25,0
7.58,11.26,25.76,15.01,5.57,190.79,1.34,31.13,0
0.0,9.2,15.12,36.3,13.38,14.93,0.71,33.14,0
1.43,63.41,93.51,44.97,1.7,133.46,6.84,23.81,0
14.72,42.11,77.36,31.4,13.4,65.66,4.07,23.55,1
1.74,3.45,28.2,33.12,10.6,72.75,2.65,24.49,0
61.69,62.46,64.49,42.44,5.41,61.2,3.91,34.58,1
27.69,35.13,56.34,45.35,9.93,52.34,2.49,19.8,1
8.77,19.73,67.37,40.76,10.65,170.38,4.79,35.55,0
17.78,22.35,97.4,36.4,3.46,136.79,3.92,28.18,0
27.57,63.94,91.91,30.1,2.69,265.17,4.05,23.34,1
12.05,31.35,34.61,50.0,2.77,104.49,6.24,33.15,1
12.83,36.33,54.29,30.65,13.44,34.17,2.16,29.21,0
0.0,9.37,49.65,32.8,6.1,111.28,3.51,30.77,0
5.61,27.18,39.36,35.12,9.9,51.3,5.26,29.06,0
20.53,34.02,113.23,51.18,0.9,92.64,4.41,21.07,1
8.2,13.55,37.64,29.59,4.52,125.2,1.78,21.7,0
0.0,24.31,96.79,49.35,2.37,62.04,4.41,31.89,0
5.45,25.34,40.69,54.79,6.08,27.8,1.97,24.48,0
11.14,15.59,24.7,26.78,10.86,120.28,4.11,27.17,1
13.07,52.07,68.74,41.48,0.31,70.72,3.75,33.09,0
19.09,52.82,98.01,32.81,4.18,23.49,4.91,36.93,0
8.58,9.41,46.52,29.43,9.58,290.21,2.88,28.11,0
9.66,36.16,91.26,32.99,7.36,86.94,4.02,22.8,1
2.4,11.56,72.02,27.58,7.6,69.68,2.8,17.89,0
9.2,32.72,54.29,24.85,7.91,35.17,5.33,23.64,0
5.23,54.95,120.81,57.08,10.58,62.77,5.02,43.0,1
2.2,20.02,24.9,44.81,10.9,87.32,1.09,32.85,0
36.0,64.57,132.77,58.26,5.28,79.26,5.47,31.41,1
1.63,12.66,46.37,31.8,12.01,116.86,3.53,20.46,0
5.91,12.45,96.28,48.37,2.68,66.53,4.47,39.38,0
5.21,29.69,56.49,22.11,6.66,3.44,4.75,22.31,0
6.87,32.64,69.56,12.07,3.04,47.74,0.2,28.41,0
33.72,49.03,97.97,38.08,4.99,47.06,2.51,34.01,1
11.16,81.43,112.07,45.07,5.05,22.72,4.34,30.8,1
2.15,24.5,40.88,29.45,3.9,34.61,1.29,26.84,0
24.95,32.13,100.54,43.34,6.6,28.46,5.69,24.32,1
13.4,46.17,69.27,37.05,13.04,30.43,3.68,29.24,1
2.25,29.41,73.38,32.9,28.31,67.92,2.28,23.0,0
21.52,43.42,53.82,30.0,2.18,31.64,4.04,28.46,0
0.0,9.37,38.13,34.79,11.63,166.34,3.85,31.17,0
0.0,26.56,88.65,55.62,3.03,58.03,4.67,31.28,0
0.0,5.45,52.79,30.28,13.94,32.68,1.59,24.11,0
0.0,52.27,86.95,51.0,3.37,197.44,3.28,30.15,0
20.07,32.97,38.8,25.54,4.23,46.19,1.28,26.17,1
6.98,23.6,62.51,28.87,3.34,96.52,3.29,30.12,0
0.0,16.03,29.68,38.0,15.03,56.42,3.28,29.86,0
5.0,73.59,104.39,56.37,7.96,93.23,5.09,27.47,1
15.4,25.69,80.5,29.29,5.99,43.35,3.02,30.43,0
0.84,14.27,19.79,11.27,2.27,117.8,3.69,26.54,0
3.03,17.35,57.67,31.09,6.74,50.73,3.32,25.39,0
37.49,42.15,86.29,50.62,7.45,122.7,3.18,43.0,1
3.6,26.64,37.68,34.71,2.29,84.75,1.7,27.43,0
0.0,18.56,48.5,17.86,5.14,42.3,3.56,32.67,0
1.83,11.64,37.37,25.75,0.6,15.45,2.83,25.11,0
0.0,23.94,31.42,32.6,10.29,18.79,2.06,16.45,0
12.21,33.38,50.31,43.41,5.32,88.26,4.05,22.88,0
0.3,6.31,26.12,26.83,2.89,65.29,2.47,20.31,0
0.19,23.43,80.87,44.07,8.04,155.61,3.22,26.18,0
40.46,42.73,87.64,45.93,7.22,39.89,2.92,40.05,1
0.0,16.76,59.82,35.89,6.28,163.38,2.98,35.24,0
0.0,7.48,49.73,31.16,8.62,53.28,2.33,24.37,0
0.0,44.51,100.16,47.51,34.79,107.12,3.9,36.39,0
15.91,50.24,59.87,31.05,11.51,28.99,1.1,33.31,1
10.48,55.33,69.93,31.07,12.36,229.07,3.73,22.65,1
1.77,10.05,68.02,22.87,3.21,50.34,3.88,27.14,0
1.33,7.6,33.04,8.51,12.91,113.62,1.62,31.72,0
9.56,24.28,53.27,21.38,4.58,132.24,4.46,26.02,0
7.35,16.47,25.77,28.84,5.27,65.79,1.7,27.49,0
4.04,11.49,22.14,40.17,2.8,170.48,3.29,30.46,0
10.9,47.27,110.04,46.36,22.11,55.26,4.73,31.82,0
0.0,35.99,109.12,54.06,15.54,78.15,3.49,27.35,0
0.36,29.23,52.52,31.65,2.06,116.24,1.99,25.5,0
11.57,33.0,194.21,59.04,10.04,28.29,5.79,24.48,1
8.15,20.71,45.96,27.9,11.52,83.39,2.14,42.25,0
5.56,32.5,98.25,21.55,4.7,31.2,4.35,16.17,0
39.24,65.25,99.74,29.86,3.06,47.99,2.44,34.85,1
13.76,33.22,54.42,28.33,6.12,9.46,4.28,27.17,1
1.92,38.54,81.13,40.47,3.8,13.21,4.24,28.75,0
0.68,19.62,28.55,16.4,0.38,85.26,2.31,30.36,0
8.65,10.65,83.62,41.6,5.54,14.74,1.98,32.71,0
20.01,31.77,50.64,36.71,7.13,104.31,4.68,25.02,1
7.88,16.25,44.39,18.73,20.66,130.84,3.96,31.88,0
2.93,9.12,25.34,35.17,11.74,21.6,1.15,38.68,0
6.98,13.61,46.01,30.6,5.14,78.72,4.11,21.38,0
0.0,10.42,30.62,17.01,12.1,74.74,2.18,38.37,0
20.0,29.09,53.02,33.26,2.12,117.42,3.69,22.08,0
25.46,47.97,67.59,25.13,11.19,197.3,1.9,14.25,1
12.43,20.31,23.65,39.03,11.51,144.7,2.6,19.94,0
30.34,53.7,89.38,22.8,10.96,96.35,2.23,33.57,1
2.64,33.5,49.08,41.36,1.15,70.74,3.48,29.21,0
7.64,30.58,81.65,52.66,5.18,76.98,2.64,35.52,0
12.64,29.71,44.17,44.71,5.8,61.52,4.06,33.01,0
8.8,33.61,55.1,44.68,15.31,129.58,4.37,28.3,0
3.4,9.78,49.9,28.91,1.76,23.97,3.8,34.89,0
4.12,6.53,45.37,31.87,5.04,338.6,2.1,27.56,0
23.35,49.01,61.34,36.18,7.16,30.71,3.14,28.56,1
5.15,23.94,47.43,21.22,2.36,77.03,2.34,22.82,0
18.9,66.0,69.67,43.04,1.27,76.47,3.62,25.31,1
4.74,36.0,42.03,37.49,3.42,186.86,1.49,24.84,0
18.79,30.58,69.59,39.18,10.38,26.86,2.78,20.68,0
6.02,19.13,52.3,18.99,10.65,61.22,4.12,18.48,0
11.5,29.09,97.79,47.47,10.88,128.44,6.13,25.56,0
1.17,14.89,66.02,39.21,5.47,106.83,3.06,34.1,0
7.62,24.89,37.71,23.51,4.63,59.79,3.53,28.42,0
1.23,10.72,74.28,37.21,24.4,61.03,3.07,20.02,0
2.5,30.37,82.37,52.23,6.17,19.05,5.59,28.16,0
2.96,24.91,45.81,38.01,5.68,133.34,3.74,18.8,0
3.99,18.62,44.78,43.89,14.61,78.52,0.73,30.39,0
2.28,7.8,39.15,46.65,2.59,28.99,1.98,26.76,0
6.62,21.05,46.95,29.73,8.88,21.56,3.67,29.6,0
18.85,38.62,74.73,33.99,18.38,80.64,4.11,34.22,1
11.23,24.96,29.09,29.9,3.56,105.32,3.14,31.43,0
0.0,11.27,27.26,10.13,8.53,29.04,3.01,28.54,0
9.0,10.52,17.12,36.32,10.92,35.18,3.49,30.48,0
2.02,72.29,86.15,42.34,10.29,33.68,2.45,22.86,0
0.0,7.29,42.05,24.79,8.11,39.92,2.6,36.49,0
1.65,22.27,55.99,31.71,3.31,103.84,1.98,26.46,0
9.42,15.61,49.1,20.5,2.06,107.15,2.83,26.64,0
2.9,22.15,92.03,49.42,7.21,45.56,3.15,37.39,0
5.76,26.48,57.08,34.2,5.9,58.04,2.79,26.28,0
3.45,15.59,38.33,36.17,13.43,28.78,3.6,28.35,0
1.02,14.68,41.03,31.98,13.07,78.95,1.36,32.44,0
7.43,16.27,18.18,43.08,4.12,64.4,2.79,32.21,1
0.51,70.79,107.48,32.76,1.93,34.46,4.81,32.95,1
13.71,42.94,56.64,25.35,19.23,182.15,3.16,24.06,0
0.0,17.15,73.69,25.17,1.11,131.85,4.28,23.49,1
5.34,15.06,21.79,36.07,10.18,38.09,1.43,28.85,0
2.44,29.57,68.67,18.02,2.01,88.52,1.9,28.68,0
1.93,29.27,71.67,20.14,1.16,225.72,4.0,30.67,0
15.13,21.45,109.22,36.61,3.89,125.34,4.89,26.45,1
18.31,21.63,54.73,42.29,17.91,70.17,2.97,31.17,0
0.0,9.61,72.96,43.82,2.19,80.5,4.52,28.32,0
4.05,13.27,25.49,18.98,14.77,75.43,0.81,32.44,0
0.0,3.7,41.87,14.43,22.54,104.61,3.94,25.83,0
14.25,21.48,59.77,49.98,9.47,95.62,2.3,32.25,1
4.93,10.51,110.71,37.92,0.2,20.33,3.2,26.12,0
0.0,37.01,86.41,46.48,9.23,199.07,3.96,33.57,0
0.69,20.48,90.1,47.15,3.72,34.59,1.48,38.61,0
0.0,21.77,39.65,21.76,1.76,26.79,1.42,31.73,0
0.48,28.97,59.32,30.55,5.07,89.87,2.86,22.92,0
0.0,6.07,29.86,37.21,6.16,32.27,0.58,27.11,0
23.12,45.19,133.78,44.59,12.94,60.3,5.0,28.15,1
0.0,11.1,17.29,14.71,16.9,41.54,1.35,34.22,0
5.33,42.28,86.93,38.0,5.21,163.52,5.9,18.48,1
9.31,42.54,55.99,29.72,13.01,27.1,4.05,26.65,0
18.34,60.66,126.91,53.98,4.09,82.45,5.82,21.4,0
5.61,12.33,43.47,38.59,3.1,50.44,1.38,22.22,0
3.35,17.21,37.31,21.74,10.44,36.64,1.58,28.19,0
5.96,15.02,46.7,33.71,8.87,280.33,4.17,31.38,0
0.0,8.4,12.93,10.91,6.94,37.04,1.64,25.69,0
0.0,9.47,68.22,27.33,7.99,18.03,3.43,17.12,0
3.2,28.9,93.13,54.41,4.3,70.8,4.5,36.86,0
1.1,9.79,57.65,35.01,8.78,34.49,2.61,29.06,0
2.11,9.36,56.01,46.51,2.54,95.71,3.53,29.71,0
34.49,42.97,62.91,37.95,3.68,47.13,3.42,30.86,1
20.73,24.75,32.85,35.96,4.08,67.43,1.01,23.3,0
9.27,18.08,54.78,34.55,9.15,26.47,2.53,34.01,0
14.63,48.67,59.15,16.37,10.53,36.29,1.79,28.52,1
0.0,58.54,66.37,39.48,9.04,56.45,3.03,26.47,0
6.19,17.47,51.29,44.63,5.26,58.74,5.89,31.95,0
12.77,48.21,91.02,46.87,16.45,51.45,4.0,27.69,0
0.0,47.94,79.32,19.68,1.84,14.34,5.6,20.81,1
8.12,40.86,113.27,50.83,10.12,65.99,3.69,25.73,0
0.0,2.25,51.17,31.97,6.63,61.09,2.23,40.35,0
10.32,21.42,24.13,24.98,5.66,61.26,0.21,29.49,0
18.03,58.71,68.37,32.86,8.28,97.66,2.94,28.34,1
0.02,26.66,107.07,42.49,18.3,74.32,5.08,31.63,0
0.27,31.18,66.35,28.34,3.25,52.77,2.42,30.57,0
17.51,33.23,66.44,35.62,5.0,148.08,1.78,23.19,0
5.65,25.78,29.86,35.6,0.84,42.58,2.31,28.58,0
15.23,27.56,69.64,39.53,6.05,30.52,3.55,23.44,1
3.43,38.5,57.7,39.26,16.97,59.74,5.52,37.1,0
3.92,16.4,31.45,43.33,23.1,111.31,0.5,30.28,0
5.44,23.23,35.32,30.83,9.67,152.98,1.25,30.2,0
28.52,38.07,52.62,38.74,19.98,38.63,2.79,29.36,1
14.01,21.38,47.89,28.34,5.62,59.5,2.08,24.55,0
0.97,38.18,50.77,36.48,7.15,92.17,2.74,39.93,0
6.83,41.36,75.96,40.47,12.09,72.35,4.15,29.88,1
2.99,11.51,23.14,20.36,6.46,41.42,0.89,24.31,0
1.93,22.5,76.92,32.9,7.22,51.45,2.56,26.56,0
9.98,44.36,114.41,34.12,4.73,32.85,3.36,31.67,0
7.71,73.56,96.84,41.86,13.77,31.99,2.93,31.53,1
0.06,21.98,62.37,34.43,2.98,50.82,1.37,27.26,0
5.46,38.67,40.42,41.11,17.98,85.2,0.2,25.07,0
1.78,34.62,43.95,38.62,12.31,79.75,3.95,29.17,0
9.25,38.93,47.75,34.99,6.26,33.29,4.52,23.84,0
1.56,4.4,13.68,33.99,1.93,29.3,2.12,24.07,0
3.97,23.89,32.21,35.12,2.52,36.1,3.94,23.54,0
2.07,14.7,58.44,43.13,0.9,11.9,1.91,24.12,0
5.37,12.46,15.02,36.74,6.43,117.78,2.5,22.0,0
28.12,34.37,154.06,67.52,15.36,35.97,5.56,24.08,1
5.74,15.33,50.69,41.19,18.06,171.21,1.91,24.4,0
12.15,52.2,99.33,31.41,5.65,96.8,3.34,27.93,1
1.24,7.26,17.5,40.3,12.57,145.33,1.37,23.49,0
1.35,31.26,52.35,28.38,3.94,188.61,1.84,38.19,0
4.93,51.35,100.63,58.48,6.94,23.42,2.76,25.95,1
27.89,37.44,93.16,37.59,14.52,12.96,5.13,17.09,1
0.17,44.04,78.43,52.73,11.78,74.35,3.26,28.49,0
0.0,35.42,51.12,24.34,2.61,45.72,2.88,32.3,1
17.1,29.4,89.43,53.79,5.89,48.78,4.82,25.12,1
12.98,31.37,43.96,48.65,20.13,64.19,2.56,29.44,0
2.37,10.51,26.65,47.63,2.97,27.13,2.96,31.46,0
38.05,53.09,61.06,48.8,15.63,26.53,2.45,32.71,1
39.48,129.32,168.72,55.82,16.5,28.82,6.11,27.56,1
0.0,17.53,35.77,32.5,7.89,73.77,2.83,28.8,0
1.14,11.59,39.83,34.91,4.53,88.12,3.13,29.66,0
4.87,7.81,20.56,20.05,10.64,27.96,1.65,27.51,0
8.95,30.87,59.95,34.22,10.97,62.56,3.77,28.98,1
7.37,14.32,67.66,46.05,0.92,59.2,3.03,34.75,0
5.34,10.28,26.95,46.23,14.73,43.55,2.26,31.14,0
0.0,21.54,56.93,32.49,6.29,73.7,2.54,16.19,0
10.34,18.25,45.29,30.84,14.15,35.43,3.55,24.65,0
11.03,41.72,82.67,54.11,6.85,130.64,1.41,22.2,1
15.91,18.52,62.45,34.82,3.77,54.71,3.12,28.07,1
0.0,25.26,32.03,24.1,6.13,224.09,2.87,28.01,0
3.7,55.72,106.43,53.95,14.08,56.57,3.3,22.01,0
2.11,25.32,51.95,34.74,7.19,48.46,4.03,32.06,0
0.0,32.05,77.65,42.17,7.18,55.01,4.54,39.62,0
3.6,12.52,13.96,26.54,6.02,41.96,1.74,27.47,0
0.0,33.02,73.64,42.56,4.47,28.65,6.45,25.88,1
0.0,22.95,37.29,21.66,7.22,13.18,1.24,27.62,0
13.16,31.98,64.1,33.64,6.02,23.13,3.7,26.29,1
2.34,42.74,80.55,39.31,14.06,101.7,3.86,28.57,0
0.94,27.52,123.76,40.8,8.55,194.88,4.18,23.05,0
20.01,27.35,57.56,41.6,11.08,106.14,3.23,23.51,1
11.41,23.47,51.49,49.76,6.29,57.86,5.83,35.5,0
9.02,56.18,65.77,42.36,12.07,27.02,3.22,26.89,1
8.97,15.56,39.6,30.95,9.21,46.77,2.22,27.49,0
3.33,9.92,20.78,24.83,12.17,161.42,0.94,34.64,0
3.09,33.59,77.85,21.04,12.89,34.72,3.62,22.17,0
0.0,11.67,51.0,26.11,6.0,36.55,2.27,20.08,0
37.68,90.56,139.88,44.51,1.75,211.24,4.24,36.21,1
3.57,30.65,50.63,40.29,8.52,19.36,2.48,32.46,0
8.43,21.01,27.2,23.24,6.04,62.86,3.39,28.77,0
3.94,26.97,47.5,38.16,3.1,201.75,1.16,29.59,0
1.01,9.99,39.71,43.01,21.2,26.69,3.02,23.35,0
14.27,73.12,155.24,44.85,10.0,44.56,3.87,25.68,1
6.55,25.94,112.33,45.98,5.5,55.71,2.76,40.82,0
3.63,17.24,31.17,41.55,4.9,81.06,1.83,32.37,0
8.32,18.69,44.6,32.65,7.28,69.86,2.1,27.13,0
4.59,11.74,18.92,28.22,8.29,70.5,3.98,28.17,0
29.86,38.0,42.95,28.41,4.46,49.74,1.15,19.49,1
13.76,23.35,78.12,32.31,10.96,115.1,4.08,28.85,0
10.07,14.01,18.92,17.09,4.92,234.67,2.52,23.03,0
0.0,12.53,65.89,30.16,8.94,110.45,3.0,33.09,0
10.48,25.08,77.73,36.25,3.36,24.57,5.07,33.69,1
10.18,33.59,47.08,35.88,12.1,75.11,2.9,25.83,0
0.0,8.46,19.91,38.95,5.03,211.28,3.03,27.46,0
0.0,7.85,29.33,18.35,7.48,32.54,1.42,37.01,0
13.17,28.98,57.06,23.81,5.7,58.57,2.08,23.48,0
14.98,28.67,56.68,46.41,7.82,8.84,5.69,37.76,0
1.38,23.35,41.18,28.43,11.39,61.2,4.39,36.07,0
1.18,3.94,7.27,31.84,1.71,63.09,2.87,25.06,0
6.4,29.55,60.46,43.87,8.27,39.85,4.39,29.17,0
2.32,17.94,81.25,42.74,19.78,42.26,4.82,18.76,0
0.0,1.41,25.78,29.35,1.19,53.03,0.92,23.97,0
0.0,12.77,31.5,37.05,1.61,90.35,2.4,27.42,0
8.05,37.3,112.39,44.6,15.48,25.86,7.1,25.85,1
0.03,17.29,30.28,26.12,9.16,64.06,3.15,22.36,0
15.77,29.73,57.39,34.38,19.96,143.65,1.63,28.26,0
9.99,18.76,83.02,36.2,1.95,30.9,4.23,31.15,0
8.47,11.19,43.52,34.21,12.06,86.75,3.57,23.61,0
6.21,22.66,92.1,31.42,0.76,54.67,3.23,19.01,0
0.82,35.3,54.77,43.7,19.69,89.92,2.76,34.2,0
11.63,58.78,122.07,44.18,3.59,23.28,3.84,27.09,0
0.71,7.04,41.82,23.29,18.32,44.28,2.76,19.63,0
16.67,34.39,79.87,32.19,9.54,75.01,2.87,27.88,1
25.78,44.29,61.57,27.47,1.59,16.28,3.4,30.18,1
6.5,17.65,49.77,23.96,5.41,50.38,1.77,24.11,0
22.72,57.64,81.1,52.4,4.47,247.06,3.87,26.5,0
0.0,19.12,42.38,43.05,4.05,14.43,3.65,40.82,0
10.12,14.73,51.88,23.86,2.58,24.82,1.57,24.3,0
5.14,19.33,41.62,23.47,4.98,54.52,4.93,25.39,1
13.41,44.12,55.33,25.59,6.43,39.74,1.7,20.9,1
0.0,5.24,9.71,31.01,1.0,464.94,0.2,17.18,0
12.57,28.22,44.83,33.99,4.88,146.52,3.03,24.75,0
1.21,17.88,58.55,37.92,3.35,20.82,5.1,22.38,0
5.53,24.68,64.03,26.73,4.6,18.7,1.21,28.15,0
37.12,64.6,114.84,32.98,2.25,52.43,3.63,34.04,1
10.52,20.32,29.46,24.92,3.78,62.64,1.05,26.73,0
8.97,62.06,83.02,45.15,14.75,171.66,1.76,35.55,1
8.11,29.18,38.29,51.95,20.06,22.35,3.07,13.42,0
18.46,83.22,102.28,30.3,4.2,104.58,7.06,21.81,1
13.91,25.19,47.08,43.75,10.59,80.47,3.47,31.03,0
8.22,32.63,80.2,43.64,2.29,86.41,3.02,24.69,1
6.99,7.25,46.02,24.39,14.16,21.74,3.23,36.18,0
6.38,62.7,84.76,42.88,11.72,67.02,3.63,35.16,0
4.72,26.59,31.93,31.83,0.56,27.36,1.02,39.4,0
0.0,11.24,25.07,31.21,4.62,530.51,3.01,30.95,0
10.26,13.9,35.28,37.37,10.22,56.44,5.24,25.24,0
1.65,23.9,106.15,58.29,3.73,74.4,5.91,34.92,0
3.84,13.95,49.68,39.32,0.95,40.21,2.47,32.12,0
14.91,48.57,60.97,36.07,6.71,46.24,2.64,28.65,1
4.89,56.67,67.74,30.86,3.41,54.7,3.14,25.84,0
4.31,23.79,48.54,32.14,12.29,78.2,3.01,23.82,0
6.53,36.68,52.42,36.0,12.45,113.17,3.99,32.05,1
3.02,15.9,27.93,26.95,4.88,152.08,2.33,30.7,0
36.44,37.49,53.24,40.84,3.26,58.49,3.57,13.84,1
32.19,55.71,77.09,53.25,13.94,44.22,2.6,24.21,1
31.46,59.76,117.63,30.49,11.15,65.84,5.83,27.05,1
8.14,21.22,69.29,31.02,5.34,92.46,3.04,35.78,0
1.35,4.46,44.82,47.79,5.7,38.63,4.13,18.97,0
15.33,25.35,75.18,38.11,8.62,19.12,3.84,25.21,0
3.06,25.62,65.18,46.18,2.0,37.93,1.91,31.38,0
16.74,29.4,85.15,29.66,3.85,167.83,2.7,32.98,1
1.15,15.35,28.18,33.59,20.82,56.69,3.73,30.45,0
8.89,55.39,63.57,32.88,9.75,55.62,2.48,30.24,0
19.17,40.84,71.81,36.24,4.28,36.23,2.93,26.55,1
3.4,65.36,110.91,39.92,10.04,82.87,6.69,35.19,0
3.38,7.65,35.25,45.37,5.5,25.45,1.02,30.63,0
0.0,3.27,16.84,23.38,28.12,26.45,2.77,23.99,0
1.28,27.92,68.62,46.26,12.38,49.72,4.25,30.17,0
7.94,44.65,75.94,37.78,8.67,53.27,2.54,32.51,1
9.51,35.28,52.78,49.55,12.27,52.35,2.5,17.47,0
11.21,83.74,101.77,47.03,6.04,145.97,5.44,30.14,1
3.09,51.09,55.0,22.04,4.83,51.41,3.06,30.52,0
0.0,39.15,47.06,33.78,5.11,36.14,3.94,28.36,0
7.44,16.0,23.21,27.27,8.14,41.3,1.69,26.86,0
0.0,7.74,13.9,32.95,6.92,248.99,1.23,34.27,0
0.0,40.33,84.41,40.17,2.67,84.49,4.14,29.79,0
13.66,27.73,30.28,16.3,6.17,34.03,2.71,23.66,0
1.8,34.46,36.38,27.87,2.36,124.36,2.63,21.57,0
22.9,36.97,139.31,43.28,5.47,65.53,5.63,39.24,0
11.54,14.11,33.62,30.41,0.73,114.14,3.57,32.92,0
3.44,30.86,39.89,34.32,13.32,146.51,2.81,33.43,0
16.0,26.25,38.62,37.78,6.89,34.96,2.18,28.7,0
3.99,5.29,51.48,38.41,1.77,13.89,3.43,25.24,0
12.84,72.79,93.01,18.25,4.11,10.62,2.78,31.77,1
1.07,33.42,39.02,36.12,6.7,50.54,0.2,40.49,0
16.95,45.7,46.97,44.87,1.93,56.03,2.2,27.41,0
0.0,33.78,55.79,35.48,20.2,67.53,4.79,20.92,0
0.0,5.0,16.82,22.29,8.66,116.42,2.47,27.77,0
0.05,48.09,70.18,28.49,6.37,284.48,4.96,27.61,0
1.52,9.71,56.76,42.15,0.98,91.49,2.96,34.1,0
8.3,17.97,50.82,36.26,4.07,19.15,4.33,32.74,0
5.3,14.6,20.27,23.22,7.94,110.23,1.62,26.38,0
13.0,28.49,49.08,34.42,11.97,64.64,1.56,25.15,1
19.43,50.26,134.99,43.05,8.05,129.11,4.24,20.85,1
0.0,4.99,9.6,22.67,3.52,165.52,0.79,31.69,0
21.73,25.14,38.42,31.51,16.11,39.21,2.64,24.7,0
3.84,39.5,63.61,36.92,9.95,34.82,4.77,27.85,1
0.89,13.1,14.36,20.63,5.21,121.83,1.28,25.3,0
0.0,8.88,62.52,31.86,4.97,89.16,2.61,29.24,0
11.69,64.37,157.17,65.62,17.63,37.23,6.99,31.1,1
10.89,43.8,63.7,26.94,3.97,48.43,4.06,26.94,1
0.0,8.22,38.23,33.08,5.16,31.84,2.77,23.43,0
0.0,0.91,21.31,33.78,3.43,115.45,2.25,31.84,0
14.06,33.84,76.44,31.97,14.07,49.84,3.05,30.19,1
8.81,17.28,46.04,27.6,16.49,185.18,3.01,16.2,0
3.19,35.37,120.59,37.92,6.94,130.29,3.31,23.92,0
9.91,43.89,68.95,27.07,4.45,95.23,4.05,22.89,0
7.76,22.89,71.91,49.46,10.09,9.49,3.08,30.66,0
0.26,10.52,37.02,26.99,6.07,58.83,1.64,25.59,0
15.18,30.84,38.83,31.14,4.66,22.1,2.68,31.63,0
12.26,25.74,77.62,29.32,6.9,125.94,3.56,40.09,0
5.49,29.96,36.28,34.22,1.45,97.85,4.44,30.88,0
14.07,30.39,70.18,31.04,19.57,17.98,4.64,23.78,0
34.37,59.31,83.27,45.0,6.4,80.34,2.34,28.25,1
0.0,14.33,37.76,22.86,15.66,58.19,2.09,22.75,0
3.47,11.79,61.16,49.3,19.64,65.31,3.13,34.3,0
3.79,22.97,81.61,32.8,10.06,148.71,4.74,26.86,0
13.74,23.46,63.41,38.02,4.8,35.59,4.57,22.18,0
1.47,45.43,113.5,46.27,1.61,89.7,4.4,30.4,1
12.94,36.15,55.42,41.74,10.6,57.53,1.28,26.75,0
2.03,11.11,31.23,16.95,11.33,45.04,2.38,35.0,0
0.0,24.33,29.0,21.31,9.43,24.76,0.92,31.07,0
5.97,30.49,50.69,29.78,13.2,40.83,1.27,27.36,0
1.91,22.82,39.42,41.4,13.48,88.64,2.68,33.29,0
6.83,16.9,41.84,29.93,9.18,97.5,2.09,34.07,0
9.13,41.87,70.38,51.47,8.55,40.08,3.2,26.7,0
0.0,32.94,60.37,53.03,12.45,446.51,3.86,32.65,1
2.51,10.41,26.39,28.91,8.21,163.76,1.38,33.88,0
5.98,11.29,38.29,50.31,2.84,23.59,2.23,22.2,0
14.13,25.33,53.19,30.35,3.58,74.3,1.17,26.69,0
12.36,39.04,91.32,41.79,5.82,17.64,3.04,22.94,0
0.55,11.48,18.28,31.15,13.55,83.99,2.96,38.36,0
4.12,28.71,46.82,45.01,5.18,135.94,2.89,33.03,0
9.71,42.41,54.77,43.56,7.28,38.87,4.56,31.14,1
3.65,7.68,61.63,34.45,14.44,64.92,2.06,26.14,0
0.92,32.51,36.26,25.58,10.09,54.2,1.22,25.76,0
5.0,20.24,77.58,40.94,14.02,50.22,1.03,17.57,0
8.65,72.28,82.01,43.87,8.11,29.98,4.88,28.47,1
0.21,14.96,74.27,48.17,4.23,54.87,3.31,24.28,0
10.97,20.42,33.3,45.1,6.42,143.1,2.63,32.01,0
6.48,29.03,68.44,33.62,13.03,83.74,2.13,32.58,0
11.42,35.0,47.01,27.7,4.82,89.35,0.93,31.43,0
4.83,77.67,109.24,46.83,9.49,39.84,4.1,26.99,1
29.97,42.72,72.88,25.11,2.08,147.27,2.8,29.73,1
8.45,23.04,37.21,45.04,5.73,87.42,3.99,35.05,0
12.88,23.78,47.82,25.35,9.57,59.21,0.97,29.66,0
10.92,30.78,47.25,33.62,14.19,124.06,2.56,37.18,1
4.03,18.58,29.79,17.68,9.76,36.98,3.42,26.04,0
7.54,22.27,148.66,42.43,8.38,108.93,4.14,26.94,1
1.57,52.19,53.42,39.31,3.04,45.47,2.06,25.19,0
28.07,38.63,72.05,27.91,27.13,31.73,3.17,26.96,1
9.62,32.33,50.56,29.6,17.63,76.84,3.46,19.19,0
0.68,48.85,66.55,50.89,9.33,395.09,3.91,33.71,1
22.54,35.36,54.35,38.0,10.33,25.4,3.69,27.72,1
4.38,19.28,48.35,29.43,10.83,72.03,1.83,17.78,0
14.86,30.63,122.12,32.17,1.59,109.78,4.95,21.33,1
0.0,5.85,38.79,42.4,7.28,26.84,3.44,25.96,0
18.82,32.56,48.49,48.06,33.35,47.93,1.56,32.13,1
9.16,14.63,31.17,10.01,8.72,65.15,4.01,31.06,0
0.39,62.0,67.08,23.17,5.45,52.48,2.71,27.28,0
8.97,20.66,33.79,38.1,12.61,66.8,0.39,31.27,0
25.59,58.52,91.77,33.61,9.53,257.53,5.01,27.55,1
1.71,21.08,60.65,43.33,7.89,72.56,3.1,25.96,0
1.65,9.61,45.35,27.29,15.19,127.99,3.36,38.6,0
3.93,17.38,35.37,42.87,21.66,18.38,3.42,26.38,0
5.9,15.95,42.25,19.44,7.83,54.33,2.76,26.92,0
15.87,24.67,79.92,35.37,8.32,71.77,5.01,33.41,0
9.77,20.25,65.56,33.03,9.84,105.26,2.26,33.87,0
3.92,25.99,44.4,38.33,18.7,16.74,4.47,31.82,0
7.96,31.57,49.95,33.08,1.97,57.47,0.99,26.85,0
29.44,52.44,113.28,40.73,9.74,15.48,5.42,29.63,1
11.79,33.81,54.44,30.4,3.47,30.54,3.22,25.8,0
4.66,28.1,40.79,14.13,10.23,106.21,3.73,28.86,0
3.73,14.11,54.62,29.75,17.7,76.75,1.7,23.71,0
7.38,34.31,87.07,31.7,3.24,190.69,3.94,19.86,0
15.68,23.92,37.86,35.44,11.02,93.67,4.73,13.52,0
1.08,12.15,68.33,30.14,16.32,21.85,2.29,17.95,0
13.57,16.23,95.11,46.58,9.76,32.89,3.34,26.18,1
4.51,11.9,55.9,29.57,5.8,73.25,4.79,29.59,0
5.61,28.91,32.85,28.68,12.46,39.42,4.34,32.43,0
51.26,76.44,100.84,41.03,1.29,103.44,4.33,28.41,1
12.16,19.87,86.99,33.04,2.61,57.81,1.67,28.82,0
2.07,10.51,64.28,36.21,6.84,250.11,2.33,33.9,0
9.13,15.26,15.83,13.83,7.93,7.7,0.2,26.4,0
16.48,40.27,72.4,40.72,16.34,199.15,5.75,36.27,0
12.31,19.21,53.97,35.02,5.84,19.8,2.8,29.29,0
0.0,37.27,90.94,43.99,7.06,38.17,3.11,22.91,0
15.92,26.49,38.05,41.58,13.11,47.61,2.84,17.11,1
19.25,35.39,76.52,54.77,21.04,14.33,2.79,24.52,1
11.21,30.44,78.41,34.92,4.92,105.65,3.14,36.16,0
0.0,37.38,59.72,27.76,7.58,70.73,2.99,16.57,0
0.39,51.03,72.46,32.78,6.56,43.39,2.29,25.56,0
5.72,27.01,90.77,52.93,9.44,173.23,2.09,26.25,0
0.0,27.63,49.43,24.02,14.02,20.49,3.0,16.25,0
11.4,18.81,34.62,53.55,9.68,48.91,4.08,24.72,0
4.03,51.27,58.29,35.49,9.77,158.7,1.83,25.58,0
2.97,31.55,62.71,38.22,12.85,52.84,4.56,22.75,0
6.81,91.59,110.98,56.77,8.28,45.52,3.76,30.18,1
7.52,24.52,44.31,28.92,3.06,86.89,2.83,43.0,0
7.93,16.31,44.62,35.73,13.99,41.45,2.95,31.91,0
4.6,17.36,75.52,48.21,3.62,334.35,2.06,29.76,0
3.94,40.65,92.64,31.15,14.81,49.78,2.84,25.13,0
10.48,58.11,104.0,26.99,32.45,29.57,3.29,26.75,0
8.96,70.69,87.32,40.92,1.7,84.62,3.49,38.28,1
3.14,12.09,50.96,22.61,1.83,103.18,3.5,34.74,0
1.94,6.54,12.03,30.75,18.22,48.85,2.94,25.6,0
8.92,24.28,56.89,32.52,5.42,102.01,1.95,30.48,0
14.65,22.01,36.77,40.01,5.68,47.26,4.67,25.91,0
34.05,67.12,97.5,48.86,4.37,44.86,2.79,32.35,1
0.28,14.89,34.12,16.19,3.02,261.27,1.55,26.25,0
0.0,13.27,39.15,27.68,13.02,45.17,2.09,29.97,0
23.09,36.42,39.17,20.67,1.72,42.38,4.31,38.08,0
0.21,12.41,130.05,49.43,5.45,243.41,4.67,32.27,0
2.84,7.4,38.16,20.49,19.1,150.11,0.2,34.18,0
24.33,32.22,89.54,48.82,4.26,46.1,3.63,26.8,1
41.72,69.98,105.73,27.39,12.97,151.67,5.18,26.56,1
2.57,9.07,11.77,25.95,5.29,77.54,2.74,14.82,0
0.0,27.47,59.31,27.5,10.56,56.28,2.08,32.88,0
19.14,37.84,41.84,27.71,11.79,54.23,2.02,23.33,0
5.52,42.37,58.64,29.77,11.48,55.77,3.95,25.51,0
7.35,24.52,50.8,33.25,5.89,198.04,3.43,28.32,0
9.44,17.85,38.5,21.25,8.56,76.45,2.47,35.33,0
0.59,8.68,15.86,23.27,5.16,23.19,0.2,29.75,0
8.92,12.11,19.28,43.65,5.34,22.13,1.81,21.56,0
0.0,9.01,59.71,35.1,16.44,22.49,3.08,29.21,0
5.29,19.45,77.79,51.87,6.98,102.96,4.42,23.71,0
17.41,57.4,98.43,40.0,3.18,81.54,3.66,29.63,1
6.66,35.04,96.58,35.73,3.49,92.96,2.49,24.19,0
5.49,18.35,135.91,36.26,26.67,30.73,5.48,34.17,0
6.65,13.53,46.66,36.95,16.67,34.27,3.77,43.0,1
0.0,24.33,76.16,51.08,21.57,75.92,3.14,38.4,0
19.19,28.85,52.46,43.19,9.42,294.14,1.65,33.33,1
0.0,6.99,18.41,33.88,6.1,25.52,0.92,36.12,0
23.09,47.58,52.05,45.27,5.33,80.87,1.26,43.0,1
2.94,10.84,89.13,46.06,4.85,24.03,3.4,29.71,0
9.68,41.38,53.64,42.22,7.53,17.96,3.06,32.69,0
0.0,3.38,19.36,35.64,4.37,108.45,1.87,30.39,0
13.5,21.32,46.52,40.59,19.34,104.33,5.12,22.14,0
11.19,18.62,135.39,37.3,3.83,15.47,5.4,24.99,0
10.45,40.17,72.61,31.64,10.56,96.75,3.24,27.78,0
0.0,16.5,35.48,47.19,8.77,55.45,2.61,22.98,0
0.84,30.0,83.19,32.95,7.03,75.92,4.83,19.66,0
8.98,15.07,41.46,22.14,15.32,129.69,3.88,23.31,0
18.69,47.14,70.22,41.2,8.56,52.53,4.36,29.16,1
0.29,26.79,67.62,34.31,4.29,63.43,5.8,25.77,0
0.39,8.34,28.67,43.52,9.69,155.98,2.96,32.51,0
8.29,16.86,99.53,28.47,27.27,11.39,4.52,39.51,0
47.57,56.29,135.44,36.08,4.99,16.35,6.43,32.98,1
1.49,55.21,111.22,60.46,8.41,33.74,4.69,20.59,1
2.87,18.42,31.77,22.02,3.49,44.46,1.28,21.04,0
2.06,7.4,29.57,24.46,17.9,144.44,1.98,18.36,0
4.53,12.84,60.67,32.05,13.41,20.73,3.85,27.24,0
20.13,95.92,117.68,23.57,22.21,31.07,5.66,29.59,1
4.92,23.54,43.42,36.57,5.74,47.15,3.38,22.64,0
51.36,65.42,99.66,28.82,32.85,27.66,5.02,34.28,1
6.34,9.65,22.12,33.95,11.69,126.89,3.01,25.09,0
21.99,29.28,53.37,19.77,8.8,15.85,3.59,37.42,1
3.31,40.96,57.93,40.73,10.37,20.9,3.95,35.14,1
0.0,19.24,28.04,27.6,7.39,41.68,0.81,24.19,0
4.9,12.44,50.32,31.55,15.42,35.02,2.85,22.15,0
10.63,82.57,92.74,45.39,6.08,42.47,4.89,26.93,1
0.88,19.72,26.22,37.22,5.13,69.27,1.46,27.48,0
18.85,102.6,107.41,43.0,12.99,80.95,4.25,36.11,1
2.31,8.44,47.64,32.51,6.04,83.09,0.77,22.26,0
0.0,4.48,14.14,22.72,25.65,34.07,1.42,29.93,0
43.66,59.04,71.42,40.01,8.07,94.34,4.4,33.8,1
0.67,4.05,58.23,46.94,8.31,51.0,6.2,25.9,0
2.15,13.75,17.71,32.58,9.38,192.43,1.17,37.94,0
12.65,38.01,57.68,24.04,4.12,102.13,2.26,20.26,0
3.1,26.2,39.64,31.49,10.4,99.84,5.05,27.95,0
0.0,18.53,68.62,30.13,10.44,109.1,5.59,20.39,0
1.66,9.34,27.58,19.49,12.24,37.23,4.15,27.81,0
33.98,66.21,78.82,35.13,6.33,32.25,2.27,34.79,1
11.06,25.01,46.38,36.04,7.56,52.37,4.14,20.3,0
13.57,14.81,41.9,37.63,3.65,164.29,3.36,27.76,0
7.8,14.36,19.46,32.5,0.31,27.47,3.86,37.71,0
9.52,16.19,29.21,23.42,12.0,123.25,2.06,32.63,0
2.66,38.99,89.63,31.12,14.3,42.41,5.08,27.21,0
6.6,13.17,32.37,18.6,2.77,56.32,2.38,22.21,0
0.0,22.34,80.11,36.68,1.64,61.11,4.71,22.74,0
16.33,18.58,95.57,45.35,11.17,19.44,3.63,29.93,1
2.61,27.45,86.16,42.97,5.64,26.91,5.82,31.49,0
0.0,3.22,65.9,27.13,8.88,106.55,3.52,24.24,0
7.12,42.52,69.33,50.79,15.65,83.37,2.38,29.53,0
4.02,18.01,27.91,31.52,1.57,42.58,2.55,25.4,0
15.75,44.77,98.44,47.49,6.84,50.7,1.57,25.48,1
5.07,18.37,85.5,43.52,8.57,107.27,4.1,27.82,0
1.56,10.47,46.52,19.74,10.53,211.47,2.83,30.94,0
5.26,8.24,24.76,35.56,5.21,121.9,2.41,30.95,0
24.37,26.26,42.82,45.13,2.09,58.76,4.95,38.4,0
16.28,24.99,89.61,30.61,5.84,173.72,3.52,17.63,0
11.03,26.91,34.86,22.09,20.82,108.47,2.61,17.9,0
16.99,21.81,24.49,32.73,15.78,46.18,4.46,14.73,1
11.99,71.72,110.08,43.34,8.13,26.14,5.91,22.41,1
0.41,42.11,66.9,40.35,6.14,11.23,4.44,30.84,1
13.69,27.55,79.21,28.41,16.49,64.25,2.78,24.18,0
19.02,64.72,93.55,46.24,11.09,28.2,6.25,21.83,1
20.05,34.26,73.25,22.65,9.77,42.81,2.78,26.94,0
0.0,4.92,57.42,31.24,17.6,24.25,4.39,33.43,0
2.17,14.47,62.21,37.78,16.53,33.81,4.16,32.78,0
1.43,28.04,59.05,28.0,8.26,138.11,4.14,31.87,0
3.25,10.97,93.65,40.62,9.13,98.06,5.21,30.08,0
9.77,60.75,129.81,55.36,9.89,351.64,5.5,18.73,1
6.89,16.91,77.1,30.14,5.48,13.23,4.63,36.01,0
6.89,36.24,59.65,31.16,11.97,57.78,2.98,31.38,0
0.0,13.15,34.19,9.67,2.06,85.03,2.42,26.46,0
1.98,8.99,16.83,29.18,2.37,135.08,1.26,30.3,0
21.47,25.78,65.72,47.22,12.99,53.47,3.55,24.28,1
18.94,50.74,76.06,27.95,2.37,55.04,2.29,40.73,1
4.94,25.49,109.87,38.24,31.05,95.14,4.56,29.52,1
13.73,21.95,96.75,49.69,6.56,40.61,4.49,25.0,0
8.77,41.01,51.43,46.24,7.55,37.24,2.83,29.95,0
15.33,23.91,28.95,29.09,1.76,84.12,0.65,25.54,0
14.36,34.09,47.19,24.29,2.15,33.48,2.61,32.09,0
5.56,27.94,116.75,39.74,22.07,102.14,4.03,24.62,0
11.1,77.3,194.48,60.96,1.79,21.81,7.43,30.68,1
9.47,73.0,120.58,38.28,2.77,42.07,5.01,37.42,1
5.78,14.49,65.19,31.09,10.07,46.31,2.65,31.05,0
4.11,11.03,18.71,21.45,7.68,116.75,1.06,35.18,0
30.05,48.33,77.08,45.75,7.82,81.68,2.01,17.92,1
5.79,41.06,129.32,47.06,14.94,182.19,6.17,29.48,1
12.85,14.59,28.88,24.65,7.85,192.59,2.27,32.65,0
28.06,81.22,125.27,45.9,8.88,202.6,5.5,20.09,1
11.08,21.76,72.45,40.74,3.59,57.88,2.77,34.56,1
10.54,44.74,58.11,19.72,18.58,55.6,3.85,29.73,0
5.83,16.65,57.37,38.06,0.81,24.09,2.02,30.44,1
9.67,59.12,63.27,46.64,12.33,38.01,2.23,23.79,0
3.55,14.19,33.4,23.67,18.92,30.41,1.57,23.03,0
56.78,84.26,105.85,35.3,5.56,20.3,3.32,31.17,1
0.0,16.17,37.54,40.91,9.22,69.75,1.52,32.8,0
4.54,9.19,30.69,12.99,2.83,271.54,0.58,27.23,0
11.28,21.47,88.18,59.45,10.13,145.52,1.9,23.54,1
10.55,11.89,29.75,20.25,9.03,130.58,2.7,17.75,1
3.54,12.42,169.23,47.79,1.19,22.52,5.48,30.03,0
0.0,21.71,42.05,23.2,11.08,228.56,2.11,22.98,0
0.0,47.67,55.66,23.21,8.5,17.0,5.28,25.11,1
7.53,22.97,38.69,34.39,10.19,31.04,4.21,27.83,0
0.0,81.47,137.55,51.47,8.0,21.69,5.23,32.96,1
12.17,50.2,79.56,31.52,12.93,184.98,4.63,32.71,0
20.49,27.78,62.42,22.08,4.68,121.96,2.55,26.14,0
14.56,31.0,49.95,28.72,5.9,36.75,3.16,30.06,1
17.61,42.94,49.54,37.14,8.15,141.91,1.28,22.34,0
0.0,10.99,13.25,26.95,18.52,45.74,0.78,29.57,0
3.79,25.31,39.17,33.56,6.15,37.35,1.45,25.58,0
0.15,9.48,31.71,27.06,3.6,91.71,2.25,29.71,0
0.0,16.02,36.86,10.46,2.6,11.65,4.36,35.48,0
2.5,45.89,62.95,20.55,6.89,80.59,3.32,22.15,0
27.45,37.57,62.47,44.58,6.52,41.72,1.55,19.1,1
34.34,37.53,91.67,41.78,10.32,55.89,4.11,25.29,1
0.58,65.86,82.59,28.58,3.81,97.91,4.38,34.22,0
6.38,38.86,81.44,37.14,6.92,71.56,2.56,19.44,0
9.51,33.85,57.77,50.32,12.69,38.5,3.03,23.29,0
3.84,55.79,151.83,43.94,22.23,55.54,6.02,32.68,0
21.89,55.97,93.22,39.98,1.84,49.21,6.49,35.8,1
2.58,13.46,21.32,34.05,7.33,39.16,2.55,21.88,0
1.7,66.38,85.26,32.9,8.74,18.81,3.32,23.66,0
0.78,22.41,51.93,56.41,3.8,77.08,3.78,24.9,1
3.79,33.78,76.8,35.95,3.41,171.3,5.61,31.51,0
4.11,6.14,36.42,41.37,6.32,190.39,3.13,37.1,0
6.92,12.55,21.86,35.48,16.0,65.57,2.47,24.65,0
7.51,11.84,29.96,37.0,10.67,43.47,2.07,29.61,0
0.0,3.98,33.28,36.43,3.78,15.0,2.99,32.87,0
7.33,33.41,82.67,24.06,11.59,8.38,1.75,30.57,0
7.13,14.14,102.0,28.99,0.75,168.26,4.42,23.5,1
7.34,28.1,72.78,50.75,3.81,113.56,0.66,29.62,0
14.86,48.17,101.5,32.63,1.94,10.08,5.52,22.54,0
10.74,19.41,32.28,46.86,9.04,38.59,3.29,36.86,0
0.0,6.84,60.76,22.26,5.38,14.86,3.66,30.56,0
9.22,11.43,59.0,31.02,9.33,88.35,6.05,27.3,0
12.7,53.87,84.99,40.23,22.83,82.36,3.63,31.9,0
5.74,14.8,80.42,34.62,0.55,105.77,4.7,27.09,0
0.0,54.15,85.46,45.7,9.39,92.86,4.72,28.26,1
0.0,23.98,53.25,51.27,5.57,14.93,2.42,22.21,0
4.09,50.26,76.77,30.69,5.3,39.5,2.49,24.12,0
0.0,3.56,56.28,25.27,5.25,98.77,3.63,32.45,0
0.0,28.94,44.76,35.92,7.23,44.95,3.96,14.76,0
0.0,29.66,63.16,39.44,0.56,42.94,2.75,37.28,0
6.1,45.44,107.11,33.26,6.65,74.95,4.19,31.43,1
14.72,22.0,31.41,45.45,8.52,85.31,2.6,26.16,1
8.55,18.07,41.01,24.35,8.59,43.32,4.65,17.4,0
24.38,64.59,80.5,44.44,1.18,122.95,4.19,28.58,1
3.16,5.85,25.85,29.51,2.72,86.72,1.4,30.93,0
3.15,9.47,20.33,37.71,17.64,73.21,2.36,32.96,0
0.55,28.88,38.44,22.22,11.75,95.83,1.71,22.54,0
39.93,50.76,67.07,41.31,11.49,42.32,3.57,21.93,1
0.0,12.7,19.67,10.15,1.39,46.4,1.02,27.55,0
13.65,14.25,32.61,29.13,9.04,32.19,0.2,24.96,0
15.04,66.08,142.49,42.1,5.66,62.24,6.17,26.33,1
14.39,26.06,28.94,33.53,9.56,20.63,2.66,24.52,1
0.86,27.73,61.63,51.65,4.63,74.52,0.27,31.31,0
4.59,45.71,55.45,26.64,14.77,51.61,3.92,27.21,1
11.65,24.05,41.75,34.16,8.24,72.02,2.36,33.77,0
1.79,28.94,40.26,27.07,1.54,32.04,2.7,27.74,0
3.61,55.65,63.82,47.9,2.02,93.42,5.18,28.76,1
1.88,33.51,56.22,37.55,3.93,49.86,3.01,31.29,0
6.69,29.69,41.61,28.19,34.06,74.87,2.96,38.03,0
6.11,37.55,84.66,45.74,11.51,176.98,4.34,27.65,0
28.44,63.51,78.86,28.06,9.47,225.04,3.9,30.45,1
11.93,27.21,151.24,51.6,26.49,28.83,5.91,37.05,1
0.0,52.96,72.37,34.78,10.12,57.32,3.08,26.86,0
0.0,19.44,55.74,40.22,8.84,67.03,1.98,27.54,0
13.9,50.75,104.16,24.26,6.43,73.85,2.98,18.38,1
6.02,11.83,33.56,23.45,2.54,24.28,2.54,24.1,0
37.95,53.95,98.97,38.31,8.36,80.19,5.39,33.94,1
37.85,45.52,60.18,20.66,3.29,45.09,1.95,29.2,1
0.52,25.21,42.79,15.82,5.61,84.31,2.4,33.68,0
8.71,13.97,51.15,43.49,10.14,24.96,2.16,19.7,0
0.0,31.68,56.44,32.53,2.35,186.93,3.47,25.31,0
13.66,40.12,100.48,53.43,7.77,106.17,5.56,33.1,1
32.13,46.23,69.91,36.01,3.72,55.22,4.47,27.53,1
7.28,41.27,139.74,58.02,19.89,102.44,5.53,27.41,1
2.95,8.8,50.2,22.96,13.41,76.44,4.42,27.71,0
9.81,41.33,122.02,50.62,4.27,51.4,4.5,31.04,0
16.72,23.33,33.02,17.39,11.46,43.9,3.14,19.14,0
16.83,25.87,43.82,35.82,18.02,48.63,1.7,26.01,1
3.01,44.21,64.21,55.72,12.29,114.76,3.62,20.65,1
1.67,43.47,66.75,32.62,9.78,177.27,4.89,16.4,0
8.14,32.68,59.02,37.31,7.47,29.33,2.34,28.39,0
3.42,83.6,234.29,60.1,4.4,16.56,7.83,32.4,1
21.89,78.59,132.06,49.55,6.88,152.74,5.52,34.46,1
3.34,17.31,26.5,28.69,1.96,48.49,2.02,36.12,0
6.6,13.05,91.53,61.15,1.01,52.97,4.98,28.97,1
9.53,41.16,59.85,37.93,8.89,18.15,2.87,24.41,0
0.0,20.16,44.86,24.29,10.49,74.49,2.57,29.59,0
2.08,29.42,47.01,26.94,2.75,14.86,2.94,30.46,0
36.53,65.87,105.61,54.36,5.18,193.21,6.29,25.2,1
16.02,24.15,32.3,27.52,4.58,32.57,3.28,32.68,0
3.26,9.18,119.65,55.5,14.02,91.76,5.09,34.01,1
13.72,41.5,55.63,42.66,10.5,64.33,3.79,32.42,0
21.56,48.64,73.81,33.67,20.04,125.86,2.24,27.11,1
4.26,8.27,23.5,23.36,3.19,38.82,4.46,23.8,0
15.25,24.27,30.05,34.59,12.64,29.99,2.98,29.99,0
13.11,19.07,22.98,19.11,4.79,280.14,2.9,30.28,0
0.0,18.03,68.75,46.69,22.88,21.2,3.86,20.07,0
4.29,20.24,56.44,28.55,19.15,92.97,4.38,20.85,0
29.12,31.05,49.6,31.66,4.97,32.54,1.72,23.82,0
35.64,53.81,89.48,42.57,8.28,20.47,4.06,28.55,1
16.15,37.88,50.7,36.81,8.04,58.52,2.8,26.29,0
1.91,24.59,41.76,22.9,7.35,88.03,4.1,34.05,0
0.0,5.99,17.24,10.02,15.14,25.51,1.58,27.73,0
1.27,17.68,25.15,23.54,11.98,66.13,1.57,31.03,0
0.0,45.58,56.42,36.81,15.81,35.55,1.8,26.59,0
31.05,40.19,50.58,41.82,11.27,63.62,3.06,36.28,0
0.0,43.71,78.13,24.64,9.03,223.8,2.62,34.64,0
0.0,11.07,36.08,30.16,18.69,56.91,1.4,16.58,1
7.94,45.38,65.75,20.52,3.21,174.76,3.01,26.95,0
5.96,32.8,63.3,13.62,7.01,23.94,1.56,34.49,0
27.85,45.3,59.11,54.23,8.87,56.73,1.58,28.15,0
12.25,35.73,44.39,27.59,23.33,57.26,1.83,25.28,1
4.82,39.3,52.18,34.83,3.92,172.44,4.99,18.41,0
22.27,27.21,55.86,40.91,3.21,124.78,4.14,17.92,1
3.08,51.75,65.72,51.6,5.26,49.4,3.08,32.83,0
29.9,53.98,78.73,35.63,5.1,112.9,4.11,31.96,1
0.71,6.75,28.36,23.0,12.31,89.8,3.08,25.65,0
5.65,40.17,57.8,28.81,0.53,37.07,4.26,20.99,0
0.0,18.68,24.07,26.54,24.04,38.91,0.74,28.48,0
17.0,45.57,60.79,34.62,2.81,41.2,3.61,28.02,1
7.38,23.09,54.42,33.72,29.55,135.58,2.75,24.29,0
29.97,61.34,110.87,37.19,9.34,93.09,5.28,36.96,1
4.04,13.54,60.79,24.79,3.22,85.09,2.02,21.63,1
0.0,12.46,56.63,48.93,3.48,201.73,3.03,36.7,0
10.59,37.23,44.66,31.79,33.05,48.26,2.35,43.0,0
2.23,51.4,112.79,35.04,6.96,23.47,2.84,39.84,0
14.63,32.0,43.72,14.49,6.87,163.68,2.24,32.61,0
0.79,33.27,49.74,34.79,12.08,105.22,2.55,25.09,0
25.36,55.71,83.66,36.03,9.46,16.61,3.11,29.14,1
6.6,53.37,110.88,34.7,7.03,104.08,3.57,22.32,1
4.85,11.85,22.43,35.52,7.7,19.47,0.56,19.54,0
23.83,46.83,194.29,45.04,12.26,24.22,7.06,24.7,1
17.25,38.54,61.18,35.63,10.91,97.52,3.49,23.81,0
1.35,24.35,46.6,36.85,20.16,204.83,1.99,27.01,0
16.76,27.55,53.6,23.77,7.79,229.79,2.04,22.06,0
13.44,31.22,79.54,38.71,12.73,37.6,3.56,30.59,0
5.28,42.53,85.97,36.27,16.07,70.64,4.51,24.78,0
15.43,22.82,31.95,35.31,8.26,97.29,2.94,25.01,0
25.25,51.76,88.71,45.78,7.42,58.31,3.87,26.19,1
5.52,20.12,57.79,11.87,14.74,28.53,2.21,20.37,0
5.55,27.47,92.8,43.78,4.38,17.12,4.77,21.94,0
5.11,19.15,22.45,32.54,11.62,40.14,2.8,23.76,0
1.17,38.39,108.86,58.36,11.99,74.29,3.7,18.24,1
5.43,11.6,71.21,42.7,17.26,41.89,4.69,29.2,0
4.57,26.67,81.96,39.81,12.4,268.78,2.08,27.94,0
4.15,43.73,124.34,41.28,15.72,85.65,5.7,28.53,0
4.04,27.3,88.45,28.71,14.35,108.23,3.94,21.34,1
0.0,8.71,48.51,36.28,4.02,50.34,2.78,37.99,1
19.0,27.4,50.14,27.5,12.24,125.86,3.56,29.9,1
2.07,23.86,32.66,23.77,18.27,102.18,2.38,30.46,0
0.37,3.28,14.91,25.85,8.95,52.78,1.5,24.77,0
32.17,59.53,132.66,49.48,12.64,18.01,6.88,30.67,1
3.38,7.56,26.97,38.58,6.71,96.96,4.89,26.33,0
16.96,23.25,45.74,34.24,21.34,107.25,0.52,36.07,1
7.28,62.76,98.03,43.11,2.92,7.83,4.55,17.49,0
0.0,48.41,68.12,32.51,15.83,141.84,3.52,29.1,0
0.0,12.62,46.92,28.35,2.2,25.94,1.76,27.34,0
1.66,43.3,65.03,33.0,18.17,58.39,7.26,31.11,0
3.03,11.8,40.76,33.29,6.37,230.02,2.68,36.49,0
5.78,33.33,67.92,25.01,1.11,121.24,1.93,34.58,0
9.42,53.37,68.52,27.16,6.09,133.85,3.17,28.6,0
4.72,14.86,50.03,41.72,10.11,53.87,5.08,29.38,1
8.82,12.95,32.51,30.79,10.97,153.89,4.46,15.8,0
10.64,30.57,117.47,18.9,9.87,32.38,7.66,28.2,1
4.4,14.1,17.17,32.15,1.71,42.29,3.16,37.48,0
13.21,23.58,85.09,39.09,7.11,28.58,1.85,27.7,0
16.47,22.72,42.6,33.53,2.43,28.35,1.84,24.23,0
10.95,11.45,58.01,34.07,4.59,192.17,2.65,22.22,0
11.66,22.92,44.87,47.35,14.45,81.97,2.96,26.38,0
7.89,20.22,60.44,34.43,7.01,96.19,1.8,27.03,0
20.63,29.37,64.54,14.36,7.69,154.78,1.41,20.5,0
5.97,11.99,34.0,43.13,2.79,418.77,2.06,28.93,0
1.74,36.67,49.02,42.12,5.02,21.31,3.34,30.15,0
6.22,29.6,66.33,29.56,7.43,21.73,5.27,25.61,0
0.0,4.49,53.54,28.82,8.73,41.46,4.32,35.0,0
0.0,20.83,26.08,37.73,6.07,107.93,2.86,28.73,0
16.55,24.33,50.27,57.3,12.16,36.46,2.9,25.59,1
26.95,59.7,68.74,40.87,1.34,628.21,3.56,35.61,1
3.58,12.46,56.43,27.55,10.47,85.56,3.36,25.31,0
16.71,54.2,57.38,40.03,18.85,62.89,2.02,27.45,0
0.0,35.59,47.95,26.3,19.51,45.57,1.11,23.4,0
10.99,36.45,56.13,26.96,9.27,67.32,2.37,16.96,0
6.0,14.68,44.26,30.45,6.42,76.53,2.39,14.7,0
30.99,45.02,70.59,43.46,3.36,54.67,2.5,29.91,1
4.86,20.42,82.69,47.4,2.47,71.21,4.2,29.57,0
0.12,19.27,90.81,27.31,4.89,231.85,3.65,24.69,0
0.0,39.76,89.77,33.52,7.33,39.91,2.72,32.25,0
6.22,18.94,39.27,16.19,3.3,113.62,1.36,33.3,0
7.87,40.12,67.69,45.42,6.61,70.11,5.4,24.82,0
4.4,9.85,27.4,32.74,9.4,20.82,3.42,20.38,0
17.09,26.66,48.84,36.24,16.25,46.6,2.34,26.88,0
24.37,32.31,101.31,41.26,9.35,31.43,3.73,26.66,1
3.51,36.14,119.95,46.53,10.66,82.44,5.77,26.73,1
0.0,45.19,100.31,43.61,7.51,88.38,5.23,35.21,0
8.89,19.77,54.23,36.75,4.42,89.12,1.53,28.92,0
21.02,29.42,57.53,26.66,22.88,69.48,1.78,31.01,1
3.54,17.96,49.99,40.98,13.39,53.77,2.57,26.72,0
11.66,19.1,48.14,43.71,7.68,43.59,3.2,18.76,0
0.0,11.22,66.67,37.9,4.24,93.12,2.81,36.64,0
8.63,23.07,60.1,32.57,13.95,190.32,4.43,33.48,0
11.9,26.46,51.12,50.31,27.96,101.44,4.13,20.18,1
8.93,12.24,59.06,41.09,7.31,73.9,1.25,27.87,1
38.32,49.05,75.46,22.51,9.49,111.48,4.71,29.9,1
26.66,79.93,95.15,46.14,12.19,34.37,5.3,23.88,0
14.06,18.11,31.22,40.28,16.66,102.29,3.79,34.44,0
19.18,38.13,43.43,30.45,11.14,48.81,3.07,25.92,0
8.55,26.06,144.56,36.52,4.39,39.22,5.85,27.42,0
5.64,70.05,109.1,53.63,6.0,21.39,4.89,27.43,0
2.88,21.17,54.43,36.47,15.13,141.58,4.95,31.57,0
0.0,50.18,58.92,45.56,14.63,55.93,3.79,27.63,1
27.78,45.66,56.43,36.08,4.66,79.69,2.51,28.03,1
39.6,50.0,83.02,23.06,11.36,101.05,4.5,27.77,1
6.43,25.13,48.12,39.36,1.87,53.8,2.65,27.37,0
6.58,11.81,20.57,34.55,4.8,50.32,0.95,29.03,0
12.45,32.45,44.07,23.43,5.75,71.99,2.02,22.16,0
4.89,16.2,33.48,53.18,5.22,44.06,0.62,30.03,1
0.21,10.67,43.4,23.71,4.9,36.25,3.43,28.55,0
0.0,34.63,50.57,26.59,10.39,154.08,3.9,39.4,0
38.42,51.64,70.6,50.46,3.55,44.87,2.05,18.03,1
0.0,2.17,5.69,13.91,6.25,30.72,1.19,20.61,0
9.34,33.49,66.21,34.77,25.03,153.46,1.62,21.4,0
0.0,28.16,43.34,25.79,4.15,52.15,2.08,32.21,0
5.27,75.87,144.53,48.0,5.54,15.69,4.18,33.22,1
3.48,23.39,88.49,30.2,6.67,41.85,4.18,27.65,0
0.0,12.31,46.56,50.53,11.73,64.51,3.22,23.8,0
12.92,37.36,80.68,29.86,6.42,143.85,3.15,24.49,0
0.0,5.62,80.7,44.61,9.34,40.94,2.05,24.74,0
0.0,10.43,56.29,21.04,8.54,38.64,1.51,31.0,0
14.47,40.87,70.37,34.69,5.9,133.87,2.82,25.69,1
3.5,17.54,30.42,41.89,9.52,41.58,2.81,26.94,0
1.24,4.08,41.04,32.95,1.86,35.4,3.07,14.13,0
15.41,28.54,40.43,43.46,6.81,21.96,3.89,25.87,0
0.0,18.48,93.1,38.21,13.64,31.48,4.44,24.39,0
0.0,13.56,25.02,34.97,3.92,130.59,2.88,20.8,0
22.89,26.21,48.92,34.67,7.97,50.41,3.77,32.88,0
33.95,34.86,43.1,23.24,3.57,60.14,0.64,22.6,1
5.06,35.17,39.51,41.85,5.13,146.71,4.5,30.27,0
4.96,32.69,101.3,33.87,10.32,47.56,4.38,22.05,1
16.32,25.75,49.29,37.15,9.89,27.89,2.71,29.81,0
20.79,29.87,119.0,42.54,4.52,173.68,6.18,21.56,0
0.18,12.65,55.85,36.83,3.13,30.95,4.7,27.22,0
3.82,35.1,45.61,32.7,10.24,155.46,5.7,28.14,0
8.48,27.14,150.05,67.68,14.68,35.61,3.39,34.75,1
15.38,57.96,83.08,44.79,1.66,56.48,5.21,18.23,0
13.74,32.03,100.5,37.83,12.05,67.54,4.38,36.91,1
11.5,19.27,47.22,30.78,4.47,21.25,5.23,27.58,0
20.74,30.51,44.0,32.1,2.63,44.63,1.26,31.8,1
5.62,30.46,65.13,31.8,3.42,63.4,1.19,27.14,0
28.01,78.06,147.85,37.23,5.2,32.29,5.26,26.91,1
2.24,21.62,53.34,52.13,8.39,65.32,1.42,22.82,0
13.97,49.28,73.95,45.26,6.95,53.39,4.37,28.29,1
3.03,25.79,63.79,29.32,2.41,34.94,0.2,29.72,0
5.17,26.2,81.87,40.04,7.99,47.62,4.03,26.09,0
6.45,60.53,114.17,54.67,3.91,133.3,4.68,29.81,1
2.7,9.06,46.05,28.46,15.06,45.99,3.54,22.84,0
21.61,34.26,71.0,20.16,4.28,35.22,3.38,22.51,0
3.32,14.12,33.75,22.96,12.55,119.57,2.16,35.77,0
6.0,22.35,47.57,22.02,3.22,96.08,1.29,32.27,0
12.29,16.21,39.14,30.8,6.67,81.12,3.25,38.66,0
53.06,68.8,114.21,31.57,8.57,29.94,3.99,38.43,1
12.78,21.91,76.21,44.86,30.58,46.17,6.09,30.2,0
6.76,16.47,35.65,32.47,3.44,40.72,2.39,25.26,0
0.0,37.68,73.61,42.92,11.35,32.37,5.05,31.06,0
4.97,13.16,20.62,33.69,2.53,26.55,2.01,33.34,0
1.75,66.57,100.38,31.24,16.69,23.24,5.55,23.36,0
3.73,22.51,23.99,8.79,17.52,158.61,2.12,34.66,0
2.91,4.28,16.0,35.15,2.54,161.78,1.78,33.8,0
12.16,47.52,55.72,27.55,7.27,96.68,2.36,20.87,0
4.81,5.67,7.83,32.53,1.58,33.06,1.78,26.25,0
0.71,5.79,23.27,27.56,2.8,7.94,2.24,26.62,0
17.01,39.18,94.63,41.95,15.29,72.82,3.9,26.27,0
0.0,13.52,17.98,36.36,22.1,33.63,2.52,34.97,0
6.35,33.94,71.55,29.41,10.72,48.57,2.45,20.49,0
5.02,14.81,76.82,30.73,10.86,274.09,1.33,26.84,0
9.66,19.37,88.75,51.31,9.51,15.53,4.28,28.08,0
20.94,32.24,50.04,41.36,2.93,40.31,3.25,30.83,1
59.74,82.93,99.83,44.71,6.02,26.04,6.6,23.03,1
6.76,34.93,47.47,20.45,10.88,59.12,2.19,32.7,0
1.68,7.07,66.57,33.75,0.4,119.79,5.88,43.0,0
1.24,40.21,67.99,26.52,9.51,44.12,1.7,28.92,0
1.22,63.66,77.57,31.7,6.2,33.37,5.56,34.48,0
9.25,25.17,35.19,23.29,8.12,38.74,0.81,27.66,1
0.0,20.12,54.31,24.21,5.0,53.04,4.41,25.4,0
9.26,18.41,31.15,29.83,12.88,93.46,2.29,36.62,0
17.86,52.09,87.79,31.05,13.95,40.77,1.7,29.06,1
17.97,18.9,42.96,27.63,6.83,77.0,1.23,24.81,0
7.19,54.8,160.09,42.99,3.6,147.11,5.76,18.03,1
15.65,59.5,74.96,48.77,5.26,57.61,4.25,31.97,0
21.29,26.23,57.06,36.24,3.86,35.63,2.75,23.58,1
3.23,11.22,42.94,36.38,13.04,57.28,2.21,17.52,0
19.28,33.26,66.06,34.36,1.6,26.77,0.35,24.19,1
0.0,31.43,44.04,31.74,4.5,160.87,2.77,25.66,0
0.0,3.46,11.33,28.92,34.07,55.73,2.68,30.57,0
3.6,13.78,41.32,45.25,5.73,39.93,2.89,22.43,1
0.0,25.32,80.25,47.77,3.56,25.28,5.11,23.71,0
12.38,16.85,47.51,33.53,5.82,390.3,4.65,22.5,0
2.36,17.22,31.88,21.65,10.97,71.63,0.34,32.42,0
5.11,22.45,98.12,46.8,13.64,31.26,4.35,30.57,1
0.0,6.17,24.36,24.62,2.3,29.31,0.85,23.39,0
0.0,16.64,55.66,29.93,7.88,154.29,3.45,34.92,0
4.37,22.24,34.99,28.91,4.09,84.08,3.19,29.9,0
5.89,14.92,59.86,35.9,4.05,72.2,4.16,26.57,0
3.59,6.56,21.58,37.2,12.87,93.78,3.06,34.42,0
4.08,6.72,17.15,18.84,3.33,48.82,2.02,28.26,0
2.26,26.23,65.93,40.45,4.73,62.62,5.3,24.05,0
11.28,35.2,51.38,30.5,20.8,107.53,2.28,23.43,0
0.0,11.84,36.77,58.37,8.79,132.72,2.44,33.43,1
0.0,13.8,28.03,28.27,15.44,50.56,1.38,30.54,0
20.96,31.31,40.81,41.2,1.63,55.68,2.62,22.41,0
0.0,40.1,63.21,50.79,10.02,87.66,2.83,30.0,0
4.75,15.29,36.61,21.81,18.8,118.68,4.59,29.29,0
0.0,55.45,87.02,38.77,12.22,43.03,6.49,25.63,0
10.09,17.53,45.5,36.8,6.7,47.75,3.0,20.26,0
2.28,36.75,72.88,28.67,9.99,84.23,1.22,29.79,0
9.28,13.76,20.09,24.59,9.19,40.95,2.28,33.01,0
2.76,23.87,40.16,28.86,1.08,135.29,3.12,26.67,0
7.92,11.79,48.92,40.0,5.54,57.32,3.45,29.47,0
5.66,14.79,67.86,50.51,15.46,56.58,1.88,24.98,0
30.05,63.96,128.85,43.93,10.8,65.14,5.77,21.08,1
20.31,24.38,76.59,28.66,2.0,127.59,4.5,34.59,1
1.86,47.59,59.86,54.13,3.69,24.75,3.7,30.59,1
4.24,33.97,62.78,40.17,16.77,48.48,5.53,37.41,0
21.2,50.74,63.48,42.29,9.26,89.45,1.02,22.92,0
3.13,32.6,64.67,20.27,11.12,39.58,3.35,31.21,0
7.32,55.48,86.59,24.35,1.06,66.13,2.88,25.87,1
0.0,21.17,73.29,33.46,10.41,51.85,3.37,35.54,0
4.89,13.98,44.08,37.31,10.82,181.55,3.51,16.98,0
1.33,26.72,38.52,31.42,2.93,83.19,2.05,22.94,0
0.0,15.0,17.92,22.32,2.97,37.17,2.47,24.79,0
5.88,47.63,150.46,39.06,3.18,212.89,5.92,20.58,1
11.18,27.0,60.06,42.26,2.09,25.03,3.35,13.83,0
5.09,36.14,65.94,40.21,3.47,35.66,3.48,22.28,0
1.52,7.82,42.82,26.08,11.1,41.85,3.8,27.97,0
0.0,14.63,42.26,31.04,18.28,8.44,2.61,20.15,0
47.54,62.59,71.55,29.0,4.84,17.44,1.81,42.06,1
0.97,42.87,65.13,27.75,14.82,58.21,3.12,34.85,0
10.32,39.54,54.91,35.61,7.29,91.35,3.24,28.93,0
1.8,8.18,62.24,53.23,10.96,62.31,4.47,33.1,0
8.47,24.83,66.1,38.3,3.03,112.47,4.41,33.97,0
2.24,13.99,58.21,39.57,3.25,73.27,3.49,30.17,0
6.0,35.7,39.09,28.86,15.95,47.15,3.0,37.33,0
3.03,35.23,102.9,39.39,3.14,65.07,6.24,29.22,0
13.27,52.21,60.31,40.08,2.57,97.7,3.32,32.21,0
10.82,42.7,56.95,36.25,3.17,67.81,3.69,22.16,0
1.64,9.18,40.96,36.41,6.83,75.51,3.37,35.62,0
1.5,16.55,33.78,19.81,5.77,144.38,1.3,31.34,0
0.63,34.86,35.29,29.58,2.74,140.41,1.78,29.13,0
0.0,43.85,51.13,33.1,14.91,26.01,4.25,34.04,0
14.23,18.47,74.34,42.25,4.97,12.25,4.63,37.51,0
0.43,25.28,51.24,36.49,3.93,26.19,4.14,26.21,0
9.36,24.88,69.83,29.83,5.9,43.43,2.68,22.07,1
2.53,22.55,23.58,38.98,4.25,86.84,0.94,30.27,0
17.96,47.19,58.15,46.54,18.56,40.6,4.92,31.19,0
35.76,52.6,89.45,34.15,7.52,16.15,2.41,22.54,1
0.92,19.48,33.04,21.47,19.02,70.66,2.5,24.98,0
2.45,8.28,97.43,34.38,3.83,71.99,4.1,38.26,0
4.47,19.51,181.66,48.07,5.92,41.94,7.86,23.11,0
4.04,18.31,40.91,31.46,9.96,254.12,3.14,28.07,0
0.0,13.66,37.32,40.44,10.72,57.85,2.19,23.21,0
36.39,49.79,67.18,34.91,1.92,29.84,4.39,29.41,1
4.29,56.67,101.24,52.0,1.36,101.36,5.11,26.33,1
10.77,39.64,67.03,50.68,13.06,82.2,4.37,12.0,0
11.15,16.06,111.37,52.04,4.78,68.93,5.52,29.21,0
0.0,2.1,15.21,36.27,4.75,114.22,2.04,29.24,0
3.38,17.89,53.45,41.62,10.25,48.61,2.37,22.19,0
14.23,51.15,103.71,42.2,8.13,69.15,4.36,27.23,1
25.41,31.94,72.46,26.77,3.84,74.36,4.57,26.49,1
3.51,36.14,131.04,56.31,5.95,82.85,8.96,30.48,1
0.0,7.81,52.83,41.19,12.84,196.93,3.06,29.35,0
2.0,13.73,30.15,17.17,10.96,182.59,0.2,27.32,0
3.24,17.15,103.65,39.84,4.84,22.39,3.02,27.04,0
3.01,19.84,42.03,31.67,3.35,89.56,2.87,25.89,0
0.63,4.32,14.17,23.7,14.12,32.05,2.59,35.64,0
0.0,4.76,64.18,43.91,4.86,49.79,4.33,30.93,0
0.0,11.49,20.28,35.57,9.08,42.02,2.02,36.26,0
2.04,4.79,24.68,35.39,3.63,152.0,6.96,31.27,0
13.98,24.52,61.91,33.15,16.23,134.98,3.27,27.21,1
19.91,40.06,43.23,25.21,9.18,43.86,1.88,24.34,0
6.95,13.01,27.41,40.72,21.38,31.29,1.56,25.93,0
0.0,10.2,16.41,19.54,5.84,59.92,2.92,29.04,0
2.33,20.33,48.07,19.79,3.32,26.72,2.4,33.41,0
0.0,4.19,26.06,27.54,4.79,69.16,3.15,24.06,0
25.86,46.17,93.74,38.59,2.88,29.02,4.09,29.63,1
1.54,16.72,102.09,43.43,22.27,62.03,3.94,23.78,0
9.76,17.19,37.35,38.43,13.69,47.85,0.28,27.32,0
18.58,58.27,107.6,50.69,17.56,39.22,4.52,31.62,1
15.63,21.31,30.44,35.99,8.7,70.25,2.45,32.5,0
2.97,24.37,86.36,34.09,25.81,42.29,5.6,15.38,0
11.34,33.33,124.6,45.71,9.72,19.84,5.96,29.0,1
31.53,37.29,60.22,34.41,2.63,59.07,4.3,32.14,1
1.5,9.28,23.94,42.84,3.26,81.69,3.28,24.41,0
0.0,24.51,42.46,23.07,6.32,37.42,1.06,27.45,0
0.66,31.47,43.21,27.3,10.55,73.47,2.38,31.39,0
10.5,31.05,72.9,53.7,6.84,158.79,3.7,26.7,1
3.13,27.54,61.02,47.14,8.39,43.63,4.41,22.04,0
5.22,15.77,26.02,29.55,1.41,158.38,1.53,29.03,0
12.59,48.4,74.55,35.31,7.79,66.54,3.46,29.59,0
0.58,3.53,28.67,37.95,2.37,114.06,1.17,28.0,0
4.84,23.91,38.47,40.84,2.7,20.05,2.02,25.28,0
2.24,37.16,93.32,39.92,24.76,54.24,4.77,24.18,1
30.42,62.33,92.77,57.41,3.27,23.13,3.55,24.11,1
15.14,15.66,52.36,32.14,3.87,122.1,4.04,16.66,0
3.17,32.66,74.88,38.71,11.66,21.73,1.51,28.37,0
2.83,13.18,63.93,48.82,12.12,48.71,2.98,25.26,0
33.51,43.62,137.31,45.77,12.01,44.55,5.7,32.68,1
31.15,50.85,88.2,55.46,32.67,93.05,6.23,29.76,1
10.42,15.95,44.78,39.24,7.78,76.28,2.78,27.57,0
5.59,27.63,94.7,34.73,5.37,49.13,4.46,23.48,0
0.0,33.64,60.79,48.12,1.88,129.55,3.46,26.28,0
0.7,44.56,120.49,39.9,4.06,79.89,5.99,29.05,0
19.31,77.67,89.61,29.08,8.07,50.09,3.0,30.39,1
0.0,20.21,73.47,37.01,9.41,67.83,4.26,28.98,0
2.76,11.83,26.63,23.86,1.06,81.24,2.15,21.42,0
0.0,6.74,17.85,25.59,12.22,59.01,0.36,32.76,0
13.22,79.2,93.17,35.88,3.53,106.09,5.2,16.95,1
8.64,20.86,25.86,21.46,3.56,26.46,2.11,26.59,0
5.89,6.85,10.19,11.93,1.36,44.07,2.49,20.63,0
2.86,10.33,16.16,34.91,20.39,27.7,1.66,26.39,0
0.0,9.64,22.74,34.23,1.45,237.63,2.37,30.69,0
2.11,31.96,64.55,40.84,13.85,54.6,3.12,25.27,0
4.39,50.34,63.13,37.59,7.84,75.45,3.33,30.2,0
12.27,44.55,141.37,39.82,10.3,81.25,5.58,27.69,1
18.29,43.61,47.42,36.33,8.11,31.67,3.1,24.45,1
13.67,60.47,118.47,38.58,4.52,46.11,4.15,32.31,1
8.58,40.1,78.82,31.07,1.65,60.77,3.77,25.58,0
5.76,45.31,59.81,17.03,3.56,30.42,3.25,28.11,0
7.55,17.16,39.79,40.3,15.8,66.81,2.56,31.85,0
1.77,6.74,87.52,32.14,4.91,92.44,4.82,25.25,0
6.49,13.06,37.41,36.51,19.44,210.13,2.31,35.2,0
4.35,18.62,28.78,17.59,17.1,67.81,4.91,26.1,0
45.7,105.15,117.23,37.18,12.6,91.08,4.23,37.48,1
7.8,18.02,39.06,41.65,28.87,42.78,4.82,38.24,0
2.56,9.33,107.71,50.12,12.37,29.2,2.73,31.33,1
3.59,84.46,98.34,52.08,4.98,83.84,5.31,24.71,1
15.67,36.69,101.32,37.1,4.49,79.85,3.37,32.9,1
9.1,20.4,37.21,21.52,4.9,47.76,5.09,20.17,0
8.55,12.81,25.02,33.03,11.94,22.89,0.33,26.16,1
23.31,27.09,50.43,18.96,2.69,62.13,1.25,23.13,1
31.28,65.8,69.41,30.66,11.42,85.43,3.69,21.9,1
13.2,14.91,55.47,27.1,2.0,55.48,1.56,20.26,0
2.99,18.79,44.34,45.75,10.87,166.12,2.68,25.67,0
3.18,48.15,81.15,32.13,13.28,26.77,3.76,21.91,0
21.32,31.37,101.7,42.79,9.55,22.99,5.1,26.45,0
33.87,54.88,75.99,25.43,6.52,74.47,1.6,24.99,0
0.0,8.34,31.51,39.59,6.87,45.97,1.82,32.33,0
5.44,66.49,112.22,49.45,5.44,43.16,4.74,34.44,0
28.56,51.66,60.43,30.93,3.6,32.57,4.51,32.13,1
9.97,53.97,57.8,43.32,2.17,57.31,5.1,35.87,0
0.0,17.26,24.48,41.67,17.63,220.41,2.19,23.68,0
5.99,26.72,36.43,26.85,3.05,50.42,2.84,31.05,0
10.0,35.54,97.07,50.64,6.2,51.11,6.05,28.26,1
6.61,20.66,44.71,32.08,10.1,85.0,3.1,24.0,0
18.21,49.73,78.42,25.4,8.51,32.41,2.59,20.96,1
19.38,35.42,67.93,39.26,12.56,33.76,1.98,26.72,0
4.3,32.05,96.77,35.82,5.5,95.98,4.32,24.31,0
13.42,58.85,85.35,27.07,9.15,85.69,3.85,27.03,1
2.06,21.23,28.8,31.62,11.13,63.33,1.34,24.72,0
6.38,15.97,44.18,35.6,2.2,42.58,2.65,23.21,0
3.63,46.49,142.09,65.62,8.9,39.17,5.44,28.12,1
2.68,28.19,46.59,31.23,8.18,27.33,2.19,19.75,0
6.75,18.65,90.97,28.43,18.54,41.27,4.63,32.86,0
0.0,8.14,42.77,27.8,15.54,42.77,2.04,19.96,0
16.76,16.9,90.17,48.91,3.89,113.18,4.47,28.46,1
2.71,20.08,34.97,47.73,10.89,13.68,1.3,29.32,0
15.97,32.44,44.98,40.18,2.78,24.14,4.3,28.28,0
0.38,7.64,9.25,30.38,14.5,123.54,2.85,31.42,0
2.69,10.12,29.51,25.88,11.96,97.47,2.88,30.41,0
0.0,8.06,18.52,23.43,6.98,21.69,0.44,33.47,0
0.0,15.62,31.8,34.68,4.8,37.62,1.7,33.32,0
0.85,35.89,72.24,38.53,20.39,21.88,3.63,29.97,0
0.43,14.36,15.9,13.55,8.52,27.71,0.2,27.38,0
0.0,11.27,49.98,21.8,7.81,21.49,3.9,26.49,0
5.79,11.13,26.88,27.15,2.93,65.46,0.95,32.16,0
11.76,13.43,71.58,36.98,22.9,91.73,5.09,25.52,1
12.45,17.95,76.87,31.73,5.07,50.47,1.89,29.48,0
0.0,10.21,30.5,33.04,1.51,127.86,2.41,25.5,0
3.59,12.46,26.63,31.65,1.51,112.86,4.49,25.94,0
2.96,22.89,50.58,36.65,3.52,26.6,2.43,36.54,1
23.7,41.59,98.92,48.75,14.09,19.5,6.53,31.96,1
3.84,9.52,56.93,24.26,6.91,65.92,2.64,32.68,0
5.11,25.14,126.67,46.39,8.44,159.65,4.05,34.17,1
0.0,7.58,20.48,30.15,6.44,82.73,2.05,27.26,0
0.75,15.21,29.79,36.06,3.24,103.34,1.63,26.3,0
0.0,5.32,65.95,35.48,9.08,44.19,1.41,28.74,0
6.33,26.29,46.83,24.87,3.55,149.38,4.48,19.68,0
24.4,32.9,42.65,31.27,4.21,11.01,1.87,32.46,0
0.89,43.74,57.91,34.02,6.53,29.62,4.18,21.21,0
3.89,12.96,43.21,32.54,2.09,90.7,3.92,31.37,0
0.45,5.3,97.25,53.55,5.15,72.62,4.69,33.13,1
1.67,10.54,95.34,35.07,16.79,92.61,4.37,35.98,0
6.51,13.4,69.51,38.46,17.6,53.69,2.6,22.92,0
35.48,36.76,55.56,17.24,12.31,49.03,4.47,27.4,1
23.3,69.35,87.4,31.48,2.83,31.36,4.89,27.08,1
29.87,53.32,142.98,43.26,9.04,19.63,7.38,28.26,1
16.12,34.05,50.05,29.81,7.57,21.39,1.32,27.36,0
3.8,16.3,77.89,46.71,3.03,71.56,5.59,21.95,0
2.93,8.28,44.1,41.2,2.73,95.54,3.75,22.27,0
0.91,3.23,17.87,10.08,8.71,42.39,4.55,34.51,0
3.7,17.99,60.28,32.66,1.17,38.69,3.72,31.51,1
24.72,40.48,78.15,46.51,16.83,30.44,3.73,24.98,1
24.47,36.2,39.06,33.48,11.34,100.52,3.68,34.16,1
47.17,110.18,131.99,44.9,8.0,92.92,5.41,22.09,1
7.19,8.41,38.08,26.92,0.95,15.28,0.94,27.64,0
0.0,13.25,46.94,5.99,2.52,132.07,3.18,37.66,0
10.92,12.23,25.97,29.3,10.07,22.2,0.2,23.25,0
35.82,46.99,69.38,20.67,2.03,95.49,3.4,36.42,0
27.75,37.9,56.04,31.97,8.24,20.86,4.42,19.69,1
2.28,5.31,24.48,40.4,12.41,13.27,1.54,31.81,0
0.0,6.2,87.15,44.43,6.51,135.09,4.82,19.21,0
0.0,11.71,87.55,30.82,7.63,431.69,4.05,38.42,0
1.17,13.63,20.95,29.38,9.76,103.73,2.89,27.35,0
1.84,9.94,35.86,42.45,9.25,56.33,2.4,27.06,0
3.32,41.85,90.61,37.05,5.99,61.66,5.29,30.35,1
12.59,43.32,56.34,37.92,21.63,94.81,3.55,27.11,0
3.11,7.6,33.14,34.04,6.64,59.34,4.29,29.37,0
5.99,10.32,19.47,29.36,7.49,85.86,3.95,29.72,0
0.92,7.84,15.51,24.37,7.02,41.68,1.48,23.0,0
0.74,19.19,46.06,52.66,8.59,51.05,2.96,26.82,0
0.0,10.32,17.78,41.74,11.57,17.5,3.08,39.55,0
2.96,19.5,51.18,34.27,7.62,59.65,3.17,29.41,0
0.0,31.52,60.17,31.79,3.31,61.14,3.34,26.21,0
2.55,8.62,45.17,36.52,8.62,215.88,0.79,30.74,0
6.66,8.52,15.43,45.36,18.29,214.02,0.22,31.45,0
25.11,46.33,50.57,36.19,3.3,76.29,4.77,33.04,1
0.55,6.54,117.1,53.44,23.81,38.74,6.86,24.46,0
6.41,26.53,49.82,25.66,3.71,99.74,2.75,34.99,0
1.47,19.19,60.06,39.21,5.91,76.67,5.05,30.44,0
0.0,34.12,61.7,49.16,3.36,70.95,3.3,29.23,0
25.38,44.42,66.18,45.0,5.99,21.9,3.12,23.76,0
7.07,22.16,50.48,45.04,13.52,99.24,2.41,30.96,0
10.29,24.61,37.73,29.47,25.1,189.69,2.09,24.55,0
29.24,81.0,106.4,37.68,7.51,55.74,3.99,22.32,1
2.52,19.21,72.81,46.12,7.96,67.38,1.58,30.65,0
0.0,11.3,33.3,24.21,2.14,63.69,0.46,25.74,0
0.49,9.43,96.0,54.05,2.83,31.52,3.02,24.1,0
0.0,21.17,58.71,43.69,8.62,76.24,4.34,17.06,0
19.24,65.56,76.19,54.8,8.58,122.78,4.31,28.47,1
37.02,61.45,103.42,37.44,8.04,118.17,6.0,23.11,1
6.56,47.32,106.27,33.57,8.84,65.18,3.24,26.17,1
12.98,38.79,56.63,40.43,28.86,32.6,4.1,30.33,0
16.81,20.16,52.84,36.04,5.14,27.33,3.09,23.96,0
30.99,97.44,104.35,33.33,7.32,76.53,3.68,26.71,1
35.71,53.75,84.15,45.86,8.18,48.66,3.81,30.51,1
0.0,52.27,69.34,52.06,4.62,25.88,3.14,28.6,1
1.6,42.19,49.81,49.2,23.64,62.6,2.18,26.94,0
5.57,8.35,26.42,28.63,15.62,236.27,3.31,31.56,0
1.05,15.72,47.52,21.43,7.19,28.46,1.23,23.64,0
3.48,11.24,111.13,37.22,0.49,32.24,3.31,12.0,0
9.53,16.18,67.75,27.58,3.67,81.74,2.98,20.5,0
9.22,29.14,101.39,34.38,8.94,23.97,4.19,33.58,1
16.27,45.59,105.4,44.06,8.35,56.97,3.55,32.86,0
5.75,10.06,54.7,26.43,3.02,45.48,2.94,32.81,0
2.96,6.65,26.65,14.26,8.72,137.03,1.81,26.39,0
8.44,24.54,58.64,25.87,15.53,94.7,1.53,14.22,0
17.45,43.37,53.43,46.91,4.43,39.23,3.34,29.18,1
15.02,48.25,81.71,44.78,4.96,76.36,6.64,35.11,0
4.66,54.71,88.5,29.79,4.17,78.24,2.81,23.7,0
1.3,46.99,70.35,41.1,3.19,54.22,4.15,26.95,1
5.01,27.34,50.92,33.3,12.5,327.35,3.26,36.47,0
1.74,27.33,48.89,30.42,4.16,68.55,2.21,29.07,0
20.75,52.55,92.73,37.16,10.63,335.86,3.17,25.1,0
4.99,8.91,42.7,44.08,8.65,88.76,2.66,14.86,0
8.89,22.67,89.39,31.33,8.4,94.63,4.12,17.59,0
0.0,40.62,117.6,45.62,3.2,463.92,4.71,32.0,0
17.34,23.91,53.82,29.49,4.24,204.35,3.0,32.38,0
4.29,7.08,26.43,17.96,10.25,34.87,1.04,34.21,0
8.53,15.32,35.53,40.02,19.63,71.9,0.96,30.71,1
10.93,19.76,29.45,41.25,12.54,36.99,2.67,33.06,0
16.7,32.89,48.52,33.61,21.39,38.93,3.21,37.62,1
6.97,32.28,81.6,46.22,15.66,97.68,5.01,25.99,0
4.46,37.01,78.62,33.17,6.83,37.15,5.5,29.52,1
0.0,22.88,45.34,39.05,3.27,28.5,4.5,24.5,0
0.0,42.87,106.84,41.87,4.33,50.33,3.45,33.06,0
6.78,15.26,41.93,25.16,12.31,82.11,3.27,31.12,0
8.6,16.83,55.36,32.76,4.6,495.14,2.43,25.59,0
10.4,15.32,28.29,29.54,6.02,132.32,2.48,24.57,1
0.57,15.49,59.67,38.9,10.74,20.49,4.11,35.64,0
1.78,9.29,14.15,5.84,12.41,34.73,1.57,27.79,0
6.62,41.33,66.18,31.88,1.12,53.93,4.11,30.18,0
2.42,6.13,27.53,40.38,12.57,122.17,3.33,28.84,0
50.43,91.39,122.8,43.72,0.68,94.91,6.96,31.3,1
1.68,8.11,106.47,30.58,12.1,35.23,2.92,28.35,0
9.33,46.42,62.57,44.15,2.02,127.79,2.47,27.39,0
14.55,23.38,61.86,40.19,8.4,76.28,4.37,23.6,0
15.5,44.13,87.74,32.0,0.8,15.07,2.43,28.05,1
2.32,18.67,64.13,23.2,11.89,28.89,3.45,28.82,0
10.99,38.59,60.89,41.16,3.82,268.65,3.24,26.2,0
9.49,11.25,19.84,24.87,5.7,76.55,3.04,31.6,0
11.53,23.7,56.62,7.69,9.13,95.07,2.47,26.92,1
6.5,45.32,64.59,24.44,7.49,132.97,2.46,12.0,1
14.66,29.04,63.79,31.84,7.15,55.11,4.25,30.84,0
7.59,15.8,31.49,46.22,1.84,56.42,2.69,31.7,0
0.0,3.45,41.71,38.15,7.61,112.25,2.51,32.63,0
7.3,14.34,86.33,24.75,14.27,34.1,2.76,37.31,0
8.45,51.77,65.58,29.02,13.49,25.27,4.16,36.28,0
13.61,37.47,74.75,49.9,23.56,32.02,2.57,31.29,0
6.8,36.08,61.81,24.5,14.53,60.29,3.73,32.96,0
31.65,43.14,88.14,45.57,7.61,24.08,4.61,30.84,1
4.71,15.35,27.17,21.59,5.74,60.45,2.17,26.93,0
2.05,31.17,35.21,27.15,1.93,83.31,0.2,16.17,0
23.37,58.8,78.54,21.34,17.81,117.9,3.86,12.2,1
4.51,14.15,56.33,31.44,8.14,106.45,3.63,21.3,1
5.97,30.32,52.66,30.7,9.62,368.12,4.37,37.06,0
8.46,29.23,37.27,27.5,3.5,30.13,3.75,28.87,0
7.6,10.72,45.29,50.13,4.27,49.66,2.05,27.1,0
11.43,31.23,51.6,40.79,6.48,112.58,1.74,28.44,0
12.77,28.27,47.97,24.95,11.87,101.34,1.48,29.85,0
1.61,5.51,35.75,21.97,7.93,26.97,2.94,34.43,0
0.0,27.17,98.27,48.13,3.93,76.18,5.31,29.84,0
0.0,5.45,13.88,17.27,4.2,119.9,1.27,28.95,0
21.02,29.5,53.88,29.52,2.47,227.54,2.15,31.47,0
3.92,104.23,157.41,59.43,1.79,182.21,5.39,19.37,1
14.42,22.34,96.43,36.57,3.86,111.05,2.86,23.13,1
13.15,24.97,86.78,32.64,7.93,137.31,3.14,28.99,1
5.96,8.93,19.4,21.8,10.55,40.5,2.05,35.28,0
0.51,64.07,86.08,30.85,19.88,145.27,2.37,21.71,0
13.49,59.14,78.76,47.12,6.18,241.82,3.89,22.56,1
5.68,6.73,15.88,29.17,10.8,56.11,2.43,25.12,0
0.0,90.39,118.7,41.42,7.0,45.21,3.91,31.85,1
2.46,58.54,73.11,35.16,8.27,47.43,3.58,28.87,1
0.0,18.14,33.09,36.63,7.57,54.18,2.5,25.2,0
2.72,9.45,170.72,47.73,5.36,21.95,6.55,30.51,1
6.41,49.15,68.23,35.83,12.78,25.06,2.68,26.39,0
4.83,33.95,74.37,28.44,14.53,20.8,4.42,22.08,0
3.96,73.64,88.72,53.26,7.28,151.78,2.75,28.64,0
6.32,70.97,82.53,41.95,15.11,93.54,5.51,21.99,1
10.67,26.44,42.99,20.19,15.49,26.07,4.72,33.96,0
15.63,34.11,55.62,28.64,3.1,104.44,3.38,24.65,0
17.82,23.97,57.05,28.26,12.67,68.2,3.82,31.2,0
1.1,8.03,41.5,29.8,1.59,101.97,1.73,31.77,0
19.57,33.47,57.38,50.63,14.46,153.4,4.95,31.95,0
5.69,32.66,36.0,26.53,6.22,35.4,1.45,27.48,0
3.24,72.15,129.39,43.92,2.09,99.63,4.86,26.37,1
0.04,7.2,14.82,20.65,6.81,55.34,3.8,22.43,0
9.84,24.43,74.02,37.98,7.95,24.61,3.84,23.36,1
9.4,41.52,71.52,30.1,7.99,85.76,4.15,20.44,0
1.98,20.13,64.09,28.31,10.07,41.93,2.94,17.6,0
2.13,27.32,97.37,35.98,15.51,34.98,4.37,31.19,0
4.56,21.56,86.99,39.51,10.32,111.12,4.86,37.21,0
3.13,7.53,36.55,29.04,12.64,107.86,3.35,24.51,0
0.91,42.53,88.87,38.53,1.89,27.02,3.76,27.39,1
0.0,25.69,50.81,40.53,13.73,21.07,2.28,29.19,0
19.78,29.16,54.04,22.18,6.16,37.53,1.77,29.07,0
2.43,15.58,37.55,32.27,17.7,31.93,2.51,24.2,1
9.34,17.77,75.11,47.32,15.88,167.24,4.35,26.17,0
11.58,39.94,80.96,47.72,4.01,38.15,6.37,35.77,0
9.89,12.34,54.08,34.93,1.1,58.86,4.16,24.73,1
12.28,20.35,40.26,37.08,5.14,71.63,3.45,33.38,0
9.76,21.36,73.94,47.74,5.94,103.63,3.2,34.29,0
1.52,13.29,66.7,28.56,10.39,24.99,4.13,25.09,0
3.48,9.16,15.55,23.94,4.02,270.01,1.12,23.56,0
19.27,35.95,132.52,40.76,9.05,155.53,5.81,26.19,0
2.28,4.78,23.63,26.59,10.17,88.52,1.85,28.79,0
5.7,34.51,76.67,29.54,5.47,91.47,2.8,25.6,0
10.72,63.72,76.51,33.11,5.93,18.41,4.52,28.32,0
26.33,47.5,67.79,40.45,2.42,68.07,3.09,31.34,1
17.64,23.4,92.62,36.15,4.53,63.14,5.44,23.13,1
0.37,27.05,39.19,32.42,7.78,183.91,2.29,29.78,0
8.99,20.92,57.34,27.18,13.94,21.24,4.4,28.48,0
7.77,28.92,53.05,40.5,4.8,24.88,2.55,24.26,0
3.53,20.83,25.76,15.14,10.92,73.87,0.37,14.73,0
5.94,37.45,83.03,36.08,5.56,40.93,3.22,26.53,0
1.48,22.33,80.3,46.32,3.05,385.54,3.49,30.32,0
4.43,15.43,43.76,28.95,7.23,33.07,2.52,25.43,0
2.33,9.97,62.84,27.3,11.22,191.75,5.18,24.09,0
6.59,19.2,40.56,41.44,13.91,11.79,1.95,29.07,0
3.3,38.18,58.72,27.67,15.76,100.74,4.1,31.63,0
28.16,40.42,95.65,37.6,2.95,156.28,3.36,21.13,0
6.88,31.61,52.74,30.3,7.53,18.45,1.86,27.03,0
5.22,31.31,98.16,36.3,23.51,11.03,4.16,26.91,1
4.05,17.8,104.1,51.7,11.55,8.97,6.22,41.03,1
3.32,16.11,42.58,18.2,18.42,67.81,0.92,22.51,0
0.0,15.23,62.6,28.84,21.53,46.44,3.47,30.38,0
14.38,17.27,89.58,38.23,2.57,61.76,4.58,23.96,0
23.4,46.42,53.2,38.08,1.12,178.98,3.21,26.8,1
2.25,12.29,31.16,19.66,4.38,60.17,2.04,39.16,0
19.18,38.22,77.94,43.04,5.2,50.96,1.02,28.91,0
50.02,59.18,97.14,44.23,1.35,32.72,4.55,32.85,1
35.91,81.59,124.52,32.78,18.69,141.46,5.48,40.5,1
22.45,48.5,74.85,31.58,18.92,74.83,4.85,27.2,1
0.0,0.81,27.37,27.03,8.67,42.62,0.37,27.37,0
0.0,14.24,68.0,45.96,21.44,105.38,5.75,19.57,0
12.22,43.93,89.32,50.72,5.15,34.79,5.54,39.03,0
5.78,81.75,83.17,45.2,11.11,37.55,3.31,28.24,1
0.0,4.18,53.2,28.55,9.13,75.61,4.06,26.65,0
2.86,3.75,30.33,32.05,2.84,23.68,3.25,31.44,0
11.64,21.71,57.92,36.79,14.29,23.15,2.72,17.04,0
4.53,13.45,17.24,17.17,4.32,53.9,2.83,23.12,0
5.82,31.7,74.24,35.28,3.56,67.97,2.71,31.64,0
0.0,5.5,9.45,40.12,2.16,44.05,2.12,37.13,0
2.79,12.19,68.71,25.91,31.74,50.68,0.2,34.88,0
12.28,22.64,72.29,39.44,10.54,92.0,4.8,17.15,1
2.52,22.02,33.93,30.65,4.71,32.32,1.77,39.48,0
20.67,45.46,61.47,26.72,0.55,11.01,2.13,23.26,1
6.01,13.96,37.27,37.46,4.55,122.76,2.9,25.08,0
9.79,29.41,55.34,28.94,3.51,20.07,2.76,27.96,1
11.98,13.02,53.86,44.49,6.44,30.13,2.42,25.72,0
11.47,59.42,71.02,57.13,4.51,17.3,2.83,31.96,1
0.28,6.7,29.03,30.17,18.48,72.88,2.04,26.51,0
0.89,38.09,89.99,55.76,11.38,91.68,4.14,33.73,0
0.0,8.87,12.59,28.13,10.38,183.63,2.06,32.13,0
3.45,29.07,81.06,18.52,7.27,192.06,2.64,31.36,0
0.6,12.61,24.7,26.26,9.21,149.44,1.96,30.74,0
2.36,32.41,90.16,38.9,11.24,63.96,3.98,35.33,0
4.11,39.49,52.88,49.29,2.03,75.85,4.96,28.05,0
7.13,51.61,65.34,36.45,4.27,70.1,1.32,32.38,1
4.64,27.1,53.38,13.89,6.43,47.63,0.49,19.38,0
4.51,6.28,38.08,34.99,4.04,100.7,3.92,29.99,0
8.91,14.65,38.88,32.14,1.44,71.57,3.93,37.12,0
5.47,51.44,69.3,34.46,13.01,43.48,4.9,31.46,0
15.48,29.02,75.65,37.06,0.85,108.32,4.05,17.27,0
5.5,18.16,30.29,40.22,16.48,64.17,3.35,27.05,0
26.48,53.18,98.33,42.17,6.2,81.97,4.4,34.78,1
0.15,23.7,43.05,33.62,10.09,34.77,2.88,27.02,0
3.35,68.08,111.15,38.28,3.46,6.39,4.46,31.31,1
1.56,16.7,27.66,18.05,11.83,69.08,1.63,32.94,0
7.49,20.77,51.46,34.94,7.32,19.89,3.38,33.7,0
0.15,34.51,43.97,26.99,2.63,141.12,4.79,26.01,0
0.0,27.69,47.4,33.93,7.84,44.39,0.82,23.01,0
0.77,4.97,43.56,13.81,15.18,22.73,2.32,27.61,0
0.0,13.52,36.85,31.86,3.14,37.12,3.02,16.89,0
4.2,72.25,147.1,48.03,4.61,55.06,5.82,29.21,1
7.1,14.35,32.79,30.81,20.77,134.81,1.82,26.36,0
0.0,13.0,55.45,35.97,6.41,153.17,2.5,29.14,0
2.97,59.36,72.14,40.86,13.52,62.13,4.06,33.32,0
17.6,73.12,147.46,53.62,14.77,37.39,5.45,22.26,1
22.73,64.24,123.82,43.11,10.06,85.25,6.38,32.56,1
13.33,24.82,57.35,42.64,5.39,42.44,4.03,20.65,0
0.0,8.41,37.22,30.24,5.22,149.81,1.15,38.25,0
6.29,39.88,63.87,23.06,6.27,29.7,2.0,34.37,0
19.62,67.27,107.87,48.59,1.27,263.39,3.76,32.97,1
2.41,17.31,70.17,34.46,10.57,77.35,3.76,22.43,0
0.0,22.05,28.87,26.29,23.75,45.31,3.05,25.89,0
18.24,26.02,60.13,47.91,10.16,122.34,3.73,31.09,0
20.88,24.05,27.13,27.37,0.85,91.85,3.14,23.7,1
5.41,8.92,47.67,35.25,9.78,101.22,4.74,29.25,0
0.0,15.08,50.8,42.51,1.46,82.43,2.26,17.95,0
0.0,6.98,14.29,22.54,12.25,77.1,2.0,24.66,0
8.46,29.19,40.06,38.07,8.46,143.9,2.19,29.53,0
1.6,9.96,30.93,31.5,3.54,39.0,1.93,30.44,0
4.93,44.83,57.66,45.99,6.63,134.29,1.75,18.22,1
4.17,14.98,20.49,23.22,2.02,43.67,1.96,16.77,0
0.58,12.94,24.76,23.23,21.52,98.88,2.99,25.35,0
0.0,46.06,97.35,43.18,8.41,190.14,5.0,24.55,0
2.55,21.73,58.5,25.61,2.95,148.6,2.76,27.3,0
6.63,27.65,59.62,45.8,7.47,54.78,5.25,21.68,0
7.04,19.71,50.2,30.5,5.23,17.5,2.04,33.59,0
1.31,18.82,39.71,46.88,4.92,116.75,2.4,28.97,0
20.48,25.51,32.84,21.3,23.71,27.99,0.69,33.69,0
0.0,34.35,60.48,44.08,3.45,71.67,4.57,27.42,0
16.26,25.39,28.72,27.36,1.61,44.98,1.06,25.28,0
6.35,10.35,33.01,24.88,1.43,112.12,3.11,29.23,0
2.6,26.32,39.97,35.39,4.53,34.24,0.2,33.3,0
9.82,36.26,47.52,33.87,23.6,24.85,2.6,24.03,0
3.77,19.75,62.44,40.04,5.34,12.48,1.32,26.76,0
0.0,49.17,70.1,29.89,7.62,72.63,3.66,23.67,0
0.0,8.66,131.49,32.1,12.87,45.68,6.65,17.86,0
3.36,18.07,57.68,40.08,6.63,35.14,2.43,43.0,0
1.91,3.34,61.17,28.76,16.02,55.13,2.28,33.61,0
15.9,16.21,71.14,36.85,5.43,76.19,2.44,27.07,0
1.7,21.04,42.73,37.37,3.68,89.0,3.81,28.43,0
1.42,25.47,55.49,35.29,17.86,21.41,2.0,24.13,0
0.88,19.13,46.24,30.61,11.46,102.09,3.09,22.95,0
0.57,24.72,33.01,25.27,18.13,109.43,1.02,27.02,1
0.68,34.23,89.7,49.19,9.51,8.3,5.27,19.06,0
0.0,14.65,36.29,37.72,4.15,89.87,4.12,25.75,0
6.71,18.66,36.08,41.14,10.36,103.65,2.71,26.51,0
4.32,10.34,21.22,18.39,12.18,40.79,2.5,23.57,0
4.04,24.77,108.59,36.53,13.1,24.89,3.79,17.08,0
0.0,36.94,63.65,31.72,10.16,67.79,3.34,37.03,0
8.87,36.85,73.1,39.79,10.42,22.8,3.82,28.86,0
9.94,74.36,96.69,55.58,18.87,130.25,5.61,22.09,1
25.34,42.44,69.37,36.61,4.04,61.93,3.14,30.3,0
9.33,20.12,33.31,26.46,3.95,192.77,2.75,26.99,0
30.06,44.06,58.18,36.55,4.43,38.19,1.49,33.45,1
1.21,31.3,47.55,20.33,4.27,102.0,1.21,23.98,0
26.59,50.6,122.01,25.51,0.74,67.45,4.92,23.82,1
9.68,18.81,95.12,29.55,7.91,35.46,3.9,34.41,1
8.32,28.21,64.32,31.54,17.23,31.83,3.14,28.76,0
3.87,12.0,47.23,36.41,15.19,101.72,2.51,32.02,0
2.58,26.74,43.02,41.93,3.3,117.89,2.8,35.01,0
1.53,3.56,46.63,44.39,4.22,111.84,2.71,40.68,0
27.4,30.44,66.82,43.8,11.28,41.5,4.94,25.55,1
3.66,7.73,45.04,20.44,14.47,41.12,1.77,38.27,1
9.89,16.14,23.54,26.81,4.17,484.67,2.12,26.25,0
12.45,34.78,123.16,57.46,4.15,88.26,6.08,28.78,1
12.26,41.75,65.31,22.82,1.88,97.54,3.06,37.48,0
6.75,22.28,39.66,31.43,16.79,80.8,3.12,31.0,0
26.15,30.16,55.14,34.03,12.91,118.01,3.87,24.01,0
9.01,43.66,59.35,41.67,5.23,67.83,3.8,26.66,0
1.42,15.8,42.97,6.54,10.13,46.51,0.28,23.78,0
2.83,43.07,73.98,42.28,8.17,20.99,2.17,27.86,1
0.0,17.05,60.99,23.8,9.68,13.45,4.33,25.1,0
7.73,10.31,23.31,36.54,5.87,32.35,2.6,17.38,0
10.84,18.21,36.14,19.44,24.14,13.41,4.22,23.23,0
11.9,13.97,35.15,31.62,11.26,27.89,2.65,21.39,0
9.69,10.41,27.03,11.66,14.46,62.84,2.61,17.32,0
3.89,14.92,89.82,30.07,6.44,37.17,4.31,15.15,0
5.17,22.44,44.91,36.45,4.85,90.28,3.38,32.85,0
5.19,27.72,87.92,32.95,6.31,34.86,5.1,17.24,0
15.95,46.83,83.38,43.72,10.91,81.37,4.03,29.59,0
0.0,9.59,53.34,36.25,9.3,42.38,2.35,22.06,0
2.22,6.37,20.51,26.84,8.12,5.99,1.49,23.67,0
0.0,17.0,68.54,16.46,14.29,239.17,3.13,27.94,0
35.99,45.66,74.15,38.27,7.89,45.61,2.79,33.76,1
19.17,47.59,58.37,40.64,4.0,37.49,3.28,27.09,1
2.44,12.52,23.64,33.31,16.17,18.74,1.27,17.38,0
0.0,22.6,27.45,21.7,14.08,89.28,1.25,29.6,0
0.0,27.45,68.37,37.98,9.46,126.65,5.59,20.92,0
15.74,59.38,80.82,36.08,21.27,38.42,4.83,26.11,1
0.0,2.72,40.21,32.64,14.67,43.52,0.2,24.41,0
5.29,8.98,67.17,46.58,8.05,103.66,4.22,30.9,0
13.25,31.09,36.84,33.32,19.22,34.2,1.9,34.65,1
0.0,27.27,48.07,27.89,19.51,175.3,2.99,31.71,0
5.21,27.28,34.48,35.22,1.63,110.06,1.34,14.86,0
2.52,9.44,26.67,30.02,15.14,72.24,0.54,29.04,0
1.85,27.58,36.33,39.7,7.62,26.67,3.03,34.8,0
1.1,20.14,95.65,30.22,6.23,90.62,4.17,33.89,0
14.41,24.42,44.3,21.43,20.48,21.83,3.27,27.21,0
23.13,64.7,153.16,47.24,12.38,74.38,4.46,17.91,1
3.39,30.49,68.16,20.21,6.99,14.92,3.1,31.8,1
8.37,45.56,84.04,34.55,11.92,128.92,2.1,19.47,0
5.39,23.32,36.27,32.42,8.02,176.21,1.71,31.96,0
0.0,24.44,40.78,41.28,30.47,34.74,1.13,34.3,0
3.15,24.97,45.88,28.91,4.87,141.19,1.83,21.46,0
0.0,2.3,41.42,39.29,5.28,21.75,4.4,27.2,0
2.09,17.87,21.01,30.19,3.15,49.35,1.07,24.37,0
5.0,25.76,32.8,28.92,18.42,81.62,2.37,24.05,0
12.16,44.7,80.05,28.84,12.28,67.95,1.84,26.75,0
7.48,14.46,21.04,22.95,19.16,51.5,0.64,17.66,0
14.79,31.55,64.88,30.37,4.77,93.16,2.73,25.37,1
0.48,40.21,113.59,40.21,7.75,108.75,3.54,22.14,0
20.51,33.15,47.81,27.69,8.95,60.27,0.9,23.27,1
23.15,26.1,74.01,44.32,14.71,49.77,4.84,28.68,1
0.0,26.87,59.05,33.02,1.06,28.38,2.48,29.29,0
4.83,22.8,32.1,44.68,8.25,49.68,0.26,35.47,0
1.73,3.73,6.21,17.7,23.08,40.27,0.2,19.09,0
2.48,16.17,40.85,38.55,17.28,115.04,3.11,24.12,0
7.39,23.62,100.93,30.74,27.43,61.5,5.58,29.08,1
15.39,28.09,57.56,31.79,2.28,141.55,4.51,23.63,1
0.3,17.46,82.49,35.86,13.52,16.29,3.43,17.47,0
18.02,36.7,129.6,43.67,8.73,171.85,5.67,25.37,0
1.02,20.79,54.55,43.19,5.9,39.38,3.55,22.91,0
40.18,54.67,104.75,42.45,2.97,117.83,3.8,33.57,1
20.65,49.66,57.71,49.09,10.65,45.6,3.36,40.05,1
1.44,29.64,74.21,47.99,26.02,89.46,1.7,34.24,0
0.0,9.03,66.68,34.76,10.06,55.91,2.06,28.59,0
1.34,47.97,69.23,44.77,8.24,81.06,3.95,31.45,1
0.78,9.08,32.77,19.29,8.49,64.45,3.29,22.2,0
10.58,30.3,93.95,39.18,17.43,203.27,4.6,35.59,1
0.0,21.0,38.52,29.51,4.39,51.94,3.18,30.56,0
0.0,4.78,39.17,34.89,7.76,113.31,1.99,26.88,0
10.25,13.86,42.36,36.96,11.66,76.0,3.41,25.45,0
0.63,10.45,96.31,32.64,9.75,23.02,2.99,37.35,0
2.15,28.16,73.46,40.08,2.62,98.1,4.77,21.96,0
13.19,13.71,37.22,41.86,9.31,86.0,2.53,35.9,0
16.08,27.62,56.61,40.05,7.7,27.54,1.97,28.8,0
19.72,24.14,27.07,32.46,5.5,15.63,3.93,24.22,1
12.05,43.64,107.85,49.72,13.04,96.82,4.8,28.42,0
3.67,14.87,53.16,13.26,12.36,65.37,1.15,23.63,0
3.16,24.46,44.36,15.87,18.98,43.41,2.88,18.95,0
2.49,17.3,56.32,47.95,5.29,54.2,4.3,26.09,0
0.0,28.57,73.84,41.94,5.17,111.99,4.34,17.32,0
0.17,10.85,42.23,34.05,2.84,31.4,2.26,29.22,0
17.33,25.81,58.32,35.21,1.82,41.03,2.35,30.48,0
1.0,5.34,10.62,26.15,5.41,70.37,1.29,30.97,0
0.0,18.95,58.98,37.9,4.86,88.73,5.43,28.56,0
18.76,44.86,85.39,40.85,3.96,80.18,3.48,24.81,1
6.83,12.5,72.21,32.98,8.14,342.35,2.42,27.96,0
27.93,42.15,94.02,41.87,1.48,85.07,4.24,26.28,1
25.34,71.38,91.25,41.25,14.4,128.29,3.5,21.46,1
0.0,11.62,46.98,27.19,8.36,8.09,1.48,19.86,0
4.35,9.44,44.76,41.39,5.57,258.15,2.05,26.97,0
0.0,11.22,57.78,28.89,3.71,149.21,2.3,30.94,0
0.0,10.66,31.55,23.71,1.39,17.17,0.2,33.36,0
2.34,30.27,69.29,32.11,5.19,22.33,5.49,26.68,0
10.93,28.22,88.16,26.7,3.46,53.43,5.74,30.7,0
11.0,13.03,43.01,30.57,3.17,75.19,3.27,19.8,0
9.54,43.4,72.73,32.94,7.25,106.95,2.4,30.55,1
3.66,10.72,22.41,33.65,16.59,92.15,2.41,30.05,0
11.66,16.33,64.94,34.39,4.66,24.25,4.75,27.53,0
0.0,14.79,39.82,17.28,12.22,70.73,1.79,28.9,0
6.97,15.45,36.74,26.95,11.39,110.35,4.97,31.33,0
5.24,35.12,64.13,23.17,5.0,51.06,5.11,26.37,0
3.28,21.52,35.47,39.02,3.71,51.55,1.76,25.62,0
7.32,18.59,69.84,44.95,4.1,126.46,3.24,20.1,0
0.0,7.13,49.95,36.12,14.28,36.18,3.96,26.87,0
9.98,57.51,88.36,45.04,19.05,35.66,4.3,33.29,0
5.04,44.2,64.02,35.94,9.2,103.91,3.33,29.36,1
0.0,14.31,47.04,34.75,8.77,46.74,4.26,19.52,0
4.87,6.63,40.0,26.05,8.99,118.34,2.59,30.39,0
1.77,12.9,88.57,36.03,21.9,27.36,3.38,31.71,0
17.76,45.17,123.5,51.02,2.73,48.61,5.02,36.63,0
0.0,6.06,23.01,20.99,6.67,45.02,2.66,24.15,0
0.0,50.38,68.81,37.17,21.01,180.35,2.76,31.56,0
8.55,54.1,112.15,37.66,13.45,36.56,3.67,34.43,1
3.91,12.71,30.18,24.18,6.12,82.77,3.45,29.31,0
3.6,10.32,57.28,43.36,12.75,59.58,0.82,27.77,0
11.35,42.32,86.21,43.15,12.93,45.81,4.02,29.83,1
2.83,25.55,43.45,34.15,4.69,143.18,2.45,29.73,0
0.0,12.07,44.68,23.85,12.73,102.03,3.51,32.88,0
2.51,35.23,43.31,31.94,6.64,101.99,2.9,35.9,1
0.0,4.21,43.06,29.24,7.81,55.4,3.74,28.22,0
0.2,13.77,50.74,22.81,6.31,56.38,1.24,21.91,0
0.3,39.85,70.44,40.72,12.62,133.33,3.27,27.02,0
16.4,42.43,63.54,38.99,23.52,172.08,2.71,26.61,0
0.0,30.75,94.13,23.2,13.74,49.35,6.01,29.34,0
14.79,97.42,110.26,41.01,4.61,44.43,2.28,21.66,1
9.02,29.78,65.52,49.47,7.29,22.78,3.22,32.43,0
8.86,30.01,51.91,35.2,2.74,27.83,2.42,33.45,0
0.07,4.63,26.43,43.18,6.87,96.59,2.63,27.42,0
12.83,23.95,66.09,38.49,19.91,16.64,5.0,24.42,0
11.99,36.85,115.59,48.02,13.54,95.68,5.19,29.58,1
9.84,33.56,36.39,29.11,4.28,48.51,2.37,30.92,1
5.49,37.5,66.32,28.37,5.15,30.56,1.15,26.46,0
6.67,23.02,79.75,29.98,13.19,55.0,5.14,31.81,1
0.0,16.12,27.81,38.4,4.15,31.15,2.47,27.68,0
12.3,25.96,101.29,39.29,11.22,21.29,3.76,24.59,0
19.27,21.27,28.37,25.3,2.59,51.65,0.94,25.55,1
38.3,43.19,63.38,50.34,2.71,109.51,4.7,25.75,1
7.89,21.12,31.65,47.36,6.21,47.68,3.66,24.07,0
19.93,55.72,71.39,38.11,8.74,21.11,4.03,29.22,0
0.0,17.06,85.21,24.69,3.19,138.38,3.25,36.06,0
7.81,21.79,32.41,29.3,6.73,27.91,2.91,26.38,0
5.44,20.45,50.91,24.75,5.15,83.96,2.92,32.32,0
3.91,16.61,33.11,20.39,18.59,215.43,2.91,34.09,0
15.63,28.17,69.36,47.34,3.9,12.91,2.28,36.96,1
11.11,18.8,45.02,21.97,13.09,13.54,3.56,31.01,0
0.0,18.79,45.1,26.55,5.81,122.85,3.85,21.21,0
11.75,47.84,62.43,33.38,3.46,202.14,3.8,18.92,1
2.62,18.61,87.42,29.52,14.03,113.83,3.28,20.37,0
6.84,27.18,63.82,30.32,8.08,75.65,3.32,20.77,0
3.61,20.69,55.25,24.71,16.06,240.15,4.81,24.42,0
0.0,23.72,67.1,25.23,3.56,98.13,5.72,24.53,0
0.0,13.52,29.96,28.75,10.7,35.12,0.82,30.33,0
0.0,1.85,55.05,33.42,5.62,298.33,2.69,31.27,0
4.08,10.99,48.97,21.39,1.19,82.33,3.25,15.26,0
14.99,29.33,70.29,25.35,6.44,66.57,2.98,20.75,0
17.82,70.79,71.16,25.62,16.52,18.61,2.95,24.6,1
5.15,12.74,37.16,20.08,8.76,150.68,2.99,25.09,0
5.29,14.79,36.22,29.6,10.86,33.48,3.2,29.41,0
2.49,11.49,45.27,34.4,8.5,29.56,3.73,34.42,0
0.52,2.94,68.03,31.82,3.82,20.54,4.16,21.03,0
1.57,16.21,33.06,40.89,8.37,63.51,2.17,43.0,0
5.86,7.32,40.85,42.8,5.42,34.38,1.79,30.02,0
1.39,20.45,60.65,19.34,2.44,32.08,3.39,19.2,1
0.0,24.16,54.42,34.5,6.2,29.96,2.48,27.14,0
5.32,6.5,25.51,13.82,5.82,46.31,2.73,24.11,0
2.63,85.23,93.47,40.74,12.62,22.37,4.42,15.52,0
28.6,31.9,52.02,41.82,5.26,84.15,4.23,25.85,1
0.0,5.66,24.53,31.78,5.94,32.97,1.83,31.6,0
3.73,67.22,97.82,33.35,2.52,30.37,3.49,26.6,1
1.85,4.83,72.03,46.14,13.58,18.66,4.56,32.25,0
18.13,34.54,57.27,27.43,10.02,234.53,3.56,21.02,0
0.81,22.01,27.65,31.18,13.22,50.82,2.59,35.4,0
11.09,22.87,53.24,25.32,9.03,42.5,4.43,33.04,0
0.0,11.76,14.71,29.91,3.95,29.94,1.78,33.1,0
11.33,32.26,36.03,28.14,10.76,166.83,2.01,14.61,0
4.11,42.07,53.37,18.16,3.67,76.99,2.06,29.29,0
0.0,16.38,28.82,26.05,15.37,114.5,1.79,30.58,0
1.13,56.76,77.93,43.45,9.17,91.96,5.14,35.44,0
11.19,14.2,58.41,44.88,1.42,101.45,2.48,19.66,0
5.19,59.6,76.92,33.8,13.88,45.01,4.31,27.92,0
0.46,11.14,40.24,40.61,3.47,98.89,3.72,36.52,0
2.84,56.85,108.08,37.53,11.33,122.45,3.4,21.83,0
5.47,30.81,130.96,64.44,1.55,108.42,6.39,38.02,0
0.0,5.94,20.65,21.91,14.72,104.76,0.42,16.49,0
1.79,21.0,39.93,31.9,10.58,59.93,3.04,29.87,0
15.34,17.1,47.7,21.79,3.02,51.99,1.29,28.1,1
18.26,26.22,54.41,31.75,2.96,92.66,3.02,28.46,0
1.77,13.63,38.67,36.53,3.23,84.81,3.63,36.78,0
11.31,26.06,44.13,57.39,20.67,65.2,2.11,25.74,0
4.64,43.51,49.64,26.88,8.31,121.64,3.69,30.8,0
13.24,22.59,47.92,13.13,4.12,73.59,4.59,30.11,0
4.25,11.04,28.38,40.02,7.2,30.2,1.01,33.9,0
11.38,17.77,37.95,31.51,17.32,28.67,0.9,23.8,0
2.47,20.73,51.18,45.23,6.17,86.67,1.55,31.45,0
0.0,28.43,95.35,30.14,8.33,40.11,3.78,25.92,0
5.17,13.48,22.13,46.63,5.2,219.0,3.33,34.37,0
2.58,20.96,43.53,26.61,1.71,68.07,3.07,25.21,0
4.27,14.17,22.35,26.82,7.74,34.9,0.2,33.56,0
12.34,14.49,68.1,36.83,5.97,24.42,3.08,24.33,1
37.86,88.2,137.87,36.88,8.77,163.78,4.28,24.2,1
24.14,75.81,144.78,45.03,20.56,18.33,3.81,22.98,1
3.96,21.91,58.08,18.94,10.09,63.78,1.97,25.15,0
0.49,3.22,4.07,31.23,12.62,88.45,1.52,25.81,0
5.98,9.66,43.25,27.83,10.38,16.71,1.92,18.49,0
3.38,20.4,122.49,20.65,2.85,25.21,3.79,29.87,0
27.12,43.66,62.72,31.59,3.86,32.06,2.15,30.72,0
30.3,39.37,54.25,36.27,10.13,290.7,3.56,22.47,1
13.48,27.18,44.96,35.03,1.56,58.83,2.03,28.05,0
0.0,39.69,80.06,53.24,3.03,78.77,3.42,21.95,0
5.41,27.55,39.98,33.04,8.46,212.78,3.77,22.02,0
8.66,18.48,69.87,33.93,8.21,47.35,3.9,31.67,0
4.78,47.04,49.85,31.76,1.29,11.24,0.56,35.73,0
4.64,53.16,123.28,59.42,8.52,9.35,5.03,34.16,1
6.55,34.23,53.75,25.19,3.8,28.01,3.63,20.34,0
55.05,57.73,105.57,37.99,13.95,97.94,5.2,27.89,1
1.55,13.92,31.94,36.71,4.23,203.91,1.57,36.45,0
37.57,46.73,62.86,36.91,8.46,92.83,2.83,32.19,1
9.39,17.32,39.92,21.57,6.36,37.28,2.99,34.3,0
8.41,51.95,98.44,42.93,13.45,30.52,3.66,37.2,0
3.59,50.54,67.33,51.75,3.67,255.04,3.11,39.56,1
2.26,11.84,53.4,32.78,2.53,457.3,3.24,24.49,0
0.0,11.68,45.06,28.33,6.92,64.66,3.9,20.18,0
0.6,4.13,74.09,36.81,18.77,99.04,4.08,43.0,0
0.0,39.85,86.16,37.02,22.99,68.49,4.31,26.45,0
0.0,32.83,40.0,51.16,12.81,49.34,3.02,26.04,1
0.0,7.28,31.74,37.98,14.09,60.62,0.4,26.54,0
19.31,27.52,68.25,17.06,3.02,20.25,2.42,35.85,0
19.22,40.22,51.48,45.14,1.73,32.19,2.68,27.14,1
0.69,21.37,58.62,30.13,3.05,76.86,1.29,33.95,0
0.0,15.04,72.97,38.82,5.4,162.86,3.69,33.46,0
2.02,32.88,47.9,41.34,4.06,62.51,2.35,25.74,0
11.57,35.14,74.7,50.13,10.84,474.61,0.77,29.28,0
15.59,34.16,204.31,61.43,4.63,31.56,7.21,23.16,1
6.48,15.66,44.0,32.4,1.12,73.05,3.45,33.21,0
8.11,32.24,69.51,32.75,7.8,122.04,4.24,16.99,0
7.14,25.64,57.45,34.3,19.62,42.32,2.58,26.99,0
0.0,9.91,29.22,46.26,21.65,147.3,2.56,26.93,0
28.42,39.13,56.53,20.95,10.35,316.34,1.41,31.26,0
6.43,13.7,29.09,28.1,6.26,24.3,0.64,28.73,0
0.0,17.13,25.23,35.73,11.33,47.75,2.92,25.95,0
8.73,36.62,49.16,52.37,5.94,21.13,2.72,26.18,0
0.0,4.68,63.28,52.32,9.59,20.67,4.62,26.68,0
16.9,27.16,92.44,42.87,2.79,157.36,3.13,32.63,0
15.11,44.29,78.27,44.76,3.45,109.8,5.11,28.82,1
10.86,22.77,44.6,41.23,22.03,33.41,1.35,28.08,0
6.33,21.73,30.43,27.51,7.81,109.15,2.03,26.28,0
21.16,27.2,61.84,42.95,13.94,17.41,3.22,29.6,1
23.25,28.71,83.79,34.33,7.03,65.57,3.96,41.96,0
0.0,9.88,77.45,26.16,7.56,46.75,3.95,31.65,0
10.72,23.39,111.52,49.28,16.44,66.65,4.76,26.02,0
1.31,21.76,35.59,31.08,16.77,44.75,0.61,23.56,0
0.0,43.35,121.42,53.27,13.02,38.27,6.37,28.94,0
23.24,28.62,57.23,37.7,15.33,125.28,3.66,31.03,1
12.75,15.74,51.9,26.78,8.58,56.51,2.14,28.41,0
7.07,9.68,42.85,44.55,21.04,83.62,2.24,26.21,0
0.31,17.16,35.61,37.57,8.46,33.41,2.76,23.35,0
23.88,44.51,84.74,46.26,9.12,15.57,6.7,28.89,1
0.0,7.86,17.46,18.46,6.8,46.55,0.2,34.52,0
0.0,15.94,88.16,33.67,19.5,22.27,3.55,21.15,0
4.83,36.15,65.9,31.69,5.61,49.89,3.34,27.31,0
11.56,23.35,24.54,29.47,7.16,122.46,0.2,30.18,0
2.54,13.41,141.97,67.21,10.61,34.54,4.9,23.7,1
6.19,10.66,43.63,20.52,4.72,175.62,3.05,34.07,0
1.29,21.01,31.59,31.28,15.06,71.11,2.93,22.42,0
1.8,8.99,60.16,26.46,0.68,331.04,3.16,26.52,0
31.37,55.11,66.71,28.23,3.29,63.38,3.16,31.83,1
4.13,15.64,30.81,27.5,12.06,86.68,3.75,40.48,0
22.48,35.1,57.41,38.9,3.79,12.13,4.31,28.4,0
0.0,1.89,11.12,5.17,2.39,35.63,0.2,23.71,0
17.25,49.26,82.74,25.25,6.98,42.52,2.41,32.86,1
0.48,27.37,39.94,26.91,6.06,214.75,3.3,25.5,0
13.09,20.07,34.92,28.79,14.03,33.58,4.48,27.58,0
0.45,24.49,28.64,21.38,15.92,147.48,3.54,30.7,0
2.16,7.39,36.82,27.83,5.14,169.14,2.38,23.21,0
0.0,24.36,43.67,28.61,8.62,27.74,1.36,21.53,0
13.36,34.26,68.3,41.15,7.26,96.05,5.05,28.53,0
15.69,56.84,113.06,45.75,7.25,61.93,3.94,36.49,1
0.59,21.05,30.31,29.37,3.51,95.87,2.82,42.73,0
0.0,6.4,86.0,49.63,6.15,65.58,3.47,29.14,0
22.17,38.19,86.39,46.68,7.09,46.04,4.24,25.32,0
1.06,12.32,21.7,26.24,22.08,25.41,2.8,28.44,0
3.77,43.22,50.67,21.4,3.14,125.01,2.24,30.55,0
0.0,3.23,52.65,31.75,4.88,22.48,2.31,28.69,0
12.0,27.5,104.51,28.82,8.83,121.39,4.34,33.22,0
12.33,18.45,40.72,36.88,2.52,40.15,2.71,25.73,0
25.74,72.64,75.35,54.59,6.81,189.91,3.93,27.38,1
17.76,34.65,81.82,41.79,19.24,129.56,2.5,27.62,1
16.55,38.54,111.51,51.14,3.07,120.29,3.56,25.67,0
4.4,15.8,23.77,20.38,4.99,64.4,3.04,37.2,0
3.54,28.23,40.53,33.21,4.3,95.05,2.09,23.36,0
11.81,18.22,48.17,31.26,3.01,64.5,3.13,35.49,0
4.0,10.83,53.43,25.79,6.17,60.5,3.46,28.29,0
18.37,57.46,93.72,38.66,1.03,136.73,2.98,22.11,1
0.0,70.98,77.22,27.15,3.86,64.17,3.15,24.18,0
10.29,12.47,36.87,38.81,15.51,71.05,3.06,20.67,0
1.6,10.29,25.59,24.89,3.36,205.68,0.2,27.31,0
0.0,31.06,111.69,35.22,7.55,206.9,4.18,28.08,0
41.34,62.19,96.44,42.23,12.98,15.78,3.78,32.08,1
5.1,12.38,24.63,35.39,8.17,9.43,2.26,41.48,0
0.0,10.84,26.14,38.34,5.05,135.0,1.06,28.77,0
1.06,8.9,21.72,22.24,10.04,156.07,3.19,27.23,0
3.0,26.22,31.33,30.1,7.85,41.14,3.08,30.2,0
10.04,17.3,26.65,38.85,16.74,173.73,3.68,35.11,0
1.08,12.07,30.25,20.53,11.75,36.37,2.27,29.5,0
3.87,30.35,50.22,33.78,12.2,43.3,2.73,27.75,0
7.41,25.8,60.8,35.43,7.91,188.0,2.3,25.2,1
9.3,43.41,65.43,26.63,11.08,32.43,2.58,34.94,0
4.38,11.41,57.27,44.33,30.87,51.11,2.07,28.93,0
30.93,41.54,63.4,32.49,7.08,59.39,3.43,25.49,1
12.14,18.41,56.65,45.81,8.49,126.19,1.91,28.32,0
11.4,20.66,34.25,21.0,14.23,29.93,1.9,25.49,0
10.93,14.68,70.34,14.29,9.83,28.07,0.2,25.27,1
18.51,19.29,57.6,29.24,8.9,44.48,0.2,30.34,0
6.76,9.89,26.08,32.99,7.57,45.73,2.92,35.81,0
0.0,27.36,54.16,29.18,6.13,78.42,1.01,25.41,0
8.77,12.22,27.93,30.4,11.52,29.7,1.5,28.07,0
10.18,30.34,53.53,33.33,7.06,61.77,2.93,27.41,0
21.44,31.16,43.65,23.95,9.89,42.16,3.24,29.03,0
0.0,11.27,74.25,62.09,2.93,57.18,4.51,30.03,0
0.13,4.05,75.39,36.1,9.78,118.34,4.07,41.28,0
5.35,13.52,65.46,29.68,17.99,165.74,2.64,35.54,0
11.29,28.39,45.61,56.3,1.6,66.46,2.4,22.34,0
0.0,3.52,22.78,20.41,6.66,174.3,1.93,27.64,0
0.0,7.66,10.96,27.94,3.39,20.33,2.77,24.41,0
14.47,29.43,39.18,26.26,6.36,81.34,1.7,35.57,0
0.0,20.56,105.96,31.18,6.02,193.15,1.62,29.32,0
0.18,11.8,92.3,48.42,3.93,53.56,3.68,39.6,0
15.46,63.48,127.66,45.9,6.11,143.61,7.01,26.35,1
11.1,25.5,93.26,28.84,18.1,57.15,2.05,20.03,0
1.12,25.26,33.61,48.64,14.68,78.8,4.12,31.12,0
9.68,26.86,75.13,37.61,18.8,53.63,0.42,38.73,0
7.56,17.47,61.52,47.02,4.86,19.95,2.07,24.32,0
4.1,5.74,56.52,46.91,12.83,67.95,4.14,30.8,0
2.4,28.97,125.32,31.49,6.39,91.49,3.86,27.6,0
9.22,35.56,38.93,38.38,12.11,34.61,2.77,22.09,0
0.0,46.74,50.49,43.1,0.45,52.41,3.0,31.59,0
9.09,19.1,29.69,31.54,8.1,43.6,4.3,26.31,1
6.66,66.51,73.96,46.8,9.89,103.33,2.77,29.8,1
7.33,32.55,55.07,30.1,6.04,113.34,4.68,19.41,0
0.04,34.35,69.36,51.08,5.38,48.38,2.97,21.67,1
21.96,26.19,68.52,32.0,6.63,34.84,3.36,27.82,1
1.14,16.71,21.69,43.33,1.09,137.5,1.95,31.33,0
1.84,43.4,58.43,39.18,4.07,55.48,3.59,22.67,1
3.82,7.96,42.15,36.02,3.16,167.59,1.5,31.09,0
11.07,20.36,46.05,21.3,16.56,30.05,2.19,19.99,0
7.04,55.49,76.32,51.36,9.57,79.87,3.53,25.46,1
0.0,36.92,97.05,32.94,16.15,31.51,5.7,30.55,0
4.98,19.22,35.19,46.9,0.76,35.6,0.96,21.75,0
5.64,13.43,95.75,44.29,4.62,117.43,2.48,28.0,0
22.47,44.71,55.97,38.6,12.63,23.86,2.14,24.72,0
2.9,39.9,52.19,29.4,3.86,84.41,2.64,23.4,1
10.0,35.21,71.97,33.62,13.88,118.66,3.26,26.48,1
18.92,59.96,77.92,22.96,4.88,65.38,2.25,24.7,1
0.0,41.2,59.81,42.73,24.14,57.3,2.3,32.31,0
12.79,33.46,48.53,36.89,3.84,105.95,2.96,29.94,0
9.14,35.41,69.16,51.35,20.38,14.27,3.17,26.46,0
2.71,19.88,23.83,27.04,10.05,182.13,2.65,21.72,0
12.96,14.89,26.24,48.49,5.47,84.99,2.34,31.11,0
0.0,17.65,37.19,22.43,15.11,70.28,1.4,30.16,0
1.23,5.47,44.35,35.51,5.41,47.09,0.2,22.41,0
3.9,7.47,23.95,35.89,7.19,74.56,3.04,34.63,0
2.45,33.48,132.29,51.58,13.77,214.75,4.89,28.46,0
11.47,20.22,64.03,32.56,9.75,123.99,4.54,27.4,1
4.77,16.81,54.96,22.27,6.52,24.82,1.54,36.81,0
1.91,7.56,33.96,31.47,3.12,29.28,1.07,28.56,0
18.61,25.3,56.86,30.0,5.83,69.26,3.43,24.04,0
10.99,24.65,46.58,50.35,1.81,27.67,3.13,24.47,0
0.0,18.64,61.37,40.51,17.02,29.22,2.59,28.18,0
1.95,14.92,68.02,37.84,2.07,69.8,3.37,27.41,0
0.0,21.76,50.37,46.96,7.1,66.69,2.87,26.1,0
15.76,43.25,142.27,55.48,12.61,69.63,5.87,35.62,1
1.44,3.94,20.06,11.83,3.82,82.64,2.7,23.1,0
9.98,32.78,114.03,53.07,4.51,35.28,4.08,32.45,1
12.6,30.23,73.57,41.72,21.43,35.5,3.51,28.69,0
1.64,18.99,40.87,36.05,4.46,37.73,4.93,29.59,0
3.59,8.18,26.46,29.88,6.48,242.11,3.19,31.08,0
7.46,17.86,21.97,24.65,0.82,32.75,2.47,41.08,0
14.86,39.1,98.86,32.09,5.94,32.48,4.1,32.9,1
42.92,46.78,126.15,53.3,11.14,8.58,7.13,23.05,1
28.23,96.31,131.59,42.41,10.91,59.32,4.31,22.42,1
4.68,35.8,51.12,27.72,5.93,37.73,2.86,29.96,0
4.6,10.67,20.46,56.6,5.92,120.2,3.03,33.04,0
25.61,36.77,73.9,33.23,11.03,52.42,1.87,31.05,0
5.1,8.42,43.51,26.8,4.51,46.88,1.96,15.04,0
1.54,33.56,58.31,40.51,1.98,60.56,6.45,33.53,1
16.03,29.17,56.9,31.82,6.08,27.08,3.12,38.65,0
7.94,26.09,71.9,50.34,11.33,28.99,3.93,32.84,0
0.0,15.17,46.42,37.7,8.45,100.72,2.83,31.47,0
2.96,28.51,57.34,36.03,19.18,35.12,1.05,27.09,0
0.0,5.93,45.88,39.85,6.62,35.32,2.41,29.73,0
31.82,112.96,200.52,61.24,18.78,89.45,7.37,20.86,1
6.13,31.7,39.87,24.89,6.96,164.0,1.78,17.77,0
3.18,31.29,56.82,37.75,12.85,53.65,3.55,26.22,0
1.91,21.27,29.48,19.43,13.65,119.5,0.59,35.82,0
5.25,11.04,16.59,16.82,13.78,18.49,2.26,40.6,0
1.85,13.11,46.78,27.3,6.06,70.9,4.0,27.52,0
0.0,9.94,60.24,32.77,2.49,312.86,2.95,20.7,0
2.14,38.43,54.73,34.95,6.23,62.19,1.87,22.91,0
23.33,29.87,57.72,9.49,7.64,73.85,2.27,29.1,1
15.66,31.61,68.96,32.35,5.22,21.16,2.33,33.08,0
2.15,6.26,79.45,24.04,5.44,30.95,1.57,17.23,0
34.71,59.78,64.56,40.82,4.08,62.24,5.15,23.66,1
4.59,12.64,47.38,28.59,3.32,20.65,1.32,27.71,0
0.64,27.69,86.98,36.98,11.42,66.13,5.75,22.06,0
8.39,41.89,79.53,28.25,1.04,104.82,4.41,23.19,1
26.86,84.04,93.97,45.43,3.2,26.0,5.86,27.82,1
22.3,35.75,52.3,20.43,5.82,43.42,2.29,26.45,0
0.82,19.98,44.25,29.3,6.18,40.16,1.67,27.66,0
0.0,15.0,16.87,22.93,9.73,27.45,0.97,22.59,0
2.64,13.62,89.34,54.78,7.07,52.53,4.55,24.98,0
10.2,40.63,46.48,15.27,9.24,49.82,1.97,21.88,0
13.57,24.0,38.87,45.34,9.67,497.37,2.07,27.16,0
19.38,45.14,75.83,34.25,15.96,18.15,4.88,33.07,0
6.61,7.07,17.48,25.77,8.94,29.58,2.15,28.7,0
6.91,14.9,33.57,41.5,5.24,16.79,5.04,27.27,0
6.28,37.34,103.27,49.75,29.51,59.94,3.66,31.16,0
16.99,32.68,115.32,45.33,14.88,55.42,3.73,29.17,0
13.82,48.32,66.24,40.8,17.47,73.01,2.0,22.38,0
0.68,16.76,39.6,15.53,8.61,47.93,2.28,34.53,0
12.07,41.41,47.53,22.65,7.14,159.27,3.81,26.35,0
15.9,23.73,35.69,35.61,7.47,75.32,3.62,28.24,1
17.21,43.32,79.11,28.38,2.15,179.33,5.44,32.97,1
7.95,30.47,60.73,35.21,4.46,149.78,4.45,35.91,0
7.41,21.72,66.59,32.31,5.06,39.15,2.91,34.41,0
4.92,34.61,56.02,22.18,3.8,20.24,3.25,34.18,0
5.73,39.01,87.32,48.66,1.99,102.87,5.44,34.2,0
30.17,57.8,93.26,46.65,11.19,49.65,3.41,19.75,1
6.01,36.52,45.87,31.17,4.62,83.04,1.6,27.38,1
0.99,23.58,54.83,48.78,4.31,50.6,3.58,29.12,0
8.16,13.3,73.52,23.4,6.8,97.83,3.1,29.9,0
13.28,30.67,32.7,22.46,6.66,20.2,2.88,33.11,0
16.5,31.0,53.79,27.06,7.36,129.15,1.82,30.42,0
0.0,20.77,32.11,27.65,7.56,65.69,2.46,29.32,0
24.83,58.46,92.18,38.28,6.4,53.12,3.54,26.06,1
12.75,41.1,59.52,42.54,11.84,150.25,2.86,29.03,0
23.55,50.72,87.91,59.56,17.12,24.06,4.31,38.37,1
0.0,1.04,50.6,38.86,4.69,9.73,0.8,23.17,0
17.87,32.67,53.12,34.08,11.31,36.57,2.34,18.68,1
0.0,11.0,44.19,45.63,14.49,67.75,2.4,41.51,0
3.31,27.91,92.36,41.65,10.15,90.95,4.28,30.01,1
13.21,52.97,85.57,39.48,2.56,148.1,2.77,27.97,0
0.0,19.8,27.0,32.46,14.96,160.88,2.36,22.98,0
1.81,5.77,13.83,30.48,9.02,79.2,0.47,25.32,0
0.0,16.04,34.72,39.19,10.25,97.1,2.27,31.31,0
12.83,44.0,70.03,17.32,5.45,23.21,0.37,28.06,0
0.62,11.3,52.83,38.51,4.53,94.01,3.66,20.95,0
5.48,41.66,62.68,37.14,9.99,95.91,1.21,24.35,0
9.16,46.19,53.82,31.93,13.31,100.91,2.18,35.8,1
8.05,50.73,104.65,50.55,6.31,17.42,4.16,26.09,1
7.15,17.65,51.51,40.67,4.02,54.87,3.6,39.47,0
7.13,69.54,78.63,32.71,4.88,103.4,3.64,28.12,1
0.0,36.06,38.63,31.96,3.43,12.06,2.51,36.72,0
3.66,14.94,50.58,38.69,3.41,51.41,3.95,26.14,0
7.05,46.28,70.14,35.04,5.02,39.11,2.23,30.99,0
6.06,16.88,51.98,25.62,5.43,76.15,2.88,22.33,0
4.43,25.75,39.99,32.75,6.08,57.92,1.67,23.89,0
1.14,27.36,74.39,50.13,6.89,38.53,0.21,32.91,1
7.83,32.62,43.68,30.22,9.19,34.37,4.32,28.99,0
9.74,18.02,46.47,37.41,6.13,71.7,1.77,31.54,0
2.48,44.16,99.32,62.63,4.71,26.23,3.47,22.1,0
16.62,48.94,84.16,18.94,3.24,52.09,3.13,22.56,0
25.31,76.16,82.08,45.97,5.19,35.38,2.21,24.25,1
5.64,46.67,99.45,33.81,3.31,61.68,2.34,34.41,1
0.77,36.44,68.91,30.33,11.89,24.5,1.65,30.99,0
0.0,36.04,79.24,35.19,13.78,49.29,3.02,28.8,0
3.22,29.37,35.96,24.12,21.2,51.84,0.6,36.19,0
5.05,20.21,60.74,40.3,1.41,129.36,4.26,30.83,1
0.0,27.07,34.5,19.42,8.93,94.48,1.01,29.12,0
3.04,10.64,51.81,40.63,13.97,247.96,3.07,34.72,0
15.76,54.77,84.16,48.2,4.98,63.73,4.29,35.04,1
6.16,81.5,96.24,26.02,0.69,91.73,4.67,19.26,1
1.78,29.68,56.69,20.63,13.76,28.12,2.66,28.07,0
5.29,17.34,27.86,24.6,7.56,195.69,2.12,36.02,0
26.56,33.37,47.51,42.31,4.61,196.26,1.38,36.88,1
4.93,19.62,40.64,24.96,18.15,61.77,3.63,28.08,0
3.88,40.16,74.95,38.73,4.6,115.94,3.42,25.31,0
11.96,36.86,50.13,19.74,17.27,50.94,1.68,26.36,0
7.96,29.32,53.5,26.22,1.81,34.2,5.58,22.93,0
6.2,22.27,73.19,27.24,2.61,59.25,4.07,27.91,1
8.33,31.89,54.53,26.57,10.36,115.19,3.95,19.39,0
20.25,24.05,45.81,31.39,17.12,81.68,1.64,30.29,0
14.74,27.77,81.76,39.63,5.33,68.8,4.53,31.05,0
3.43,15.78,32.69,33.06,6.08,220.94,2.27,28.05,0
25.29,38.14,53.96,22.6,7.4,79.77,0.6,23.13,1
2.08,33.95,91.14,52.2,17.0,265.96,3.73,25.79,1
6.16,9.55,41.07,29.04,20.5,111.42,1.76,22.48,0
7.16,20.01,40.69,42.19,8.13,95.91,2.47,29.44,0
3.13,21.75,50.23,40.11,6.77,108.33,2.68,25.71,0
22.85,38.65,58.47,40.01,6.24,40.06,2.57,25.86,1
2.84,19.18,36.1,43.29,3.18,41.17,0.76,34.87,0
4.35,7.53,10.55,20.02,9.62,58.05,2.1,32.39,0
17.0,40.1,72.76,41.66,7.31,290.4,3.61,35.41,0
2.27,6.71,59.19,11.76,10.62,72.6,3.59,23.56,0
6.41,12.87,38.24,33.75,7.01,43.01,0.47,43.0,1
0.0,31.64,107.44,46.7,9.39,120.4,5.62,34.58,0
0.0,18.5,43.67,24.88,8.47,73.24,3.55,31.87,0
0.0,10.76,22.46,29.77,12.66,58.85,0.76,29.65,0
0.0,62.98,71.92,20.74,9.78,35.26,3.49,15.79,0
0.0,13.09,57.55,24.32,1.18,24.35,3.56,23.99,0
28.37,34.62,55.77,33.79,2.95,107.23,2.86,15.26,1
0.0,2.3,8.54,14.89,3.22,39.93,2.5,36.31,0
0.0,36.07,45.32,50.04,2.9,19.5,5.16,24.57,0
4.47,34.17,61.86,39.9,0.96,136.19,3.68,31.59,0
11.39,28.75,79.95,37.03,3.4,37.9,3.11,33.97,1
12.7,21.46,35.6,32.81,10.61,65.0,2.37,21.68,0
0.77,26.76,54.55,37.44,10.75,42.27,4.21,32.38,0
6.01,34.67,88.26,28.73,13.33,217.55,3.61,17.4,0
4.26,4.74,104.81,46.39,1.54,44.03,4.38,28.77,0
5.53,11.67,30.33,33.49,14.98,157.02,1.68,39.91,0
6.63,38.66,55.61,28.55,1.63,193.93,3.05,34.0,1
9.13,13.63,40.81,35.93,2.97,70.07,4.71,37.1,0
1.69,14.23,41.17,29.38,2.37,33.42,2.73,17.37,0
2.88,19.0,66.07,40.28,5.91,14.74,4.4,26.63,0
41.37,49.66,79.84,48.7,14.24,72.17,2.87,24.29,1
1.98,21.12,36.93,30.74,4.86,202.03,4.68,30.66,0
6.16,14.53,30.02,46.69,8.89,35.22,2.27,18.64,0
4.32,10.5,30.34,26.09,3.68,145.17,2.7,30.76,0
5.82,9.99,46.85,23.1,4.07,44.56,3.44,27.19,0
17.45,21.54,27.51,31.46,12.9,121.74,1.7,23.44,1
3.93,39.63,79.7,28.51,22.07,147.75,6.54,29.7,1
0.0,27.39,33.24,34.21,10.04,57.68,2.02,14.41,0
1.61,19.88,29.16,19.32,6.75,107.75,2.16,31.97,0
3.94,19.81,22.5,35.1,14.68,62.58,0.68,28.44,0
6.92,69.19,135.58,44.67,13.74,37.06,5.77,36.6,1
0.79,33.34,61.81,50.92,9.14,15.09,3.26,34.31,0
1.22,44.64,79.16,51.93,3.44,17.88,3.25,22.66,0
7.26,24.02,31.75,39.88,1.06,26.59,3.08,26.15,0
7.58,15.65,44.61,23.2,3.7,226.06,3.88,22.88,1
15.09,20.99,49.56,25.5,13.1,72.61,1.4,27.83,1
1.55,8.45,27.73,30.59,10.08,68.6,1.65,30.82,0
10.2,19.31,58.13,39.63,5.97,58.2,2.08,30.13,0
4.33,20.57,53.73,33.59,6.16,29.18,1.32,30.06,0
2.23,20.84,43.61,30.25,2.47,59.58,5.16,28.28,0
4.57,17.21,50.44,38.18,4.24,26.19,3.78,27.03,0
5.6,16.75,45.29,45.29,3.43,88.22,0.84,32.37,0
0.0,4.78,56.06,50.67,1.58,19.33,3.81,16.94,0
0.0,63.76,72.2,52.36,3.61,48.65,1.75,36.54,0
11.83,15.38,81.56,22.18,3.66,106.97,2.23,16.56,1
2.74,53.45,75.12,10.12,4.53,96.16,3.2,20.31,1
6.99,19.82,47.08,38.4,11.7,66.15,3.71,38.66,0
11.45,23.79,30.53,39.45,7.45,61.4,3.42,33.71,0
4.61,13.02,24.62,37.96,8.19,168.56,2.84,21.61,0
10.42,36.75,61.8,43.67,7.41,67.13,3.98,18.98,1
5.65,12.12,45.43,41.88,14.67,35.5,3.48,25.16,0
6.03,22.87,70.71,36.51,8.45,81.3,4.51,21.66,1
18.85,42.83,48.33,36.35,23.45,55.71,2.55,34.1,1
3.85,5.23,19.26,34.4,6.09,51.5,1.24,27.14,0
11.97,21.61,32.19,36.93,9.93,75.73,2.97,17.32,1
0.0,66.3,84.83,36.18,28.44,30.18,5.71,33.13,1
6.66,15.58,44.79,23.01,4.74,23.89,2.07,22.38,0
23.57,30.79,72.12,22.8,8.9,37.24,3.25,26.3,0
43.87,54.59,142.33,44.3,6.33,13.11,6.3,26.11,1
0.0,77.01,94.39,29.08,9.69,194.25,5.05,39.13,1
2.72,54.02,77.87,37.28,7.51,229.55,4.96,22.64,1
0.02,15.1,66.48,43.17,16.35,68.11,3.15,26.33,0
4.12,39.2,58.03,37.28,17.96,29.68,4.47,24.6,0
14.12,29.0,105.19,41.45,5.61,104.35,5.78,30.49,0
19.51,36.45,50.26,38.13,9.4,84.43,2.19,32.03,0
20.11,42.14,60.08,26.06,10.65,216.74,2.28,28.16,1
0.0,29.15,64.8,42.66,5.59,23.18,5.71,27.8,0
5.43,16.09,58.12,36.53,10.25,24.86,4.59,32.68,0
1.46,8.32,32.28,25.07,14.93,21.99,1.47,36.12,0
3.73,26.97,146.67,55.99,10.39,46.96,5.28,31.12,0
2.11,6.93,39.26,5.0,8.39,26.32,0.91,31.76,0
0.0,14.54,29.7,30.08,7.68,79.59,0.39,26.03,0
19.69,33.19,56.0,30.13,19.14,289.84,2.07,28.4,1
0.83,2.91,9.82,20.03,6.89,171.55,1.91,23.98,0
1.54,8.5,20.93,23.71,12.29,19.36,3.45,24.88,0
23.7,38.61,50.51,37.92,5.22,84.47,0.2,27.31,1
0.0,32.04,54.85,30.63,0.89,73.02,2.56,22.34,0
8.97,15.22,34.89,41.92,4.78,121.23,2.85,42.45,0
16.19,41.88,83.14,26.29,6.7,62.34,3.82,26.42,0
22.0,31.25,44.33,33.42,9.2,44.94,3.65,28.56,1
8.26,23.99,59.57,25.33,18.78,46.47,3.89,28.81,1
12.21,41.45,104.78,54.78,7.28,12.26,3.27,25.75,1
16.18,25.5,75.38,42.32,9.47,46.04,5.35,33.81,1
4.22,50.98,66.41,26.29,15.01,53.21,4.72,33.05,0
0.31,88.26,155.38,55.84,14.24,109.25,6.11,26.72,1
25.34,31.94,44.64,43.24,12.78,72.84,2.1,31.11,1
10.83,19.16,61.07,33.2,8.2,42.26,0.71,35.07,0
5.42,17.58,43.88,31.88,9.56,132.05,2.96,30.47,0
0.0,41.72,61.1,38.07,13.15,70.17,2.15,29.32,0
8.76,13.25,31.59,29.97,3.23,22.89,1.75,38.9,0
0.0,4.71,47.08,43.49,7.26,36.16,2.54,18.73,0
5.33,9.38,22.22,30.83,5.46,35.56,1.27,38.51,0
1.01,4.32,100.35,45.23,2.57,65.42,3.47,27.26,0
2.1,8.8,40.22,37.05,6.11,29.48,0.8,24.11,0
20.32,37.2,100.59,44.05,16.33,118.6,5.04,31.24,1
1.04,93.8,118.44,44.74,15.02,77.06,4.3,36.89,0
5.73,9.65,33.03,27.48,3.21,46.29,2.13,23.89,0
1.07,17.4,84.88,41.73,7.17,57.89,5.77,27.91,0
7.81,30.32,58.53,38.09,0.89,42.42,1.76,25.23,0
6.47,19.07,85.5,42.39,16.01,67.58,3.34,29.71,0
5.34,23.53,37.93,15.52,12.77,50.58,2.68,18.31,0
16.24,26.35,52.7,38.42,9.9,142.56,3.67,36.18,0
0.0,7.79,10.38,29.76,12.99,19.68,1.31,16.59,0
0.0,11.27,46.7,38.53,7.4,41.27,2.95,23.65,0
0.0,35.7,62.7,23.75,3.55,70.02,0.2,30.56,0
6.52,33.66,46.39,31.81,9.4,12.78,1.43,27.07,0
9.52,23.64,40.6,34.99,16.2,114.47,3.26,28.16,0
9.38,13.33,50.98,34.72,7.79,79.26,2.35,29.0,0
2.86,5.38,38.43,37.74,3.46,107.23,2.42,30.13,0
25.94,36.98,43.36,31.39,5.85,8.29,3.01,26.08,0
8.59,33.66,79.68,24.75,14.38,130.93,4.06,40.61,0
23.27,46.18,71.63,12.46,9.8,194.07,2.11,19.29,1
19.36,40.16,121.15,35.29,3.96,95.97,4.27,32.53,1
2.86,6.25,70.6,28.0,15.92,143.57,2.18,17.66,0
14.19,44.73,61.85,44.55,4.52,68.47,3.52,30.95,0
2.85,21.69,58.14,44.61,2.96,79.88,1.49,33.78,0
28.89,35.05,91.94,48.2,5.53,74.77,4.76,33.87,1
3.41,36.1,48.89,32.27,5.25,552.21,2.15,20.18,1
10.06,15.41,57.45,19.74,18.31,60.5,2.77,25.22,0
33.78,54.5,110.8,38.28,8.46,45.19,4.4,32.33,1
10.57,18.77,69.0,51.49,1.28,41.4,4.84,25.11,0
2.27,14.42,30.71,20.98,12.0,181.31,2.79,26.62,0
0.0,22.58,40.23,36.45,8.94,44.31,2.17,21.12,0
0.0,16.81,22.35,28.45,3.6,105.59,2.26,23.75,0
9.32,23.87,92.89,36.75,2.01,43.18,2.79,25.23,1
4.56,11.2,39.09,29.39,16.18,164.65,0.96,23.34,0
0.0,7.64,27.02,37.67,3.78,112.42,4.06,24.29,0
12.63,20.73,42.68,17.25,13.04,95.12,1.69,34.74,0
12.45,47.5,66.55,37.45,7.54,235.55,3.27,27.56,0
4.43,69.52,74.58,18.08,2.03,23.43,3.27,27.93,1
24.22,30.96,68.36,33.34,12.58,281.95,4.89,29.85,0
0.0,49.0,66.35,41.16,8.1,189.9,5.32,18.6,0
2.47,8.3,21.47,35.09,1.22,142.73,1.98,32.34,0
10.51,31.3,42.43,35.46,5.38,69.09,2.1,28.71,0
0.0,5.56,8.62,24.69,2.05,147.44,0.2,26.36,0
14.0,51.8,63.24,40.13,11.37,79.77,2.38,43.0,1
18.46,49.02,71.86,52.57,4.63,90.26,3.8,31.6,1
0.0,36.13,51.15,37.93,3.45,430.44,1.52,33.23,0
24.97,35.07,42.58,11.1,4.82,41.11,3.09,27.47,1
9.79,16.73,26.98,32.46,6.76,33.0,2.79,31.47,0
1.85,36.85,65.27,45.34,6.31,63.41,2.23,34.32,0
0.0,13.94,23.37,30.33,9.4,29.15,2.02,32.8,0
15.99,30.08,35.69,24.31,3.49,34.74,2.17,23.58,0
0.0,9.94,95.22,51.47,4.45,67.45,3.45,32.98,0
9.77,22.81,37.22,29.94,17.97,76.13,3.42,27.07,0
0.0,35.15,40.07,20.14,9.92,235.66,3.98,23.45,1
5.15,14.17,25.96,29.12,2.91,35.3,2.17,25.97,0
15.28,24.1,73.92,45.01,7.63,84.85,4.18,24.76,1
1.92,9.03,59.06,34.67,5.6,18.16,2.33,35.49,0
24.82,37.7,64.3,29.66,1.51,109.96,5.06,26.97,1
10.79,48.13,84.2,43.93,11.9,86.53,3.88,33.48,0
0.0,7.0,14.95,33.34,8.15,29.32,4.63,20.96,0
0.0,8.3,33.56,21.9,8.51,79.73,1.59,29.34,0
0.58,49.73,54.64,30.55,13.93,38.53,3.4,21.88,0
4.78,12.9,78.59,30.35,8.84,6.52,3.06,29.15,0
27.01,42.73,51.24,34.93,28.58,16.01,2.59,26.13,1
31.74,88.06,115.07,58.53,4.26,14.4,5.76,26.05,1
1.73,14.92,19.44,41.14,3.82,79.42,2.06,25.33,0
1.58,70.86,134.57,47.03,10.23,43.12,6.5,21.78,0
12.9,19.49,86.05,24.67,13.05,66.85,4.14,31.91,1
12.79,79.38,124.92,45.37,5.37,72.86,4.74,27.45,1
21.26,33.97,76.31,35.15,15.68,55.76,4.69,23.46,1
21.8,22.92,84.31,29.55,3.44,52.31,3.21,22.42,1
0.33,2.14,5.24,34.71,0.57,121.89,2.06,32.24,0
0.0,10.2,47.94,41.19,9.65,23.84,2.09,22.59,0
10.97,30.02,49.97,33.46,2.61,66.51,4.26,27.53,0
7.0,20.84,60.73,33.02,0.78,87.82,3.88,28.34,1
0.0,41.32,68.88,27.53,6.11,87.52,3.29,35.66,0
10.37,33.05,72.88,39.77,6.9,26.63,3.07,31.93,1
4.13,16.2,48.94,39.19,11.13,28.17,3.86,29.75,0
10.65,28.34,30.46,35.17,5.31,21.0,1.48,30.1,0
0.0,10.8,37.54,32.77,16.35,27.35,2.3,35.26,0
11.55,35.11,129.03,61.6,13.03,84.19,4.88,32.72,1
8.19,15.54,37.7,34.76,7.75,89.2,1.67,20.39,0
12.52,36.39,65.28,32.92,2.23,45.24,3.74,24.79,1
2.08,15.48,82.73,33.01,2.48,47.12,3.82,26.5,0
1.04,11.52,18.07,18.22,6.52,24.08,3.29,17.82,0
0.0,40.47,65.0,54.76,11.37,143.52,3.92,21.51,1
2.99,58.87,92.1,47.09,13.95,6.1,3.74,22.49,0
17.69,36.05,52.19,45.13,11.48,155.16,3.09,27.54,0
22.73,34.19,46.18,33.88,13.46,169.5,2.8,31.91,0
0.0,11.72,59.46,37.0,4.86,42.15,2.94,25.81,0
4.78,16.4,74.88,29.07,0.91,87.43,4.99,22.84,0
27.37,53.22,112.94,40.51,5.63,109.17,3.4,30.01,1
30.79,51.57,62.41,32.21,13.26,57.97,4.79,38.68,1
2.74,19.62,59.73,25.55,3.45,53.33,1.53,31.6,0
19.27,50.74,75.89,41.73,6.83,101.28,4.84,30.16,0
16.16,21.4,48.08,65.48,1.9,30.34,2.05,17.0,1
14.84,16.03,30.74,18.37,5.94,48.38,2.63,22.64,0
0.0,11.19,56.01,38.85,12.44,120.98,3.52,25.91,0
1.44,28.87,31.52,25.37,4.17,87.72,1.86,23.62,0
3.98,22.0,67.27,38.3,2.73,59.06,4.07,12.0,0
3.78,17.78,60.38,49.75,7.73,98.91,2.92,26.19,0
4.7,62.28,78.16,22.1,4.39,37.94,4.32,28.14,1
33.82,77.61,86.91,28.67,4.78,58.87,3.32,25.97,1
2.95,32.69,43.05,29.1,3.43,198.05,2.3,29.06,0
8.68,21.94,43.52,32.23,1.34,391.33,3.19,24.27,0
8.3,106.6,117.8,37.99,6.74,49.65,4.41,31.21,1
4.79,10.53,69.16,33.67,6.09,139.85,1.48,32.86,1
0.0,36.87,73.32,44.98,1.43,32.58,1.26,32.41,0
5.84,44.78,109.47,32.13,11.82,60.73,4.68,23.66,0
0.0,10.49,21.47,22.91,10.63,48.45,3.5,28.41,0
9.78,55.18,129.49,39.22,2.87,39.24,5.99,27.76,1
0.0,5.25,19.6,38.74,19.5,131.41,1.37,22.36,0
8.75,31.57,47.25,29.31,13.19,56.23,2.14,26.54,1
1.21,36.52,83.65,33.32,6.18,88.65,3.24,28.48,0
0.0,21.94,52.61,31.12,4.35,280.68,3.23,33.87,0
13.12,16.43,42.79,32.16,13.61,40.45,4.72,33.99,0
2.27,37.04,87.8,50.58,2.05,108.63,4.37,23.69,0
5.41,49.24,51.02,37.15,2.96,39.42,1.78,28.35,1
0.0,19.39,34.3,47.86,7.37,55.58,3.53,26.14,0
24.33,26.55,31.7,25.42,7.47,157.38,3.93,23.62,0
6.22,24.65,46.78,40.45,23.37,53.59,2.43,20.99,0
6.2,15.82,88.17,51.91,9.52,61.68,5.35,34.52,0
10.03,27.58,96.04,29.11,5.8,76.29,1.51,29.51,1
26.64,55.9,63.23,22.51,5.54,35.68,4.0,23.65,1
2.73,7.51,30.52,26.06,6.69,35.05,0.35,28.4,0
25.2,75.87,134.4,62.85,1.49,145.92,5.14,27.16,1
2.53,15.24,32.32,31.79,8.31,144.93,2.5,24.09,0
1.34,21.05,40.87,34.26,5.45,167.08,4.29,23.35,0
9.23,19.91,28.36,27.36,16.56,38.46,1.73,26.91,0
39.89,69.15,82.3,42.5,3.91,88.18,3.46,31.67,1
19.25,69.9,88.96,40.53,21.51,222.66,4.03,32.68,1
10.5,18.31,36.43,18.53,1.77,142.12,0.2,29.29,0
9.06,35.29,63.17,14.68,2.87,33.5,3.98,32.22,1
5.76,14.72,48.83,44.24,4.14,81.66,3.92,26.86,0
24.16,52.86,123.9,23.19,1.74,21.04,4.51,23.34,1
13.48,30.67,53.0,28.99,5.82,94.76,3.42,26.65,0
0.0,33.76,61.26,29.55,23.01,129.49,3.24,29.7,0
0.0,21.12,42.29,29.7,11.29,87.65,3.57,27.81,0
10.93,83.25,102.53,40.78,5.82,44.01,4.06,29.03,0
0.0,10.76,29.82,42.08,4.4,42.76,2.75,22.67,0
6.17,10.45,50.76,36.14,13.75,152.54,3.32,19.94,0
14.71,24.65,39.53,43.15,22.45,36.48,3.52,30.07,0
9.32,19.41,66.63,31.8,12.42,104.88,1.12,33.88,0
0.0,15.33,54.81,32.2,4.9,260.69,2.39,23.75,0
0.05,11.93,43.34,21.28,11.35,89.36,3.31,27.75,0
9.67,29.4,54.84,29.92,3.9,39.9,2.9,18.9,0
36.2,38.64,92.75,43.82,4.93,114.21,4.24,29.11,1
4.42,16.25,69.42,17.77,5.9,13.77,2.95,43.0,0
15.25,26.96,97.61,43.58,8.51,65.65,4.81,25.43,1
9.41,39.98,67.67,24.12,15.07,31.44,2.22,27.85,0
1.16,7.92,26.47,22.67,11.66,52.05,3.09,36.13,0
15.44,21.86,69.45,45.41,4.31,12.42,2.92,27.31,0
0.0,16.87,29.37,20.62,10.7,138.41,2.3,28.54,0
14.28,46.34,126.55,37.79,9.53,22.25,3.57,32.0,0
10.12,10.36,19.59,34.98,14.4,64.64,1.72,24.32,0
1.59,31.03,61.13,35.8,6.82,83.34,4.71,21.88,0
0.0,25.99,41.22,16.8,4.21,105.85,2.72,26.79,0
2.03,17.53,66.0,32.42,2.03,27.8,3.15,22.93,0
0.83,19.96,47.53,28.95,6.72,53.65,4.89,14.96,0
3.28,40.28,76.08,37.03,13.66,59.51,3.2,17.86,1
2.59,12.61,21.05,29.45,8.63,60.55,2.47,22.65,0
1.59,5.43,52.24,27.59,4.19,67.03,3.87,37.84,0
0.0,26.11,67.84,63.2,6.49,139.1,2.78,30.17,1
0.0,24.37,62.05,31.66,7.62,38.2,2.15,31.46,0
18.04,19.36,49.7,36.51,4.6,33.55,3.3,32.47,0
1.73,53.99,62.75,17.41,10.16,160.38,3.39,27.85,1
3.4,26.51,49.49,27.3,5.01,211.96,3.85,21.5,0
2.28,9.49,41.89,31.94,16.16,228.11,2.33,21.92,0
24.68,49.36,69.74,24.69,8.8,56.72,1.92,16.53,1
0.74,22.79,54.7,29.98,9.83,56.73,1.85,31.67,0
0.46,11.86,47.06,34.41,5.58,35.92,3.35,17.88,0
10.39,29.33,32.47,17.67,3.06,39.79,4.04,13.56,0
6.87,25.94,38.7,25.15,12.14,47.56,2.96,19.49,0
10.73,28.0,54.32,33.85,3.74,84.84,3.63,29.54,0
9.96,25.97,83.56,44.2,19.19,47.99,3.72,27.44,1
15.85,38.11,73.51,42.51,5.02,31.16,2.66,24.32,0
0.0,19.58,44.98,32.18,9.07,20.1,2.71,21.76,0
9.25,19.34,45.47,30.78,4.64,199.58,2.81,32.81,0
0.49,6.27,51.29,45.76,5.37,59.42,2.57,29.93,0
0.0,18.86,29.23,45.3,11.29,67.58,3.03,18.95,0
9.88,39.15,73.0,52.39,8.94,11.71,5.07,28.66,0
9.21,27.45,81.09,39.88,5.44,24.7,4.0,28.7,1
5.09,15.0,19.4,25.91,4.05,92.23,3.42,32.94,0
16.14,18.4,28.03,30.22,2.51,19.74,1.51,32.12,0
0.52,54.01,69.68,26.31,3.72,33.56,2.5,27.82,0
11.84,35.42,140.23,41.79,2.3,56.86,7.24,32.92,1
3.99,26.21,53.29,30.84,2.98,18.79,4.39,33.96,0
4.54,16.02,35.06,33.7,8.5,108.41,4.48,25.51,0
0.0,2.39,15.87,34.43,3.91,57.57,0.2,24.66,0
16.31,25.6,40.96,44.46,8.01,42.74,2.79,33.94,0
8.78,56.29,97.48,55.52,15.55,60.6,4.97,31.18,0
11.34,15.84,32.5,26.9,13.98,45.13,1.33,19.53,0
0.04,1.81,16.76,29.17,1.56,165.85,0.2,34.28,0
7.56,60.52,76.34,48.66,13.66,115.28,5.76,32.04,1
3.98,11.32,64.88,36.94,2.05,414.14,2.25,24.3,0
9.35,23.43,38.39,21.26,5.1,60.1,2.2,34.66,0
7.11,29.6,34.72,39.61,16.91,318.64,0.82,20.25,0
29.21,94.7,127.47,40.61,5.73,32.7,4.06,20.44,1
21.47,68.17,85.05,26.08,7.04,152.34,0.59,23.36,1
3.21,18.85,31.03,22.74,1.15,63.62,3.96,30.06,0
9.86,19.72,52.43,37.81,3.94,67.08,3.94,30.56,0
2.71,7.91,33.12,32.4,7.95,67.88,3.96,33.93,0
15.7,39.57,48.38,28.36,11.28,110.35,3.76,33.28,0
4.27,22.62,66.71,57.81,16.67,64.91,4.91,25.59,0
1.95,4.1,48.25,22.25,5.23,13.14,2.88,31.67,0
7.42,21.42,40.94,26.15,19.84,50.68,0.94,26.48,0
19.91,38.65,79.23,35.13,14.91,57.29,6.67,23.39,0
16.97,42.55,80.82,25.73,12.08,67.75,2.97,30.7,1
2.24,8.55,43.09,28.55,6.97,119.97,0.85,29.75,0
26.95,46.15,75.9,22.89,12.58,55.63,4.81,23.31,1
0.23,5.26,28.54,35.25,3.48,38.76,4.56,24.9,0
1.36,23.89,64.05,37.22,12.02,137.87,3.13,28.25,0
15.03,28.63,44.13,33.87,0.86,83.88,2.84,29.14,0
0.0,69.09,143.21,59.48,3.61,63.04,7.3,25.72,1
5.43,13.02,53.61,33.23,9.14,51.65,2.45,28.8,0
3.19,13.98,51.54,18.51,16.05,46.11,1.33,40.83,0
28.38,30.73,45.27,28.66,2.81,36.09,3.95,26.34,0
0.0,16.25,26.94,36.29,27.82,25.91,2.45,30.4,0
0.0,12.12,28.08,22.2,12.64,99.13,3.81,31.67,0
31.94,49.61,116.67,44.91,0.39,93.58,5.47,29.87,1
3.26,18.76,36.98,23.93,18.23,41.59,1.96,32.13,0
19.17,89.17,104.95,34.19,14.08,29.14,4.21,26.99,0
2.3,26.56,115.67,43.99,14.88,37.86,3.91,30.78,1
1.18,32.01,78.89,47.03,4.62,82.17,2.94,25.11,0
20.1,38.23,62.14,29.82,2.69,139.13,3.85,31.75,0
38.91,59.47,80.69,49.51,1.51,23.68,4.52,25.59,1
21.6,39.16,62.0,33.59,9.89,101.05,4.03,24.76,1
1.97,19.8,92.88,35.62,4.23,182.83,3.0,36.79,0
5.08,14.94,36.32,22.71,8.72,101.97,2.95,26.43,0
0.12,30.35,42.42,32.47,9.31,34.18,2.9,25.72,0
0.69,73.84,99.96,41.35,14.61,25.59,2.59,33.57,1
0.51,18.6,37.52,27.4,7.75,52.48,3.55,24.44,0
2.44,9.11,54.98,24.69,14.26,177.65,2.96,31.58,0
6.38,42.09,62.42,15.2,6.23,105.84,4.34,26.14,0
5.4,58.07,74.56,33.99,20.69,51.23,2.98,34.31,0
12.85,23.27,53.96,33.37,5.62,151.81,2.26,18.31,1
6.85,12.05,34.42,43.36,11.39,43.69,1.81,26.98,0
11.56,39.37,47.75,32.82,5.3,43.32,2.76,18.1,0
13.65,32.24,67.75,45.49,6.14,50.56,4.71,25.92,0
2.06,27.92,37.71,25.35,9.74,24.99,4.34,26.93,0
4.13,21.08,22.36,19.98,9.5,34.85,1.0,38.91,0
75.49,89.5,107.5,14.13,2.46,19.13,2.56,17.47,1
1.64,8.8,47.94,29.73,3.7,31.37,3.71,24.13,0
12.3,35.59,59.87,43.87,8.22,649.07,4.09,36.7,0
0.0,4.36,45.7,13.05,7.07,110.9,2.04,32.91,0
14.07,44.21,65.26,34.53,1.75,47.44,3.29,28.68,1
0.91,29.54,84.86,44.71,10.92,48.42,5.25,34.81,0
5.69,28.27,56.79,23.26,14.68,30.92,3.39,31.22,0
4.88,47.51,90.21,44.21,3.42,151.52,3.49,22.53,1
5.04,17.97,120.25,37.51,3.25,35.22,4.23,35.87,0
3.87,16.39,86.17,53.57,5.37,65.52,3.41,24.46,0
9.46,21.16,93.18,29.12,11.93,50.7,3.97,27.96,0
18.48,37.8,82.66,46.56,9.02,67.72,2.0,27.21,0
0.0,15.06,40.26,12.04,13.08,22.9,1.77,34.15,0
4.04,15.37,46.19,40.33,6.94,77.66,3.15,29.19,0
0.0,12.22,30.37,27.85,5.94,25.14,2.44,30.71,0
6.73,28.5,77.18,41.03,16.53,61.37,3.79,28.88,0
0.0,39.6,81.76,23.56,12.19,168.37,4.27,28.22,0
5.33,14.97,23.4,24.57,11.0,98.99,3.21,26.74,0
7.1,8.19,58.92,41.11,5.4,67.54,0.48,30.02,0
0.0,27.34,73.59,35.88,0.31,14.88,1.91,18.99,0
8.58,15.27,50.88,26.62,2.61,214.47,2.5,34.48,0
17.61,57.12,82.64,51.01,3.9,140.7,5.06,31.49,1
11.08,42.08,68.77,36.32,3.92,48.35,3.37,24.17,1
0.04,33.12,51.98,40.78,9.85,96.81,0.98,34.84,0
4.83,22.48,44.64,18.39,27.2,184.55,2.55,18.97,0
5.7,43.72,89.46,36.88,5.25,84.06,3.97,31.5,0
4.17,27.26,57.33,26.67,0.97,90.21,2.95,38.14,0
0.0,21.63,104.25,36.77,8.36,73.88,4.63,26.3,1
0.56,19.36,47.08,53.26,7.79,50.79,2.2,23.99,0
3.56,28.62,34.82,37.47,0.69,36.23,2.35,33.3,0
6.97,10.53,64.1,34.33,5.79,67.15,4.4,20.04,0
1.61,12.82,33.15,27.2,8.02,52.44,1.71,28.59,0
0.0,11.23,98.91,28.04,4.44,212.75,4.16,25.49,0
1.91,17.37,83.88,28.17,15.62,53.01,4.62,24.31,0
29.18,35.52,75.84,43.0,17.73,294.1,4.1,40.02,0
8.65,17.85,33.14,28.32,1.81,27.69,1.9,30.74,0
6.7,11.46,41.64,27.37,5.2,254.84,3.01,17.9,0
0.51,9.6,45.88,10.65,6.43,130.9,1.7,27.06,0
2.15,9.61,12.77,25.05,8.6,15.41,2.4,32.6,0
0.0,8.89,27.13,52.97,14.09,38.16,4.58,38.11,0
0.27,31.76,37.46,36.61,5.75,37.32,3.88,28.14,1
8.12,23.96,41.66,27.38,5.26,28.81,2.89,23.65,0
6.77,20.43,51.06,34.72,4.85,113.63,1.69,30.19,0
1.18,43.57,89.05,33.23,10.19,69.64,5.16,27.79,0
4.16,26.18,42.5,48.42,2.8,77.11,4.51,22.24,0
5.41,28.84,63.56,43.48,1.94,7.73,3.28,30.17,1
1.42,20.27,66.98,38.11,19.32,30.72,3.73,30.01,0
9.27,41.33,65.14,29.39,2.78,52.67,3.65,30.99,0
6.6,42.44,55.75,40.3,34.3,459.62,3.72,19.52,0
2.34,23.66,53.97,37.58,9.15,55.24,3.58,19.42,0
0.0,31.77,68.07,40.75,5.74,55.43,4.27,35.79,1
1.96,26.98,37.01,35.96,10.39,69.98,2.24,28.47,0
1.63,23.6,40.33,30.63,8.03,197.81,0.2,28.33,0
1.17,13.83,15.94,12.82,2.79,119.04,1.17,25.34,0
0.0,8.68,10.82,27.94,4.59,131.59,1.85,23.27,0
22.46,26.12,35.06,25.96,15.27,91.78,2.79,37.67,0
21.43,72.42,138.58,34.98,5.8,32.71,5.55,18.74,1
3.91,35.92,63.22,19.1,10.45,215.58,2.63,22.97,0
6.92,18.47,31.17,27.95,13.43,11.31,0.67,34.77,0
9.08,12.0,25.73,17.72,0.85,108.27,1.13,33.06,0
4.02,29.17,50.79,17.52,7.5,16.25,1.78,17.43,0
7.59,20.63,61.54,42.87,3.65,228.99,2.72,20.7,0
10.67,43.95,53.83,43.69,9.41,49.74,2.1,33.72,0
6.27,13.22,13.99,34.21,2.26,30.76,1.59,19.8,0
12.88,24.04,31.43,40.45,11.61,94.65,0.91,25.7,0
1.03,15.25,35.46,19.24,1.9,22.13,2.22,24.81,0
4.82,32.69,58.2,32.69,10.22,66.19,2.11,35.92,0
55.76,65.12,131.86,46.04,10.04,79.85,4.14,26.84,1
16.23,41.63,53.41,36.68,8.55,56.34,4.12,31.32,0
6.47,10.39,43.38,32.5,9.53,89.32,3.22,18.9,0
0.0,15.97,104.43,26.82,21.49,90.31,3.06,23.34,0
5.21,51.45,119.57,38.54,4.31,71.18,5.45,40.25,1
15.14,75.67,103.41,42.28,5.88,193.71,3.23,24.22,1
12.06,49.45,76.35,33.34,1.73,29.08,3.84,35.88,1
0.0,2.82,22.69,34.62,2.44,50.07,1.58,19.17,0
9.25,23.96,30.43,33.85,7.53,105.13,1.04,22.13,0
0.0,16.39,58.01,49.92,16.01,27.54,2.63,31.67,0
0.0,34.0,81.08,42.86,15.86,8.49,4.2,23.36,1
3.78,22.27,56.67,44.71,4.0,73.66,4.47,31.93,0
17.8,24.29,57.86,27.24,23.7,151.79,2.88,26.39,0
9.79,47.62,59.43,47.78,2.63,83.73,3.96,43.0,0
3.01,58.3,77.9,49.03,12.05,54.18,2.93,27.11,0
13.28,43.53,86.66,36.67,3.75,39.66,4.87,36.44,1
37.01,45.99,59.3,30.75,4.39,38.56,4.64,31.88,1
5.28,69.86,92.95,37.2,5.97,153.9,4.77,28.12,1
0.0,32.31,34.54,16.47,6.78,357.12,0.2,27.62,0
0.0,28.47,43.3,23.65,12.91,103.32,1.96,26.53,0
0.0,53.62,58.91,38.84,12.93,43.23,2.52,25.53,0
0.64,33.62,54.84,44.74,11.1,89.22,4.64,29.16,0
2.59,17.79,61.88,42.51,10.76,62.98,3.6,19.08,0
7.24,56.16,87.17,30.04,12.33,52.79,5.11,29.52,1
0.0,7.21,33.8,41.29,18.11,39.42,0.67,29.69,0
10.56,19.16,50.58,41.98,3.82,29.22,3.9,23.18,0
1.65,12.26,32.06,32.53,10.04,44.43,3.53,29.53,0
0.24,19.23,55.99,45.41,10.66,22.21,5.93,25.33,0
3.25,24.56,32.91,51.87,7.95,109.47,2.49,29.73,0
20.93,35.27,71.74,34.65,6.2,134.77,2.94,37.88,0
12.27,27.25,33.71,27.05,11.25,45.69,2.94,28.73,0
11.36,33.52,45.13,27.27,10.17,131.19,3.55,29.6,0
28.18,35.4,99.45,37.49,1.28,122.69,3.22,29.56,1
7.7,34.34,55.72,41.57,6.6,171.01,3.79,24.64,0
30.53,31.47,74.38,23.44,13.09,69.1,2.68,30.37,1
32.73,49.71,59.46,20.97,11.91,71.48,2.09,15.11,1
0.0,10.54,55.53,37.62,1.23,14.29,3.26,23.69,0
0.0,62.74,104.99,40.28,18.3,90.97,3.45,35.46,0
0.0,13.4,100.56,50.86,6.87,27.93,3.07,31.87,0
18.97,38.03,97.41,28.19,11.77,27.02,4.05,34.16,1
3.38,17.37,21.25,24.39,6.71,142.26,1.32,18.76,0
2.62,8.58,20.13,26.26,12.42,130.23,0.2,30.14,0
13.67,19.38,48.12,39.16,2.46,140.43,3.14,29.56,0
1.41,6.09,37.63,29.74,13.35,155.18,0.42,23.09,0
6.46,23.23,42.94,24.21,8.24,99.75,2.24,21.27,0
10.56,23.5,67.88,39.52,7.8,15.24,3.56,25.91,0
0.0,2.77,41.61,31.71,11.3,19.18,1.0,30.77,0
0.0,56.98,67.79,31.2,6.12,109.67,5.72,24.98,1
5.23,33.72,66.79,24.33,10.43,44.87,2.88,25.93,0
6.28,25.65,33.18,38.74,7.86,89.62,2.68,16.93,0
12.55,14.13,31.25,27.12,5.03,68.03,0.95,19.39,0
0.0,23.41,57.67,34.16,13.53,32.18,1.92,22.51,0
0.76,19.25,57.71,39.38,6.81,23.21,3.95,16.13,0
32.44,65.44,111.33,34.04,7.8,27.96,6.59,24.2,1
15.86,24.62,32.16,35.84,5.88,101.25,3.9,28.07,0
3.98,15.14,43.7,38.57,5.29,25.54,2.72,28.78,0
18.52,39.39,59.79,28.12,0.99,12.18,2.39,29.38,0
0.0,10.75,37.91,27.04,23.34,99.55,2.25,22.97,0
3.22,26.38,57.56,26.68,4.02,98.42,3.26,26.95,0
11.81,17.59,50.44,30.48,4.8,74.62,3.16,26.83,0
6.19,21.87,58.67,39.41,17.04,20.37,2.3,39.65,0
1.59,10.5,21.89,16.72,6.12,263.48,2.35,30.2,0
9.8,41.57,112.96,43.07,4.4,36.83,4.95,36.19,1
3.63,70.57,126.99,47.4,18.05,67.75,3.26,29.82,1
4.73,60.37,78.52,41.88,10.21,48.13,3.01,25.48,0
7.08,9.43,40.78,20.39,4.21,53.22,0.2,33.36,0
7.41,32.17,105.62,36.72,8.63,100.56,5.13,32.69,0
0.0,8.77,44.93,31.44,11.26,91.99,0.75,24.69,0
3.7,9.32,31.2,22.75,2.0,18.32,1.04,25.22,0
27.75,51.98,110.96,28.4,2.92,67.04,3.32,17.31,1
11.93,17.55,44.19,42.46,13.2,25.15,0.2,40.59,0
9.15,48.58,64.23,32.22,21.94,12.26,4.33,23.16,1
1.34,25.97,58.34,31.87,9.5,9.62,2.7,31.1,0
1.31,34.92,54.09,33.91,5.85,78.17,1.5,29.47,0
16.63,37.53,88.09,50.46,14.49,59.07,3.64,23.65,1
0.0,4.91,18.12,35.98,6.71,95.56,4.05,30.39,0
2.19,14.69,63.33,38.03,3.23,83.57,3.53,25.84,0
19.12,63.72,97.44,24.3,3.3,76.89,2.41,36.13,1
2.18,17.38,52.38,48.72,4.93,31.85,4.01,31.13,1
11.25,25.55,46.63,32.41,13.22,86.78,4.33,30.16,0
4.26,52.44,58.86,16.49,13.88,24.94,4.76,36.68,1
3.96,24.32,33.7,38.41,9.5,41.08,1.22,37.08,0
5.39,46.6,127.84,36.46,3.86,59.38,3.3,37.51,1
3.44,18.86,67.5,29.16,9.02,148.22,1.5,42.48,0
0.0,7.0,12.38,19.49,5.11,109.9,3.29,33.76,0
3.52,18.63,52.33,10.55,13.94,87.07,2.82,33.1,0
0.0,18.53,64.55,31.9,6.95,232.73,3.15,31.79,0
2.12,40.47,73.95,45.57,5.43,281.3,6.31,37.46,0
12.29,38.72,47.77,32.21,10.71,73.14,0.39,28.49,0
26.37,43.58,81.69,33.17,4.98,132.56,1.59,27.36,1
22.43,37.09,49.68,26.98,1.81,65.81,0.2,35.16,0
0.0,64.73,80.48,34.23,1.78,65.35,4.19,39.42,1
0.0,24.78,30.65,18.81,13.72,45.36,1.49,29.47,0
6.21,55.76,67.46,39.61,4.72,38.28,5.28,33.9,0
4.88,13.41,16.98,35.05,1.05,122.53,1.43,29.91,0
10.32,22.28,72.45,44.48,4.2,145.75,3.79,33.12,0
0.97,39.58,53.72,39.75,1.49,63.96,4.17,34.92,0
5.11,12.45,89.6,43.53,6.57,52.73,3.74,19.41,0
4.7,12.45,63.86,32.36,10.42,45.75,4.11,39.64,0
2.3,8.7,59.08,39.45,7.94,55.77,3.1,24.42,0
0.0,10.52,89.03,41.88,1.96,39.5,2.34,34.55,0
12.09,33.14,34.0,16.26,21.57,77.13,1.68,22.95,0
6.27,32.48,72.64,31.65,17.47,30.78,2.86,29.06,1
13.05,32.58,94.37,43.87,9.86,66.0,5.73,40.15,0
16.61,29.52,80.81,40.53,4.19,81.76,2.86,35.27,0
4.05,21.83,56.25,28.25,21.87,127.54,3.93,34.39,0
12.18,62.09,68.75,33.41,2.36,19.33,5.09,22.58,1
26.94,44.29,52.08,30.17,2.09,64.59,1.84,19.43,1
35.24,47.3,66.6,35.93,5.13,14.91,6.02,21.66,1
7.37,8.24,33.48,39.19,3.27,36.75,1.26,17.57,0
8.15,24.2,38.16,46.17,8.26,121.47,4.01,26.13,0
7.21,44.53,145.27,51.93,2.11,68.29,6.87,28.47,1
9.89,12.56,91.19,20.02,7.93,32.72,2.23,31.53,1
15.88,20.61,37.45,21.97,9.15,64.78,0.93,27.41,1
7.01,17.85,26.74,28.6,6.04,55.5,2.01,30.69,0
33.46,42.9,83.22,49.84,11.74,121.39,1.87,39.12,1
29.33,48.06,72.11,49.52,4.45,84.13,4.38,33.63,1
5.37,65.43,110.94,54.0,6.05,61.26,4.76,20.36,1
5.32,11.34,70.18,31.28,9.06,131.57,3.06,42.94,0
1.91,11.14,16.83,25.46,3.41,26.22,4.51,29.52,0
10.54,25.45,48.0,41.52,8.93,40.75,1.75,21.74,0
2.79,11.34,25.39,8.21,10.47,13.11,2.35,30.92,0
1.67,20.31,114.91,37.54,3.84,414.56,5.04,35.67,0
10.27,35.81,47.78,46.54,8.18,27.07,3.18,34.79,0
0.0,9.49,25.3,32.53,23.54,47.0,1.62,21.76,0
16.17,49.38,94.43,39.24,6.06,14.73,1.45,29.86,1
10.76,23.1,38.83,33.36,8.24,106.82,1.59,25.23,0
27.95,36.42,44.8,50.64,3.68,31.36,3.01,31.22,0
7.55,11.1,91.42,43.2,11.74,72.31,4.89,29.08,0
12.75,40.37,68.98,44.67,7.48,46.9,2.55,24.16,1
14.64,36.16,48.68,42.58,10.2,76.11,4.14,25.6,0
20.75,26.4,33.95,55.01,7.69,38.83,2.31,30.07,1
6.47,13.97,25.47,28.98,9.36,261.91,1.99,24.54,0
1.87,21.96,35.95,34.86,9.52,52.78,2.41,30.6,0
7.78,34.04,57.07,40.71,5.72,98.14,2.72,28.78,0
16.15,38.29,96.46,31.86,1.98,42.72,2.88,20.62,1
18.41,45.91,82.63,54.38,3.96,46.2,5.84,30.14,1
0.0,73.63,131.49,43.61,1.94,43.24,6.59,32.12,1
1.7,35.36,75.77,29.04,5.01,133.63,3.48,32.54,0
13.0,41.18,73.61,39.16,8.79,40.88,5.04,27.34,0
23.06,33.43,41.86,19.92,9.72,17.55,1.83,28.01,0
4.64,9.68,59.06,31.26,5.27,107.64,2.48,40.74,0
19.14,63.82,75.31,40.63,11.68,47.5,4.03,18.58,1
0.0,10.86,61.73,19.75,5.72,36.44,3.16,35.61,0
19.85,43.71,126.16,47.06,16.2,14.17,5.49,31.37,1
17.51,20.85,58.57,23.71,2.22,108.9,1.86,25.03,0
9.09,11.05,27.76,30.7,2.14,134.3,1.65,24.88,0
16.2,49.63,54.88,35.53,6.64,10.8,1.32,18.55,0
30.07,38.35,79.96,37.5,8.24,44.76,5.84,24.91,1
23.76,47.46,74.71,36.56,9.79,77.91,3.38,28.47,1
5.09,13.46,18.62,38.93,14.36,60.74,2.35,34.08,0
7.69,33.49,63.54,17.44,3.18,56.94,3.82,16.75,0
3.79,19.5,131.17,44.74,25.28,50.97,4.52,24.59,0
2.95,16.35,28.8,34.66,3.6,76.56,1.27,31.43,0
14.54,36.49,46.21,48.52,13.93,139.43,0.51,35.47,1
3.72,28.54,82.72,33.06,3.06,45.54,4.59,18.0,1
14.51,23.6,52.24,33.44,1.34,25.04,2.5,27.6,1
4.63,28.48,38.46,44.06,16.38,54.24,3.3,35.03,0
5.78,31.15,42.96,30.17,5.12,49.61,0.62,30.82,0
0.49,33.43,66.43,45.34,9.25,108.61,3.31,34.97,0
14.11,55.38,63.18,42.86,2.38,114.79,1.64,32.42,0
0.0,16.26,52.85,45.7,18.6,21.35,1.07,18.69,0
20.59,29.03,31.66,24.68,1.6,20.36,1.43,20.99,1
45.42,51.99,84.75,33.75,9.1,34.98,2.96,31.92,1
6.08,15.82,45.65,16.57,17.38,97.52,3.89,24.42,0
5.69,16.2,124.75,39.9,3.11,172.15,5.63,36.54,0
0.0,12.09,26.94,31.93,8.07,24.94,2.86,30.1,0
2.01,17.86,44.52,42.83,3.68,43.28,2.38,25.38,0
16.38,35.45,42.59,34.14,5.03,20.22,2.41,24.96,0
18.85,38.86,72.55,41.16,7.2,39.69,3.15,35.02,1
7.23,36.84,126.57,36.27,8.57,129.72,4.58,25.34,0
15.39,59.86,77.3,19.14,7.98,26.82,3.09,20.15,1
0.56,20.72,37.59,42.5,12.87,36.63,4.9,25.02,0
9.6,20.13,46.95,38.62,13.92,36.25,3.11,30.51,0
25.92,55.07,68.96,44.07,13.58,52.2,3.15,26.6,1
11.94,39.7,78.65,23.57,13.78,23.8,3.08,21.13,0
29.65,39.2,48.41,26.38,8.77,66.47,2.62,24.47,1
30.47,58.6,95.49,31.91,4.88,66.68,4.74,26.28,1
10.36,16.87,20.82,24.99,15.93,32.86,0.39,13.92,0
3.88,8.99,24.98,34.9,2.91,68.97,1.49,39.68,0
15.72,22.66,36.25,38.82,5.54,20.29,2.38,26.34,0
3.21,32.84,55.73,39.35,7.53,17.6,4.08,27.87,0
9.25,22.45,53.57,27.56,9.77,134.05,2.15,29.86,0
18.91,51.33,94.08,39.41,18.19,29.37,3.25,26.79,1
2.13,49.5,68.51,39.88,4.24,118.81,3.05,22.2,0
3.72,49.34,67.64,24.35,7.03,58.22,4.08,20.6,0
0.0,9.28,46.66,28.56,2.62,90.01,4.98,28.66,0
0.0,13.71,32.73,29.25,13.27,192.19,0.55,31.37,0
4.4,20.65,33.12,32.64,7.2,21.33,2.73,23.74,0
7.79,60.18,100.48,44.53,2.07,59.08,4.73,27.43,0
33.83,42.93,88.55,24.63,10.26,42.54,2.8,21.26,1
7.41,43.9,92.69,28.2,14.58,44.36,2.27,33.06,0
16.9,40.61,66.59,24.54,3.67,62.76,1.5,29.4,0
9.56,10.43,111.24,49.32,9.49,28.09,4.07,27.37,0
0.0,12.79,23.25,20.34,10.07,30.81,2.01,32.5,0
4.75,10.85,30.34,24.1,5.79,47.95,1.6,20.25,0
11.15,23.54,43.69,16.42,4.51,25.91,2.41,22.94,0
11.17,12.12,53.44,39.75,21.11,52.91,3.7,14.15,0
5.26,60.04,61.32,34.22,12.48,110.55,2.61,28.33,0
8.97,20.31,27.19,46.25,25.32,32.72,1.4,20.35,0
15.25,27.76,55.95,8.05,8.03,70.15,4.52,31.67,1
0.0,50.96,67.21,23.59,0.95,62.93,3.07,29.08,0
15.3,19.48,68.68,39.44,9.08,44.08,2.9,31.72,0
0.0,24.46,52.46,49.41,9.01,264.84,3.99,23.62,0
0.0,8.2,70.21,24.71,7.2,80.38,4.75,28.58,0
6.35,8.39,11.53,8.41,10.68,34.35,1.41,25.88,0
9.55,36.48,65.24,34.5,5.08,73.31,3.32,21.89,0
5.25,47.44,71.41,29.85,8.56,78.93,2.7,24.49,0
0.0,15.43,51.99,35.59,10.52,72.66,1.77,19.54,0
0.0,30.21,53.18,48.84,11.12,106.59,3.65,25.95,0
6.1,15.17,32.9,25.39,31.42,75.42,1.87,25.43,0
4.38,29.51,43.38,29.56,10.5,30.41,1.64,25.32,0
2.63,19.35,36.36,27.96,7.37,98.22,3.38,29.29,0
14.59,24.68,56.25,38.92,12.71,215.14,3.52,25.04,1
3.9,9.71,16.09,26.41,5.89,166.6,0.2,27.59,0
0.0,41.6,45.08,23.61,14.51,10.81,3.64,30.96,0
2.66,19.93,25.06,38.53,5.81,37.56,3.57,24.84,0
10.9,22.62,65.26,23.21,11.1,68.84,1.85,22.93,0
3.48,16.63,35.74,26.41,13.06,28.89,2.96,31.29,0
10.67,36.42,51.22,30.64,12.0,54.42,3.33,29.2,1
13.25,42.72,61.12,22.05,17.87,215.24,2.58,33.82,0
3.93,20.74,68.47,45.78,7.56,193.43,3.4,21.26,0
5.22,29.27,32.42,24.09,3.61,42.6,0.83,32.12,0
3.07,15.43,63.32,25.91,11.77,19.03,2.48,32.93,0
10.95,24.77,34.32,43.99,4.24,35.45,0.91,28.06,0
2.88,30.15,82.86,40.22,6.61,84.49,3.5,27.16,0
9.72,21.69,42.03,25.27,8.2,177.82,2.11,26.83,0
7.23,12.56,27.45,28.11,15.49,177.21,1.99,23.57,0
0.0,26.16,93.74,41.14,9.8,79.54,3.87,34.3,0
10.38,32.99,42.96,32.63,6.74,51.96,1.66,29.32,0
6.35,39.68,61.95,38.13,2.71,54.79,3.14,18.74,0
21.4,47.26,63.83,35.98,0.6,386.79,5.52,28.83,0
0.0,22.11,48.44,47.87,3.55,17.71,0.52,35.21,0
7.4,11.91,21.87,31.97,5.51,103.15,1.92,23.43,0
2.05,18.48,56.95,37.72,11.48,37.63,3.03,34.18,0
0.0,10.58,37.59,21.1,3.12,29.75,2.45,34.84,0
0.0,25.7,52.28,33.19,5.1,107.19,1.6,22.43,0
25.7,80.38,111.09,29.53,1.7,118.07,6.21,28.4,1
7.43,36.45,45.85,38.72,5.39,82.25,0.2,23.81,0
3.69,7.85,47.71,34.57,2.92,55.55,3.89,37.42,0
0.0,21.11,26.59,30.79,27.74,92.05,2.46,34.48,0
24.29,34.93,58.39,42.55,12.51,32.45,4.46,17.7,0
0.79,28.61,90.67,50.51,4.75,85.61,3.21,22.2,0
7.9,39.31,47.32,17.43,2.75,28.67,2.29,32.34,1
5.99,22.01,37.95,26.6,7.72,42.89,2.99,33.95,0
35.63,47.72,67.35,36.6,4.16,40.07,2.67,30.29,1
5.02,27.09,49.79,22.75,9.69,39.41,3.34,24.08,0
1.73,11.25,28.92,33.87,4.73,65.79,2.29,31.29,0
7.58,39.68,88.52,44.77,11.16,73.13,2.72,30.38,0
8.69,34.71,38.73,27.75,9.15,37.94,0.87,18.05,1
58.65,70.3,126.49,51.24,1.79,19.6,5.19,31.52,1
4.89,11.06,28.55,29.39,3.73,37.69,2.7,28.36,0
0.0,20.27,62.2,25.55,10.06,59.69,1.63,28.98,0
2.63,39.26,79.32,36.25,11.39,63.61,1.54,27.98,1
7.56,38.0,56.07,19.8,3.43,41.37,5.09,27.95,0
9.46,14.69,28.75,29.43,10.2,64.87,3.05,35.16,0
1.96,25.95,108.29,48.15,17.23,151.81,4.09,33.12,1
33.8,59.81,140.7,53.33,11.45,161.76,6.74,19.55,1
0.05,14.03,40.06,29.13,2.6,22.81,5.38,26.47,0
14.95,32.28,80.8,35.41,5.97,50.83,4.33,33.66,1
2.83,32.09,53.48,41.38,5.41,66.6,3.0,28.1,0
5.35,24.24,41.69,25.7,12.77,21.27,2.96,34.16,0
3.43,11.33,39.97,22.8,4.46,216.51,3.48,20.74,0
7.43,18.89,29.6,44.33,16.81,71.65,2.91,37.97,0
4.98,13.11,22.66,22.79,2.09,43.92,1.75,21.65,0
3.85,35.78,100.42,30.49,4.06,164.63,2.45,27.41,0
11.02,34.31,72.43,40.31,6.51,102.7,4.38,20.42,0
0.0,4.48,17.08,18.61,10.19,137.14,1.73,26.95,0
7.9,30.8,71.19,45.97,2.59,39.07,3.25,32.55,0
19.55,53.34,71.65,32.19,13.71,125.01,3.79,28.78,1
4.08,18.15,38.85,27.54,5.57,30.46,1.93,30.39,0
13.9,35.64,49.85,37.07,2.88,77.97,4.18,24.56,0
49.05,67.28,97.1,55.29,11.07,114.99,3.91,28.43,1
0.0,5.8,40.51,34.5,5.68,116.72,1.64,17.89,0
3.33,26.3,47.33,35.16,3.72,47.67,3.08,30.4,0
18.02,28.42,37.93,30.85,4.32,17.92,2.69,31.26,0
3.56,50.09,91.31,56.92,9.24,42.43,3.73,36.23,0
3.46,8.87,22.98,33.31,7.09,174.23,3.0,27.73,0
17.42,34.04,69.92,27.15,2.77,37.89,4.73,25.8,1
18.16,53.38,118.63,33.24,2.8,77.23,5.53,26.15,1
0.0,11.63,76.87,42.13,22.66,42.86,5.0,21.21,0
0.75,23.37,31.39,33.29,3.18,87.85,0.26,27.82,0
1.13,118.14,134.4,44.14,4.37,76.45,3.27,37.76,1
0.0,33.37,65.28,22.37,6.58,74.93,3.51,37.22,0
20.45,44.01,93.93,42.75,10.05,23.28,3.54,26.42,1
5.35,35.63,42.81,26.32,16.67,23.12,3.12,32.67,0
15.58,40.1,94.35,32.54,17.59,31.77,5.91,26.67,0
8.1,15.67,50.18,42.27,4.86,51.14,2.82,37.35,0
23.13,45.21,102.73,38.27,34.66,52.34,5.22,37.57,1
0.0,70.5,78.36,31.12,7.88,20.63,1.73,34.09,1
12.59,53.43,72.26,35.72,9.79,323.82,4.01,30.35,0
27.97,41.15,75.16,34.79,9.0,18.76,2.54,23.84,1
6.07,20.65,44.22,37.77,13.88,91.49,3.83,21.58,0
3.96,77.86,98.91,39.56,3.51,141.65,5.48,20.96,1
15.36,31.96,36.59,27.84,11.0,42.42,3.44,31.96,0
3.27,15.1,34.81,42.48,9.34,29.35,3.09,26.23,0
5.9,13.7,21.92,32.61,13.92,36.85,3.52,21.18,0
0.0,19.4,114.83,50.81,9.78,236.61,4.62,40.08,1
13.56,24.73,59.86,41.97,3.09,59.24,4.22,32.08,0
3.89,22.64,163.98,48.05,33.59,47.35,6.14,28.88,0
13.23,36.29,52.74,32.8,2.77,49.01,4.44,30.79,0
0.97,45.54,68.61,36.32,19.24,19.74,1.75,30.36,0
15.43,29.77,95.86,56.04,5.98,160.47,4.74,25.21,1
3.85,5.34,27.35,13.66,5.06,42.95,2.01,20.26,0
9.3,23.01,94.59,38.8,8.53,45.93,4.53,29.7,0
1.74,15.62,100.61,42.53,7.87,50.23,4.79,21.31,0
1.78,14.69,42.64,20.11,5.91,34.13,1.45,24.97,0
0.0,16.01,78.32,21.79,3.08,27.59,2.58,33.17,1
10.4,12.77,59.89,29.17,8.29,15.91,4.14,31.72,0
11.38,17.04,21.24,31.25,6.34,73.51,3.79,35.34,0
38.76,51.17,122.95,51.33,13.07,45.3,4.0,36.89,1
0.0,33.32,74.71,47.91,13.72,29.44,2.52,15.38,0
0.98,17.9,45.79,35.48,1.55,128.06,5.72,34.24,0
6.14,32.18,57.42,29.77,11.56,130.02,3.32,29.62,0
26.33,31.19,123.32,44.63,11.8,8.95,4.47,34.33,1
40.14,48.89,74.61,32.34,17.69,44.52,2.68,21.81,1
0.0,0.18,37.69,34.21,2.69,31.3,3.4,20.93,0
0.0,1.95,54.98,30.47,9.15,83.6,2.41,28.55,0
10.44,14.96,60.82,33.44,22.27,49.17,3.1,22.73,0
3.9,10.72,34.26,35.83,8.73,160.83,5.84,26.02,0
5.26,13.7,111.6,35.61,10.03,16.89,4.83,23.41,0
5.51,57.92,66.68,45.08,5.15,40.64,1.73,17.36,1
0.0,4.7,48.56,21.59,20.1,15.12,2.68,35.3,0
9.03,24.07,42.91,34.18,4.48,38.75,4.02,21.87,0
10.36,19.46,52.38,26.12,9.05,25.43,2.31,27.84,0
0.0,11.09,41.92,42.82,13.52,94.37,4.6,26.65,0
0.0,3.55,22.7,26.92,8.93,78.8,0.67,22.05,0
12.5,21.87,81.69,38.46,1.58,39.79,6.62,18.25,1
0.0,27.5,81.03,36.01,30.23,21.18,4.6,25.31,0
46.04,60.94,73.69,40.38,0.58,103.47,5.63,21.33,1
6.51,28.91,130.8,44.35,5.03,64.94,5.36,28.22,0
0.0,5.32,28.81,15.98,12.88,44.78,1.23,22.21,0
26.09,56.2,92.2,37.54,20.28,264.36,1.85,36.21,1
6.5,22.3,29.81,38.03,10.01,220.99,1.28,26.98,0
3.71,15.03,43.83,32.7,2.03,72.37,0.45,20.91,0
6.47,19.3,69.78,19.46,9.02,11.92,3.26,24.21,0
0.0,17.6,29.43,30.87,0.31,43.58,2.35,25.54,0
4.79,21.81,50.57,33.02,11.75,17.81,5.05,21.04,0
0.1,44.67,78.58,43.23,5.37,174.12,4.08,27.55,0
4.33,22.52,59.08,42.04,5.51,171.19,4.16,27.78,0
1.97,19.59,22.05,21.58,19.81,55.91,0.97,28.24,0
6.01,20.36,35.55,28.66,9.35,106.42,3.97,31.15,1
2.81,23.55,57.56,26.1,7.34,118.05,2.79,25.07,0
1.65,34.08,76.58,36.13,13.73,75.71,3.06,23.41,0
0.0,1.91,26.22,24.85,12.83,97.31,0.53,21.81,0
0.0,1.6,71.89,34.71,0.6,339.94,2.91,19.8,0
0.0,13.86,49.14,29.32,9.84,55.37,0.83,27.88,0
0.0,7.91,35.55,35.67,4.23,28.18,1.26,29.85,0
11.44,28.28,52.72,49.52,13.86,53.45,3.87,23.95,0
0.0,17.17,47.06,29.63,16.15,49.37,2.65,37.84,0
0.9,14.58,24.22,34.5,6.06,93.64,2.48,24.75,0
0.93,40.12,68.58,30.93,10.13,281.72,2.71,33.02,0
2.05,9.2,27.68,5.0,5.03,72.72,2.8,35.02,0
9.28,18.0,48.83,34.33,11.78,184.36,1.84,27.23,0
2.75,50.48,69.55,37.74,4.46,13.44,3.13,34.7,0
13.97,18.45,42.3,48.01,4.57,111.01,2.15,28.63,0
0.0,12.89,40.44,36.56,2.29,48.11,2.02,26.06,0
12.42,24.13,38.51,27.93,10.67,81.07,2.05,23.15,0
23.27,46.96,78.66,21.92,1.56,158.04,3.29,32.37,1
4.7,19.85,58.56,36.7,5.15,156.1,3.81,22.1,0
0.0,3.78,45.7,40.46,2.66,42.07,2.13,30.44,0
9.5,19.62,85.24,61.84,8.37,132.99,4.68,29.28,1
4.83,13.85,35.79,31.64,17.3,73.98,2.59,22.64,0
7.56,34.87,76.78,44.15,4.04,51.49,2.49,28.86,1
14.41,61.97,113.86,43.68,11.85,88.54,5.48,19.67,1
2.31,41.53,54.03,39.57,8.2,23.63,3.6,25.0,0
1.49,16.23,49.45,35.71,7.01,7.19,3.48,31.92,0
53.83,87.7,146.23,36.56,18.42,108.34,5.02,35.0,1
9.65,43.98,75.31,37.4,14.58,38.49,4.63,25.0,0
17.16,72.26,134.05,44.11,4.43,222.28,6.26,24.53,1
13.52,24.69,62.7,36.59,10.79,51.51,0.99,38.75,1
17.38,43.65,106.76,49.83,16.29,16.26,5.82,35.56,1
7.9,16.16,76.57,44.49,5.36,49.42,3.08,30.98,1
15.29,19.24,77.33,33.78,0.45,119.2,1.43,30.83,0
0.92,6.05,39.57,32.94,8.62,33.34,4.11,25.81,0
0.0,21.43,63.38,28.84,5.36,90.87,1.53,34.92,0
0.0,9.01,42.38,20.86,6.13,36.75,2.05,26.43,0
3.75,8.99,20.1,22.67,4.42,107.38,1.97,30.93,0
2.89,51.38,63.07,33.04,5.78,13.93,1.78,31.22,1
4.88,25.97,73.94,40.49,14.87,226.87,4.77,26.5,0
0.68,43.65,159.11,76.12,20.72,56.24,6.46,30.27,1
0.0,11.43,28.13,33.22,10.48,35.86,3.67,27.38,0
2.16,32.93,62.69,25.1,8.53,107.0,1.92,19.91,0
0.0,6.35,37.88,32.77,13.96,60.5,2.57,24.75,0
4.55,13.54,33.45,28.63,14.0,44.77,1.29,17.76,0
8.4,19.43,54.89,45.03,27.06,45.74,2.29,39.37,0
2.06,11.21,51.07,27.76,3.17,37.8,1.44,18.71,0
0.0,4.87,55.25,37.05,21.92,96.88,4.24,24.12,0
5.28,15.05,49.23,42.74,4.57,117.74,2.79,23.39,0
56.3,59.32,67.7,35.26,7.74,76.97,2.27,33.3,1
9.65,26.41,105.16,36.16,2.25,50.59,4.1,23.12,0
10.53,47.31,78.71,45.68,2.03,296.42,5.44,33.6,0
1.53,9.57,31.32,27.91,10.12,35.06,2.16,21.71,0
0.21,13.82,33.94,45.09,16.58,73.77,3.84,36.02,0
17.42,51.72,61.83,33.76,4.25,23.86,2.8,30.41,0
0.0,49.36,75.38,35.98,3.25,39.46,4.56,22.35,1
0.57,32.87,54.45,39.14,6.43,13.37,2.68,25.55,0
28.4,45.55,102.37,43.41,6.07,125.29,3.75,21.23,1
4.1,28.35,41.72,21.33,16.65,14.86,1.52,25.01,0
0.0,26.03,42.42,26.15,5.4,15.92,3.47,24.11,0
8.71,33.27,72.45,31.23,4.67,75.82,4.65,19.88,0
2.09,11.03,34.73,18.5,3.05,182.19,1.07,25.56,0
0.0,29.44,109.17,35.46,10.05,141.58,5.24,20.01,0
6.74,43.06,60.29,36.8,2.73,106.31,1.51,31.73,0
5.41,6.24,50.47,38.98,6.81,21.8,2.72,30.35,0
4.95,16.08,63.7,34.1,18.95,100.62,3.61,35.65,0
9.48,32.11,40.4,39.27,5.13,42.26,1.58,28.82,1
0.0,18.94,46.04,24.91,2.04,11.7,3.34,36.48,0
7.7,30.7,39.95,48.04,6.92,51.31,2.89,19.68,0
6.01,11.67,31.66,41.72,17.26,100.0,2.31,25.57,0
17.05,17.8,21.46,34.98,3.08,34.44,0.92,31.07,0
0.52,18.31,34.77,33.75,4.56,127.66,0.79,24.05,0
20.19,34.86,68.99,20.76,13.22,79.25,3.56,32.05,0
13.27,49.03,63.83,48.41,9.39,31.01,3.18,18.34,0
3.82,26.67,59.8,27.91,8.93,43.89,1.63,21.32,0
4.94,5.79,103.7,40.31,24.94,22.84,3.81,24.06,0
4.72,28.02,72.54,32.2,18.8,75.53,4.11,30.67,0
12.28,56.09,113.2,41.48,3.94,127.19,4.25,37.38,1
2.81,37.61,44.24,31.97,11.7,37.16,2.65,24.3,0
17.0,39.9,46.58,52.22,7.5,109.57,2.23,23.14,1
8.9,18.86,35.57,29.1,1.95,86.83,3.29,23.97,1
36.55,49.86,57.46,32.83,6.87,49.26,1.6,26.7,1
0.78,13.78,16.52,32.89,7.24,15.24,2.11,25.09,0
10.99,37.15,55.36,36.24,8.71,8.34,2.46,30.01,1
0.0,24.89,58.29,40.57,12.17,73.54,3.59,31.79,1
3.37,20.06,34.84,44.18,6.79,121.39,2.32,31.24,0
9.56,42.41,63.51,31.85,8.62,77.35,3.06,32.39,0
11.79,19.7,43.28,43.84,4.5,24.99,2.83,33.01,1
2.36,33.18,49.14,33.02,2.12,71.25,0.2,29.53,0
18.92,68.95,79.24,32.33,1.89,57.42,3.45,27.83,1
23.12,63.55,96.59,33.22,8.59,141.49,3.95,22.23,1
0.83,31.87,51.43,38.46,6.27,30.91,3.77,31.05,0
3.58,13.29,25.2,32.84,8.8,12.91,0.24,26.06,0
2.9,23.38,102.83,39.86,2.39,177.81,4.06,26.2,0
1.53,27.37,54.61,37.92,6.74,105.74,2.15,31.42,0
21.75,41.38,48.37,28.15,7.59,56.0,5.03,25.34,1
21.51,47.19,66.51,50.49,6.24,43.49,2.75,25.7,1
3.11,63.69,108.36,36.46,4.05,16.15,3.1,21.11,1
10.93,50.36,70.03,36.56,3.27,47.99,3.78,24.5,1
16.8,70.39,89.27,22.74,7.15,203.32,3.22,26.78,0
6.87,44.83,70.68,48.94,18.12,45.4,1.87,32.05,0
2.65,16.12,26.51,42.2,13.41,60.21,1.71,30.05,0
0.55,6.74,10.7,25.04,3.31,112.13,2.18,18.79,0
12.16,25.32,83.05,38.03,8.84,15.12,3.66,26.69,0
0.0,18.9,51.72,21.51,22.71,96.48,3.03,27.3,0
2.81,39.05,66.86,31.54,9.41,71.17,3.49,18.97,0
1.84,33.55,57.93,34.24,17.51,170.05,3.33,25.63,0
0.0,7.85,34.06,29.11,10.12,42.6,1.98,19.94,0
4.11,24.16,112.57,25.7,8.71,134.69,5.58,30.25,0
3.43,47.39,61.54,34.7,16.16,22.97,2.17,23.33,1
0.0,8.13,63.9,30.57,12.74,39.85,3.17,23.91,0
20.96,36.2,93.41,28.51,12.06,135.11,4.08,26.52,1
12.25,24.98,61.26,24.26,16.97,72.71,4.42,37.21,0
5.07,38.73,94.88,29.56,2.86,75.56,1.84,24.28,0
14.4,69.54,100.05,46.59,6.55,67.85,5.5,22.83,1
18.16,30.14,48.35,49.27,6.69,91.66,0.89,34.3,0
21.89,31.55,66.01,65.96,2.82,167.3,3.29,26.37,1
0.76,5.47,134.41,41.18,12.67,93.97,4.54,23.91,0
14.39,32.46,65.22,20.94,12.69,84.66,5.6,28.87,0
3.46,38.65,74.95,31.23,10.75,24.54,5.02,29.22,0
6.55,9.35,14.57,17.0,7.25,24.81,1.63,26.45,0
0.96,17.04,26.44,6.31,15.39,51.85,2.65,23.78,0
4.7,27.6,45.53,36.57,19.54,34.28,0.41,31.63,0
14.62,46.29,72.14,30.53,3.34,44.11,3.13,28.76,0
3.98,25.91,68.08,35.56,11.26,77.09,2.55,33.43,0
0.0,5.79,83.31,37.18,3.04,54.54,2.78,29.08,0
31.2,41.29,51.56,27.73,5.07,58.63,3.66,24.85,1
0.61,47.93,73.17,13.4,9.88,136.54,0.62,28.37,0
0.0,28.31,74.2,27.15,2.38,20.35,4.04,26.7,0
1.31,13.1,27.09,16.89,22.06,126.75,2.59,24.83,0
17.28,33.13,115.97,34.47,6.97,44.91,6.22,19.0,0
0.36,7.33,35.39,24.59,2.28,92.99,3.01,24.93,0
0.0,2.36,21.11,30.93,8.24,167.28,0.2,24.79,0
5.71,22.65,45.38,29.48,8.14,66.03,3.25,31.86,1
27.4,36.72,42.07,24.95,7.23,82.94,1.89,22.4,1
9.11,32.65,99.94,40.0,10.1,111.79,3.97,28.12,0
0.0,64.24,94.85,39.07,6.51,123.93,4.23,16.59,0
41.34,63.72,137.19,57.17,8.53,351.39,6.55,43.0,1
7.82,30.19,56.83,58.89,8.96,44.6,5.21,31.09,0
15.53,50.33,147.49,32.35,2.19,66.49,7.1,25.83,1
0.0,4.63,13.45,32.08,15.54,140.12,2.67,25.54,0
35.46,61.29,110.5,26.9,10.2,44.68,4.38,21.32,1
2.26,9.04,27.85,33.92,6.49,54.61,1.81,27.4,0
0.0,34.24,108.77,25.35,9.67,74.34,6.37,24.13,1
6.75,29.06,48.92,28.71,29.45,55.09,3.12,17.42,0
15.52,20.72,26.19,19.46,6.74,28.1,1.68,29.92,0
10.86,33.48,43.38,31.42,28.56,74.17,4.51,24.63,1
10.64,14.53,26.18,21.38,17.22,453.15,4.6,35.14,0
9.76,14.76,27.16,27.82,7.05,88.08,0.42,36.82,0
5.92,9.4,18.55,24.69,29.71,122.55,4.59,37.38,0
0.0,35.96,89.73,45.98,19.1,45.34,5.42,26.01,0
3.37,27.58,57.25,31.54,9.56,31.1,1.4,20.57,0
2.51,21.52,36.45,47.14,8.58,56.52,3.82,22.51,0
21.98,29.63,54.23,28.99,13.34,25.71,2.19,32.67,0
17.3,43.4,111.93,46.12,7.16,135.26,4.61,39.8,0
1.8,21.25,56.26,21.41,15.08,195.59,1.51,38.86,0
13.02,23.74,42.0,30.11,2.7,1120.98,4.88,23.1,0
4.33,25.27,39.62,24.98,4.78,23.09,0.53,24.58,0
0.0,24.37,96.68,47.05,4.61,71.85,2.24,31.35,0
11.35,16.98,32.13,33.2,14.31,140.9,2.46,30.31,0
0.0,43.15,46.37,32.45,4.71,22.07,3.08,29.39,0
0.0,15.03,63.88,28.03,3.77,60.52,4.12,29.53,0
0.71,25.97,33.73,36.6,2.99,15.16,0.54,27.35,0
11.64,25.67,75.17,40.23,7.22,20.23,2.09,26.88,0
17.55,40.11,53.31,46.07,2.32,31.81,4.05,23.06,1
17.17,29.38,40.44,5.0,23.85,58.97,0.27,28.68,1
0.55,13.71,17.7,33.22,12.11,158.03,1.04,23.13,0
0.0,11.99,43.81,35.73,7.56,194.53,3.0,31.26,0
11.63,30.45,74.69,35.56,3.91,20.39,3.41,30.88,0
0.61,29.83,57.38,42.65,2.87,61.72,5.1,24.63,0
3.81,33.5,54.0,39.33,3.79,35.81,1.78,23.76,0
12.86,41.28,55.91,28.11,3.42,36.99,4.7,25.28,0
5.2,25.6,43.57,20.13,10.05,186.75,3.34,26.54,0
7.77,18.65,45.03,36.11,12.76,93.65,3.59,36.2,0
3.56,32.34,53.68,40.07,10.26,201.17,2.59,15.41,0
15.73,34.39,53.03,20.83,12.82,157.51,3.95,34.07,0
17.4,26.98,44.87,30.57,1.65,48.04,3.67,39.73,0
9.75,24.6,82.69,29.27,3.82,51.08,4.55,22.16,0
17.47,48.84,55.81,41.89,4.85,393.5,3.66,27.26,1
53.36,59.38,213.48,65.4,4.28,146.44,8.45,26.6,1
12.61,57.5,150.93,46.29,4.83,32.89,4.56,29.56,1
4.57,73.83,84.38,34.39,4.1,131.48,3.79,20.56,1
8.01,18.94,84.65,42.7,25.18,58.41,2.44,17.35,1
19.3,31.57,53.38,33.52,8.53,271.01,2.83,28.81,0
2.19,16.34,21.25,24.26,14.74,45.0,1.83,13.71,0
1.77,12.29,48.51,14.75,8.06,60.09,1.59,26.73,0
7.84,63.75,81.73,29.23,15.04,209.34,4.87,36.74,1
4.44,18.57,80.55,48.3,13.26,43.68,4.14,27.48,0
0.0,5.39,105.82,56.64,10.57,17.04,4.74,33.45,0
6.32,25.96,34.21,26.99,13.92,457.53,3.79,27.79,0
23.35,31.19,44.75,33.95,7.06,369.39,4.98,30.41,0
9.36,13.38,36.43,28.43,18.83,44.0,1.02,24.36,0
0.0,8.81,41.78,26.46,2.45,91.29,0.4,32.18,0
11.24,20.96,32.47,24.44,8.13,225.96,3.06,34.36,0
3.01,17.22,57.3,18.92,5.06,87.7,1.55,18.6,0
39.37,42.04,49.53,32.63,14.17,20.83,0.46,27.33,1
10.23,62.91,71.65,39.09,18.37,26.52,5.34,31.59,0
1.27,22.96,75.05,33.61,21.38,164.83,5.1,24.7,0
12.22,39.2,62.43,44.75,9.4,37.25,3.43,16.15,0
6.97,25.09,46.92,23.51,12.52,71.06,1.56,14.26,0
21.25,60.0,106.39,34.45,13.03,59.61,3.77,25.95,1
1.74,13.82,15.19,15.7,2.13,67.35,1.6,23.74,0
10.2,28.23,48.48,46.46,6.44,292.36,3.21,27.28,0
0.0,7.15,34.89,23.05,9.94,83.72,4.96,32.57,0
5.93,21.05,28.77,28.51,5.09,66.82,1.8,28.01,0
0.0,16.77,40.61,23.2,9.35,64.91,3.9,37.23,0
6.66,14.49,71.67,43.64,11.8,57.64,3.74,15.18,0
8.79,30.25,69.99,42.49,17.39,110.19,2.27,28.67,0
9.74,32.68,34.55,30.73,3.3,12.05,3.71,25.47,0
1.74,29.11,52.62,33.38,7.35,81.52,1.96,29.34,0
6.2,28.77,87.04,41.4,8.94,47.64,3.26,24.45,1
18.76,34.38,77.73,39.72,4.71,116.8,3.13,27.63,1
30.19,61.47,81.78,45.2,1.14,82.11,4.95,30.66,1
6.5,24.41,73.93,27.03,0.59,41.57,1.5,26.81,0
19.27,21.1,75.63,44.95,10.4,46.47,4.36,29.79,0
0.23,4.5,19.83,19.86,10.25,67.44,0.2,20.16,0
2.54,9.54,56.64,34.03,2.36,39.64,5.11,25.83,0
7.52,16.34,31.58,22.54,17.71,86.25,4.01,27.16,0
4.48,26.01,39.29,30.8,2.89,74.62,1.3,38.12,0
3.74,43.63,75.29,38.9,24.78,90.55,3.87,35.61,0
17.32,41.91,51.37,39.75,7.42,27.15,4.19,40.33,0
0.0,20.66,41.61,43.32,14.28,111.76,1.92,24.79,0
0.01,2.55,16.07,29.37,11.26,21.53,0.2,35.35,0
0.0,1.03,22.23,18.23,10.79,154.08,3.25,25.52,0
7.83,51.85,131.84,39.62,45.0,44.6,5.41,37.48,0
3.0,14.51,122.28,36.96,5.51,110.5,4.55,29.98,0
15.64,37.51,47.09,40.64,13.26,52.16,3.67,36.82,0
6.97,30.87,119.85,24.98,12.13,90.27,5.82,28.56,1
1.62,68.67,82.9,37.28,1.82,98.46,3.65,30.65,1
0.93,54.41,102.97,40.42,4.98,52.86,4.66,22.24,0
4.04,79.52,91.91,48.52,6.53,418.84,3.05,43.0,1
0.0,27.17,60.28,31.41,5.19,38.67,2.56,25.08,0
17.73,65.17,106.26,37.28,0.97,48.65,5.62,18.52,1
2.71,8.4,60.16,41.02,3.91,107.58,4.87,38.9,0
0.0,67.97,159.43,53.93,22.93,32.9,4.68,33.68,1
21.38,52.05,70.1,48.69,6.74,42.43,6.7,12.0,1
4.15,17.33,60.55,32.16,10.9,86.18,2.75,38.07,0
11.16,44.28,76.49,32.61,41.05,226.69,3.0,22.59,0
1.69,41.94,123.97,38.61,4.94,34.47,6.45,30.7,0
22.1,47.46,107.25,47.1,10.93,71.06,4.92,27.8,0
0.4,42.43,95.88,53.51,7.62,148.72,3.3,32.26,0
3.0,18.91,22.08,12.86,6.55,50.55,0.82,19.91,0
21.58,46.88,151.76,53.61,23.78,18.18,6.71,39.18,1
1.11,7.87,14.57,26.22,8.5,58.63,1.07,18.14,0
8.07,21.38,29.51,30.13,13.96,82.86,1.14,29.72,0
9.57,20.78,39.34,43.04,2.8,72.2,3.02,25.41,0
18.29,23.82,51.94,41.76,12.83,30.6,2.05,22.67,0
7.3,9.13,52.74,42.87,6.78,376.45,1.56,35.97,0
4.58,18.28,61.7,38.5,16.89,74.74,1.98,22.18,0
16.45,23.63,51.09,35.48,6.56,54.5,3.78,24.85,0
9.38,29.39,79.54,43.63,17.7,55.99,4.07,21.85,1
3.48,25.89,165.17,73.88,14.86,49.39,5.87,22.13,1
22.52,76.71,157.67,51.16,23.76,65.62,4.52,29.94,1
10.28,20.91,39.6,33.79,13.22,18.71,0.45,17.69,1
26.48,66.94,87.2,32.92,11.08,58.06,3.06,27.33,1
1.57,23.24,36.48,15.39,2.86,59.12,2.74,30.54,0
18.2,42.75,84.57,49.6,8.04,31.08,2.97,24.94,1
0.0,19.24,29.49,27.81,5.05,94.38,1.98,28.32,0
16.34,52.09,63.96,40.99,6.67,172.63,4.56,27.31,0
0.0,19.14,46.55,35.2,24.72,86.72,2.9,28.18,0
7.05,25.75,55.63,47.01,4.76,20.93,3.16,29.95,0
9.95,16.92,51.85,30.52,15.25,38.55,3.91,27.45,0
3.62,11.8,15.49,15.17,1.55,100.71,3.61,23.48,1
5.49,27.33,39.67,43.48,3.82,64.43,1.99,28.64,0
0.0,12.28,41.97,34.29,4.07,29.8,2.93,24.84,0
14.63,18.42,85.04,39.7,2.64,40.11,4.56,26.34,1
7.56,18.78,39.08,12.01,9.13,92.15,1.1,32.19,0
0.38,31.85,118.81,49.23,10.49,116.51,5.82,31.51,0
7.94,28.13,88.35,23.21,4.8,40.61,3.66,24.41,1
8.26,18.08,22.81,36.65,13.23,34.23,1.33,24.77,0
5.88,22.39,76.34,34.35,8.82,106.97,3.27,29.03,0
0.0,34.0,47.01,37.17,6.17,117.7,1.66,28.65,0
2.7,9.52,46.0,32.49,4.0,27.49,5.07,25.63,0
14.39,20.6,32.45,27.13,3.21,7.47,3.92,21.75,0
10.61,30.25,37.45,23.89,7.15,35.92,2.66,29.92,0
10.24,21.62,30.99,11.42,12.63,60.69,1.52,23.02,1
7.48,27.11,62.33,33.09,6.36,20.35,2.06,33.34,0
16.19,33.54,75.8,39.48,16.67,63.63,4.36,30.14,0
1.54,21.13,27.63,32.96,3.3,101.53,3.47,22.33,0
0.62,56.26,67.41,42.8,3.31,249.89,3.97,25.89,0
32.76,37.72,50.21,36.55,17.94,33.24,1.65,22.08,1
1.06,29.15,34.86,48.3,4.49,36.13,1.04,25.7,0
0.0,23.59,42.78,27.19,3.15,102.35,1.27,24.42,0
3.5,30.57,130.59,61.73,20.87,69.81,4.83,35.91,0
6.2,8.51,40.53,33.08,7.61,54.58,0.84,25.05,0
16.3,46.56,69.7,41.83,7.01,53.23,4.54,28.65,0
2.72,16.52,61.88,43.54,1.92,10.4,3.71,32.56,0
2.67,21.63,74.88,6.42,12.05,13.87,1.63,40.41,0
5.4,20.71,34.13,45.44,19.23,111.57,3.45,39.32,0
1.78,9.51,22.72,33.35,3.61,43.38,2.18,28.78,0
0.0,14.2,32.64,23.79,12.82,24.52,4.87,25.54,0
0.0,17.31,23.44,24.53,8.88,16.85,1.32,20.59,0
20.93,46.19,55.68,41.31,4.86,32.04,2.7,25.26,1
12.88,35.06,79.09,34.56,11.51,83.37,3.5,31.11,0
5.13,20.92,30.88,23.93,19.18,98.62,2.47,31.04,0
10.57,28.49,38.84,29.44,2.45,14.15,3.4,25.66,1
13.3,31.04,104.66,33.6,11.32,33.74,3.72,20.61,1
1.29,26.02,132.05,34.8,1.15,101.8,5.86,23.21,0
18.89,48.97,71.06,35.76,31.58,109.68,3.02,30.33,0
10.77,43.06,81.4,14.18,6.08,46.38,3.77,15.83,0
6.92,19.69,52.14,37.23,14.0,27.8,5.73,12.0,0
17.07,30.84,51.83,23.64,9.82,61.5,1.89,35.93,1
11.23,23.01,76.83,55.38,8.87,24.93,2.78,28.43,0
10.49,27.92,36.45,35.6,6.85,61.6,1.04,32.07,0
0.09,66.62,87.92,46.78,7.12,145.42,1.85,36.74,0
13.85,26.53,51.12,19.58,6.17,127.37,1.18,27.57,0
9.28,36.38,42.52,40.58,5.2,25.42,3.54,32.41,0
0.53,28.04,52.33,17.87,9.23,48.13,2.55,37.88,0
7.0,29.83,40.27,28.41,2.17,186.52,1.78,29.06,0
0.0,2.14,34.12,15.31,3.51,120.56,2.99,23.67,0
4.06,20.21,54.28,31.38,24.09,21.38,0.43,27.75,0
44.98,69.52,114.45,46.11,3.26,86.04,6.18,28.16,1
0.0,8.89,35.63,28.1,4.03,44.44,2.26,19.62,0
0.0,2.69,34.63,23.55,6.03,34.3,2.0,37.48,0
0.0,24.95,69.6,42.17,3.6,184.67,4.5,25.1,0
3.96,35.0,156.01,49.83,2.16,215.75,5.08,34.7,1
12.17,27.4,34.47,29.17,6.55,18.75,2.38,36.96,0
5.65,16.58,103.93,44.36,7.97,118.11,4.44,31.47,0
0.0,44.86,48.01,22.53,8.11,330.54,3.39,26.51,0
12.0,43.82,56.45,41.61,18.38,114.49,6.62,25.07,1
0.0,6.45,45.76,40.0,7.86,16.44,2.93,18.61,0
1.58,20.79,33.6,26.76,16.39,77.15,4.64,30.03,1
18.24,25.49,49.29,35.47,3.81,49.15,2.38,22.37,1
5.99,19.02,60.98,36.26,1.98,17.73,2.16,17.46,0
6.33,46.52,53.03,43.05,4.72,58.29,5.75,34.78,1
0.0,40.42,96.44,63.27,13.19,27.45,4.23,28.93,0
2.06,12.68,27.68,41.83,24.47,73.29,2.99,25.5,0
15.66,42.09,107.32,31.37,11.24,84.38,4.25,27.31,1
8.57,15.18,45.2,40.07,5.53,25.98,2.64,30.5,0
12.49,77.22,97.76,65.48,15.99,86.3,4.19,24.24,1
5.08,7.74,13.02,18.09,8.1,35.95,0.2,24.12,0
15.84,28.49,40.5,44.4,11.9,43.35,2.12,20.8,0
0.0,26.37,55.58,39.96,19.57,159.26,4.25,23.3,0
3.8,11.6,54.32,35.68,3.41,12.71,2.72,20.6,0
10.22,16.73,32.1,32.64,35.27,67.35,1.99,27.94,0
0.0,16.58,68.11,32.81,8.36,24.9,5.05,33.35,0
32.78,42.48,92.91,26.52,17.98,32.77,3.41,27.7,1
6.11,8.3,44.43,41.22,13.02,83.91,4.31,30.61,0
0.0,16.55,25.52,13.66,6.37,71.0,1.3,28.78,0
5.88,31.48,43.25,30.05,4.25,29.35,1.97,26.3,0
0.0,14.34,81.72,38.33,2.85,21.07,3.98,33.14,0
0.09,16.27,28.25,26.49,3.99,53.19,2.79,24.07,0
18.86,41.71,72.8,38.51,3.1,183.18,2.93,19.34,0
1.69,54.24,69.86,53.62,0.93,32.79,5.33,29.3,0
1.65,13.73,44.94,34.25,6.54,98.47,1.98,28.78,0
0.0,21.62,38.99,33.78,5.29,48.62,2.8,21.94,0
2.8,19.08,53.29,42.55,4.95,42.64,3.77,31.49,0
6.68,12.79,53.5,38.2,11.95,63.6,3.77,33.97,0
1.69,30.6,39.33,32.47,3.29,44.4,2.15,35.68,0
40.6,84.07,88.68,36.22,10.78,69.11,2.84,27.1,1
0.0,25.62,118.22,44.91,22.43,19.6,5.78,31.85,0
0.0,1.39,15.73,32.5,7.61,24.99,1.23,36.35,0
2.56,15.27,23.9,33.77,12.15,78.79,3.07,28.44,0
36.49,62.05,105.44,33.16,2.27,76.79,2.94,30.43,1
12.72,47.92,69.75,23.49,9.74,37.3,2.66,24.42,0
1.53,5.04,26.25,33.95,3.63,78.32,1.16,30.74,0
1.53,7.47,13.13,19.99,1.29,121.66,0.84,35.99,0
0.0,22.18,53.82,34.57,5.61,16.54,1.48,27.18,0
2.4,20.54,33.57,28.22,4.85,71.58,2.92,36.4,0
3.61,20.21,32.17,25.86,20.28,40.39,1.11,29.12,0
12.08,62.62,69.22,40.99,20.8,40.36,4.21,35.05,0
9.35,63.33,107.5,43.04,10.14,274.73,4.1,36.47,1
2.22,9.54,28.36,40.62,8.58,50.51,2.2,23.3,0
25.27,27.77,43.68,39.09,6.76,115.99,3.13,25.04,0
0.91,16.61,46.93,24.59,6.29,58.13,3.21,22.21,0
0.0,28.47,67.25,31.87,4.54,37.33,4.05,27.61,0
7.13,44.75,91.75,37.45,9.06,28.15,5.15,34.71,1
17.49,29.74,57.76,28.43,5.72,79.29,0.98,19.16,0
4.77,13.77,46.92,43.07,8.48,50.21,3.37,32.01,0
0.0,23.17,48.56,28.43,8.6,210.38,1.04,26.5,0
6.36,20.27,31.84,29.93,8.73,52.2,1.24,29.41,0
7.52,24.94,82.24,41.58,3.12,29.16,4.89,31.73,1
8.6,34.33,56.77,23.88,2.6,104.47,1.91,27.49,0
6.54,21.21,107.51,42.42,6.19,55.87,4.27,31.52,0
19.89,24.12,67.3,50.38,4.89,62.2,4.27,27.16,1
0.0,9.23,18.2,28.47,6.46,72.53,0.94,32.61,0
12.24,21.91,80.72,34.99,10.15,14.57,2.17,35.09,0
1.85,11.62,41.45,39.02,9.72,227.0,3.06,26.65,0
3.73,5.73,24.32,36.05,7.57,118.19,1.32,29.29,1
1.92,61.64,69.18,15.19,0.95,58.43,1.6,26.72,0
9.45,15.34,40.97,30.31,1.38,106.11,3.12,25.62,0
2.14,31.83,48.98,36.23,5.5,36.64,4.9,24.96,0
12.83,20.81,66.94,43.33,2.98,106.57,1.88,24.47,0
3.38,15.53,54.97,44.29,0.7,61.3,2.78,41.18,0
1.79,18.83,44.61,29.75,6.72,23.18,0.82,19.89,0
1.1,11.34,16.78,28.0,2.59,37.87,2.05,28.11,0
2.67,49.88,73.65,30.81,10.04,42.89,2.19,25.27,1
6.55,126.93,137.68,58.0,32.22,27.34,4.3,20.17,1
5.42,7.73,30.51,10.62,5.43,190.33,1.11,31.13,0
1.48,37.39,53.53,20.91,5.59,153.07,1.58,32.98,0
5.45,24.77,93.57,54.27,16.98,28.61,3.69,21.44,0
3.81,16.53,24.05,28.41,5.68,29.21,2.22,23.06,0
0.57,32.22,47.36,28.61,13.86,38.97,1.83,20.06,0
12.75,51.06,89.06,48.27,14.87,46.17,4.15,33.1,0
18.34,34.0,87.56,23.8,8.03,11.19,4.57,36.61,1
4.09,47.27,127.41,47.46,3.56,48.58,4.61,24.32,1
2.71,4.38,47.15,39.06,16.71,157.48,1.15,22.13,0
30.65,58.98,100.79,41.74,4.18,65.27,5.46,26.45,1
18.84,36.3,96.75,10.1,14.12,20.83,4.2,31.06,1
4.37,24.63,94.9,36.76,3.9,18.42,4.83,37.22,0
0.24,35.58,123.24,35.86,6.45,224.62,3.91,26.48,1
13.07,39.22,123.73,61.14,7.52,111.68,5.17,17.64,1
2.99,63.79,100.79,50.94,1.31,78.65,3.74,25.71,1
31.31,99.47,110.66,40.1,16.8,217.12,5.99,28.27,1
8.48,23.07,71.76,20.24,3.5,64.3,3.05,28.28,0
5.66,10.73,75.84,37.12,6.09,166.72,2.97,25.52,1
23.3,40.04,76.05,26.56,26.86,193.65,4.06,31.06,0
13.09,20.39,59.44,39.09,6.0,80.27,3.39,31.3,0
0.0,11.6,19.51,30.96,13.18,101.62,2.5,29.94,0
0.0,18.81,43.89,28.53,14.55,61.28,2.63,31.37,0
1.94,5.36,21.33,31.66,6.66,48.97,1.47,31.81,0
36.14,61.21,71.71,59.67,7.04,41.79,3.05,31.81,1
43.7,59.42,77.28,22.51,7.42,50.84,4.74,32.92,1
8.56,17.25,62.55,24.65,11.84,48.45,3.49,20.87,0
16.8,17.64,43.6,34.3,12.65,52.52,4.63,21.95,0
4.86,39.36,50.68,25.61,9.0,50.19,2.87,31.78,1
5.97,44.47,66.08,39.1,5.24,54.61,3.19,23.49,0
3.59,39.19,94.01,28.36,8.46,147.25,3.44,21.05,0
18.95,26.2,83.58,38.87,9.01,14.94,3.82,27.17,0
27.45,50.77,68.71,35.82,12.37,39.47,3.11,27.28,1
5.76,45.34,94.74,45.99,10.24,113.41,6.15,27.52,1
5.93,27.59,82.65,36.43,6.65,143.83,3.53,28.79,0
3.94,24.13,92.83,48.96,0.55,52.25,2.0,23.99,0
28.1,83.48,109.17,33.46,16.63,34.89,1.11,28.05,1
14.68,26.29,29.74,32.7,4.85,12.21,2.84,26.62,0
0.0,9.9,29.46,13.78,8.84,14.71,2.55,28.84,0
35.18,43.27,104.64,21.35,9.79,58.72,3.38,22.04,1
0.0,2.14,11.5,14.46,10.85,155.11,0.41,36.58,0
25.55,72.67,102.28,59.75,0.86,29.07,4.26,27.59,1
17.44,38.85,45.66,45.51,7.06,70.35,3.38,27.63,0
5.79,17.61,33.52,33.65,6.08,64.71,1.04,30.72,0
5.58,23.86,28.69,22.09,1.21,65.25,1.3,36.99,0
4.3,54.47,91.12,47.61,3.05,114.06,3.75,22.82,1
0.0,3.7,26.24,14.61,35.69,83.59,1.07,26.34,0
32.73,78.68,89.74,21.21,6.96,432.69,3.9,27.36,1
5.33,22.27,48.1,31.39,17.07,18.32,2.59,34.67,0
0.0,24.55,55.2,33.35,1.96,57.91,0.2,29.42,0
30.96,56.63,66.35,39.8,8.28,33.45,7.07,35.95,0
9.81,62.05,74.27,30.9,7.91,102.18,3.83,24.25,0
10.53,18.23,33.15,24.76,3.18,51.34,2.91,23.77,0
37.46,114.55,118.28,60.0,11.4,39.8,5.32,27.76,1
12.3,17.03,68.81,34.45,7.53,84.37,3.18,30.74,0
1.31,10.51,53.65,28.6,9.08,95.45,3.03,36.23,0
12.28,41.23,51.13,36.61,17.34,72.93,4.36,21.48,1
0.26,48.09,69.28,31.61,3.16,77.39,3.33,30.93,0
2.23,10.31,11.42,42.9,4.57,23.07,0.25,20.7,0
8.21,12.26,124.91,47.99,5.2,47.95,5.09,30.23,0
16.54,66.25,82.14,34.86,5.98,9.95,3.91,26.57,1
1.58,13.69,38.53,23.82,12.48,67.9,2.86,28.51,0
4.09,16.99,46.78,14.64,7.9,31.24,2.95,28.18,0
4.02,23.2,52.84,35.49,4.55,19.78,4.68,34.42,0
19.59,35.81,54.86,26.33,12.94,48.0,4.25,17.36,0
5.57,35.24,58.51,18.23,14.01,26.52,2.74,26.72,0
34.76,39.76,54.52,22.83,12.49,51.81,1.55,20.14,1
2.23,5.72,12.58,38.51,13.86,89.96,1.99,29.69,0
1.8,26.09,39.88,29.4,4.72,85.66,0.96,26.32,0
25.12,50.51,94.61,41.9,8.69,96.88,0.75,19.13,1
11.17,40.75,89.45,41.25,1.76,103.28,4.65,23.67,1
24.24,52.59,96.89,57.43,9.65,57.92,3.14,16.26,1
0.0,3.57,36.54,24.58,7.19,62.02,2.31,17.17,0
5.37,33.37,56.79,32.95,7.47,85.05,1.1,31.92,0
8.19,35.27,46.01,41.11,10.12,102.41,3.7,32.28,0
7.46,11.78,21.37,28.41,10.55,51.06,0.57,25.39,1
4.21,42.6,42.92,34.74,5.97,154.83,4.87,21.69,0
7.26,15.08,44.22,30.6,7.7,86.0,3.0,33.74,0
7.79,14.68,70.22,29.0,5.48,23.49,3.14,33.18,0
1.66,31.81,77.09,47.44,11.01,21.87,4.93,23.18,0
18.81,24.32,57.85,31.87,5.13,36.29,2.03,25.33,1
31.29,45.61,83.04,42.41,11.59,44.84,4.9,27.84,1
13.47,25.92,27.86,32.03,3.97,73.57,1.99,27.83,0
9.43,19.97,64.79,5.0,13.74,217.0,3.19,26.61,0
4.85,13.29,34.18,29.59,2.51,11.11,3.38,27.41,0
8.11,77.85,148.89,49.34,1.74,42.52,3.54,26.73,1
9.19,38.01,69.05,15.23,12.95,215.63,2.08,26.69,0
0.0,9.44,50.18,21.09,5.46,13.42,2.75,30.42,0
17.89,27.58,37.72,28.78,3.87,134.8,1.18,18.69,0
2.6,25.07,51.97,28.85,5.36,71.97,3.7,24.16,0
26.39,38.78,81.42,46.15,13.18,35.38,3.09,26.18,1
47.86,71.48,107.39,55.85,6.92,187.66,4.19,26.67,1
8.51,14.53,55.44,28.34,12.54,50.64,2.93,43.0,0
9.82,28.94,127.76,37.44,7.62,106.15,6.09,28.12,0
2.41,34.03,69.87,35.58,0.55,53.33,5.5,37.27,1
7.87,26.14,61.55,44.26,2.07,43.92,2.45,29.03,0
1.24,14.45,27.27,29.24,2.69,26.48,2.95,22.56,0
20.43,45.99,111.97,52.45,12.42,31.78,5.11,28.89,1
2.49,3.99,7.72,35.91,4.96,100.81,2.02,27.78,0
4.83,36.37,39.87,36.69,8.95,70.86,2.36,22.82,0
1.78,3.67,35.58,30.18,12.49,53.84,1.28,27.65,0
7.32,42.91,60.69,24.98,6.1,41.71,3.65,24.47,0
32.76,45.52,76.36,38.8,5.29,60.85,1.8,29.75,1
15.58,49.11,110.15,37.21,6.32,76.14,2.75,31.95,1
1.36,40.7,81.3,53.58,8.18,40.26,0.34,26.81,0
11.22,24.74,46.84,42.38,13.53,77.82,2.72,28.6,0
11.67,48.83,93.79,38.66,5.75,90.58,2.47,33.1,1
13.79,35.06,75.36,36.12,2.95,48.33,3.69,31.94,0
15.08,40.49,59.95,21.62,16.66,55.52,2.15,28.04,0
0.44,44.32,59.45,30.2,7.59,106.08,2.94,25.51,0
1.09,24.28,92.83,58.35,2.36,30.02,4.78,23.19,0
10.44,44.03,52.5,36.93,10.31,111.3,3.75,23.82,0
1.97,67.79,171.0,51.4,2.09,143.58,4.88,23.8,1
0.19,33.57,71.23,40.18,8.94,24.32,3.53,31.54,0
3.12,15.58,17.08,25.22,10.74,182.26,1.93,29.33,0
5.79,27.63,42.06,31.37,0.99,86.08,2.74,32.8,0
0.38,10.01,35.96,30.6,7.78,42.41,2.28,18.81,0
9.85,32.5,59.13,50.11,8.8,61.51,3.95,27.5,1
0.0,14.01,65.19,15.33,5.21,183.42,4.21,36.83,0
2.45,26.92,37.6,24.5,10.63,144.16,3.98,30.48,0
2.87,36.79,73.98,16.16,5.31,28.75,4.48,22.77,0
0.0,9.31,27.47,25.32,4.08,31.83,1.15,26.03,0
39.91,58.57,81.02,36.94,7.56,29.28,8.13,33.69,1
2.75,9.92,66.06,41.05,14.44,372.33,1.26,20.45,0
9.42,19.2,27.09,18.8,14.27,430.82,2.45,26.6,1
1.82,22.95,30.65,22.05,6.41,37.04,2.41,32.26,0
0.0,13.12,19.17,33.99,20.44,134.77,3.39,30.94,0
0.0,49.66,127.44,49.75,7.7,85.78,3.25,26.07,0
0.16,3.02,30.43,27.1,20.86,100.13,4.62,22.68,0
1.94,59.03,83.67,17.16,18.51,173.43,3.0,32.83,0
0.0,33.43,62.18,34.61,4.75,68.79,2.79,28.54,0
0.0,28.57,94.18,41.87,9.55,19.06,5.11,19.44,0
41.99,73.81,87.97,40.05,17.54,50.7,2.66,21.58,1
4.35,35.68,52.86,18.61,2.24,100.54,2.17,20.0,0
0.14,12.39,31.31,19.61,8.45,61.38,2.32,31.88,0
0.0,34.74,93.51,47.72,12.23,114.24,5.23,30.47,0
0.0,22.54,29.15,43.7,10.24,72.69,1.66,34.75,0
5.81,9.31,24.2,36.28,19.26,21.05,4.44,23.24,0
18.29,28.21,54.93,29.25,2.92,77.6,4.04,27.16,0
8.34,15.59,49.01,29.77,19.41,78.56,2.54,17.91,0
0.0,15.48,37.33,22.0,6.6,68.35,2.85,24.63,0
5.8,7.72,37.77,35.22,9.71,40.85,2.58,24.31,0
24.03,54.7,97.48,51.35,3.78,24.35,3.63,31.31,1
3.06,37.89,54.28,40.63,13.84,153.66,4.75,38.16,0
8.37,20.3,33.39,35.97,1.49,125.03,4.05,38.44,0
3.34,28.16,60.27,28.02,6.14,53.62,3.46,18.57,0
10.81,61.83,84.19,35.75,4.92,21.68,3.6,24.19,1
0.69,13.64,63.42,30.66,8.94,118.14,3.4,31.94,0
1.45,14.41,101.65,48.56,7.89,38.02,3.24,22.96,0
3.54,18.24,50.65,33.33,8.54,22.33,3.23,17.99,0
2.32,31.15,45.78,41.05,12.25,119.83,3.88,23.76,0
4.96,17.69,79.5,41.31,4.09,44.38,4.54,38.27,0
2.54,17.47,34.59,22.76,9.7,197.39,0.44,33.74,0
2.42,30.46,155.96,36.42,15.39,95.3,6.59,31.44,0
18.45,45.25,51.12,50.88,13.08,28.15,1.7,24.92,1
0.0,11.36,43.47,28.14,6.59,40.67,5.02,29.23,0
5.85,12.8,43.53,32.98,6.5,52.74,2.86,29.09,0
0.0,13.47,26.49,44.93,15.26,194.64,1.9,33.21,0
13.48,29.73,81.91,42.67,8.16,44.97,3.42,29.57,0
8.07,29.49,102.7,32.12,15.56,168.28,4.78,25.76,1
41.29,59.71,93.57,40.5,8.51,62.21,4.43,34.35,1
0.0,5.39,23.33,42.01,4.4,49.66,0.2,28.65,0
30.87,43.34,60.06,37.77,2.38,5.74,5.21,19.4,1
0.1,2.2,10.05,56.95,13.99,54.55,2.84,26.78,0
3.02,24.35,98.76,22.62,1.52,32.3,2.98,27.77,1
0.0,6.61,20.76,24.83,4.41,155.03,0.2,40.32,0
40.83,44.79,52.31,21.13,18.84,485.18,4.71,27.57,1
9.7,23.71,44.33,38.59,2.98,143.71,2.95,26.12,0
9.83,33.82,39.36,19.72,4.02,119.19,2.63,26.03,1
0.41,18.44,78.46,30.49,11.35,83.93,2.65,22.22,0
2.77,57.71,87.83,33.58,8.68,58.48,2.44,28.58,0
1.72,4.59,28.34,31.14,6.35,96.5,3.37,29.98,0
3.17,5.85,10.67,25.01,11.0,28.93,2.29,31.19,0
5.87,16.47,18.76,36.77,7.68,50.43,1.83,26.38,0
10.51,44.25,80.84,28.31,0.8,45.26,4.73,22.97,0
0.0,11.45,43.71,35.6,4.62,27.35,2.58,20.11,0
0.54,8.36,45.65,30.38,3.69,98.52,1.21,23.21,0
19.27,44.5,56.31,16.61,8.86,98.91,1.14,26.48,1
18.9,31.44,37.96,41.06,6.5,37.08,1.64,24.03,1
9.07,52.11,100.25,34.41,16.28,41.62,3.76,26.51,1
3.06,17.45,34.8,31.9,1.58,97.83,2.74,34.17,0
20.47,54.62,61.28,26.53,15.94,43.59,2.69,37.14,0
7.72,23.14,59.59,59.87,3.6,41.72,5.35,29.09,1
19.36,43.46,63.17,49.67,24.98,86.37,3.48,35.05,0
9.59,47.53,84.73,34.18,12.41,129.95,4.71,27.19,1
0.0,2.66,64.36,37.76,7.76,136.25,3.17,32.85,0
2.45,4.17,14.65,29.94,6.08,46.36,2.33,38.15,0
15.32,18.42,80.55,25.23,12.04,69.57,3.91,29.61,0
1.65,8.62,35.32,36.38,13.1,43.84,2.61,20.5,0
24.45,63.62,76.22,37.56,10.52,49.03,4.74,21.96,1
13.88,74.22,103.05,51.19,1.65,184.1,2.55,17.55,1
22.44,38.79,73.63,35.38,14.31,64.69,3.5,24.2,0
2.61,14.68,50.31,22.71,11.13,38.22,2.1,31.6,0
0.0,23.17,105.66,35.02,2.27,32.18,3.82,30.23,0
0.0,9.23,17.29,16.82,14.68,64.08,1.26,27.76,0
10.72,32.87,72.39,37.91,9.0,75.33,2.58,37.59,0
0.0,38.06,52.54,39.89,16.18,35.2,1.79,29.03,0
0.0,23.33,71.64,23.67,4.75,43.29,1.42,24.14,0
1.37,7.49,88.22,42.57,11.15,92.88,3.2,25.61,0
7.34,23.22,44.15,38.58,12.0,31.33,4.01,28.84,0
0.6,65.94,98.51,44.82,8.81,26.5,4.61,33.33,0
18.95,44.34,136.89,34.67,9.56,103.36,6.45,37.96,1
22.75,33.9,50.2,48.31,6.33,28.86,2.5,33.78,0
9.82,18.81,90.11,42.57,6.4,31.38,5.3,30.77,1
1.68,12.53,60.44,20.26,0.85,94.99,3.55,33.32,0
16.06,47.35,106.95,36.94,4.06,207.08,4.07,20.28,1
10.23,31.01,45.81,26.89,7.25,8.33,3.68,27.2,0
6.88,13.62,31.41,27.87,9.87,131.4,2.81,20.17,0
4.34,40.82,80.24,51.01,8.57,74.59,4.01,33.61,0
0.0,63.94,99.11,43.07,12.63,39.12,4.95,25.69,0
46.53,68.17,108.73,41.09,3.45,20.75,4.77,20.78,1
0.0,41.6,51.56,47.42,34.66,36.32,1.19,22.94,0
31.18,37.0,55.84,38.33,5.89,54.37,3.24,38.83,1
12.67,27.67,42.72,50.85,7.01,119.7,3.03,19.9,0
1.93,7.07,24.46,29.9,18.05,28.19,2.38,26.27,0
1.19,33.47,85.09,53.15,10.61,47.88,5.17,25.49,1
0.0,17.5,60.83,16.05,8.74,56.0,4.09,30.4,0
5.67,7.4,28.52,36.3,4.68,112.81,2.62,33.68,0
0.0,5.93,18.43,26.37,14.87,14.69,2.25,23.83,0
20.04,35.85,92.99,42.41,12.31,63.25,5.67,35.39,0
7.85,11.0,14.35,31.2,13.87,67.95,2.31,39.03,0
5.12,11.44,134.86,52.55,4.92,177.93,6.89,30.56,1
6.19,45.4,52.65,48.21,16.11,61.67,3.74,25.05,0
8.28,16.93,51.19,38.32,5.05,25.96,1.5,27.76,0
2.9,24.33,132.92,46.38,6.91,32.07,5.46,28.17,0
3.76,38.83,85.37,43.26,5.92,24.93,3.35,23.23,1
34.24,64.73,101.41,33.26,12.64,21.96,4.96,28.29,1
18.1,70.54,76.71,54.62,4.78,27.43,3.88,17.96,1
12.07,49.16,137.41,41.18,10.5,3.75,2.5,39.04,1
1.93,22.75,36.17,38.05,8.74,96.86,3.05,30.68,0
0.0,3.69,66.78,47.07,14.87,37.29,3.87,30.23,0
10.51,26.96,35.92,36.19,5.63,96.97,2.48,28.97,0
6.17,36.85,73.55,31.27,1.32,91.39,5.11,19.85,0
3.61,11.07,14.37,21.04,7.5,47.63,1.72,32.21,0
4.73,44.36,64.8,45.81,13.89,31.87,2.93,27.31,1
0.0,17.53,38.42,34.84,12.45,118.66,3.15,25.26,0
0.07,30.63,58.29,30.42,6.45,19.8,1.49,24.74,0
18.14,48.55,63.91,28.05,6.07,40.99,2.44,22.53,0
15.58,47.1,81.39,32.23,2.32,42.96,4.07,25.63,1
25.5,36.88,39.12,33.03,4.06,46.78,1.25,26.2,1
10.25,63.2,80.85,59.72,9.57,27.19,4.54,23.45,1
9.65,54.87,66.99,24.82,3.32,37.35,1.15,33.79,0
0.04,19.4,43.5,11.02,5.07,82.86,3.79,33.86,0
0.56,6.09,74.23,37.21,8.77,122.9,2.16,34.68,0
2.38,14.21,19.87,22.59,11.98,47.65,1.0,27.73,0
0.0,11.35,42.7,28.61,5.03,51.25,1.99,27.78,0
0.28,3.68,13.82,17.03,4.58,99.13,2.72,13.34,0
6.13,15.44,53.97,45.19,10.52,76.96,1.97,28.55,0
2.04,28.46,63.77,30.9,7.99,157.4,3.44,27.82,0
6.94,22.0,70.98,40.74,1.85,84.39,3.62,23.8,0
18.07,49.97,92.58,53.93,2.79,80.51,4.98,24.95,1
6.86,20.16,37.43,28.95,2.05,70.37,3.19,34.22,0
9.79,12.94,62.97,27.71,5.21,66.69,3.47,20.06,0
0.0,5.28,93.39,38.74,3.6,115.41,5.27,27.79,0
17.75,34.61,44.97,31.3,19.52,72.83,1.83,25.69,0
0.0,16.74,56.95,38.87,8.77,115.41,3.61,32.37,0
1.68,10.93,18.34,27.97,13.55,239.0,2.38,23.25,0
0.0,8.89,40.69,32.36,2.1,41.94,4.62,23.26,0
0.0,33.14,116.72,39.52,5.54,45.29,3.74,39.42,1
6.37,8.43,48.59,34.62,2.67,56.53,3.74,28.76,0
10.84,33.54,42.99,34.85,5.91,79.52,1.91,24.79,0
26.12,39.76,50.83,38.1,15.0,173.48,2.55,28.07,1
7.73,40.79,92.26,24.78,9.63,178.66,3.44,26.32,0
0.26,68.11,89.76,28.7,7.53,51.45,2.72,21.42,1
1.91,6.43,41.13,18.83,5.91,50.78,1.94,34.34,0
0.0,28.92,40.05,40.0,6.77,135.05,1.0,32.94,0
2.48,30.31,54.64,23.31,4.41,13.48,3.06,24.78,0
5.0,12.89,85.77,34.84,12.07,42.17,3.0,34.2,0
10.3,21.35,69.08,35.89,11.39,43.13,1.26,29.09,0
13.8,28.36,61.31,21.73,13.48,14.12,2.98,30.19,1
9.9,36.82,75.85,32.6,4.45,181.13,3.62,33.36,0
0.0,18.66,85.82,61.49,0.92,38.36,3.75,28.78,1
0.0,46.85,90.21,39.91,7.7,146.28,1.83,25.21,0
12.72,19.87,64.85,51.48,13.44,56.34,2.07,29.12,1
0.0,16.44,20.79,23.87,8.39,63.59,2.95,27.75,0
38.52,60.54,111.84,48.62,11.26,35.89,4.88,29.55,1
0.6,13.52,32.01,25.96,6.18,28.49,0.2,25.01,0
20.32,26.4,58.49,36.6,9.02,51.4,3.79,33.4,0
1.34,41.64,60.64,41.87,3.4,63.99,3.27,27.55,0
11.14,32.44,56.25,29.93,6.42,111.31,5.01,34.19,0
0.0,2.06,66.69,40.4,4.7,39.96,2.91,31.54,0
5.49,15.21,75.69,34.23,11.72,91.52,2.89,28.14,0
8.28,15.86,29.94,32.11,15.24,33.33,3.82,23.51,1
0.0,55.13,67.44,44.92,8.71,24.54,4.96,30.0,0
0.0,13.87,32.7,42.82,5.06,70.15,3.9,29.03,0
2.19,50.48,83.23,47.76,5.19,221.18,3.61,29.36,0
3.39,28.45,40.02,31.1,6.35,101.81,3.96,29.87,0
10.32,34.27,48.89,44.42,12.02,31.46,3.53,30.91,0
9.11,18.48,41.02,39.81,1.12,58.76,1.69,26.29,0
6.39,20.1,36.88,26.49,13.3,85.88,3.03,29.8,0
15.53,19.83,57.56,24.78,11.43,35.27,2.23,22.53,0
8.79,45.12,78.48,22.24,12.88,71.21,1.27,23.56,0
9.61,46.21,70.4,52.12,5.84,16.24,3.6,30.58,0
0.0,23.96,44.74,18.19,10.49,8.72,2.78,21.72,0
16.82,35.39,41.71,29.68,1.36,33.76,2.61,38.51,0
14.72,30.17,41.73,35.18,13.78,71.34,1.77,29.53,0
6.84,47.65,54.76,22.98,6.8,178.51,2.56,31.25,0
14.14,35.53,77.64,52.48,5.85,14.34,1.5,39.74,1
4.85,16.09,48.05,54.22,17.03,90.97,2.62,29.17,0
27.38,37.62,40.48,32.7,4.61,44.42,3.64,26.5,1
5.98,57.75,129.27,43.86,10.02,58.62,5.45,27.85,1
4.58,12.85,25.93,22.67,4.32,42.13,2.46,23.5,0
8.87,25.29,27.15,32.81,7.29,22.84,2.7,31.29,0
32.82,60.5,99.07,22.02,2.97,28.96,3.15,22.38,1
1.49,35.7,41.86,32.41,18.46,39.36,2.6,13.92,0
8.15,31.01,46.05,38.94,6.15,41.66,1.43,24.71,0
1.86,20.97,34.76,25.05,5.33,126.46,0.67,22.76,0
4.57,22.7,58.4,36.58,4.38,50.44,3.79,24.27,0
0.25,14.97,78.66,42.05,6.34,111.15,4.49,21.16,0
9.3,15.44,36.9,33.92,3.75,166.79,1.54,26.75,0
5.27,36.37,50.95,29.47,10.99,17.15,3.23,24.93,0
13.82,25.3,34.27,36.55,2.5,39.31,0.93,30.5,0
18.18,23.16,62.43,27.53,9.79,37.01,2.16,25.23,0
21.05,27.85,40.35,22.27,13.1,43.54,3.73,28.52,0
2.06,23.26,51.3,27.25,7.99,44.8,3.66,36.23,0
8.89,38.79,75.83,39.48,10.19,44.73,0.31,28.39,1
22.4,43.0,125.45,28.8,4.76,184.53,3.79,22.1,1
0.22,16.17,96.93,29.95,14.37,88.12,5.26,23.56,0
6.17,23.33,36.34,20.75,3.96,85.71,3.01,30.35,0
0.45,8.98,71.24,37.69,12.0,241.72,3.37,33.75,0
22.15,59.24,119.66,36.75,18.18,11.33,6.26,26.28,1
10.87,17.8,38.2,21.15,14.09,77.47,0.65,25.22,0
10.67,34.04,87.52,27.24,8.97,30.21,3.65,33.09,0
0.82,36.05,67.58,27.2,7.91,42.84,4.83,25.03,0
24.74,46.53,84.3,33.31,4.07,55.19,3.13,29.02,1
3.09,31.32,114.92,32.74,7.71,26.24,3.59,23.63,0
1.23,10.54,26.46,30.82,15.6,25.18,1.0,39.53,0
19.19,41.96,69.72,34.46,2.39,68.87,3.9,23.46,0
2.51,36.17,130.67,56.6,19.38,100.62,5.57,33.14,1
1.42,32.7,98.94,56.09,15.07,24.5,5.3,33.41,0
14.7,48.65,93.09,38.32,6.06,17.61,3.3,23.09,1
0.0,13.92,46.11,36.71,8.96,16.19,2.67,32.62,0
11.03,49.62,106.88,47.78,2.18,79.19,4.47,25.3,0
6.27,26.15,55.97,34.78,8.45,47.61,1.59,29.66,0
13.41,26.69,101.39,34.33,11.91,82.87,3.21,23.8,1
9.65,62.04,71.8,39.68,15.61,293.82,4.23,30.46,0
7.13,9.29,37.59,19.52,18.23,18.77,1.06,29.41,0
2.49,21.16,30.18,33.32,4.82,126.45,2.89,29.17,0
5.31,15.16,23.51,27.39,22.49,103.68,1.42,20.98,0
9.53,40.66,53.36,35.09,12.11,87.59,2.2,30.21,0
30.81,39.92,61.63,35.78,2.62,57.29,2.8,23.25,1
11.87,15.37,103.51,53.94,10.92,31.13,5.15,25.88,1
0.6,13.1,16.17,20.76,9.25,38.72,2.11,26.57,0
17.42,31.11,51.74,40.77,7.98,15.35,2.25,24.24,0
0.39,11.19,36.3,31.56,1.09,33.01,1.47,37.27,0
0.0,5.11,28.27,42.52,2.12,45.62,1.25,32.42,0
0.0,15.82,37.67,19.3,4.7,35.65,3.04,20.77,0
4.89,7.59,22.8,27.68,6.58,114.14,2.15,31.99,0
5.23,21.03,37.98,34.28,12.2,81.46,2.72,24.36,0
1.13,17.5,27.6,29.28,3.64,117.61,1.52,24.86,0
0.0,48.61,56.58,20.14,7.71,75.97,4.51,31.38,0
0.0,21.1,56.78,28.25,9.96,13.09,3.24,27.77,0
12.14,15.03,29.56,22.15,15.19,52.56,1.72,35.98,0
3.19,28.68,40.49,48.09,15.04,43.7,3.3,23.54,0
0.0,54.05,78.86,38.55,5.0,13.26,3.88,32.23,0
6.24,15.45,54.23,24.5,15.17,46.42,2.47,25.43,0
8.02,24.44,49.72,39.71,12.66,39.47,2.41,28.95,0
9.19,23.02,44.63,28.36,9.42,196.3,3.08,26.22,0
5.91,23.1,63.71,46.83,4.22,171.53,2.46,29.25,0
4.63,21.36,72.58,29.4,12.77,33.69,3.68,24.06,0
20.8,36.99,94.78,30.57,3.72,13.77,4.84,20.11,1
0.0,10.14,53.45,28.68,4.6,70.71,2.51,37.49,0
3.67,18.4,46.93,36.97,3.85,95.23,1.65,24.98,0
2.82,21.52,33.13,34.74,7.16,41.61,3.03,33.21,0
6.89,27.2,67.67,47.99,13.54,84.16,3.25,24.7,0
14.55,37.59,75.07,54.87,15.62,25.49,2.34,18.45,1
6.61,48.59,67.22,41.35,17.14,158.12,6.08,26.4,0
35.02,63.12,85.25,32.46,8.34,25.98,2.61,25.57,1
0.0,20.37,54.65,41.95,1.09,23.52,1.94,32.18,0
5.57,19.03,42.82,32.43,25.71,29.11,0.37,27.69,1
0.0,71.02,92.44,40.07,12.04,53.97,4.92,20.89,0
0.0,2.76,15.44,26.61,7.4,19.28,0.2,26.24,0
2.49,25.31,42.13,22.61,11.73,60.26,1.59,29.75,0
0.75,32.81,73.38,29.46,3.07,50.15,3.94,25.71,0
5.7,24.54,27.87,18.53,0.68,111.23,2.39,30.61,0
6.91,16.52,25.9,13.25,8.87,59.77,3.14,29.32,0
0.0,25.24,37.58,33.17,21.7,58.34,2.24,22.88,0
2.58,9.34,34.93,43.81,6.29,20.64,3.71,22.17,0
0.0,32.21,45.36,35.93,7.3,189.3,2.72,28.96,0
6.18,12.28,42.93,37.92,36.27,15.72,1.81,23.77,0
18.0,63.13,98.65,59.06,16.25,50.67,4.7,30.25,1
3.6,28.91,36.68,21.57,19.51,95.27,2.85,27.16,0
32.1,51.67,62.49,49.17,11.05,74.78,3.9,27.7,1
4.29,19.73,55.43,45.0,25.05,72.13,5.18,25.69,1
5.74,22.68,34.97,30.58,8.82,106.53,3.8,18.28,0
0.39,7.92,56.19,23.92,1.42,147.77,3.47,21.47,0
7.16,25.68,99.55,45.39,5.71,83.23,3.56,13.32,0
0.0,12.5,124.25,66.87,6.02,78.37,4.51,25.79,0
1.66,13.21,90.07,48.29,9.34,66.12,5.18,36.62,0
33.69,101.58,121.1,37.12,10.28,24.48,5.5,24.72,1
24.54,37.26,98.59,47.3,7.42,140.56,5.14,29.68,1
18.82,33.16,55.79,31.69,3.4,24.01,3.76,32.0,0
0.86,38.02,84.33,43.96,8.52,89.74,2.87,32.15,0
12.24,19.73,47.99,23.68,8.82,29.45,3.96,28.35,0
7.29,51.6,78.33,42.54,3.23,62.48,4.57,21.36,0
1.49,15.41,53.5,29.26,3.66,43.79,2.62,32.43,0
0.0,8.67,72.21,18.59,3.61,29.91,5.99,27.4,0
10.49,13.17,36.59,31.09,3.86,51.35,3.01,37.43,0
0.45,40.88,58.94,27.46,12.21,37.95,2.71,18.97,0
10.96,21.89,73.71,26.57,13.03,94.18,3.72,28.71,0
4.68,18.27,100.47,27.89,9.77,75.83,4.23,29.66,0
45.14,58.93,73.95,31.67,6.01,122.04,4.72,24.04,1
10.2,21.1,33.2,26.8,6.88,16.33,1.09,24.65,0
1.22,26.36,55.61,35.32,6.1,24.83,3.25,22.4,0
0.0,70.66,150.77,43.12,16.14,33.92,3.98,37.17,0
0.0,46.96,94.32,32.14,4.97,102.14,3.79,27.09,0
1.29,20.51,38.85,26.65,3.62,33.99,1.89,21.47,0
5.64,38.08,74.0,37.19,3.96,50.66,5.5,25.05,0
3.07,59.49,66.27,34.46,15.76,17.57,3.39,32.39,0
1.5,37.62,115.44,44.15,5.48,60.87,6.4,33.01,0
1.51,21.58,55.65,24.39,11.81,92.59,2.35,27.81,0
13.24,38.71,49.01,20.65,12.54,310.3,2.17,23.65,1
30.01,74.72,82.98,43.03,12.83,77.77,1.69,32.44,1
26.95,28.79,110.69,45.68,3.77,176.43,6.68,27.97,1
6.58,21.92,79.76,19.88,12.28,37.82,3.16,28.83,0
0.0,1.23,24.67,29.99,13.57,26.46,3.88,31.18,0
7.03,12.76,28.19,27.26,13.78,100.43,2.46,25.33,0
5.29,5.9,34.9,18.81,15.99,75.7,2.87,25.09,0
6.94,21.2,52.6,48.62,14.39,143.04,4.58,33.7,0
15.35,68.33,96.52,25.02,3.33,58.63,1.96,31.05,1
9.55,50.48,55.95,41.7,10.73,115.01,2.51,25.91,0
3.99,12.66,88.12,30.11,4.47,95.64,5.22,29.7,0
16.4,41.72,59.7,23.52,3.42,63.39,2.16,32.5,0
1.75,8.82,18.09,28.12,17.75,58.4,1.05,23.65,0
1.2,20.5,34.38,20.61,22.64,79.6,1.6,23.63,0
4.28,52.67,93.9,50.61,8.02,17.3,5.26,33.36,1
0.64,5.6,23.92,38.47,15.16,126.53,1.18,36.88,0
3.7,26.15,42.84,28.15,6.69,157.0,2.64,24.59,0
1.41,33.04,52.18,35.19,1.69,40.68,2.86,32.24,0
0.39,10.83,38.73,37.08,10.11,100.45,1.64,27.26,0
10.55,32.84,55.07,23.04,9.17,16.45,3.35,29.93,0
5.8,14.17,61.09,47.04,3.7,38.4,2.05,35.41,0
22.38,42.53,127.95,39.26,3.17,25.64,5.19,36.31,1
11.98,32.13,54.25,32.24,3.47,16.81,1.25,34.33,0
2.2,6.35,35.01,28.3,4.01,36.31,0.55,23.32,0
0.0,3.3,73.57,30.79,8.15,117.86,4.07,29.5,0
10.38,13.05,29.83,24.15,4.96,88.25,2.44,29.13,0
1.54,28.13,82.22,41.14,8.37,79.11,4.45,23.44,0
3.08,26.36,66.38,39.86,10.52,59.12,1.22,29.17,0
0.0,18.55,37.76,20.29,1.78,30.23,2.35,30.13,0
21.39,36.02,41.23,30.07,1.82,84.58,2.9,30.59,0
3.13,36.68,79.98,28.29,6.34,228.28,2.83,23.79,0
5.19,18.35,43.92,22.47,11.76,34.32,1.56,26.82,0
1.22,10.35,17.87,42.51,17.65,211.79,3.35,27.47,0
7.56,13.12,24.41,26.16,15.62,41.81,2.51,27.45,0
7.2,24.78,47.1,21.08,10.33,54.92,2.47,23.7,0
12.2,33.1,71.26,39.57,8.74,47.45,2.51,33.25,1
51.8,68.62,72.39,32.09,1.82,54.05,2.71,29.06,1
8.31,38.67,53.71,33.75,17.42,84.05,2.45,22.74,0
7.04,20.59,37.23,21.33,5.32,20.52,4.95,28.98,0
0.0,82.76,149.5,48.35,13.89,40.65,3.37,32.39,0
0.0,17.66,62.64,42.2,18.61,127.85,2.26,38.33,1
2.13,13.61,22.48,36.06,2.07,29.8,0.2,29.53,0
0.0,12.46,140.82,58.35,12.28,142.71,8.14,35.47,1
3.31,26.97,51.2,29.65,16.31,31.19,2.78,21.91,0
20.97,90.92,104.01,35.52,3.86,44.74,5.44,35.67,1
8.42,17.68,60.82,34.29,4.13,48.56,2.87,28.12,1
9.92,38.18,76.52,35.92,1.86,84.46,3.21,20.79,1
12.58,35.03,85.12,35.55,6.63,126.0,5.21,30.98,0
2.99,52.41,106.42,32.36,25.24,78.97,5.22,19.85,0
0.0,8.79,54.39,50.98,12.72,79.06,2.51,24.95,0
0.0,25.49,61.53,36.77,2.11,28.11,5.12,30.8,0
6.7,43.58,55.27,18.08,15.79,79.81,3.98,20.94,0
0.5,28.4,65.96,35.21,1.89,565.96,3.42,31.11,0
16.05,50.04,90.95,47.37,5.8,82.94,2.55,21.93,0
0.0,13.04,27.27,51.86,1.44,147.63,0.87,33.77,0
7.79,29.17,44.3,33.32,1.58,71.75,1.84,27.17,0
20.06,62.67,74.06,43.93,8.86,83.11,3.76,24.17,1
0.19,3.63,68.54,39.56,4.4,25.22,4.1,32.38,0
1.06,14.33,110.1,37.15,1.4,60.7,4.35,19.1,0
16.64,24.82,77.37,40.54,10.03,24.16,5.03,32.56,0
6.38,14.2,37.99,29.08,9.3,21.25,1.74,25.67,0
0.0,22.93,76.99,30.3,3.54,47.26,1.27,30.2,0
6.73,29.33,81.35,39.66,10.29,66.34,5.13,30.23,0
11.46,25.24,39.73,33.31,6.36,154.9,5.66,29.18,0
17.35,37.57,46.39,38.97,8.9,74.88,1.92,20.37,0
7.55,24.29,30.34,37.99,17.58,53.39,4.93,23.03,0
9.78,12.56,25.06,12.71,17.4,236.39,1.86,25.24,0
28.54,34.01,62.38,26.66,3.74,99.21,3.74,28.79,1
15.0,43.33,91.11,52.24,2.76,17.43,4.43,39.23,1
3.03,9.9,36.78,25.06,10.31,50.12,1.56,31.92,0
3.85,17.43,68.2,26.09,1.82,58.67,5.03,28.8,0
19.26,43.62,59.88,18.12,2.3,32.72,4.16,35.09,1
7.35,29.72,67.3,46.34,8.71,49.52,4.8,30.4,1
5.96,15.77,51.66,30.98,0.78,39.17,1.62,33.76,0
2.84,20.59,125.97,34.33,6.03,38.98,4.41,31.21,0
18.54,31.66,42.16,24.16,5.78,118.91,2.67,18.04,1
0.39,16.27,121.55,36.02,0.75,32.89,4.84,26.83,0
1.98,50.18,140.66,64.81,14.33,84.87,6.33,22.92,1
18.48,43.82,54.71,39.72,9.72,150.51,2.68,30.89,1
18.25,34.12,62.15,39.0,7.76,69.66,5.15,21.46,1
45.15,63.27,133.07,50.71,4.56,37.65,4.13,37.23,1
4.59,5.78,18.46,40.1,9.5,20.64,2.9,24.0,0
2.93,98.16,98.98,60.85,7.34,309.03,5.49,26.55,1
3.56,45.78,95.13,41.7,5.52,116.28,3.1,33.28,0
0.0,12.37,15.89,24.64,8.1,49.52,1.11,16.6,0
0.0,2.63,24.87,45.67,4.77,59.45,3.05,33.3,0
7.51,20.44,57.69,28.79,8.26,17.17,2.97,27.54,0
2.49,39.67,47.58,42.11,4.38,20.45,3.59,36.03,0
0.64,34.74,129.86,35.92,5.36,43.58,5.71,25.11,1
5.83,23.34,66.82,38.39,2.67,48.83,2.7,27.89,0
7.75,68.41,120.27,43.94,4.39,134.83,4.41,21.17,1
4.08,18.92,45.83,30.03,2.89,34.11,2.77,28.85,0
4.26,17.9,48.92,34.87,12.51,56.73,4.1,42.48,0
2.42,26.68,43.7,27.92,9.27,26.53,2.98,31.53,0
12.46,21.39,40.53,14.5,19.43,64.83,1.3,32.02,0
1.63,12.68,28.68,37.09,14.38,86.32,1.59,33.46,0
2.19,30.94,40.2,28.49,2.13,94.55,2.43,29.3,0
7.07,15.1,33.21,29.26,5.95,165.55,3.38,19.66,0
13.31,37.56,43.13,46.49,13.12,15.87,2.6,24.83,1
33.76,69.05,174.84,50.83,3.82,31.47,6.63,26.55,1
5.88,18.36,34.71,33.82,5.5,61.81,0.84,28.09,1
26.41,41.02,55.08,26.32,7.51,94.55,3.39,24.54,1
1.24,20.54,42.46,51.9,4.88,139.32,2.59,28.18,0
0.51,8.52,43.29,26.02,3.91,128.03,1.51,28.25,0
9.26,21.35,33.08,20.37,11.57,24.84,1.49,33.08,0
10.98,14.84,49.94,9.02,22.71,71.98,3.96,23.85,0
6.76,13.25,23.12,34.35,5.29,16.85,3.38,32.23,0
61.86,78.13,86.83,43.08,9.13,54.01,4.52,28.54,1
1.49,24.45,75.62,34.92,6.84,119.83,2.88,18.63,0
21.9,45.0,61.1,32.56,2.49,80.37,3.39,35.4,0
0.61,10.44,28.06,25.68,2.67,97.24,2.14,27.39,0
12.0,22.0,25.73,44.16,6.7,172.65,4.55,32.07,0
5.51,16.75,51.44,26.83,10.36,247.72,1.79,17.05,0
7.4,24.9,43.36,29.77,5.71,24.65,3.05,27.15,0
9.38,15.82,66.85,17.96,3.3,145.99,3.74,29.93,0
5.82,9.02,60.5,39.36,9.97,136.81,2.1,32.3,1
4.24,24.0,51.38,32.75,4.77,45.67,1.32,28.53,0
0.0,10.37,35.32,35.58,9.23,81.17,2.19,35.46,0
15.63,38.85,55.03,37.7,7.0,83.54,2.78,24.41,1
0.0,62.71,172.95,55.05,21.9,34.91,7.91,30.88,1
2.56,13.27,28.59,23.09,17.72,53.67,2.23,27.05,0
8.13,32.77,96.2,34.31,14.47,74.76,4.47,26.99,0
0.0,1.71,29.65,34.81,18.17,52.3,3.65,33.0,0
4.23,16.79,19.63,23.15,7.27,94.46,0.84,33.56,0
13.82,32.66,148.53,54.01,10.69,101.91,4.63,32.68,1
2.43,3.73,15.0,28.68,2.51,82.7,0.2,28.75,0
4.35,48.9,64.81,41.66,7.46,42.45,4.88,26.83,1
0.07,8.38,38.98,21.11,19.38,56.86,2.99,28.3,0
3.11,34.79,85.79,34.54,13.21,36.48,2.93,24.44,0
0.0,26.22,60.49,34.69,8.07,110.01,3.01,22.47,0
6.93,58.84,79.65,30.63,14.75,97.36,1.89,25.83,1
0.0,1.75,23.47,25.0,2.02,73.24,2.57,26.02,0
1.32,22.58,42.68,27.23,20.39,17.12,0.47,28.9,0
5.58,21.38,48.79,35.52,7.16,32.14,2.47,26.2,0
3.76,4.89,44.64,34.34,1.39,56.96,2.7,25.92,0
8.71,23.42,79.35,38.13,5.62,56.08,5.19,26.67,0
4.37,17.7,47.78,22.9,9.1,14.16,2.6,34.66,0
0.0,4.95,29.22,23.64,2.14,46.93,2.56,32.48,0
5.19,19.09,99.64,34.01,5.37,28.59,5.94,34.5,0
17.89,30.67,49.43,46.17,15.35,156.38,2.81,28.29,1
14.8,25.58,49.49,19.98,7.0,75.8,2.47,39.46,0
60.52,82.34,99.26,30.79,10.42,40.51,5.45,28.96,1
1.84,31.18,47.51,32.15,3.58,80.68,2.18,33.85,0
13.33,21.74,57.87,24.83,4.0,81.07,1.22,28.72,1
12.32,27.48,35.1,24.61,3.18,80.56,1.33,22.47,0
27.33,78.26,99.7,34.09,18.33,118.81,3.69,24.53,1
20.85,35.86,51.53,15.96,10.68,97.14,2.91,29.72,0
7.64,15.79,39.9,31.37,1.2,138.22,2.74,23.89,0
11.05,16.84,39.08,17.06,3.05,29.1,2.62,42.19,0
8.75,34.02,109.84,61.14,16.13,50.83,2.8,30.1,1
4.9,13.7,68.11,30.96,10.07,91.72,2.15,25.88,0
10.16,17.41,81.17,34.43,10.03,36.29,3.18,28.85,1
6.64,30.65,54.37,25.46,5.04,128.9,1.57,25.06,0
6.26,10.44,41.87,31.85,5.84,68.76,2.11,25.91,0
28.51,51.45,87.87,41.53,6.38,71.73,3.35,19.12,0
7.83,13.94,30.75,13.67,5.28,78.82,2.2,23.94,0
5.88,13.19,20.45,30.84,10.56,10.65,1.64,25.67,0
3.96,8.01,23.72,31.34,3.71,13.71,2.7,26.0,0
3.39,11.07,47.7,18.79,22.46,73.71,4.07,32.03,0
0.0,37.48,91.77,43.14,21.03,40.59,3.01,31.63,0
4.9,94.35,255.88,54.28,12.6,25.45,8.54,30.26,1
18.81,32.86,39.0,26.41,15.2,64.4,1.62,33.31,0
1.7,13.68,58.39,29.09,21.7,24.05,1.11,25.88,0
0.0,29.53,60.11,22.59,9.79,234.41,2.3,28.84,0
9.71,32.96,126.64,34.82,4.17,75.79,4.54,27.27,0
6.99,41.21,95.8,59.79,11.41,14.91,3.12,39.25,1
28.05,49.59,67.52,19.53,9.03,81.52,2.87,24.24,1
1.19,38.94,55.62,41.61,8.01,31.36,1.81,25.09,1
0.0,20.61,38.04,29.43,7.53,60.78,1.49,25.6,0
3.61,54.6,59.72,48.6,1.4,103.39,3.84,21.17,1
2.62,31.52,36.07,41.0,9.94,170.92,3.09,28.64,0
0.0,47.75,59.13,22.85,22.46,9.89,3.67,30.85,0
5.96,17.97,25.03,22.51,5.13,58.76,4.1,36.1,0
2.17,15.69,37.67,38.88,1.82,185.81,1.84,32.41,0
23.45,42.97,70.6,35.95,3.83,37.22,2.21,38.02,1
6.1,26.52,119.78,35.06,4.32,32.85,5.97,28.03,1
0.67,16.41,17.02,20.38,7.54,104.92,2.08,19.38,0
5.05,22.13,41.55,51.08,5.15,14.94,2.5,28.98,1
6.81,19.98,44.18,31.44,8.94,45.18,0.88,28.35,0
10.85,30.26,54.15,33.36,9.07,19.41,1.72,35.68,0
5.43,16.45,105.63,47.88,12.02,68.4,4.89,34.13,0
38.5,75.21,79.64,25.98,12.6,36.29,4.1,21.97,1
0.0,27.7,47.8,46.4,6.36,84.4,3.54,26.78,0
2.08,21.69,29.49,10.02,19.83,35.97,3.95,32.67,0
0.69,3.85,17.52,39.96,0.59,112.5,2.08,28.54,0
2.89,5.55,16.16,32.18,13.4,69.41,1.42,23.13,0
7.95,25.09,70.81,43.51,15.23,186.36,1.21,35.12,0
7.25,14.02,37.79,25.82,4.32,145.65,1.17,31.5,0
10.55,35.65,78.12,31.19,8.26,84.54,3.4,37.05,1
6.04,7.3,82.6,52.72,9.58,195.28,5.02,22.51,0
6.57,63.64,111.2,67.7,4.09,15.16,4.36,31.97,1
6.22,10.98,19.83,29.86,12.96,100.4,2.14,20.22,0
2.35,36.76,94.11,51.69,7.39,120.84,5.48,35.56,0
1.96,14.65,38.82,33.69,5.76,164.36,3.6,27.85,0
0.61,3.58,33.36,24.63,14.05,67.44,3.98,25.24,0
11.2,24.76,85.87,55.27,5.83,55.99,2.16,24.18,0
0.0,44.26,49.01,30.57,7.97,42.67,2.95,27.72,0
6.37,18.88,52.81,39.55,10.94,115.48,2.48,31.21,0
13.6,55.13,59.42,35.97,4.22,77.63,1.83,33.77,0
17.55,33.72,47.76,37.17,3.93,22.33,2.89,30.11,0
0.0,27.26,87.22,35.12,2.7,48.69,4.49,31.95,0
2.52,11.92,27.21,31.6,5.12,91.83,2.56,29.87,0
0.83,8.44,33.59,21.92,3.41,75.67,0.57,26.22,0
2.07,7.2,61.93,50.91,9.8,130.62,5.13,33.04,0
21.31,41.03,60.34,37.62,4.82,71.18,3.86,27.25,1
0.86,24.76,44.67,31.67,8.07,77.32,1.14,27.64,0
13.57,26.85,45.61,37.75,14.09,41.02,1.81,28.54,0
6.49,15.1,23.46,34.99,11.09,130.28,2.79,25.17,0
1.85,51.92,93.41,34.28,10.62,61.22,4.34,34.41,1
1.37,17.61,55.59,23.14,45.0,78.95,3.61,28.8,0
7.43,29.62,107.62,37.93,3.32,137.37,4.23,34.77,1
4.63,15.52,28.89,37.38,7.15,28.07,1.88,25.37,0
0.0,3.13,37.16,28.59,3.88,151.72,3.25,20.5,0
0.01,7.38,20.73,17.91,19.89,43.6,2.33,33.45,0
7.68,22.97,96.37,41.86,12.76,21.99,2.95,25.06,0
0.0,3.91,32.41,45.29,12.81,204.96,2.06,35.24,0
15.66,40.9,138.01,46.45,7.03,27.83,4.36,29.34,1
0.0,15.66,33.9,15.41,7.38,156.48,1.08,24.77,0
3.27,17.45,47.52,24.78,7.22,95.65,2.29,25.66,0
11.59,13.1,31.35,25.14,10.72,17.15,1.34,28.06,0
0.0,15.18,103.08,41.45,4.19,61.68,3.3,29.36,0
0.0,18.19,71.86,41.14,4.99,36.18,3.45,32.64,0
9.35,15.79,61.61,41.79,5.09,78.92,2.02,25.92,0
14.03,24.17,74.79,35.83,9.6,60.28,3.9,23.58,0
3.72,21.61,76.91,28.92,8.72,93.64,2.51,27.16,0
2.37,9.38,45.43,17.0,6.42,190.6,3.65,20.98,0
0.0,9.94,33.83,32.31,4.16,37.81,4.12,25.3,0
5.71,13.76,24.05,13.36,5.54,66.04,2.64,31.42,0
0.0,24.29,32.67,45.57,4.04,12.11,5.24,33.55,0
21.59,56.9,66.59,45.56,10.29,29.53,3.75,28.86,1
4.04,22.32,67.04,48.56,5.19,56.26,4.44,27.31,0
0.07,12.16,42.26,29.54,7.16,26.87,3.56,39.22,0
1.33,28.64,44.66,32.58,11.98,188.19,2.55,29.84,0
6.35,9.36,22.9,17.55,2.35,187.19,1.28,23.36,0
2.1,16.99,23.05,36.1,13.09,50.92,2.07,38.83,0
4.97,41.7,62.02,20.44,11.43,104.52,2.64,34.53,0
0.0,8.8,21.5,26.15,14.82,128.85,3.59,25.5,0
17.9,39.98,49.76,24.21,7.26,87.34,4.62,27.87,1
1.42,30.19,34.48,43.58,13.77,106.14,3.99,31.0,0
0.0,17.72,31.11,33.4,20.95,62.61,2.83,20.48,0
2.55,9.71,18.06,30.15,8.27,37.08,1.48,29.0,0
0.77,10.76,56.18,30.95,15.41,80.46,1.76,28.78,0
16.74,41.31,63.77,41.51,16.73,60.63,3.21,24.92,0
0.09,24.25,65.6,49.06,5.45,51.34,1.76,25.1,0
2.03,18.76,41.76,45.57,14.17,98.83,3.14,29.06,0
6.6,8.61,68.67,59.15,11.92,89.54,4.24,34.86,1
10.63,15.01,16.76,18.41,11.66,32.03,3.27,24.59,0
22.96,37.45,52.87,27.9,29.88,24.68,0.2,20.06,1
0.36,8.79,53.44,40.39,11.64,26.23,1.59,20.94,0
20.61,26.07,41.38,31.69,12.43,146.23,1.11,25.42,1
16.09,21.63,37.23,33.69,6.48,60.88,3.02,26.72,0
0.72,68.02,74.75,23.39,8.41,32.8,5.02,31.73,0
0.29,19.5,34.96,37.86,19.71,102.99,2.3,31.1,0
8.6,32.95,56.36,29.58,9.75,92.75,2.1,24.44,1
4.78,17.49,101.94,45.04,11.1,47.9,4.93,22.55,0
8.57,40.73,54.47,31.97,18.45,40.2,3.8,36.35,0
2.73,25.42,49.18,22.95,16.26,71.95,0.2,20.8,0
5.55,23.4,151.72,64.52,9.17,25.64,3.83,14.63,0
4.09,22.24,105.7,47.33,7.77,41.28,5.56,25.73,1
8.43,16.12,62.44,34.82,4.14,49.75,2.97,29.12,0
0.17,7.42,45.7,23.29,18.31,7.33,1.7,32.67,0
6.19,25.09,48.31,39.41,13.24,77.57,2.56,25.18,0
22.52,52.04,96.05,44.57,7.51,59.9,2.34,29.79,1
21.32,59.49,86.1,30.55,8.68,32.6,2.78,32.35,1
7.21,33.28,35.62,34.81,4.68,34.12,2.02,16.23,0
33.14,74.53,95.81,39.31,15.3,99.71,1.84,35.91,1
8.43,45.16,62.08,38.7,15.06,71.34,3.35,25.56,0
30.32,44.06,62.01,39.64,14.7,31.57,3.35,37.11,1
8.86,57.45,82.44,32.19,3.47,81.84,3.6,32.21,0
32.95,48.97,64.97,39.48,5.02,238.57,4.66,26.04,1
13.84,28.98,81.51,51.11,22.36,53.56,4.33,32.79,1
5.25,29.72,94.58,46.31,3.43,39.3,5.45,25.44,1
0.0,38.1,94.8,40.27,12.36,145.21,4.35,25.06,0
15.47,24.44,35.64,31.22,7.02,58.92,2.87,25.77,0
8.76,24.71,91.66,53.52,14.94,42.85,3.4,28.37,0
41.48,55.11,76.11,50.57,11.37,266.81,4.18,29.0,1
27.67,34.17,158.12,40.7,9.77,99.19,6.09,27.95,0
6.96,15.91,114.1,47.8,4.06,43.52,5.88,36.4,0
6.54,13.36,20.76,25.98,1.53,83.03,3.48,22.41,0
8.88,32.44,57.43,22.98,11.71,66.83,3.13,34.94,0
1.14,14.22,28.79,37.07,6.55,77.59,3.81,21.08,0
5.48,16.81,56.0,38.97,6.62,61.06,1.05,31.69,0
3.94,25.47,66.1,30.25,2.91,188.62,2.44,24.67,0
20.04,42.02,103.61,39.27,4.93,37.31,1.88,17.44,1
24.12,60.87,134.94,57.14,1.15,17.98,3.76,34.75,1
11.99,13.86,21.78,24.84,21.25,49.53,2.61,18.59,0
0.48,32.03,122.16,39.16,11.32,15.41,3.91,34.57,1
34.83,40.97,66.16,25.4,2.07,109.93,3.44,35.46,1
15.39,35.73,61.43,39.94,5.53,79.15,4.52,32.04,1
8.14,13.81,18.26,14.87,2.99,10.22,0.95,26.2,0
10.76,36.59,67.09,22.67,13.92,22.46,3.36,26.64,1
0.0,9.6,25.79,26.99,6.16,121.39,3.01,30.12,0
3.95,26.92,32.83,24.62,6.44,47.16,2.61,14.73,0
21.73,29.98,54.0,21.37,10.76,68.56,2.72,35.71,0
0.0,2.74,22.18,18.61,3.52,41.58,0.2,26.95,0
15.49,23.99,97.69,25.61,7.6,51.24,3.94,29.75,1
9.9,31.9,98.55,42.14,11.13,111.99,4.58,20.48,1
0.0,12.82,30.67,18.09,19.98,104.43,1.61,27.98,0
3.35,31.48,65.49,24.26,10.59,41.65,2.36,15.61,1
8.14,22.54,81.36,36.6,5.89,25.68,1.91,33.47,0
6.96,26.51,32.62,28.12,9.93,26.27,1.85,23.05,0
8.97,12.4,35.56,31.56,5.24,51.36,3.2,17.58,0
2.89,24.95,44.87,49.58,7.91,64.99,2.99,27.48,0
7.44,37.95,40.94,25.68,21.36,131.5,3.26,40.22,0
11.96,13.81,30.29,5.0,8.96,67.13,4.24,36.52,0
10.96,15.53,18.24,35.7,24.96,66.42,2.26,25.38,0
3.07,57.03,63.14,23.45,3.79,62.03,4.65,20.89,1
13.22,32.15,48.19,39.07,8.46,40.93,3.3,31.68,0
0.09,13.13,54.49,25.29,4.53,29.6,2.88,30.72,0
1.33,12.95,19.69,28.35,1.91,55.31,2.01,19.24,0
15.47,40.98,73.93,33.45,3.27,76.64,0.56,33.53,0
12.93,25.29,74.89,32.57,7.7,56.2,2.66,26.89,0
3.62,20.32,34.67,14.34,18.01,27.48,2.04,37.5,0
1.24,32.01,72.36,31.35,8.12,28.81,3.36,29.94,1
1.84,16.13,54.3,23.12,8.32,24.52,1.01,34.9,0
11.39,46.51,69.47,38.97,7.04,222.78,2.86,31.28,0
9.09,11.92,29.06,47.93,7.74,69.64,3.83,35.74,0
0.98,21.99,42.44,30.98,3.35,60.85,3.69,19.29,0
12.83,22.71,136.05,61.97,0.66,60.78,6.15,39.07,0
3.34,25.04,34.36,14.21,8.4,132.08,5.02,26.75,0
0.19,13.05,102.59,42.98,18.78,324.99,5.53,31.32,0
2.35,39.27,50.26,29.3,16.09,39.27,4.27,36.45,0
6.11,32.91,75.62,30.35,21.21,121.64,4.23,29.89,0
12.34,22.55,26.92,10.72,3.76,51.6,3.38,26.72,0
11.49,20.95,25.94,32.98,12.01,67.68,2.66,33.17,0
4.58,25.38,98.15,48.13,24.97,51.21,5.77,27.37,0
7.14,20.78,28.76,30.25,11.18,68.69,0.71,29.07,0
3.96,22.49,69.86,21.8,6.62,110.69,3.97,32.75,0
0.98,24.95,57.26,25.36,3.61,19.36,3.49,33.79,0
4.86,36.21,61.75,30.52,21.37,101.88,3.13,23.58,0
0.0,12.0,56.64,44.17,9.44,108.01,5.29,30.08,0
24.55,31.69,74.55,25.3,1.38,11.02,4.22,30.21,1
6.9,44.14,69.59,41.96,4.49,49.96,3.45,18.51,0
9.52,40.25,42.17,43.06,1.54,54.05,2.94,22.74,0
1.16,23.15,46.94,31.51,8.37,48.31,2.26,29.34,0
6.82,32.0,124.79,47.07,4.88,51.51,3.64,34.7,1
8.39,23.45,36.59,28.78,3.4,80.49,1.4,26.89,1
3.65,28.23,48.05,20.53,1.92,26.97,0.23,26.12,0
4.0,45.83,51.5,33.57,0.66,98.48,2.05,29.33,0
0.0,6.28,24.68,20.68,5.39,70.3,2.61,22.52,0
32.08,39.97,65.63,43.69,9.99,70.23,3.89,35.47,0
1.1,28.0,44.25,40.13,6.63,60.26,2.74,27.29,0
1.65,2.99,27.25,29.51,1.32,143.99,0.7,28.5,0
26.0,69.64,89.05,34.92,6.64,108.4,5.93,35.85,1
10.05,60.01,129.6,50.68,12.78,71.64,1.1,28.28,1
12.45,19.65,30.82,23.38,4.89,70.97,2.4,35.57,0
0.0,7.3,62.04,11.09,7.68,102.98,6.16,28.38,0
6.71,7.19,22.27,19.43,9.6,42.07,2.82,18.01,0
0.0,7.13,18.79,23.81,1.58,21.52,1.04,30.86,0
0.53,16.34,60.47,24.12,9.19,105.39,3.65,21.52,0
36.19,38.74,49.22,44.24,9.53,28.18,3.48,26.54,0
0.0,33.12,59.04,20.42,1.4,57.07,3.09,31.83,0
11.83,43.21,65.74,38.44,13.57,128.51,6.02,29.66,1
0.2,19.37,107.52,42.22,6.12,11.29,5.47,20.65,0
0.61,10.38,35.22,20.12,11.06,51.61,2.53,25.87,0
55.94,64.53,96.66,40.09,14.08,26.89,4.91,36.1,1
4.62,30.47,86.81,28.6,5.58,53.02,3.59,22.24,0
0.0,38.53,80.67,38.25,6.27,105.02,2.94,25.38,0
12.38,22.07,52.14,33.4,10.51,71.96,2.27,17.41,0
20.29,59.65,78.27,20.64,4.98,26.44,4.28,28.57,1
13.62,35.97,75.1,19.69,8.54,17.23,3.73,27.11,0
4.0,44.14,69.44,49.01,4.86,70.97,2.86,27.18,1
4.23,16.22,45.98,35.54,5.55,17.68,4.2,33.64,0
1.94,6.6,49.72,27.07,15.01,105.58,2.79,33.28,0
0.0,40.17,111.68,39.47,2.03,129.76,5.7,27.28,1
8.2,17.16,32.14,25.65,16.13,139.76,1.65,30.62,0
3.67,37.38,52.11,41.59,6.49,34.19,3.15,26.04,0
0.0,1.36,30.16,25.58,6.52,20.67,2.13,21.42,0
4.8,21.36,47.09,19.08,1.31,153.93,2.38,27.37,0
1.12,23.65,51.28,28.45,16.25,94.03,2.24,28.17,0
7.68,26.64,41.37,23.92,16.67,106.7,2.99,18.72,0
6.74,26.02,33.67,28.26,0.89,107.28,2.4,30.23,1
2.81,17.5,23.97,40.79,29.21,58.77,2.18,38.08,0
5.15,18.85,26.16,16.12,1.51,26.45,0.2,26.14,0
5.83,26.73,38.9,20.77,11.31,86.91,2.83,37.67,0
15.46,53.15,137.83,52.4,3.28,67.62,5.47,12.0,1
4.88,13.79,49.58,24.55,10.67,74.14,1.82,20.31,0
2.06,28.8,77.69,46.83,6.98,380.39,3.41,22.65,0
3.38,8.21,15.59,35.96,5.56,29.06,0.39,25.81,0
29.99,53.85,77.92,43.38,7.7,48.27,3.68,27.17,1
0.32,10.94,55.33,44.37,6.86,19.3,3.15,19.13,0
3.79,11.43,21.08,36.23,9.07,143.27,1.14,25.8,0
3.7,24.26,51.51,27.27,13.53,23.2,1.61,24.24,0
3.97,46.12,60.76,56.0,8.53,33.47,2.93,33.24,0
0.0,6.59,12.61,14.72,24.93,56.43,3.61,22.17,0
3.35,8.69,12.77,26.66,2.87,86.0,1.91,32.62,0
1.81,18.22,48.4,29.93,9.75,63.71,2.35,32.09,0
7.63,15.57,33.1,44.36,5.26,115.04,1.1,25.84,0
17.76,34.62,57.05,39.63,14.48,137.53,1.62,25.21,0
8.39,20.25,25.35,35.34,11.66,101.46,1.65,34.95,0
6.13,11.54,49.13,38.32,4.66,90.94,2.62,23.73,0
9.42,18.45,117.03,36.73,8.59,21.19,4.38,40.91,0
6.92,40.94,91.25,32.54,2.7,218.75,2.51,30.68,0
5.09,18.2,31.5,47.1,14.39,71.51,2.78,30.79,0
14.87,30.73,33.49,43.64,3.37,212.58,0.2,22.74,0
29.19,36.84,81.42,36.71,9.4,81.96,3.95,34.64,1
0.48,20.93,78.87,30.9,2.37,48.36,2.01,30.89,0
2.94,30.58,67.76,38.1,15.05,56.68,2.56,18.36,0
0.84,18.79,40.59,43.29,9.65,60.76,2.26,19.62,0
10.56,23.15,79.09,41.49,2.09,86.83,5.7,33.51,0
14.25,45.59,74.51,32.48,4.71,62.62,2.11,30.48,0
2.69,19.0,39.81,31.45,5.28,73.96,4.04,29.36,1
4.33,41.36,89.65,40.1,9.85,58.52,4.22,23.89,1
9.39,34.35,100.53,55.64,23.19,34.65,4.64,34.14,0
2.4,14.73,29.11,20.96,2.27,53.37,0.61,24.67,0
18.26,21.84,33.02,31.48,6.17,52.79,2.46,32.14,0
0.0,25.47,53.36,40.56,3.52,93.72,3.18,26.14,0
0.0,37.19,68.93,26.73,18.62,72.1,2.01,33.83,0
7.63,14.0,37.55,26.23,7.94,21.39,2.13,25.97,0
7.5,22.54,84.65,46.35,18.09,48.24,3.0,35.24,0
7.64,32.89,73.93,39.87,4.73,57.53,3.4,31.06,0
3.48,15.89,48.56,38.7,7.64,114.73,3.89,26.66,0
27.12,43.63,65.83,46.95,10.22,56.55,2.14,23.07,1
10.8,58.58,144.03,47.1,28.16,86.6,5.46,28.54,1
3.86,24.08,76.46,53.68,5.71,60.82,2.61,23.97,0
20.1,28.05,121.43,58.52,2.34,40.51,4.27,33.92,1
9.74,26.04,55.3,32.96,10.43,157.32,2.2,21.2,0
1.4,17.91,33.99,36.37,2.72,28.7,0.88,20.61,0
13.54,20.01,75.82,39.7,4.21,33.56,4.89,29.9,0
3.04,64.06,87.8,25.0,10.97,34.01,3.14,25.9,0
24.14,25.09,40.0,45.61,10.41,51.47,3.18,24.06,1
4.1,7.73,29.31,21.0,3.64,165.66,1.11,28.52,0
3.99,10.31,54.14,41.59,7.97,96.87,4.35,27.81,0
3.72,7.39,32.91,29.77,4.67,47.75,1.95,20.66,0
30.04,32.37,48.97,22.12,8.54,39.79,1.69,32.62,1
10.86,58.71,81.01,47.69,5.55,76.73,3.74,24.48,1
2.93,29.39,45.11,38.18,15.06,8.17,2.62,22.82,0
7.83,40.21,51.92,26.88,13.02,125.65,3.18,32.17,0
0.0,11.71,18.15,16.81,1.93,49.68,1.83,24.98,0
6.19,44.64,106.48,43.07,7.99,36.35,5.68,31.43,1
0.6,26.07,87.45,41.17,5.3,73.37,2.07,29.12,0
2.86,14.13,45.14,38.64,12.01,53.95,2.47,26.86,0
4.75,28.17,41.22,11.51,4.95,76.42,2.78,33.19,0
1.02,5.19,24.64,40.99,8.67,66.82,1.9,31.15,0
2.83,23.57,31.75,28.21,2.91,101.09,2.05,28.12,0
0.65,14.6,21.52,33.78,1.14,39.58,4.58,25.5,0
0.0,47.45,61.34,33.71,7.48,47.43,1.02,32.93,0
6.11,40.31,78.56,44.82,3.11,29.02,5.3,28.06,0
22.42,26.51,32.12,18.22,8.7,30.12,0.76,29.52,1
0.87,7.88,49.05,21.11,0.5,150.19,1.31,34.43,0
33.4,96.29,130.06,50.87,15.33,148.32,5.52,31.98,1
39.55,51.22,84.16,50.11,5.62,30.29,2.17,21.68,1
2.36,6.33,32.04,33.89,3.68,42.78,1.06,30.04,0
3.68,31.12,63.76,26.44,14.29,25.97,3.28,32.14,0
2.46,45.06,68.04,47.23,20.89,53.33,4.04,13.89,0
0.0,13.46,18.93,28.7,11.18,95.19,0.26,26.7,0
3.71,26.52,106.36,39.01,6.07,36.55,6.7,29.4,0
3.01,18.17,35.75,34.8,16.19,45.9,0.2,26.69,0
5.96,33.68,52.46,33.27,13.43,24.59,2.97,27.87,0
6.42,14.33,41.12,22.97,24.06,20.04,2.48,32.69,0
0.0,19.5,110.69,46.24,9.81,380.77,5.68,26.59,0
11.14,44.69,95.86,32.11,9.47,88.2,6.92,40.31,0
3.63,14.93,45.74,39.39,6.71,55.46,4.12,27.12,0
0.0,31.73,57.06,33.69,5.67,40.08,2.97,25.22,0
3.49,30.18,48.13,32.48,6.87,89.15,2.23,21.71,0
6.76,12.04,47.76,40.26,9.88,164.59,3.96,21.07,0
26.42,34.61,49.8,23.14,13.84,150.43,2.69,23.23,1
22.68,51.92,76.34,35.26,15.34,57.55,3.99,25.47,1
1.93,10.02,74.62,44.79,11.44,24.48,3.33,28.31,0
4.08,5.08,27.77,26.79,14.46,34.04,1.17,30.57,0
0.54,18.84,56.52,5.0,9.45,14.64,1.82,29.75,0
8.26,25.47,44.55,33.64,12.94,145.87,2.06,32.63,0
2.2,30.29,48.06,39.0,5.02,65.56,4.94,30.71,0
3.85,44.17,105.42,46.38,0.2,25.55,5.4,28.37,0
17.24,34.55,79.5,42.21,8.84,123.37,4.14,26.02,1
0.0,21.17,77.24,33.68,14.04,49.81,2.53,40.07,0
22.72,26.47,61.94,27.74,8.37,68.84,4.0,29.59,1
9.28,21.21,48.92,37.79,1.41,60.77,2.04,28.18,0
21.74,96.44,100.34,41.26,1.33,116.64,3.44,24.38,1
13.11,37.89,48.57,29.7,7.9,38.35,1.57,39.18,0
15.73,57.2,65.97,31.65,4.07,44.37,3.02,30.8,0
5.55,17.39,38.74,32.25,9.55,42.4,2.45,31.86,0
0.0,10.29,42.03,34.03,8.44,104.3,3.2,26.42,0
1.57,11.6,20.89,22.85,5.28,61.91,2.31,22.4,0
0.75,33.55,41.18,31.7,9.41,51.11,4.31,29.25,0
0.0,13.88,33.18,16.71,10.85,232.32,3.12,27.42,0
17.21,20.82,27.06,34.64,7.08,22.72,2.09,28.43,1
4.67,19.61,82.58,40.72,3.8,65.48,4.38,29.55,0
0.46,10.98,21.14,29.98,6.95,76.16,4.01,24.4,0
38.26,72.55,92.34,37.05,15.74,149.72,4.02,23.36,1
52.97,113.27,126.03,58.69,0.32,37.02,5.19,23.8,1
0.0,3.74,23.58,24.19,4.07,55.22,1.24,30.79,0
3.71,29.12,32.36,16.68,13.1,140.65,2.71,28.02,0
3.29,41.23,107.6,38.21,11.72,246.65,4.3,24.58,0
0.2,29.46,105.41,30.75,0.73,163.76,5.22,35.82,0
16.81,27.21,34.53,5.0,13.64,93.58,0.56,28.45,0
0.0,12.7,41.59,48.05,5.65,274.17,3.32,21.53,0
30.12,46.92,77.57,31.8,31.69,26.06,3.19,35.07,1
5.9,14.76,39.27,41.26,8.04,222.78,3.25,20.4,0
35.55,55.23,112.59,46.23,9.81,27.22,6.36,24.6,1
5.21,48.72,91.73,50.19,13.63,163.34,3.71,26.59,1
3.27,28.42,44.45,24.04,14.04,12.86,1.28,24.83,0
18.17,20.85,64.2,54.09,12.72,190.09,4.2,26.62,1
35.35,50.56,65.82,26.05,2.89,41.09,3.92,21.85,1
30.47,86.48,92.75,41.43,7.54,60.44,5.65,28.07,1
0.0,7.86,81.71,34.12,2.44,111.31,2.81,26.95,0
23.66,52.87,142.09,58.02,12.8,32.26,4.86,26.85,1
2.97,8.28,16.29,32.35,20.52,124.63,2.41,33.27,0
4.41,29.39,56.22,16.26,17.96,35.8,1.47,28.19,0
2.85,15.56,72.55,34.25,9.26,53.88,2.49,28.2,0
1.57,49.1,73.93,48.9,7.33,279.71,4.32,24.59,1
3.78,51.1,72.18,29.69,3.89,67.83,4.62,29.34,0
0.08,3.98,35.95,27.66,11.51,42.13,1.15,28.46,0
23.8,38.64,74.5,36.6,2.23,32.27,2.63,31.73,0
12.91,24.53,49.9,29.13,5.35,39.77,0.2,18.64,0
7.53,36.13,90.6,50.57,21.63,16.36,5.37,25.91,1
2.84,16.95,45.83,26.5,3.37,7.24,4.17,20.65,0
1.88,45.74,65.07,35.91,13.86,108.52,3.36,22.79,0
9.73,22.98,112.2,50.09,10.07,14.41,2.49,27.27,1
7.85,26.63,38.79,33.88,8.61,107.16,3.51,31.48,0
19.45,33.77,67.71,43.53,17.55,20.81,4.94,31.2,1
1.96,30.71,51.58,29.84,16.54,21.37,1.42,30.62,0
1.5,51.23,84.41,34.21,18.7,35.66,4.76,25.04,0
12.33,45.71,55.46,35.28,6.22,81.6,1.68,26.67,0
15.3,27.72,36.44,29.82,13.53,387.57,3.34,22.93,0
0.0,5.23,33.96,31.1,7.06,67.26,1.36,28.26,0
25.04,33.87,68.18,36.34,14.55,86.53,3.29,21.43,1
6.72,47.91,51.0,36.14,5.4,87.51,2.85,29.21,0
2.25,21.56,53.88,35.19,11.07,170.53,2.53,40.54,0
9.89,30.79,51.96,38.47,8.14,89.98,2.09,35.5,0
9.49,41.44,46.21,29.33,10.91,52.46,3.17,27.94,0
2.4,19.53,27.65,35.84,8.14,26.12,3.62,25.21,0
0.0,35.14,42.68,28.66,14.65,36.61,4.59,20.7,0
25.12,39.57,64.5,55.57,4.63,22.4,4.15,34.81,1
1.12,13.02,15.11,38.36,9.43,385.53,2.33,23.82,0
0.51,6.46,39.55,47.51,8.52,109.34,1.39,19.66,0
1.53,2.93,20.9,28.16,10.29,57.86,2.03,25.73,0
14.53,34.2,125.47,37.14,8.56,33.03,3.59,26.16,1
3.08,33.49,35.36,6.56,5.57,57.42,1.91,39.37,0
1.62,31.87,47.31,23.23,16.38,130.56,0.2,19.16,0
9.13,51.49,53.29,34.41,4.41,159.15,2.11,26.26,1
7.62,23.74,45.85,45.29,19.29,73.55,2.53,32.72,0
1.72,43.63,58.46,29.14,3.46,33.42,4.2,23.52,0
0.0,17.85,74.26,33.07,21.45,36.22,3.33,26.03,0
14.19,20.03,32.91,36.49,3.14,63.39,2.18,22.89,0
7.8,32.32,40.75,13.3,25.13,99.13,2.83,42.43,0
0.0,6.24,20.69,35.27,6.82,15.99,1.7,29.17,0
28.51,44.62,71.39,46.99,18.97,269.01,4.45,30.56,1
0.0,37.01,56.28,49.15,8.16,36.83,2.56,31.64,0
0.79,1.48,37.38,32.88,8.44,98.93,1.79,20.43,0
1.04,19.65,56.33,34.31,6.41,56.66,3.79,28.56,0
1.79,10.87,24.37,33.11,2.82,41.46,2.3,25.68,0
1.63,38.8,49.52,41.02,2.28,62.64,4.11,22.16,0
0.0,52.99,81.17,47.28,2.27,91.12,4.96,37.82,0
6.87,20.4,67.41,36.52,3.51,69.33,4.02,14.7,0
16.74,44.37,47.14,27.98,2.54,240.86,2.8,31.38,0
6.75,10.71,37.97,23.55,6.8,27.21,3.16,24.87,0
8.36,30.03,47.27,36.25,11.87,141.58,3.18,24.81,0
3.21,10.06,18.19,31.7,17.96,104.14,1.87,34.1,0
6.4,14.14,47.76,26.64,5.45,94.21,1.44,27.83,0
9.15,24.32,37.63,30.4,17.95,26.74,2.98,28.15,0
12.92,20.76,73.81,58.23,4.98,69.17,4.13,26.55,0
1.27,23.67,101.58,54.05,2.85,51.51,4.79,24.22,0
0.74,17.92,26.55,47.52,24.58,155.51,3.87,24.73,0
0.0,9.69,33.12,37.64,1.37,65.04,3.02,27.62,1
36.21,45.2,61.55,48.83,6.98,60.07,2.72,27.58,1
34.24,59.61,74.14,30.93,6.87,45.43,5.73,27.41,1
4.95,35.03,52.84,43.8,9.36,56.64,2.86,23.59,0
5.39,23.96,41.54,35.89,20.19,95.45,3.61,18.49,0
0.0,28.31,97.6,50.49,2.89,24.67,5.35,19.11,1
0.37,6.45,49.71,33.93,15.78,56.52,4.2,18.96,0
28.21,35.29,103.0,31.62,4.93,20.67,7.06,24.13,1
3.15,13.19,21.46,23.72,8.53,114.72,2.39,30.77,0
0.0,5.57,50.26,47.33,3.46,145.85,2.29,29.87,0
9.8,10.63,39.24,23.09,9.31,38.69,3.54,40.55,0
1.3,15.16,60.61,37.82,9.37,140.96,4.5,21.43,0
23.94,32.43,42.65,29.8,15.49,222.93,1.93,33.64,1
6.32,18.23,24.32,38.94,3.14,81.25,2.54,29.94,0
1.47,9.14,19.51,14.98,4.49,66.13,2.63,20.32,0
1.72,13.1,25.44,23.72,4.79,235.34,2.11,31.4,0
9.25,26.31,47.4,19.1,5.68,83.96,4.68,28.67,0
3.91,31.23,90.85,34.37,6.2,99.5,4.85,29.43,1
3.06,42.94,82.2,45.47,17.56,101.45,2.83,25.42,0
13.46,26.76,37.8,15.42,8.62,78.54,2.43,28.15,1
27.03,35.36,55.18,25.27,3.81,44.92,2.0,38.53,0
11.51,14.18,40.61,24.3,12.06,7.03,0.75,20.51,0
0.96,67.46,68.29,33.16,19.03,61.81,2.36,30.24,0
0.0,29.61,75.09,32.6,7.78,90.55,4.82,31.67,0
12.63,31.83,70.11,37.36,6.44,67.17,4.0,32.74,1
11.49,15.77,50.98,39.95,7.04,14.01,2.43,34.62,0
2.64,3.73,20.84,11.98,4.09,19.21,0.31,19.41,0
4.05,6.58,55.91,37.56,10.95,44.03,2.31,38.42,0
1.2,11.58,37.89,28.93,5.49,31.12,3.86,27.89,0
0.0,8.73,36.84,33.48,11.42,66.85,3.71,24.77,0
1.56,9.66,68.31,32.51,18.82,154.14,5.07,30.51,0
0.0,9.3,28.94,39.69,12.64,185.49,2.34,27.62,0
19.9,53.16,57.03,31.7,7.13,62.93,2.17,31.54,1
0.0,4.25,56.47,46.77,2.3,102.39,3.51,21.0,0
5.12,10.92,16.07,41.41,2.97,64.19,3.65,33.42,0
0.0,6.03,26.59,27.08,13.37,56.27,4.79,37.11,0
11.06,21.18,26.11,33.29,2.27,52.91,2.9,37.06,0
15.01,17.64,27.0,31.33,3.67,66.06,3.08,30.1,0
5.83,29.84,60.96,37.0,22.15,64.51,4.24,26.3,0
4.66,12.91,57.57,15.69,11.27,26.12,3.45,31.86,0
1.18,15.25,68.41,9.44,19.95,36.37,3.48,23.2,0
19.43,35.78,91.26,40.83,2.32,69.15,2.8,22.74,1
0.0,11.79,63.25,44.39,18.29,24.74,4.72,25.51,0
2.28,32.28,54.97,37.52,3.98,68.64,3.79,31.75,0
0.7,39.76,96.8,45.72,10.16,92.31,4.23,36.94,0
0.58,5.31,19.19,30.71,26.48,92.75,2.34,25.51,0
18.93,26.8,29.71,30.41,7.81,16.78,1.05,31.86,0
4.21,10.63,43.83,41.12,3.69,45.22,2.16,28.64,0
1.15,4.73,10.94,22.82,10.46,207.77,3.23,31.93,0
8.13,34.64,43.53,39.96,11.29,66.86,3.89,28.65,0
7.3,29.66,38.66,29.09,7.37,46.03,2.92,25.29,0
14.73,22.85,34.6,30.22,8.16,31.68,1.71,30.41,0
9.26,17.07,52.79,45.54,21.09,31.77,2.05,24.87,0
4.54,23.31,92.29,41.32,4.19,15.12,2.74,24.61,0
5.05,17.57,61.04,39.09,5.47,214.31,3.97,25.39,0
8.78,27.85,37.81,39.52,10.28,16.18,2.63,25.12,0
0.16,9.56,25.97,7.07,14.28,132.01,1.98,22.74,0
7.1,24.66,26.67,32.89,18.39,133.23,2.24,22.76,0
26.47,57.59,76.99,38.4,9.22,132.28,3.44,24.68,1
5.84,19.98,52.1,20.19,3.26,26.05,2.09,37.44,0
2.79,22.19,70.63,32.81,7.73,23.68,4.07,37.59,1
2.72,15.86,24.94,31.99,3.4,155.54,1.54,20.45,0
8.34,33.38,82.15,29.32,1.21,67.35,2.96,27.52,0
6.59,27.79,39.46,33.61,8.02,57.55,2.97,22.24,0
11.65,36.35,85.34,31.59,13.0,113.46,3.25,33.66,0
1.42,18.51,66.32,28.93,5.05,27.19,2.0,27.25,0
3.82,48.66,118.2,38.58,19.85,143.59,6.05,25.64,1
13.86,41.07,160.88,57.78,7.02,61.65,5.18,30.5,1
15.03,31.0,44.57,44.59,7.03,51.81,3.04,31.98,0
15.16,34.61,78.74,42.86,5.65,28.41,2.64,26.28,0
12.35,74.75,92.25,35.02,14.11,47.91,2.45,29.86,0
12.81,25.64,33.0,34.85,5.51,54.23,4.44,20.88,0
7.08,26.91,59.87,41.52,9.36,45.19,3.31,26.35,0
0.0,44.54,84.41,37.6,1.37,54.98,0.24,26.35,0
0.0,5.78,24.35,20.42,7.64,39.24,3.68,28.18,0
5.68,16.3,26.52,45.12,6.6,29.94,1.09,30.69,0
6.04,38.71,72.14,33.84,13.07,137.42,2.4,29.11,0
0.49,8.04,17.96,27.32,13.11,313.23,3.01,26.22,0
0.72,13.43,33.76,25.08,8.27,222.38,2.35,23.12,0
4.5,23.42,63.46,50.61,2.25,39.97,5.24,36.77,1
40.91,70.17,101.69,53.1,2.16,31.06,3.52,28.71,1
0.0,4.19,48.49,36.08,15.28,110.29,3.46,28.85,0
2.5,33.33,45.92,41.52,8.63,27.57,4.0,34.53,1
14.71,32.24,52.64,32.2,8.85,75.3,4.63,31.61,0
12.05,30.58,45.33,41.58,3.34,25.54,2.97,30.12,0
7.82,10.58,35.63,30.69,13.19,35.04,1.27,24.17,0
0.0,15.09,27.85,31.71,8.92,61.57,0.2,37.26,0
3.46,8.38,28.79,23.9,9.59,22.43,4.11,27.78,0
31.82,79.51,103.68,24.17,10.3,45.57,4.31,32.59,1
0.6,12.45,77.1,31.02,7.28,184.3,3.22,23.99,0
0.46,40.8,57.31,34.35,10.46,69.62,3.56,29.63,0
25.4,43.55,73.18,30.32,0.43,77.55,2.93,20.56,1
4.48,45.3,106.95,64.47,3.12,354.06,5.15,26.45,0
0.0,1.67,7.19,34.31,3.86,72.92,3.13,21.87,0
0.0,7.09,42.14,34.93,6.55,49.38,2.36,33.48,0
1.54,40.2,75.02,37.92,2.52,33.08,1.93,21.66,0
7.34,62.12,89.28,41.91,13.27,260.52,4.03,25.04,1
3.7,17.06,39.45,41.6,4.68,42.1,2.91,29.25,0
0.31,9.88,67.88,36.05,5.36,70.89,3.02,22.84,0
3.8,7.66,39.41,26.07,18.81,151.69,3.74,23.93,0
0.6,2.89,30.62,25.88,8.02,26.21,2.52,32.91,0
33.48,35.51,62.02,24.41,4.91,105.93,3.57,30.2,1
0.0,16.21,33.31,22.52,10.47,44.13,3.62,31.32,0
2.14,17.51,32.08,37.58,10.08,15.39,3.75,38.46,0
1.44,6.33,22.16,35.39,5.2,28.66,2.76,27.26,0
1.52,9.79,29.67,37.23,7.67,179.97,3.65,31.2,0
0.0,12.08,32.82,20.06,6.74,73.17,0.2,18.74,0
23.63,25.15,27.35,38.7,11.75,40.46,0.79,32.13,0
43.63,62.55,99.02,37.33,14.93,49.74,3.25,29.04,1
8.55,29.47,36.09,27.39,17.89,19.29,2.06,26.44,0
7.65,32.86,60.92,26.29,6.25,68.93,2.35,30.97,0
0.0,23.44,34.6,18.12,4.72,27.91,3.04,29.27,0
23.09,37.24,65.69,26.58,14.96,85.15,3.48,31.47,1
0.59,47.91,119.53,36.14,12.76,50.7,3.95,39.05,0
0.0,9.99,16.83,23.45,6.44,49.01,0.2,29.39,0
10.52,33.59,59.86,42.66,32.54,146.8,2.85,28.12,0
17.55,22.13,47.41,40.26,11.18,114.12,5.07,31.57,0
22.87,27.57,35.49,38.19,17.4,72.77,4.63,32.84,0
2.21,23.88,84.92,34.15,0.54,59.12,4.46,24.31,0
1.62,7.8,16.13,22.87,5.64,66.76,1.98,23.34,0
6.87,28.34,33.01,39.55,12.02,43.16,3.63,40.67,0
3.7,26.14,41.25,17.99,14.58,670.8,2.36,29.37,0
10.76,61.68,124.49,26.31,2.76,62.49,3.61,31.32,1
6.97,11.2,39.14,19.88,14.15,50.62,1.73,27.49,0
0.31,3.79,62.41,37.56,6.43,46.41,2.7,25.78,0
23.58,40.52,73.55,36.27,8.63,44.74,4.34,29.01,1
10.84,48.66,90.89,28.13,22.97,52.23,4.08,29.33,1
17.14,33.39,42.01,33.09,7.46,98.55,2.96,27.98,1
0.36,92.61,96.04,46.05,1.9,52.2,6.56,38.84,0
10.48,31.59,70.96,59.45,5.29,81.57,4.26,25.2,1
13.98,33.86,46.93,44.47,6.43,31.1,2.66,21.31,0
6.6,18.61,22.83,31.18,1.69,56.92,0.65,14.69,0
0.0,23.81,61.18,43.0,15.35,67.15,3.75,25.16,0
5.78,42.69,75.85,60.12,13.64,55.48,3.63,28.15,0
12.59,30.81,109.04,34.71,3.57,65.33,3.98,19.81,1
18.34,52.61,70.7,23.75,5.45,178.16,1.39,37.91,1
0.0,18.05,39.48,41.73,1.9,60.68,1.52,29.42,0
6.43,10.29,49.38,31.28,12.32,8.43,4.84,21.93,0
0.0,2.96,81.09,28.51,7.11,65.86,4.43,30.83,0
12.78,40.43,94.82,39.25,12.52,102.29,3.76,29.02,0
16.56,35.2,44.09,24.35,0.88,340.96,1.73,29.09,1
0.06,36.02,54.78,23.92,14.29,27.75,2.26,34.08,0
0.0,28.44,57.12,40.19,9.39,42.96,4.24,29.76,0
1.41,4.34,28.6,24.31,22.75,132.32,0.86,26.29,0
3.95,14.3,24.07,15.38,2.71,30.22,2.31,36.83,0
0.85,7.25,80.09,38.22,8.34,64.92,4.75,24.27,0
14.03,29.69,48.35,29.27,11.44,48.21,2.74,29.94,0
18.43,32.87,38.41,34.88,22.98,123.99,2.05,21.63,0
6.06,8.63,28.36,27.52,30.78,58.71,3.38,27.2,0
0.98,10.4,53.87,28.56,1.03,149.17,2.35,34.21,0
3.71,13.17,73.97,48.19,3.48,180.09,3.59,37.57,0
6.06,28.61,42.86,21.72,8.6,81.79,2.37,25.22,0
3.43,18.46,44.18,42.09,11.27,39.19,2.8,34.35,0
4.55,12.7,37.18,31.38,6.94,149.98,3.0,28.54,0
17.0,23.92,49.58,41.92,1.39,34.36,1.94,25.39,1
0.73,3.21,74.41,37.16,17.61,48.46,2.65,29.43,0
35.93,63.5,72.73,39.59,8.34,48.5,2.68,31.22,1
6.32,34.47,128.45,48.91,5.87,115.61,8.26,20.03,1
3.1,41.59,44.69,45.0,2.36,20.4,0.39,28.05,0
0.64,9.56,30.7,33.1,12.45,87.87,1.81,31.25,0
0.96,48.21,107.31,30.89,6.68,65.56,3.42,21.53,0
5.28,33.22,99.52,43.03,5.28,114.75,4.06,27.29,0
6.25,36.99,93.01,49.75,12.47,29.15,3.3,13.04,0
2.89,14.19,32.72,40.85,2.61,20.78,3.81,24.4,0
0.0,10.61,76.27,33.89,6.62,10.37,3.55,16.74,0
5.28,30.61,100.3,35.84,8.35,164.64,5.32,21.62,0
1.03,40.52,94.59,29.86,6.93,167.38,1.48,19.72,0
0.0,47.39,51.87,41.18,12.83,256.9,1.79,28.82,0
11.24,53.9,65.12,42.5,4.61,56.4,2.52,29.11,1
0.0,22.15,54.23,47.19,6.36,52.85,4.88,26.22,0
2.64,7.21,57.36,28.68,2.86,102.63,4.46,26.56,0
4.35,34.03,43.86,33.98,8.56,105.77,2.52,36.76,0
20.91,27.79,44.98,30.83,9.4,19.94,3.49,23.13,0
0.0,59.25,81.4,33.31,5.27,56.34,1.68,36.33,0
12.62,54.16,79.12,37.3,5.15,68.42,4.71,28.1,1
14.81,30.98,63.68,24.93,17.28,89.47,3.07,31.02,0
27.13,44.8,85.58,45.38,20.88,68.7,4.41,29.78,1
17.8,43.52,45.82,41.23,5.74,19.48,3.0,33.21,0
4.59,21.79,62.16,41.2,6.78,99.5,4.09,19.26,0
13.23,40.28,84.06,38.53,6.65,34.82,4.01,33.57,1
21.89,37.79,56.92,42.04,3.79,47.97,3.16,39.63,1
0.0,10.52,59.82,31.18,2.33,18.68,2.91,30.55,0
0.0,6.92,22.43,16.19,1.92,32.92,1.27,32.49,0
7.16,18.24,69.8,33.53,9.43,60.2,2.87,22.25,0
14.63,33.66,59.61,29.3,2.14,51.49,2.01,26.39,0
10.79,17.13,29.53,51.4,8.84,33.19,3.44,27.5,1
8.01,40.94,92.6,46.99,0.34,138.77,5.64,27.82,1
26.78,45.92,95.68,40.6,11.33,264.01,3.6,30.79,1
2.88,15.96,76.64,47.84,16.81,69.96,2.52,22.77,0
0.87,6.91,43.03,38.0,1.87,10.86,1.69,28.05,0
1.83,37.15,67.07,36.74,3.95,34.04,1.2,31.03,1
7.35,53.18,67.34,34.64,9.43,103.34,3.78,28.01,0
4.32,5.09,14.65,20.08,14.32,67.84,0.45,34.13,0
15.5,33.4,114.68,46.9,17.93,52.72,5.1,30.07,1
1.09,41.2,45.61,40.77,14.56,102.98,2.86,26.8,1
8.61,34.56,68.53,24.27,15.8,72.19,2.94,31.93,0
13.28,16.27,24.25,33.32,6.25,159.17,1.74,32.66,0
21.87,34.25,68.78,39.91,3.42,37.24,3.47,34.3,1
0.0,5.32,59.24,27.5,11.36,82.36,4.05,43.0,0
1.74,7.98,46.39,32.6,2.9,30.26,4.02,22.99,0
3.81,20.38,27.87,16.45,4.99,19.07,0.88,25.69,0
0.0,23.57,45.95,34.34,4.81,18.51,3.01,26.86,0
7.93,17.25,51.68,37.63,17.82,27.92,1.8,30.46,0
7.78,23.03,31.68,36.53,7.09,147.82,2.53,26.78,0
6.95,30.49,55.14,37.66,4.97,8.71,0.2,31.22,0
3.42,6.52,33.18,40.06,4.94,15.29,1.3,33.15,0
19.64,25.8,39.78,25.4,18.0,50.94,3.96,19.19,1
1.86,9.19,30.45,36.42,14.65,70.41,0.2,28.55,0
17.92,29.2,72.97,33.61,4.6,66.95,5.44,22.12,1
1.75,14.36,38.5,23.97,7.84,57.35,3.62,31.12,0
0.0,16.92,66.57,30.94,14.76,34.87,3.44,27.23,0
4.65,14.0,60.59,24.59,10.51,115.45,4.71,25.06,0
6.08,30.99,81.73,41.16,12.62,78.35,2.26,14.25,0
8.78,18.9,44.06,22.05,12.81,151.23,1.4,38.87,0
2.77,7.38,47.65,40.5,1.57,73.71,3.17,31.48,0
33.71,42.03,91.75,43.21,2.37,156.1,3.29,30.2,1
1.41,6.7,43.43,36.26,5.55,50.94,0.97,19.99,0
14.85,15.99,70.96,34.35,3.71,32.86,4.92,24.52,1
65.22,119.99,123.51,26.04,3.93,48.11,4.72,27.87,1
39.21,40.33,116.9,40.71,8.61,38.0,4.12,28.56,1
0.0,10.71,42.52,32.61,27.69,165.16,3.17,33.51,0
13.58,28.61,68.67,32.04,5.36,168.87,3.18,28.12,0
14.49,29.05,143.22,55.36,8.06,28.82,6.15,28.84,1
11.35,12.27,65.88,32.68,5.18,53.76,3.51,27.05,0
0.0,16.46,32.47,35.45,11.45,85.22,0.45,24.4,0
6.88,42.09,93.55,33.42,2.5,29.45,4.69,26.08,1
6.81,9.88,99.65,49.35,2.88,30.27,3.84,23.81,1
0.0,16.14,51.91,44.39,7.39,184.56,2.78,20.16,0
3.09,19.55,43.26,26.06,13.24,134.0,2.93,34.24,0
7.29,20.59,95.03,48.88,2.01,22.62,3.95,34.81,0
4.43,64.88,102.34,43.75,1.18,25.14,2.7,37.19,1
12.29,25.26,38.87,22.59,9.14,85.77,3.02,25.07,0
2.94,11.57,33.33,31.83,11.64,173.3,3.23,27.32,0
5.96,8.06,43.82,36.19,2.91,104.42,1.46,33.04,0
15.85,55.02,60.36,19.29,6.17,34.47,1.44,31.9,1
30.26,35.46,91.85,33.47,16.16,41.85,2.83,23.1,1
0.0,18.32,33.26,32.77,6.69,17.08,3.1,28.42,0
11.78,54.24,81.96,26.74,14.96,219.5,2.69,29.66,1
2.05,24.05,81.32,23.68,11.29,17.37,3.59,31.34,0
8.92,11.71,61.92,44.26,17.4,69.12,5.46,22.12,0
0.0,25.97,65.62,53.57,16.63,45.2,3.79,25.21,0
20.05,28.12,35.3,36.64,5.06,190.14,2.39,33.93,1
0.61,24.97,63.76,33.91,13.01,166.63,2.59,27.22,0
16.14,70.59,86.05,34.21,11.66,22.39,5.07,26.46,1
0.0,22.68,40.93,39.77,4.08,42.38,3.13,22.98,0
0.0,14.27,60.29,30.36,27.13,69.17,2.71,25.84,0
3.57,10.68,22.4,41.26,5.93,75.75,1.04,28.69,0
6.97,11.86,52.75,37.08,7.45,33.79,1.26,33.83,0
42.28,64.68,135.95,53.55,15.92,169.67,6.18,25.18,1
6.74,47.32,72.92,42.36,10.29,41.5,3.34,35.01,1
0.0,20.57,85.18,32.65,4.35,101.58,4.36,26.21,0
13.55,29.79,53.35,44.51,9.69,65.44,1.95,22.88,0
23.34,39.4,56.53,39.13,3.37,10.84,5.22,31.58,1
0.41,14.17,32.92,19.07,9.63,291.82,1.4,28.45,0
15.54,52.76,100.73,31.42,4.93,193.17,3.35,25.8,1
20.63,48.01,72.84,17.11,4.73,199.35,3.99,27.32,1
13.91,59.51,78.86,36.9,5.52,101.85,4.72,36.21,0
1.19,43.52,121.28,42.99,0.71,414.07,3.3,26.88,0
7.07,74.51,146.84,57.14,10.08,33.84,3.88,29.33,1
8.91,40.36,66.83,51.32,1.55,29.17,3.66,30.3,1
19.48,47.4,71.16,41.57,4.01,37.09,3.54,28.4,0
1.48,15.96,21.26,12.37,2.51,34.45,2.06,28.01,0
15.94,32.65,55.1,39.53,2.66,99.06,4.34,19.88,0
4.18,38.35,43.32,27.57,5.14,100.31,3.79,20.89,0
2.77,14.28,51.6,35.01,16.86,58.33,1.89,21.16,0
5.65,44.09,48.77,45.67,1.56,46.79,4.59,22.69,0
0.0,14.35,40.33,24.63,6.91,41.86,2.23,25.29,0
9.39,26.93,54.84,21.39,1.05,46.47,2.04,19.51,0
3.44,55.07,88.56,39.0,2.24,75.03,4.47,24.85,0
1.2,29.66,180.4,40.39,20.29,41.39,7.18,33.2,0
4.93,22.97,27.96,28.83,2.08,121.2,2.44,24.44,0
16.33,78.18,159.64,51.2,3.68,44.54,6.93,26.97,1
4.58,13.93,79.8,22.28,10.91,90.62,3.04,31.72,0
0.0,7.42,40.55,25.68,13.88,161.56,4.81,29.08,0
48.13,55.12,130.54,54.98,4.19,103.68,4.72,32.12,1
5.33,25.3,100.08,53.99,10.43,52.35,5.02,37.28,1
20.81,37.91,91.52,51.18,3.29,312.65,4.27,35.3,1
14.04,36.9,51.17,43.55,11.77,134.05,3.37,23.4,0
2.39,4.68,22.72,31.04,3.78,84.61,1.11,22.88,0
29.87,32.46,81.5,23.72,11.62,118.71,3.87,35.9,1
1.56,8.97,24.84,36.14,13.31,83.01,4.42,24.14,0
9.19,29.21,41.39,29.88,30.13,26.12,0.59,32.41,0
7.76,19.05,58.96,13.47,8.48,131.42,3.18,35.75,0
8.72,13.74,35.41,33.86,11.74,19.59,2.4,24.8,0
25.47,31.86,40.91,30.47,7.35,49.03,4.02,31.95,0
5.54,34.84,43.73,32.81,3.27,86.12,4.51,26.56,0
7.16,52.82,117.83,36.65,2.04,19.29,4.44,35.93,0
7.64,19.8,97.94,33.25,10.08,44.82,4.12,17.97,0
40.77,45.97,52.71,35.09,6.83,43.12,5.04,26.73,1
19.31,40.17,86.7,36.53,31.4,91.58,6.05,27.18,0
0.0,56.75,135.18,44.27,7.76,54.43,7.69,30.41,0
1.74,19.97,52.62,24.67,4.09,25.3,2.07,29.28,0
6.12,25.65,28.74,18.69,5.62,335.68,1.34,33.17,0
24.98,39.71,65.75,29.08,7.85,281.61,4.49,24.37,1
27.27,51.57,91.46,46.62,16.24,13.23,5.19,30.06,1
5.06,24.62,46.55,38.56,38.57,64.4,3.03,33.19,0
1.58,25.39,139.16,31.6,10.89,83.21,6.65,34.45,0
4.01,22.4,52.2,33.37,12.98,134.02,1.71,32.36,0
6.44,12.18,77.44,31.96,8.21,53.42,2.83,12.0,0
3.55,12.4,40.16,49.54,11.42,102.15,2.55,25.88,0
21.32,24.58,95.54,33.49,8.55,33.38,4.57,33.3,1
2.94,29.74,40.44,23.1,20.14,107.28,3.75,23.56,0
0.45,32.83,42.87,24.22,13.77,90.37,2.9,23.0,0
3.87,24.83,30.01,41.37,13.6,71.68,1.16,14.33,0
8.28,19.97,20.73,12.3,14.32,66.74,2.91,27.85,0
21.7,38.41,70.16,26.37,9.1,128.13,3.64,32.96,1
0.19,20.73,30.59,30.52,13.72,72.88,2.38,36.82,0
8.34,28.55,38.29,35.43,7.84,90.72,1.39,19.32,0
8.66,37.55,70.67,41.28,3.63,52.02,2.68,24.16,0
10.73,19.99,82.11,17.15,8.78,41.09,2.71,20.76,0
2.93,21.27,75.23,30.25,2.79,106.42,4.88,27.25,0
10.53,17.75,24.61,33.21,5.84,35.99,3.47,28.5,0
13.67,40.48,65.94,28.06,4.02,295.62,1.92,21.17,0
2.87,10.8,21.07,17.52,4.38,155.57,3.03,28.32,0
7.15,69.06,98.77,47.07,15.35,41.6,4.8,37.7,0
4.28,21.3,86.85,49.42,0.47,36.04,3.21,30.03,1
0.94,12.51,25.87,24.24,10.23,47.92,2.27,23.16,0
0.0,9.63,48.78,30.07,7.03,75.8,4.4,20.4,0
1.56,18.36,79.23,29.28,6.85,132.67,2.02,26.76,0
1.9,54.07,92.71,46.62,6.43,133.03,4.35,37.61,1
0.0,5.97,64.06,51.6,1.99,260.44,2.51,28.58,0
9.74,36.93,68.92,36.83,6.26,64.42,4.06,28.68,1
14.72,22.23,57.78,32.99,8.09,53.11,1.46,19.41,0
4.09,9.12,33.08,29.38,5.93,62.97,1.96,33.3,0
5.15,28.11,33.13,31.37,4.14,49.36,1.77,30.59,1
2.23,14.16,30.02,7.2,8.94,35.93,1.75,31.95,0
4.72,20.54,112.25,27.81,9.07,112.76,3.95,26.53,0
10.62,32.08,79.45,50.07,21.25,44.31,5.04,25.7,1
8.36,60.53,77.8,53.77,5.91,61.96,2.8,31.08,0
4.68,31.17,97.08,36.85,5.44,40.35,5.0,26.14,0
1.89,13.8,50.42,25.83,6.28,17.19,3.07,24.75,0
13.45,42.37,50.8,43.53,5.92,98.31,3.81,35.7,0
2.41,6.67,33.02,38.67,7.86,22.94,0.51,25.98,0
0.0,13.74,29.27,37.98,11.05,75.44,2.56,31.29,0
6.59,16.94,37.74,19.89,6.88,17.33,3.93,24.08,0
0.0,69.97,119.86,29.92,10.5,331.35,4.93,26.41,0
7.94,15.28,18.67,14.63,8.8,262.53,2.13,31.25,0
8.69,34.97,51.13,28.63,1.44,18.83,3.03,27.16,0
1.51,11.25,22.68,23.82,9.75,49.74,2.55,29.17,0
2.18,9.07,12.9,30.33,8.31,21.43,0.46,22.06,0
15.54,23.82,38.52,41.39,20.77,26.79,2.06,14.29,0
37.47,55.56,109.37,31.49,4.97,92.17,2.54,28.8,1
5.59,20.81,46.78,39.89,7.05,19.04,0.2,30.17,0
1.6,13.42,21.48,38.53,2.9,117.77,2.31,21.16,0
8.79,42.16,106.4,66.11,1.72,49.58,4.59,23.83,1
4.39,17.35,22.72,30.18,5.56,71.79,2.13,30.42,0
8.08,39.48,98.65,40.73,8.31,39.79,4.41,30.52,1
6.62,22.77,50.09,30.89,6.43,20.48,1.59,29.65,0
6.85,12.61,38.42,32.53,6.83,128.0,0.39,24.97,0
0.0,17.55,98.17,60.53,7.68,86.58,4.23,26.23,1
2.17,19.57,44.42,39.4,8.08,70.78,2.22,17.87,0
1.69,81.91,110.72,44.49,4.82,25.33,6.1,25.35,0
1.63,43.86,76.59,22.13,4.3,103.46,2.12,26.44,0
11.54,59.47,125.23,48.59,12.22,55.84,5.95,30.39,1
0.0,15.18,47.71,23.18,14.56,71.54,1.45,24.07,0
0.0,9.61,26.62,41.43,3.68,117.41,1.77,34.12,0
1.53,14.71,38.07,28.56,3.66,156.93,1.62,24.9,0
0.66,13.17,16.86,11.15,5.73,170.63,0.2,29.23,0
5.65,37.77,53.72,21.26,13.33,59.33,1.57,21.89,0
3.4,13.6,67.96,29.65,6.95,46.96,3.84,28.09,0
2.54,31.77,38.39,30.38,10.46,155.29,2.88,34.58,0
20.66,56.55,96.82,37.85,1.33,57.4,4.44,35.02,0
0.73,25.01,29.42,25.73,6.47,11.98,2.14,24.42,0
10.79,15.44,45.45,47.61,17.83,39.34,3.64,23.56,0
4.63,27.67,69.09,31.2,13.31,45.56,3.25,18.61,0
15.89,19.99,48.2,26.54,11.09,186.67,2.34,23.51,0
26.85,43.93,119.64,44.33,3.04,188.43,4.48,29.42,0
4.51,18.0,43.04,28.08,1.73,17.18,0.2,27.17,0
0.0,25.3,47.8,34.21,3.34,72.27,2.23,31.04,0
0.0,11.17,40.49,22.4,12.93,55.66,1.95,19.55,0
0.0,9.98,53.88,34.87,27.7,42.19,2.27,25.85,0
2.2,13.51,64.68,18.56,2.4,58.58,1.83,33.15,0
1.43,13.58,57.33,25.75,10.16,96.6,3.32,18.59,0
7.06,11.05,121.86,40.34,14.78,53.89,2.93,21.62,0
14.66,51.75,80.64,33.23,7.5,48.79,3.37,23.48,0
0.0,12.84,100.03,40.96,12.32,31.38,4.43,25.6,0
5.19,34.45,51.55,24.12,10.52,230.8,1.21,31.0,0
0.84,23.32,47.55,32.22,5.84,71.86,1.37,29.14,0
5.46,18.84,60.9,37.96,10.21,63.15,3.04,33.7,0
2.22,12.88,26.96,26.5,1.61,59.0,1.07,30.9,0
12.19,15.82,39.76,32.11,7.63,65.9,0.75,27.39,0
0.0,9.06,83.27,34.35,5.42,55.95,3.54,33.63,0
1.08,5.9,61.94,33.62,5.22,45.68,2.95,18.88,0
4.02,10.41,18.97,24.52,1.11,137.01,1.81,21.69,0
2.77,31.51,77.25,61.46,4.53,36.85,5.07,32.77,1
3.98,14.8,37.43,30.82,1.97,195.02,3.27,42.75,0
23.26,31.26,36.78,21.12,2.82,21.38,1.4,19.08,1
1.83,13.02,48.12,30.0,13.66,21.5,1.8,34.73,0
0.0,4.77,71.08,24.53,23.5,52.73,2.06,23.2,0
4.18,9.67,103.45,20.81,3.9,59.9,4.54,12.37,0
5.26,36.83,43.76,32.54,3.07,107.66,3.14,35.16,0
33.1,77.98,78.89,46.71,7.83,78.36,4.26,40.1,1
17.15,32.55,91.03,43.95,4.63,28.03,4.56,26.36,1
2.65,4.85,61.53,35.74,12.61,81.18,3.61,25.18,0
28.1,70.85,94.47,47.93,0.44,185.21,4.23,29.86,1
23.31,82.0,135.98,42.51,15.14,37.13,7.19,33.04,1
0.0,19.98,68.96,13.63,7.34,10.6,2.35,26.31,0
1.92,10.47,32.72,34.56,18.77,8.72,1.5,28.78,0
6.2,35.44,52.11,30.09,27.6,49.5,0.97,35.19,0
20.06,34.77,58.89,38.74,7.08,158.91,2.86,25.17,1
0.0,26.81,35.62,34.93,9.54,27.64,1.9,20.42,0
3.99,7.0,24.91,29.05,3.28,31.61,2.83,22.97,0
7.57,17.85,38.25,32.44,3.76,433.91,1.23,21.35,0
16.52,21.08,67.92,40.66,9.01,33.71,4.42,28.98,1
4.88,11.33,20.43,25.08,0.2,37.71,2.22,30.74,0
0.0,2.84,18.95,34.54,4.96,14.54,0.99,43.0,0
32.88,39.37,76.81,57.68,5.55,35.83,4.56,28.52,1
5.16,41.76,61.67,36.66,5.79,78.8,4.69,36.33,0
7.95,15.3,23.35,31.99,7.2,62.46,0.95,29.88,0
0.0,2.75,31.76,41.83,14.01,57.71,3.85,29.88,0
22.36,29.62,58.5,44.45,9.31,24.89,3.59,30.66,1
1.99,5.03,83.95,37.34,7.58,138.25,4.97,27.84,0
0.85,16.8,20.91,12.69,11.58,9.71,1.66,23.1,0
17.84,25.39,84.68,30.09,10.3,30.82,3.21,26.02,1
0.0,12.34,23.86,30.73,14.09,160.82,2.71,25.81,1
8.09,16.71,93.75,36.28,10.96,146.68,2.87,30.54,0
0.73,13.03,56.3,26.76,3.64,73.37,3.09,27.67,0
9.32,11.89,114.84,46.43,3.39,93.43,4.39,28.03,0
12.39,19.24,44.67,26.05,7.29,26.37,1.57,28.69,0
1.82,24.84,26.55,41.07,12.63,23.37,0.2,23.93,0
21.14,45.8,84.9,31.95,5.17,16.26,2.27,26.21,1
5.17,18.13,34.1,30.58,7.66,80.65,1.6,28.51,0
33.3,47.13,83.92,35.21,6.46,184.83,4.27,30.21,1
18.06,19.86,32.08,26.56,3.1,60.7,0.99,32.42,0
6.07,25.62,52.76,36.0,21.43,55.25,2.3,24.22,0
6.0,42.3,73.87,14.6,4.46,61.67,0.56,25.35,1
0.0,3.07,45.21,32.14,5.0,118.47,2.17,35.29,0
17.82,45.47,72.69,43.81,10.64,161.35,1.26,38.24,1
1.37,4.32,11.67,34.63,0.95,12.58,2.96,38.07,0
7.01,22.66,83.91,42.57,5.79,116.77,3.53,21.94,0
33.04,35.52,42.55,36.55,9.95,80.37,3.28,28.14,1
20.76,24.31,29.47,34.33,12.48,78.44,1.61,26.56,0
0.12,6.43,25.15,41.09,9.03,20.87,3.82,25.91,0
5.21,10.51,21.04,30.63,2.21,100.82,0.2,25.17,0
7.97,41.52,80.26,36.41,1.82,142.62,4.66,36.52,0
23.25,39.86,64.84,28.64,3.9,49.49,3.05,28.19,1
20.1,25.68,82.02,35.82,11.94,62.62,3.63,30.46,1
10.68,33.82,74.96,42.4,9.71,42.43,2.54,35.53,0
9.54,35.82,77.3,44.44,10.3,97.95,3.79,29.86,1
5.07,25.43,40.62,27.2,5.27,35.52,3.52,26.4,0
7.68,25.86,39.05,26.86,4.73,74.87,1.07,20.47,0
3.38,21.68,23.51,33.42,3.38,104.47,0.57,27.94,0
13.68,18.93,66.73,46.58,18.08,23.25,4.87,34.48,1
10.14,25.64,83.5,58.42,14.75,60.89,3.95,22.68,0
17.18,50.91,90.51,44.43,3.0,56.77,1.97,21.89,1
16.7,66.46,71.44,31.56,2.19,76.52,2.19,17.88,1
1.35,15.13,34.76,22.12,3.98,47.78,1.22,18.46,0
0.0,8.12,17.61,42.64,7.15,88.87,2.28,39.63,0
1.02,7.16,37.2,34.27,8.21,28.94,1.16,40.48,0
7.6,39.4,44.61,29.43,14.29,121.29,2.9,38.39,0
3.39,9.57,49.38,28.07,4.56,52.71,3.4,29.21,0
3.13,15.02,70.69,49.96,4.93,107.6,3.98,31.29,0
0.78,12.46,19.82,25.69,4.45,24.92,1.97,29.34,0
9.01,34.6,49.1,43.92,2.11,120.74,3.58,34.42,0
10.58,29.91,31.05,37.0,2.71,211.2,1.98,24.92,0
10.81,69.2,92.85,37.36,2.87,128.43,4.08,25.58,0
16.81,35.69,67.92,51.65,6.78,68.4,2.77,22.05,0
0.0,32.62,78.62,37.58,11.06,49.71,1.36,21.09,0
10.26,19.72,37.07,26.93,14.15,78.37,2.04,33.89,0
12.69,31.68,63.05,47.96,24.44,30.41,3.8,31.38,0
1.03,35.15,50.61,40.54,4.64,90.84,3.48,28.02,0
3.84,34.64,67.25,32.0,10.97,41.25,3.87,27.21,0
2.06,5.84,16.65,35.39,24.07,51.31,0.24,35.13,0
11.03,16.47,44.04,42.14,2.66,60.47,3.39,30.94,0
18.69,38.2,71.02,42.49,14.7,29.94,5.23,24.73,1
0.0,12.12,46.48,27.77,4.29,129.79,1.72,35.53,0
9.15,24.03,42.12,34.69,6.68,151.66,1.79,27.45,0
22.59,34.21,95.49,30.86,10.92,32.38,5.45,23.13,1
1.33,30.37,41.15,28.39,10.31,79.94,2.86,34.16,0
0.35,17.61,26.65,26.44,12.34,113.31,3.31,33.8,0
0.0,13.0,30.21,37.3,6.15,98.95,1.87,21.79,0
0.53,73.12,90.3,47.95,3.03,78.73,5.72,26.54,0
32.54,66.14,72.05,24.4,2.88,29.79,3.02,20.97,1
39.34,78.67,96.14,44.43,9.44,45.29,3.39,15.23,1
25.38,30.28,101.43,40.83,10.85,41.38,2.4,25.49,1
3.26,79.74,81.95,41.56,2.64,110.31,1.43,20.68,0
26.29,96.13,98.13,54.75,23.56,16.87,5.74,34.16,1
0.0,28.59,53.8,30.05,13.97,47.7,1.87,26.54,0
14.03,30.86,40.35,29.11,11.23,60.12,3.26,22.14,0
1.73,9.41,36.65,37.38,5.17,66.33,4.0,30.78,0
0.0,30.97,78.52,38.46,10.89,97.11,4.59,32.74,1
8.82,68.79,119.12,30.5,7.66,16.39,3.76,27.48,1
9.08,26.47,61.8,50.68,10.76,67.12,1.66,29.06,0
10.18,15.65,35.87,33.29,6.01,86.52,3.12,31.15,1
11.57,26.8,47.21,41.48,2.5,26.36,3.59,37.79,0
8.28,18.22,24.11,25.2,17.61,168.38,3.53,28.55,0
4.49,10.88,31.96,17.91,5.27,314.16,0.3,31.55,0
5.89,8.61,34.6,29.96,9.06,55.63,3.09,34.72,0
14.24,69.2,70.12,38.58,5.91,48.08,5.16,30.45,1
7.9,49.81,63.73,46.14,3.27,12.55,2.87,31.01,0
2.27,13.47,60.26,30.87,23.21,52.22,4.9,22.61,0
0.96,1.89,14.78,36.63,9.74,168.72,2.11,21.22,0
5.82,28.14,36.26,19.13,10.19,49.28,2.16,25.12,0
22.49,67.18,162.66,48.12,6.16,49.07,3.9,26.81,1
11.77,70.91,113.38,45.49,5.9,52.76,5.35,31.76,1
23.63,45.68,63.07,25.49,11.94,90.46,2.91,19.62,1
3.15,10.94,26.25,43.6,5.95,54.03,3.62,25.16,1
7.16,26.69,93.95,38.29,18.51,47.43,4.9,41.81,1
8.62,22.12,97.44,34.29,3.71,26.91,4.21,32.05,1
14.94,26.77,65.93,26.62,8.36,27.87,3.97,35.82,0
3.16,40.96,71.13,25.77,21.75,167.05,1.16,23.7,1
11.73,34.73,44.24,38.86,10.32,132.16,2.55,23.91,0
21.3,25.25,33.05,23.43,5.47,24.63,0.34,22.62,1
4.89,43.0,88.86,42.65,5.85,40.22,5.16,27.57,0
0.47,55.55,75.87,33.65,29.61,53.44,3.04,30.67,1
21.99,29.27,77.72,46.03,20.05,31.42,3.93,24.79,1
12.95,35.37,65.8,39.09,3.76,58.32,5.41,23.75,0
0.0,13.12,50.87,39.72,3.74,125.68,3.36,28.1,0
5.08,7.49,38.66,54.23,8.17,21.5,3.75,19.5,0
34.29,53.8,104.76,38.08,18.25,61.64,2.73,28.87,1
10.7,40.46,73.22,38.36,8.11,114.72,4.06,29.34,0
5.81,25.43,30.55,31.82,2.55,36.81,1.54,38.97,0
0.05,43.1,85.75,42.6,17.66,42.6,0.83,29.53,0
0.04,18.54,33.6,26.88,5.76,41.63,1.26,12.0,0
13.99,16.47,81.46,44.37,4.0,36.97,4.51,34.6,0
0.32,8.79,38.23,50.59,16.22,35.54,0.63,34.17,0
8.7,43.6,109.79,42.18,12.23,186.29,5.06,27.83,1
4.87,13.9,72.71,36.9,6.6,26.38,4.01,31.59,0
8.07,27.1,68.04,27.49,11.99,59.66,4.52,31.62,0
4.24,39.45,74.82,22.67,9.97,40.88,4.37,24.75,0
10.15,56.7,71.81,27.99,0.77,73.86,2.76,34.48,0
16.7,29.58,80.12,26.33,12.46,267.58,3.07,30.14,0
4.36,20.3,35.54,20.11,7.59,65.59,1.72,30.69,0
15.26,24.91,51.09,27.53,9.06,103.81,3.63,20.02,0
24.6,41.66,68.63,27.28,11.39,124.02,3.13,24.2,0
8.61,13.31,40.69,23.84,9.26,55.84,2.38,25.5,0
13.62,37.12,47.34,23.75,13.19,494.83,3.42,25.84,0
0.0,0.59,12.2,18.07,6.31,92.14,0.2,25.9,0
4.51,26.18,30.6,50.97,9.3,57.53,2.98,29.4,0
0.0,13.35,57.64,26.9,4.36,15.85,3.64,33.76,0
2.16,38.19,49.45,27.93,2.91,19.03,1.0,30.11,1
4.6,33.79,47.41,36.19,3.98,275.38,3.97,31.41,0
36.89,48.22,67.93,24.27,4.51,27.98,2.73,30.2,1
1.02,28.77,38.63,16.56,9.95,23.95,1.46,29.89,0
5.43,10.57,64.39,25.09,10.59,86.23,3.84,23.57,0
0.33,3.24,101.88,39.96,1.66,55.52,3.89,26.67,0
4.0,25.25,27.05,30.3,6.62,111.58,4.28,22.67,0
10.34,12.97,49.6,38.69,2.21,59.69,5.71,32.04,0
12.31,62.03,68.44,39.8,9.63,35.67,5.98,36.4,0
3.13,4.89,35.85,45.56,7.48,14.16,1.52,29.9,0
1.62,35.42,79.31,38.22,12.88,42.58,4.64,21.77,1
27.6,40.9,43.78,32.32,12.02,10.16,4.06,29.04,1
2.69,26.93,69.38,27.87,7.38,10.85,1.6,24.23,0
0.0,17.38,95.7,40.29,15.46,167.59,1.59,24.39,0
21.41,30.5,90.14,32.61,4.75,31.8,4.19,26.04,0
0.0,7.72,12.13,16.07,5.65,69.3,0.2,22.87,0
21.44,47.05,135.87,63.11,20.95,57.75,7.74,27.11,1
0.0,36.45,132.37,34.86,24.3,95.54,4.97,30.31,0
0.0,19.42,39.26,47.76,11.48,64.09,2.79,29.07,0
0.0,23.54,28.33,40.03,21.86,66.5,2.79,24.9,0
2.25,20.59,64.34,34.55,9.19,68.1,2.71,30.34,0
21.64,25.6,60.29,22.33,10.18,166.08,1.89,35.42,1
0.0,4.38,63.4,33.65,11.9,159.97,2.37,20.34,0
10.3,56.78,72.83,27.77,12.15,22.18,2.81,27.41,1
7.83,21.17,53.08,48.01,7.49,83.91,3.2,28.49,0
6.18,39.03,74.52,42.63,1.02,56.99,3.52,28.97,0
17.94,28.64,54.68,42.93,9.06,5.07,4.81,36.77,0
6.91,13.69,31.09,27.5,7.92,385.37,2.82,22.4,0
7.63,18.12,69.77,35.55,10.09,23.63,2.43,25.25,0
13.49,40.53,47.35,37.91,2.23,42.38,2.82,31.99,0
2.43,10.02,34.9,27.25,7.18,79.06,0.85,24.93,0
5.51,23.96,42.06,45.35,19.77,28.21,1.35,29.48,0
8.6,32.36,96.2,35.3,6.34,98.64,5.84,21.95,0
16.26,32.12,47.78,44.94,8.81,98.33,1.49,21.53,0
4.5,22.6,30.42,21.71,18.93,166.84,2.16,26.66,1
5.36,23.85,84.14,33.57,8.81,29.58,4.07,34.57,1
10.03,17.44,51.68,30.73,9.8,80.22,2.22,31.88,0
4.64,16.9,82.75,34.6,1.01,31.85,3.36,33.29,0
1.12,8.05,57.56,27.33,8.35,24.22,3.43,16.09,0
13.47,25.16,44.61,13.54,15.28,19.99,2.74,28.64,0
6.96,35.83,59.76,35.78,15.76,117.33,4.04,29.86,0
2.86,31.47,154.42,43.06,9.84,50.53,4.97,20.16,0
0.0,18.71,45.95,28.44,7.13,170.02,2.55,33.96,0
0.0,15.34,137.26,52.65,5.96,54.67,6.24,31.65,0
10.64,33.22,67.43,29.06,4.04,242.21,0.58,29.04,0
1.02,19.04,32.18,29.48,12.35,23.36,4.1,36.45,0
0.0,11.59,32.0,23.33,8.15,67.58,5.19,35.86,0
0.55,15.26,27.01,44.31,6.45,40.06,4.34,28.25,0
8.55,13.86,52.12,40.82,3.28,63.92,2.64,35.07,0
0.98,5.61,40.02,31.02,8.53,71.08,2.45,26.76,0
8.76,50.66,71.8,36.91,6.39,149.07,2.99,28.25,0
1.89,28.77,42.27,16.34,3.86,12.26,1.9,26.99,0
5.45,14.93,39.06,25.3,9.06,33.35,2.3,34.26,0
6.17,20.88,133.09,59.84,11.46,176.37,4.89,28.33,0
12.7,23.6,27.76,24.08,13.6,53.59,0.45,22.51,0
13.14,27.61,95.64,38.91,15.1,47.05,3.3,35.07,1
5.72,33.01,98.1,25.42,17.16,16.89,4.78,27.47,1
0.2,0.81,21.76,32.75,6.91,36.59,4.01,26.93,0
19.89,41.57,57.26,32.87,17.59,156.81,1.36,19.23,0
2.74,6.71,36.31,20.81,1.01,593.89,2.21,25.14,0
8.16,108.67,123.02,32.34,5.36,112.77,3.48,28.44,1
8.57,40.8,57.12,52.44,18.55,146.23,1.94,36.54,1
2.97,6.27,31.99,25.53,18.31,104.69,1.6,34.79,0
0.0,3.45,25.96,22.82,12.18,36.99,1.93,33.49,0
0.0,8.19,53.42,40.04,2.28,219.33,4.48,15.27,0
3.43,17.86,33.46,11.61,3.61,62.75,0.2,26.85,0
0.0,7.63,8.87,39.93,15.66,30.84,1.61,26.0,0
16.2,24.94,75.33,32.38,17.43,38.53,1.9,34.09,0
3.18,4.09,43.83,29.16,11.0,124.71,2.98,26.88,0
2.46,75.08,89.83,31.44,2.02,214.44,4.45,25.76,0
33.61,47.71,125.61,44.94,20.84,52.52,5.08,21.89,1
5.38,56.99,126.04,38.43,5.83,83.3,4.67,24.85,1
0.0,8.65,17.25,25.83,11.77,29.76,2.39,12.0,0
21.92,87.98,154.48,39.89,12.6,84.9,5.87,19.84,1
0.0,23.57,30.77,30.55,30.87,133.74,2.09,31.72,0
9.01,24.51,62.59,30.77,3.4,34.18,1.84,30.85,0
7.5,53.03,98.05,41.43,5.18,179.86,3.59,25.0,1
0.0,3.52,15.18,23.79,14.77,26.89,1.73,24.9,0
9.09,23.93,81.34,52.05,5.68,160.73,4.59,35.54,0
1.87,14.05,73.8,34.7,4.99,267.32,5.05,35.34,0
11.29,43.7,46.83,38.08,3.96,73.53,3.05,27.14,0
1.55,3.25,25.15,27.72,5.98,87.85,4.29,37.84,0
9.13,19.06,26.59,36.12,23.43,116.8,1.68,25.39,0
4.6,5.54,36.83,25.14,3.96,137.44,4.31,36.11,0
9.1,19.61,63.48,31.49,6.71,88.71,2.96,28.33,1
11.05,50.77,115.4,43.17,1.43,122.17,4.65,35.97,1
3.82,14.34,97.57,21.28,4.35,181.88,3.29,19.5,0
2.76,9.44,62.06,37.56,6.06,116.87,3.5,32.0,0
10.72,37.28,61.49,27.54,15.54,34.55,2.34,25.77,1
1.95,9.16,49.51,29.0,11.44,146.26,1.03,32.83,0
3.96,39.89,106.96,49.43,2.56,77.4,3.12,32.46,0
26.04,76.1,99.72,40.45,7.84,198.43,5.67,29.9,1
5.47,21.84,58.71,29.38,6.67,68.99,3.55,37.41,0
13.15,36.12,48.52,34.47,15.57,32.32,3.66,26.14,0
1.22,39.56,99.12,34.95,12.58,39.25,3.71,32.21,1
8.97,24.91,55.01,33.21,3.23,82.65,4.61,27.22,0
4.14,6.72,10.32,17.79,2.72,91.56,1.04,28.66,0
2.92,44.28,49.87,41.16,1.59,31.01,3.28,28.47,0
0.0,23.35,39.41,20.19,4.74,235.72,2.74,22.29,0
0.0,11.49,27.43,32.94,6.28,203.93,4.65,28.2,0
0.4,4.39,7.66,8.34,4.83,58.61,0.33,27.67,0
3.55,14.08,35.86,29.81,15.82,81.79,3.52,28.2,0
3.72,23.64,85.55,41.88,3.16,248.0,4.9,31.2,0
14.51,36.52,44.36,23.07,19.4,90.94,4.56,23.26,1
3.74,32.82,59.51,38.29,5.5,22.82,4.77,27.93,0
9.89,53.27,86.84,38.61,24.29,41.66,2.67,30.93,0
4.28,32.16,86.25,34.99,12.41,34.13,5.45,29.7,0
15.62,31.25,49.9,34.04,5.47,34.21,1.67,28.63,0
2.26,11.0,31.64,41.56,9.56,131.14,0.9,35.57,0
0.0,6.31,62.73,37.14,2.12,52.6,3.25,24.93,0
9.9,40.93,68.32,25.37,4.13,75.46,0.77,31.27,0
10.32,25.09,30.21,21.32,10.53,37.04,2.11,30.51,0
5.63,10.62,34.27,22.39,5.91,30.03,0.92,25.85,0
4.32,26.47,70.22,31.97,9.93,46.32,3.7,15.65,0
10.43,31.64,39.97,34.87,9.87,39.57,1.98,19.42,0
0.0,70.75,75.02,42.51,22.85,53.36,1.64,24.31,0
8.51,9.59,22.94,32.64,7.97,50.1,2.44,30.45,0
27.38,30.24,60.72,5.92,21.18,184.31,2.87,30.84,1
1.35,2.62,52.13,36.45,17.81,95.9,1.93,27.84,0
3.65,10.31,28.45,25.83,12.3,127.55,1.75,30.4,0
21.03,35.52,91.92,45.01,11.83,64.32,3.13,26.61,0
5.64,17.05,42.65,41.77,6.81,58.53,1.79,25.46,0
14.28,60.97,101.39,27.29,8.88,52.06,5.9,26.1,1
9.13,20.96,74.21,34.91,14.03,46.49,3.78,24.42,0
10.07,11.62,26.41,36.01,7.2,7.92,4.9,28.37,0
1.1,63.75,83.96,41.53,5.43,168.81,3.55,26.91,0
0.97,32.18,69.76,45.88,2.43,169.09,3.98,35.29,0
12.33,42.12,60.94,44.95,21.43,89.51,2.92,21.45,0
0.0,3.99,29.76,27.12,14.05,68.53,1.6,31.86,0
3.95,21.03,29.74,22.56,5.94,76.45,3.53,27.21,0
10.44,50.8,91.42,32.09,20.16,191.47,4.89,19.6,0
3.62,38.38,69.96,44.15,16.89,21.06,3.01,24.7,0
4.39,11.72,36.12,36.62,2.73,121.68,3.15,32.82,0
15.03,29.58,40.38,33.9,7.14,63.23,0.84,25.25,0
23.51,58.4,110.45,42.34,10.39,62.24,3.98,15.16,1
48.31,65.48,75.98,41.52,12.25,25.09,4.29,35.54,1
21.63,32.83,99.21,41.86,5.55,121.28,5.59,32.01,0
2.34,7.12,13.01,23.34,1.76,11.25,3.52,21.85,0
0.43,14.96,19.14,38.93,3.0,61.59,0.95,20.33,0
2.42,46.44,79.85,27.04,8.17,54.46,3.65,24.11,1
10.64,50.41,58.08,41.84,7.21,219.36,3.88,30.72,0
2.99,23.74,44.34,21.79,10.89,100.44,2.02,33.39,0
1.27,20.07,66.08,38.23,16.61,63.94,3.06,19.22,0
26.24,54.7,61.79,45.05,6.02,13.4,1.86,30.05,1
2.8,22.16,57.73,41.24,4.9,26.91,2.37,25.36,0
9.7,29.04,67.13,36.61,5.38,96.79,2.51,33.49,0
9.4,14.66,48.87,16.79,2.48,68.77,2.32,38.69,0
0.0,25.77,37.78,21.63,9.36,89.7,1.45,21.96,0
24.78,42.53,49.95,36.59,5.33,55.13,3.2,34.86,0
0.0,15.86,19.04,25.31,22.11,22.13,0.34,28.23,0
0.0,11.04,50.6,27.93,24.03,80.58,2.3,35.84,0
2.16,45.86,69.16,11.28,14.72,114.02,1.81,31.22,1
0.48,26.81,81.76,34.84,8.11,60.27,5.35,29.56,0
21.22,43.81,53.21,33.69,8.19,91.49,1.84,20.65,0
7.79,12.62,24.03,23.42,6.79,58.71,0.6,28.71,0
1.69,24.23,34.92,30.3,4.9,89.94,1.32,34.35,0
0.0,82.51,102.15,37.32,4.64,43.45,3.61,25.86,0
8.99,10.94,18.02,33.59,21.66,41.31,2.27,22.19,0
3.34,34.32,47.49,30.87,3.37,125.19,2.13,28.64,0
10.52,26.41,49.4,30.39,7.07,20.51,4.81,31.58,0
7.86,23.44,51.33,31.76,15.3,35.69,3.49,33.82,1
0.6,37.7,62.94,29.9,10.19,42.84,4.43,35.76,1
12.11,19.33,26.11,37.85,8.07,18.72,3.66,21.65,0
0.0,11.0,37.0,24.87,6.43,124.18,0.91,29.44,0
3.07,16.11,33.66,36.32,1.71,186.28,2.26,28.71,0
3.92,10.56,56.38,26.2,4.38,84.8,2.03,30.35,0
4.88,17.48,74.91,51.35,10.35,30.46,3.58,24.41,0
0.0,7.58,62.61,56.45,8.67,38.71,2.89,27.58,0
20.22,36.57,55.2,37.44,8.81,75.7,4.65,22.3,1
0.59,32.31,50.75,37.85,12.01,49.17,4.9,32.66,0
8.18,14.53,49.15,32.06,9.41,111.76,1.84,17.71,0
35.11,53.25,63.23,35.65,2.59,45.53,4.06,26.53,1
0.0,15.1,45.23,24.88,7.45,119.78,2.21,26.67,0
15.24,29.81,54.93,24.56,3.17,63.36,3.0,23.89,1
5.43,11.34,68.46,39.94,13.04,48.15,3.52,26.59,0
0.0,37.49,59.93,26.72,9.79,304.93,3.41,21.47,0
3.87,41.35,70.28,41.4,6.58,52.45,3.22,36.25,0
27.93,42.18,90.55,46.93,5.36,18.61,4.38,31.02,1
22.36,51.82,74.52,47.91,18.53,38.24,3.34,20.71,1
56.06,64.75,77.26,29.32,4.97,43.68,4.44,31.21,1
12.73,44.85,79.79,27.67,12.06,22.39,2.47,35.97,0
2.0,8.2,16.92,33.32,5.93,62.91,2.08,26.03,0
14.95,20.15,47.45,38.61,10.95,34.93,5.04,26.02,0
0.99,18.01,31.3,35.58,11.02,26.83,5.31,30.77,0
4.45,60.55,64.95,41.98,13.62,77.22,2.96,32.84,1
1.03,5.78,38.98,22.85,4.28,232.08,1.02,31.54,0
12.67,14.81,40.33,31.02,1.44,155.07,1.33,30.19,0
11.46,43.15,103.98,39.16,3.19,48.54,5.28,27.91,0
1.4,19.21,24.7,35.66,3.05,76.08,2.15,29.73,0
18.67,38.14,49.3,37.5,2.46,49.56,3.74,37.26,1
24.73,36.11,89.45,43.87,10.16,43.59,4.01,20.09,1
2.05,26.53,84.84,40.72,1.79,72.92,4.12,31.24,1
9.2,38.74,77.52,38.21,10.95,58.36,4.94,17.27,0
26.16,29.71,50.73,29.96,5.3,103.57,2.86,25.65,1
8.23,10.96,57.27,35.67,3.56,61.55,2.1,26.83,0
3.08,8.5,25.98,33.93,1.21,53.88,3.4,27.59,0
4.75,13.1,14.18,35.99,0.46,60.91,3.15,26.55,0
1.99,15.2,72.09,47.2,3.85,37.69,1.8,26.44,0
19.24,36.64,53.0,38.49,2.94,114.9,2.78,24.46,1
16.97,43.27,150.78,60.14,10.47,91.63,5.82,30.46,1
0.89,9.18,16.81,33.68,1.5,91.84,3.23,33.41,0
1.68,32.25,87.29,25.13,3.82,590.81,4.47,41.88,0
0.0,17.72,45.38,39.69,6.24,10.94,1.69,29.66,0
10.73,31.01,80.51,28.66,19.99,321.5,2.32,24.1,1
0.0,3.54,15.81,40.42,8.63,93.03,2.37,30.91,0
39.38,46.0,141.63,29.56,11.38,167.34,5.73,24.71,1
0.48,11.21,93.33,21.37,7.83,40.9,2.74,24.44,0
54.91,157.75,174.54,68.18,3.52,252.58,5.93,19.67,1
3.8,33.85,52.21,50.39,1.89,195.76,5.39,22.5,0
0.82,14.76,43.57,42.5,8.43,61.72,2.85,17.3,0
0.0,9.0,19.28,40.8,4.94,10.37,1.25,26.35,0
19.19,77.35,89.33,27.9,5.06,40.26,5.54,29.95,1
0.0,18.59,69.64,45.61,4.02,75.88,2.1,32.11,0
2.93,9.75,10.85,18.91,13.38,39.22,0.67,29.16,0
0.0,5.2,15.84,37.67,1.64,320.6,1.79,38.27,0
11.33,34.53,105.83,38.03,22.11,19.25,4.84,27.18,1
0.09,13.92,77.64,36.54,15.99,153.35,3.09,32.16,0
0.0,35.42,56.98,43.25,12.61,47.13,3.67,21.45,0
24.92,29.54,33.11,29.97,2.91,55.01,0.2,21.27,0
0.0,30.87,91.24,44.13,2.82,86.58,5.28,27.19,0
4.0,36.98,52.01,27.17,4.85,84.0,3.92,25.07,0
9.93,51.31,95.22,33.71,1.32,17.09,0.2,35.47,1
5.64,13.36,48.69,30.39,4.35,45.95,1.05,18.69,0
8.28,39.23,83.08,28.59,8.35,48.88,2.9,33.53,1
20.08,31.15,70.11,42.3,20.06,71.51,2.29,31.75,1
6.47,12.46,53.44,36.51,1.08,37.47,2.14,31.92,0
18.86,33.01,61.35,22.75,11.09,20.77,3.75,24.94,0
1.58,2.83,43.43,45.11,6.94,66.8,2.61,29.63,0
0.0,20.22,55.99,47.31,4.58,90.38,2.09,32.57,0
12.42,27.05,46.54,32.03,5.86,71.33,2.83,28.95,0
5.01,8.17,8.8,21.75,5.25,83.86,1.09,26.83,0
0.81,21.46,31.29,41.34,9.28,21.66,2.57,31.32,1
7.96,37.56,40.77,23.55,3.55,66.08,3.77,21.2,0
4.35,17.53,53.68,48.04,8.92,177.28,1.22,20.48,0
0.64,10.6,24.33,28.86,12.91,66.07,2.38,31.02,0
4.94,28.77,35.61,42.82,4.66,47.91,0.2,38.58,0
6.25,51.68,66.62,42.53,10.12,50.19,2.62,33.82,0
0.0,12.56,28.27,53.8,9.37,38.45,3.25,21.12,0
18.35,81.02,101.34,48.31,6.54,41.76,5.19,28.96,1
22.58,59.85,89.65,56.93,20.22,41.47,3.59,29.14,1
0.79,11.22,36.34,26.6,3.67,66.97,2.4,35.97,0
34.07,41.11,72.95,28.18,12.72,104.14,2.86,19.89,1
4.42,28.96,64.39,33.44,5.12,36.22,2.72,24.62,0
1.25,6.01,7.5,27.37,19.87,117.81,0.98,31.72,0
1.12,5.87,89.29,40.3,18.0,75.77,4.93,29.93,0
32.09,43.1,73.62,36.96,1.16,101.36,1.64,29.47,1
0.0,10.34,95.46,43.43,12.93,35.25,4.56,42.9,1
6.43,60.6,72.07,43.81,4.52,55.45,1.44,35.39,0
7.54,40.0,189.11,43.81,10.26,54.27,6.86,40.68,1
12.51,45.98,58.12,33.07,4.55,45.41,3.11,30.62,0
5.73,29.56,38.32,27.38,10.12,23.68,2.26,28.57,0
30.06,41.04,53.21,35.62,12.44,159.27,6.15,20.16,1
35.24,48.2,59.78,33.98,3.41,34.7,4.23,28.68,1
24.11,46.27,57.02,46.42,1.61,43.29,5.56,32.0,0
8.53,14.42,29.52,34.04,13.95,40.8,1.75,30.21,0
15.44,21.28,46.99,42.22,10.91,75.75,0.2,24.28,0
2.99,32.94,43.65,29.87,9.57,87.19,1.95,31.48,0
19.03,44.94,70.71,44.41,5.96,27.91,3.92,27.93,1
1.51,6.89,23.86,24.16,2.35,43.57,1.63,23.13,0
0.18,5.38,9.38,17.84,4.62,45.39,2.88,29.15,0
0.09,5.61,29.38,41.86,4.04,162.87,3.19,20.67,0
10.74,40.17,42.28,31.3,12.45,100.64,2.98,16.28,1
26.82,62.98,73.03,36.43,0.96,53.86,3.81,24.34,1
28.8,34.86,46.88,25.44,5.61,257.87,2.14,20.71,1
16.43,34.66,70.56,27.75,2.72,112.03,2.54,33.85,0
0.0,5.79,65.27,50.06,14.07,17.88,1.67,22.62,0
47.7,90.14,97.87,49.97,18.49,15.68,4.93,34.12,1
0.0,2.39,4.25,17.8,18.46,75.7,0.62,31.46,0
0.0,20.18,37.33,24.34,9.71,149.7,4.72,30.65,0
16.78,27.64,45.27,34.14,16.65,21.14,0.92,23.86,1
2.63,8.64,49.42,29.24,6.0,217.04,0.4,29.14,1
2.31,5.73,100.55,34.17,10.19,46.22,5.71,33.46,0
0.73,5.47,29.98,23.1,10.33,78.12,2.94,42.62,0
1.42,14.28,105.49,40.11,3.0,75.08,3.56,24.84,0
17.53,25.88,40.87,18.91,10.57,13.31,1.39,39.73,0
0.08,17.69,61.42,27.65,9.23,142.07,1.57,29.87,0
4.14,60.3,76.79,47.09,19.53,16.63,4.46,32.77,0
0.0,31.55,91.6,29.91,6.83,14.51,3.74,22.9,1
6.1,35.86,43.6,31.2,23.47,56.79,3.33,24.24,0
2.22,31.26,65.13,37.88,3.64,16.42,3.39,17.9,1
9.7,32.81,77.65,46.66,16.92,73.11,2.89,35.25,0
11.26,47.07,59.23,22.78,18.47,27.59,1.88,26.64,1
27.23,36.81,73.1,29.02,5.3,29.63,3.43,30.93,1
45.11,68.23,74.84,36.38,12.49,99.16,2.15,25.89,1
1.14,3.29,76.94,46.07,8.19,109.52,4.87,23.16,0
12.77,42.13,67.02,41.48,5.31,64.76,2.32,27.61,1
2.12,19.31,39.42,45.81,7.14,18.84,3.66,35.7,0
10.89,25.82,71.77,30.75,13.97,35.71,3.25,31.19,1
10.36,15.79,51.33,26.47,14.25,47.46,3.12,26.31,0
9.98,13.86,32.74,24.17,10.1,38.49,2.34,32.45,0
13.87,24.18,81.15,31.77,8.13,60.11,2.54,25.49,0
6.66,23.81,30.29,21.72,11.67,12.11,2.1,29.24,0
2.66,34.7,72.45,40.33,10.76,78.5,2.49,20.36,0
6.2,42.06,45.79,16.84,10.17,43.54,3.4,37.71,0
42.28,75.08,83.76,49.3,2.3,37.54,3.7,24.4,1
1.63,26.03,63.98,33.83,11.2,86.94,3.38,40.14,0
3.12,6.82,17.57,31.41,3.22,86.16,3.15,21.56,0
0.82,15.8,62.55,22.7,18.63,17.96,3.5,33.75,1
4.79,50.68,109.07,35.25,11.31,63.51,3.81,26.77,1
11.75,68.01,91.39,34.14,13.69,72.84,3.33,24.59,1
0.22,3.79,67.8,31.19,1.07,61.28,4.95,29.28,0
23.47,34.32,51.26,28.29,15.92,121.61,3.78,30.31,0
9.35,57.31,115.43,43.34,16.75,43.07,7.54,34.45,0
17.69,54.23,84.63,33.41,1.65,68.48,4.42,31.89,1
8.3,24.56,59.67,40.51,2.11,21.7,4.51,30.02,0
4.11,24.64,47.67,39.8,29.24,51.11,2.06,34.61,0
2.79,26.2,55.29,49.67,13.96,433.62,3.84,22.93,1
7.87,45.33,60.09,36.67,9.08,158.09,2.83,35.44,0
8.8,45.5,141.45,45.87,2.39,217.68,3.14,36.8,1
1.98,14.0,37.67,32.0,6.75,91.29,1.08,28.84,0
3.94,49.69,50.66,36.95,7.55,54.97,3.54,25.77,1
35.47,85.22,97.82,34.29,5.37,92.3,5.62,23.65,1
6.36,19.99,57.46,41.82,9.84,129.95,3.18,14.31,0
7.29,55.09,81.31,44.5,14.73,74.26,5.98,25.28,0
28.19,41.64,80.08,22.75,10.94,308.85,3.58,23.82,0
8.94,37.53,82.84,55.31,14.1,86.27,3.11,22.71,1
5.27,58.35,186.34,57.52,7.96,33.19,5.94,24.48,1
17.19,58.04,99.17,32.77,0.6,28.48,5.88,26.09,0
13.44,21.83,56.77,25.44,3.36,87.62,3.26,30.73,0
7.53,30.61,69.39,38.22,7.16,49.88,3.4,24.26,0
8.4,34.65,98.44,33.44,9.36,414.94,3.95,24.98,0
3.31,23.41,55.23,25.67,12.76,71.84,4.79,31.76,0
0.0,9.19,38.94,27.67,7.72,74.58,2.83,38.29,0
11.41,20.04,56.71,38.64,10.25,75.4,2.58,40.35,0
0.0,14.17,28.65,26.56,21.91,89.76,1.27,33.42,0
0.0,3.8,59.52,27.02,12.16,40.93,2.82,30.98,0
3.84,29.49,57.94,48.28,10.06,39.11,2.79,39.08,0
3.18,62.89,96.88,45.0,10.11,36.91,4.97,31.89,1
12.82,28.61,32.88,22.58,2.64,56.29,0.48,18.08,0
16.6,25.26,32.5,32.19,10.42,28.83,1.89,26.33,0
39.93,44.8,107.86,43.56,9.73,50.58,3.08,30.19,1
0.0,38.64,43.29,31.93,2.51,46.12,1.53,14.39,0
9.92,33.18,65.86,35.97,19.8,106.13,4.94,28.03,0
9.45,29.5,56.39,32.62,3.75,83.27,2.61,27.1,0
8.07,31.53,45.26,36.43,11.17,66.87,1.67,28.47,0
11.4,35.22,63.76,35.02,7.96,118.11,1.36,26.49,1
14.21,40.02,52.18,35.25,9.88,57.28,3.22,28.91,1
24.16,46.26,63.39,39.22,15.74,55.08,2.75,36.31,1
8.38,37.54,60.55,34.32,2.53,7.34,4.46,21.86,0
31.25,55.71,158.56,57.07,5.16,122.72,7.24,36.12,1
8.46,10.47,29.88,41.84,19.49,36.78,2.75,23.62,0
2.37,10.35,57.73,31.99,12.67,47.96,2.24,27.51,0
7.52,15.47,158.11,45.59,12.22,92.68,6.71,34.49,1
0.51,9.24,73.94,24.74,11.56,71.22,3.34,33.89,0
0.7,6.19,11.88,33.31,8.58,19.5,2.04,26.69,0
4.43,25.9,36.41,29.58,5.94,31.59,2.47,28.57,0
3.44,33.52,97.36,30.38,8.96,39.15,3.69,30.47,0
23.54,29.81,31.47,25.35,6.76,208.1,0.92,27.28,1
4.34,7.88,12.72,31.17,16.39,56.02,2.85,27.21,0
0.03,1.47,65.01,42.62,5.39,33.71,4.33,20.34,0
5.78,23.05,61.84,39.99,2.88,93.17,4.44,31.18,0
8.35,10.27,11.7,26.56,11.05,26.76,0.2,29.85,0
6.7,23.24,37.59,37.68,4.48,313.89,3.73,31.09,0
0.0,20.13,46.99,33.62,1.69,36.19,2.62,26.53,0
25.97,41.84,59.9,36.6,7.42,71.7,3.31,32.07,1
0.0,16.11,60.22,27.67,13.65,133.0,3.16,34.11,0
6.56,20.76,83.47,48.23,2.44,20.52,3.54,20.3,0
0.0,32.05,51.35,39.5,11.86,11.54,5.0,29.14,0
18.2,68.32,76.35,34.03,5.69,23.22,2.68,32.84,1
9.97,31.39,43.41,42.06,4.68,121.88,1.16,30.59,0
8.35,16.63,53.02,22.3,20.21,47.18,1.3,22.72,0
3.8,9.98,69.37,29.16,5.46,63.38,2.56,25.32,0
23.9,25.68,50.32,22.27,3.83,167.52,1.44,25.74,1
3.78,46.69,119.5,40.66,17.51,19.04,5.66,31.9,0
33.74,46.49,73.3,30.34,0.31,95.1,1.62,32.75,1
0.59,14.16,19.76,36.85,7.26,208.24,0.2,28.51,0
5.84,22.77,54.29,35.01,8.39,164.43,3.42,30.62,0
13.81,24.14,124.66,42.63,1.25,186.01,5.25,26.51,0
10.79,30.51,65.21,39.44,7.03,60.42,2.73,27.7,0
5.19,25.81,72.76,43.88,4.52,94.11,3.45,30.67,0
0.0,22.98,27.78,41.31,3.02,78.13,0.97,21.58,0
7.18,10.71,43.08,31.33,6.59,82.14,2.13,29.66,0
3.01,3.98,21.89,28.62,4.28,30.09,1.6,32.16,0
1.68,32.71,70.5,27.28,19.54,25.88,2.25,21.76,1
14.69,27.86,36.46,32.74,6.32,27.01,4.66,25.21,1
0.0,7.25,95.65,42.83,10.6,75.79,5.01,16.71,0
5.48,39.42,75.21,32.19,5.28,10.24,4.07,39.04,0
10.89,18.45,55.36,34.47,8.56,52.8,2.71,41.83,0
14.85,21.63,90.23,37.53,11.07,99.41,3.81,33.24,0
7.05,16.65,52.13,36.8,1.88,284.63,3.73,26.56,0
2.45,10.59,16.26,25.83,11.09,57.91,1.67,30.69,0
23.57,31.92,34.9,32.61,25.38,13.39,4.04,21.51,0
25.09,53.67,177.29,48.69,3.43,143.38,5.12,22.84,1
8.9,54.03,89.49,46.4,5.98,110.6,4.49,33.99,0
28.65,34.36,57.95,38.79,24.67,28.61,3.08,26.1,1
0.58,16.94,38.3,40.97,1.02,72.77,0.66,34.74,0
4.7,13.21,27.49,30.53,7.19,294.57,2.06,24.97,0
0.0,36.46,74.82,36.53,1.28,19.78,3.03,29.73,0
0.0,21.32,49.72,20.35,1.62,279.26,2.07,28.43,0
0.0,16.7,39.97,39.23,2.03,76.42,0.2,22.48,0
10.81,38.35,49.22,33.65,5.56,29.22,3.75,27.54,1
0.0,33.68,62.9,32.97,6.09,79.61,3.35,35.84,0
1.32,28.31,51.79,40.68,6.66,35.91,3.59,39.04,0
1.9,28.15,69.38,43.0,5.03,503.82,2.77,34.03,0
0.0,49.28,67.03,32.32,15.49,63.56,3.5,29.69,0
6.33,28.9,42.48,34.86,11.46,126.03,1.76,32.47,0
8.02,15.04,29.27,30.15,4.26,34.48,1.12,29.23,0
0.0,18.3,28.15,39.79,3.88,41.94,0.3,22.61,0
12.78,23.63,28.52,20.53,0.97,18.52,1.6,30.1,0
0.34,47.25,67.51,47.75,11.82,11.33,1.99,23.13,0
1.82,13.57,20.59,37.79,4.53,65.78,1.65,17.65,0
10.06,22.18,89.56,35.86,9.65,40.68,1.91,25.86,0
1.86,15.89,58.99,29.8,1.09,81.02,0.42,21.25,0
0.0,19.97,34.27,34.08,7.0,62.58,0.67,29.85,0
5.82,14.77,48.97,20.9,6.57,44.07,3.0,29.14,0
18.42,27.38,71.35,38.55,8.21,100.44,2.92,33.41,0
16.23,23.14,41.6,33.27,1.98,80.41,3.21,31.22,1
1.41,44.88,58.51,39.04,4.34,73.19,2.28,19.43,0
0.1,25.21,26.59,23.38,7.48,89.88,1.16,24.52,0
0.79,13.94,63.81,57.05,15.7,19.23,4.13,32.91,0
16.41,26.56,40.64,33.21,5.8,47.51,3.54,30.51,0
0.72,7.3,55.18,44.5,2.52,30.65,3.88,29.16,0
27.37,38.92,64.18,39.14,7.9,35.48,3.92,30.01,1
9.91,23.19,52.74,41.2,5.17,31.77,2.69,23.02,0
4.88,41.9,56.29,23.65,14.49,89.55,3.95,26.32,0
1.34,7.55,35.83,46.66,4.05,42.27,2.46,30.11,0
5.94,25.26,52.48,38.17,17.43,24.55,2.1,25.05,0
0.0,24.36,31.62,34.23,8.77,126.25,2.1,30.98,0
0.0,8.07,18.44,33.34,3.25,74.07,0.97,32.92,0
10.03,12.64,32.36,34.45,2.94,31.73,2.67,27.18,0
4.85,23.6,104.22,43.42,15.83,14.57,6.81,34.67,0
13.3,19.77,25.76,27.15,5.79,66.61,1.97,32.33,0
7.69,28.68,37.89,21.44,20.63,40.25,1.66,30.05,0
1.27,20.25,87.93,54.42,4.79,37.93,5.35,34.23,0
16.21,47.58,50.95,24.28,9.43,30.16,2.19,25.07,1
1.8,35.14,62.18,44.17,7.39,86.33,2.23,31.55,0
21.06,24.25,30.35,34.17,8.66,404.02,3.22,34.33,0
1.65,26.09,50.67,27.32,4.65,57.51,3.39,24.64,0
0.0,20.81,82.02,44.69,14.24,43.58,3.7,34.87,0
24.81,45.06,67.26,32.22,17.62,58.93,3.01,33.42,1
1.49,35.37,84.44,55.42,10.8,33.06,2.9,28.26,1
1.82,8.66,25.73,28.73,17.84,110.25,2.3,18.93,0
0.0,33.46,39.44,39.11,5.07,45.3,1.92,36.32,0
4.23,28.57,98.36,36.61,0.69,105.06,4.98,31.85,0
0.0,2.61,39.73,23.42,1.48,87.04,3.18,24.89,0
23.47,33.18,67.48,35.43,4.44,42.26,2.66,27.52,0
2.58,18.8,40.88,45.46,5.79,44.72,3.27,26.72,0
0.16,3.19,51.85,19.73,10.26,30.26,2.28,14.0,0
5.52,29.38,53.6,28.43,9.89,46.13,0.99,22.95,0
44.23,77.94,82.87,37.92,14.27,104.19,4.96,22.28,1
5.9,35.16,56.55,26.26,9.64,65.35,2.35,27.79,0
3.39,30.36,74.45,27.03,3.0,151.65,1.61,26.48,0
5.33,15.96,51.99,41.59,2.95,15.47,1.11,16.43,0
14.03,37.78,42.34,25.88,4.32,32.93,3.53,25.07,0
12.7,60.57,64.49,28.7,9.93,37.59,3.39,29.59,0
7.4,12.27,40.78,26.46,17.05,70.17,0.81,30.8,0
16.9,21.06,44.72,30.57,5.91,178.65,1.6,21.28,0
5.78,12.45,27.86,33.72,5.19,79.52,1.36,30.54,0
3.93,19.24,75.9,27.14,2.77,308.01,0.88,31.08,0
5.6,11.81,36.51,29.01,6.07,35.38,3.37,32.33,0
1.68,29.37,58.41,29.1,25.84,103.37,3.08,28.75,0
14.35,30.95,38.91,20.32,23.63,68.04,2.08,26.17,0
1.45,17.61,54.42,29.44,5.33,169.62,2.4,32.23,0
8.4,11.74,32.37,37.69,25.71,58.11,1.78,26.69,0
0.75,21.19,33.31,32.99,20.65,103.87,1.58,33.32,0
13.02,34.33,71.19,42.44,10.05,140.7,4.66,35.24,1
4.92,47.16,102.23,21.49,15.5,12.28,4.39,36.69,0
14.24,81.16,94.73,34.24,2.61,122.07,3.16,20.76,1
0.0,4.57,38.79,35.17,8.23,106.45,2.93,26.7,0
1.42,11.57,28.59,26.17,2.61,22.04,0.32,29.41,0
0.05,1.84,31.94,30.45,4.98,55.18,1.73,25.17,0
51.75,57.64,62.91,35.5,13.46,74.8,3.07,35.89,1
2.21,46.67,52.19,20.27,6.58,76.3,0.2,41.27,0
0.0,28.92,60.07,30.81,5.24,23.46,4.09,33.78,0
8.2,21.16,32.82,22.25,10.39,170.2,1.66,23.59,0
0.0,14.99,51.07,35.69,8.4,261.82,3.75,24.78,0
15.83,20.3,45.08,28.76,16.77,60.4,1.07,31.15,0
18.63,23.81,32.5,19.49,11.21,15.8,2.94,23.35,0
0.08,15.8,37.96,30.17,2.48,194.06,1.67,23.5,0
0.86,10.13,30.11,42.45,3.86,73.55,3.72,26.91,0
7.25,35.12,77.72,22.63,4.18,20.1,4.81,37.35,0
16.32,48.49,76.62,45.86,4.98,94.05,3.25,33.09,0
8.39,18.48,36.32,24.76,3.13,107.74,3.2,24.62,0
2.22,23.54,57.8,33.95,9.23,115.46,1.56,24.18,0
0.0,15.01,54.16,19.44,4.5,158.19,3.42,34.26,0
29.66,44.23,52.06,35.45,6.39,224.38,2.38,14.85,1
8.64,51.86,82.32,40.9,4.73,69.31,3.32,31.43,0
35.49,39.16,43.6,47.36,12.29,61.83,3.35,33.86,0
10.22,52.47,61.58,38.68,3.81,15.87,2.26,29.55,0
31.47,61.26,78.32,21.45,26.28,74.33,3.01,31.09,1
0.51,20.97,22.11,29.53,15.67,52.47,2.31,28.01,0
0.78,28.09,82.21,40.35,3.98,69.85,3.35,23.7,0
3.66,17.83,58.2,22.07,16.8,18.78,0.99,29.45,0
0.23,9.92,39.94,12.43,5.68,113.97,1.69,31.98,0
0.0,6.74,13.4,10.97,10.97,128.13,1.17,41.14,0
1.2,31.65,89.0,41.28,6.64,32.24,5.59,22.95,0
10.05,28.94,75.25,34.67,9.46,86.41,4.1,31.66,0
0.0,53.15,70.66,44.64,20.64,36.25,4.65,30.74,0
0.0,28.4,45.36,43.82,18.23,12.85,1.28,19.87,0
1.48,21.93,61.91,41.3,11.85,23.03,2.05,30.97,0
0.0,9.27,26.93,36.26,5.27,46.56,1.7,24.38,0
1.75,12.56,15.47,37.59,5.47,55.29,1.38,33.5,0
4.17,12.69,73.51,40.12,4.19,68.32,3.16,36.93,0
0.0,22.89,45.17,36.07,1.38,57.95,3.07,25.16,0
1.59,15.38,41.53,13.88,10.68,102.84,3.99,34.68,0
4.81,14.42,26.44,23.92,11.09,44.34,1.39,31.18,1
0.37,56.68,92.95,30.11,5.72,25.18,3.67,15.45,0
0.0,36.45,64.9,46.27,8.96,49.88,4.47,25.65,1
0.63,16.75,43.08,22.98,7.07,23.77,2.73,29.18,0
2.52,19.87,36.99,21.77,2.14,23.87,1.53,31.64,0
0.0,29.47,47.93,29.42,4.9,48.65,1.65,30.92,0
10.23,24.4,47.29,45.62,4.16,97.85,2.7,29.83,0
2.82,7.44,66.43,50.77,3.17,24.32,4.87,24.83,0
0.65,9.48,69.29,34.74,5.68,19.31,4.36,25.84,0
0.0,17.59,27.85,32.92,8.77,66.68,1.71,26.46,0
8.74,26.17,128.72,44.95,1.29,182.85,4.85,43.0,1
18.82,21.6,57.31,39.13,5.28,48.29,4.04,26.0,1
1.38,30.61,70.41,18.71,5.74,65.44,4.54,29.1,0
32.79,35.8,56.7,44.46,12.5,13.62,5.48,33.43,1
4.46,10.5,35.63,30.45,4.04,145.35,3.11,23.57,0
4.73,35.86,88.24,34.17,4.33,63.69,2.81,29.04,0
13.7,27.05,73.84,31.4,10.92,82.37,2.89,22.47,1
9.31,48.27,61.13,38.11,10.21,42.11,4.04,38.31,1
0.0,34.17,53.86,46.34,2.17,99.5,4.58,28.58,0
1.22,5.76,19.61,40.14,7.8,53.5,0.2,28.71,0
16.27,27.75,33.0,23.88,21.38,103.08,2.27,28.12,0
9.54,18.91,54.64,39.96,9.13,14.89,3.93,24.85,0
33.05,43.37,64.14,27.99,7.63,34.87,2.95,29.15,1
7.85,16.85,60.05,28.35,7.89,66.53,4.49,24.69,0
9.93,15.7,50.8,31.97,18.01,52.23,1.49,26.03,0
0.61,36.93,48.84,36.68,8.27,40.06,1.24,28.04,0
18.53,24.88,81.29,42.52,13.58,77.27,5.56,25.27,0
6.08,18.97,35.34,32.5,17.36,150.32,3.74,37.87,0
10.29,16.2,83.33,25.33,3.43,36.73,3.86,20.32,0
7.19,25.36,45.36,37.48,2.35,160.78,1.98,22.78,0
4.52,16.99,31.77,49.11,14.86,57.96,1.46,27.4,0
3.73,13.53,28.52,34.97,14.41,72.73,2.52,28.63,0
4.83,40.93,77.89,48.0,2.22,59.66,5.08,27.59,0
0.0,14.07,42.2,37.68,8.69,11.61,2.71,25.35,0
7.14,22.36,40.45,39.18,3.12,92.23,3.35,25.34,0
0.66,3.42,31.7,17.52,12.54,50.67,1.93,28.53,0
1.39,18.77,93.62,32.66,2.73,49.9,2.79,27.36,0
0.0,28.04,66.29,46.36,2.28,46.37,1.76,37.47,0
61.4,68.92,77.31,45.17,1.52,68.31,4.75,24.79,1
6.49,18.92,36.05,28.09,6.72,98.36,3.09,24.56,0
0.0,41.51,79.66,39.61,3.54,57.99,4.03,37.92,0
5.59,15.21,24.46,37.58,7.08,86.06,2.98,25.96,0
18.33,43.17,114.21,46.19,11.58,28.25,2.36,25.92,1
7.04,20.19,75.38,46.07,11.12,12.32,2.48,28.07,1
4.33,40.96,61.36,31.88,8.79,35.03,3.53,36.12,0
0.36,20.45,71.31,46.37,13.45,187.03,5.77,31.13,1
7.05,15.44,151.86,52.28,11.34,73.5,5.55,30.64,1
12.2,16.48,45.79,23.85,5.49,77.33,1.91,24.84,0
12.35,60.33,92.11,57.33,6.34,110.04,3.6,23.68,1
6.19,29.16,37.88,49.69,5.06,30.31,2.43,20.91,0
6.16,25.86,39.16,26.61,3.7,66.15,3.58,21.81,0
21.4,32.34,47.09,29.19,37.45,296.14,3.5,38.24,0
19.28,22.68,52.89,39.97,15.07,32.36,1.86,27.84,0
3.36,24.29,50.16,31.86,18.93,223.54,3.48,27.32,0
30.57,50.76,113.3,42.95,6.79,16.03,5.06,25.46,1
0.0,24.67,58.35,46.78,10.73,138.69,5.39,28.09,0
6.58,45.72,81.82,27.25,14.88,260.16,3.25,18.08,0
7.51,26.23,74.76,31.75,29.14,85.29,3.94,33.23,0
0.17,3.09,34.93,30.64,1.36,305.04,0.74,25.71,0
0.0,26.06,32.9,31.51,11.28,92.9,3.25,33.9,0
0.24,49.39,166.17,64.55,10.37,17.15,6.13,20.9,1
14.98,29.7,37.47,39.9,11.23,68.48,3.34,28.63,1
15.45,29.55,44.63,26.2,12.29,25.0,2.97,32.34,0
11.48,24.48,37.75,34.71,5.21,151.81,3.59,32.49,0
0.72,17.4,19.57,22.81,7.26,79.36,2.15,28.06,0
15.65,36.49,97.52,53.4,4.28,33.24,5.43,28.41,1
0.99,25.47,33.32,27.01,8.61,51.39,4.11,32.43,0
7.14,16.6,23.91,20.02,10.48,13.34,3.45,31.94,0
4.78,14.79,55.77,43.83,6.2,214.69,2.18,31.14,0
2.3,2.75,49.95,16.68,11.03,52.82,3.29,28.66,0
10.85,13.76,22.37,23.69,2.78,45.91,3.1,25.3,0
13.4,25.26,40.12,8.31,2.95,60.7,2.7,16.08,0
0.5,21.63,60.77,39.53,18.36,71.04,3.41,24.09,0
5.23,16.41,41.22,23.19,6.72,115.44,2.01,27.43,0
12.65,40.47,60.39,46.39,4.56,46.11,3.13,26.81,0
8.43,17.24,23.82,38.97,3.89,105.62,1.48,19.08,0
12.94,22.24,58.66,29.46,5.15,45.53,3.19,22.73,0
8.91,43.25,104.32,61.48,13.76,76.08,6.9,32.85,1
9.43,30.02,110.84,34.5,8.74,160.17,4.14,12.73,0
4.25,35.22,95.37,30.44,3.82,64.74,5.43,30.97,0
11.99,33.35,44.85,27.46,12.13,113.09,3.52,28.57,0
0.0,17.36,36.15,32.11,11.22,145.39,2.48,21.51,0
0.26,21.12,40.65,38.01,13.37,52.55,3.28,34.94,0
9.24,14.53,65.35,49.66,5.6,27.68,4.8,31.38,0
12.04,13.56,78.65,38.88,7.72,29.81,3.55,38.35,0
18.45,23.19,84.17,35.49,16.54,26.66,2.58,25.29,1
26.59,29.42,44.97,31.7,7.57,42.68,0.94,25.87,1
0.77,21.0,48.35,39.32,7.52,105.33,2.46,23.54,0
0.0,34.85,110.03,33.85,6.05,137.35,4.29,33.08,0
14.63,19.74,28.22,23.53,27.54,91.19,2.72,22.74,0
2.07,21.32,71.39,53.35,19.19,60.76,4.47,28.37,0
4.53,48.91,65.9,28.24,4.79,28.87,2.44,34.93,0
13.1,42.8,77.3,26.41,5.14,95.91,3.56,31.13,1
6.56,28.51,47.93,47.78,9.24,74.12,4.78,29.69,0
11.58,27.67,33.01,34.0,11.81,85.04,4.8,26.48,0
0.42,21.02,54.18,44.9,1.07,75.69,5.59,26.53,0
7.63,25.58,38.76,17.27,2.4,37.23,3.05,26.28,0
7.42,21.47,26.78,42.61,11.91,24.81,2.0,28.42,0
18.13,24.26,27.28,5.0,9.4,23.81,2.78,21.33,1
22.25,31.47,69.12,35.72,3.36,34.43,3.29,22.59,0
1.95,21.42,22.83,44.15,6.81,67.45,4.43,24.91,0
0.0,32.81,64.04,47.35,7.58,128.33,3.73,27.05,1
12.35,17.65,28.66,37.43,10.71,69.3,2.88,30.02,0
0.0,59.88,96.96,55.26,6.22,89.21,1.94,20.54,1
13.31,15.9,21.13,27.39,7.65,113.01,0.2,35.28,0
14.44,21.52,30.98,19.3,16.56,74.73,3.49,30.46,0
1.57,21.68,47.4,28.46,7.92,118.99,2.91,31.45,0
16.07,42.14,69.28,24.41,2.95,104.18,1.45,24.83,0
23.74,33.1,41.35,29.56,7.75,82.67,3.48,25.97,0
22.25,38.73,76.17,24.16,4.62,78.92,4.69,22.42,1
22.94,36.96,54.0,41.71,7.18,45.47,1.81,23.79,1
0.0,12.01,40.5,14.84,5.16,97.12,3.78,20.38,0
5.47,12.44,57.32,30.54,6.64,48.93,3.61,35.24,0
7.36,27.11,51.6,27.14,6.05,18.55,1.93,34.26,0
5.96,26.53,59.13,31.24,5.64,17.64,2.38,22.66,0
11.71,27.73,52.72,31.25,7.06,122.52,4.27,35.94,0
0.0,27.86,64.54,49.4,2.65,89.13,3.75,30.42,0
0.0,19.71,20.41,24.36,10.99,45.19,2.01,27.09,0
0.0,8.19,32.35,19.9,2.82,83.94,0.98,32.76,0
16.43,61.17,115.74,47.49,13.85,37.24,5.54,24.72,1
0.0,23.71,53.27,32.57,16.26,27.99,1.53,21.24,0
5.91,18.27,29.85,28.46,4.68,98.74,5.01,29.04,0
1.35,12.17,42.02,28.64,3.99,39.42,5.43,21.26,0
1.56,12.22,50.06,29.7,7.62,61.61,4.44,33.84,0
3.57,9.3,44.24,33.15,23.18,36.72,3.08,12.0,0
1.77,10.73,22.81,21.56,6.11,33.64,1.47,35.57,0
0.0,17.95,39.73,38.01,5.83,273.3,1.87,26.33,0
3.57,27.88,64.54,56.68,4.96,138.36,3.64,29.64,0
0.5,41.41,63.44,29.39,3.51,268.17,1.86,32.36,0
0.32,12.87,106.02,40.86,5.69,54.09,6.56,33.91,0
30.29,49.58,88.16,43.67,7.59,24.62,4.6,23.75,1
0.0,18.96,44.59,39.63,4.31,35.95,2.98,29.49,0
3.26,12.14,34.5,35.44,12.36,28.87,2.52,22.45,0
6.66,29.28,39.04,22.65,12.72,41.59,1.99,29.09,0
30.32,34.5,53.1,18.38,10.93,61.27,3.41,28.01,0
0.0,14.74,62.76,21.71,6.69,147.02,4.85,26.44,0
21.15,33.6,68.5,42.7,7.9,224.75,3.48,25.22,0
3.52,12.99,56.35,30.25,6.06,42.62,2.68,37.61,0
3.76,24.32,38.47,24.8,15.17,15.28,1.76,28.95,0
10.95,52.01,90.27,35.93,14.71,26.74,3.58,34.33,1
24.4,54.88,76.28,42.29,8.27,63.38,3.58,13.16,1
1.73,20.35,29.16,44.14,4.06,5.91,0.2,33.27,0
7.35,36.14,95.6,33.96,9.44,33.43,4.44,25.33,0
6.07,55.97,91.19,30.06,9.99,25.83,2.51,21.79,0
5.66,13.96,54.54,36.82,5.03,30.96,3.59,20.2,0
13.17,27.82,32.19,32.95,4.73,105.22,0.51,31.02,0
0.76,22.97,33.85,25.69,4.48,208.12,3.18,27.09,0
2.42,25.99,35.8,37.01,3.69,71.0,3.54,31.96,0
0.0,12.62,25.45,32.16,2.45,12.51,1.1,28.58,0
9.98,28.87,86.59,29.88,6.0,19.78,4.75,29.97,0
5.28,18.48,29.07,27.57,3.16,153.28,0.28,23.0,0
23.84,39.28,72.55,46.44,7.09,130.82,5.01,43.0,1
0.0,2.9,34.38,39.11,11.19,92.5,2.1,36.72,0
33.78,74.8,87.6,40.82,4.74,39.45,4.56,30.58,1
12.01,14.24,75.89,59.91,17.07,38.29,4.07,32.23,0
11.43,21.58,44.81,35.28,19.07,69.11,2.85,38.19,0
1.25,25.57,76.14,40.14,9.51,307.93,4.62,24.7,0
2.99,36.18,55.89,31.28,11.93,43.23,2.47,20.27,0
2.04,15.08,29.49,28.08,12.03,40.32,2.85,15.19,0
19.91,46.43,50.29,37.57,3.79,61.54,2.88,34.46,0
0.0,14.87,42.95,26.44,13.53,20.46,4.19,32.34,0
3.9,24.17,90.38,45.92,1.6,87.67,3.19,24.51,0
4.48,15.09,52.59,40.03,6.94,61.29,4.26,20.11,0
1.86,26.48,63.45,22.47,6.13,25.01,2.62,29.59,0
0.0,5.1,57.4,20.69,4.15,24.3,3.12,29.81,0
4.01,62.51,98.46,38.17,5.7,46.15,3.52,29.89,1
9.95,18.96,29.02,45.59,12.17,57.26,0.82,38.39,0
5.29,11.01,30.42,46.57,4.92,84.12,2.26,21.52,0
0.0,15.71,52.5,5.0,8.41,48.85,1.64,33.27,0
4.56,16.5,75.76,39.32,11.9,24.74,4.19,25.67,0
24.11,64.69,90.32,39.74,6.79,102.95,3.25,21.81,1
0.93,52.78,97.07,31.99,6.04,116.76,2.71,33.69,1
6.49,15.78,29.09,28.21,2.37,61.02,4.37,35.87,0
7.79,29.94,117.15,37.62,6.96,51.97,4.82,26.5,0
0.0,20.39,58.46,32.37,2.17,27.74,3.79,38.26,0
2.71,24.31,57.39,32.61,8.44,75.02,4.77,26.42,0
2.78,9.79,46.22,22.43,11.17,17.38,1.51,28.49,0
4.98,11.79,133.51,44.26,6.8,29.87,3.99,22.99,0
19.26,36.27,46.28,30.01,19.25,75.03,4.93,20.76,0
0.0,20.82,29.7,35.93,8.18,93.2,2.09,38.72,0
20.46,24.99,44.98,33.73,10.35,43.45,3.51,38.15,0
10.84,21.07,28.28,36.61,6.38,41.89,2.33,29.49,0
34.61,48.8,51.14,37.43,9.19,51.15,3.4,22.76,1
51.97,86.32,130.44,58.39,19.3,13.4,5.61,30.95,1
0.0,28.14,64.74,32.63,14.44,53.36,4.13,21.24,0
0.2,40.09,96.16,48.66,16.23,69.32,2.91,22.31,0
0.23,15.88,19.77,28.84,8.83,32.69,2.86,33.19,0
10.25,21.51,77.34,51.11,4.09,13.45,3.12,29.49,1
3.22,41.37,64.66,38.64,6.39,29.29,4.36,33.08,0
0.74,15.95,54.05,25.04,2.46,53.22,0.66,26.01,0
0.0,24.5,81.1,37.44,6.33,79.19,3.56,21.83,0
15.77,17.83,66.98,33.94,11.01,103.32,4.2,17.7,0
4.31,19.01,69.43,28.72,6.55,71.79,2.49,31.64,0
0.67,16.06,53.43,29.34,8.37,79.63,4.29,18.0,0
1.15,16.21,69.16,17.25,19.38,130.03,2.18,26.85,0
2.61,19.38,30.13,24.51,12.03,145.66,1.36,21.18,0
0.27,37.62,43.36,38.08,18.68,51.64,3.87,24.93,0
13.27,23.72,28.54,34.58,9.34,19.85,2.19,33.22,1
2.14,30.07,88.35,34.52,7.46,32.52,5.35,31.89,0
11.26,15.17,19.17,31.36,21.61,41.11,2.28,21.19,0
1.22,5.66,43.69,43.4,8.62,52.06,1.83,33.3,0
6.33,13.53,18.92,21.41,12.19,54.27,3.54,22.67,0
6.33,15.2,68.43,22.83,7.1,132.46,3.77,27.77,0
4.9,32.62,38.23,31.3,5.81,80.51,2.35,27.89,0
21.09,38.09,41.64,43.7,15.91,42.87,2.54,22.78,0
23.16,26.15,32.05,41.62,5.11,18.39,2.51,22.32,0
12.52,30.88,35.66,28.95,6.35,237.08,2.67,22.42,0
17.14,35.46,49.25,39.58,1.92,251.32,2.3,34.24,0
11.77,51.64,89.36,39.12,2.2,94.42,5.34,12.0,1
1.78,9.69,91.21,57.44,8.35,48.87,5.71,25.8,0
3.74,31.34,41.97,36.65,7.28,21.28,3.04,25.41,0
0.0,23.31,37.96,17.13,8.73,52.83,2.08,26.02,0
0.0,5.54,76.27,33.7,14.16,19.23,3.56,29.61,0
0.0,34.75,59.42,35.19,12.0,43.0,2.51,19.95,0
0.63,21.35,94.54,31.39,8.98,48.59,4.19,17.05,0
7.05,41.61,50.94,35.34,5.4,30.71,3.59,26.09,0
1.6,48.78,69.23,31.51,4.67,107.39,4.1,23.95,0
13.97,20.93,27.96,35.38,8.19,30.66,2.42,35.34,0
0.0,19.57,39.85,22.26,10.75,47.09,1.92,30.58,0
10.67,14.63,36.95,28.53,4.35,262.65,1.15,30.3,1
0.0,34.33,61.79,45.78,8.23,88.04,1.36,30.93,0
19.66,22.53,68.59,36.85,2.52,128.11,4.93,18.56,1
0.0,5.09,72.62,38.69,4.69,39.14,4.74,25.72,0
8.91,18.75,26.1,20.67,6.48,25.75,2.13,15.45,0
0.74,16.01,49.08,30.06,3.89,63.21,2.81,20.36,0
26.53,55.04,104.28,36.88,15.18,36.8,2.54,33.22,0
25.51,28.75,49.3,31.66,7.12,94.0,5.15,43.0,0
8.54,27.87,34.6,51.64,3.66,66.15,3.6,40.31,0
8.33,17.71,68.34,42.25,1.38,177.05,3.47,27.5,1
12.88,27.69,43.38,34.59,3.39,62.26,4.35,14.7,1
10.46,49.38,119.25,40.39,19.48,96.43,2.6,26.19,1
14.81,31.59,36.37,26.01,4.98,128.37,1.91,30.26,0
0.0,23.12,59.76,35.7,8.03,89.78,3.07,30.41,0
4.9,6.86,83.6,43.63,10.73,55.8,3.25,24.33,0
1.04,8.94,19.07,29.06,3.24,184.98,4.68,32.61,0
25.15,40.51,81.03,32.01,1.95,167.12,2.71,34.59,1
0.0,4.13,11.26,28.15,3.17,35.25,1.86,26.45,0
29.38,32.05,46.77,39.06,7.23,256.61,5.32,32.08,1
5.04,13.15,33.85,41.5,11.03,29.3,4.38,20.53,0
15.06,30.39,62.38,44.91,3.06,60.34,2.74,30.27,0
1.56,28.82,70.78,32.71,7.82,53.96,2.52,29.12,0
0.0,27.37,38.76,7.44,2.64,93.74,0.73,28.73,0
24.22,38.0,43.23,21.09,6.55,48.93,4.39,29.51,0
9.51,26.47,74.14,25.75,1.27,90.64,3.24,29.85,0
0.0,3.56,15.82,29.18,8.59,32.57,0.36,31.35,0
4.04,58.93,133.62,37.13,11.56,10.82,3.91,12.0,0
3.52,45.84,57.71,27.82,7.26,64.07,1.33,31.86,0
9.12,29.5,33.08,26.92,13.47,17.06,0.74,34.33,0
0.0,12.07,64.26,63.72,10.28,70.84,4.68,15.95,0
0.0,33.51,56.91,48.15,9.79,36.83,2.53,26.71,0
5.98,61.59,136.32,43.42,14.47,32.92,3.19,35.18,1
0.0,22.57,53.4,50.1,11.8,52.15,3.64,33.34,0
24.94,52.56,72.71,37.78,7.02,63.6,2.88,26.85,1
13.57,23.26,97.32,33.94,10.45,72.8,4.05,28.28,0
13.14,17.56,49.4,36.9,4.44,11.82,2.42,33.7,0
0.0,14.17,35.59,22.14,5.91,32.19,2.01,22.19,0
1.75,26.48,47.48,14.94,4.36,103.73,2.92,33.78,0
2.82,6.26,54.11,14.95,4.83,62.12,3.76,34.97,0
0.0,52.4,66.29,45.69,9.37,128.66,5.06,30.33,1
10.5,33.88,117.27,42.38,5.4,590.47,4.16,30.17,0
8.9,36.38,53.41,23.71,2.86,97.47,2.66,31.86,0
12.56,14.48,23.15,31.95,10.36,82.67,2.27,24.48,0
16.8,27.13,33.77,16.99,21.49,84.18,3.23,24.5,0
15.94,32.98,78.18,27.67,7.68,31.01,3.86,23.38,0
55.68,61.07,125.49,49.05,5.86,91.51,4.23,30.82,1
4.65,72.59,113.7,60.1,13.24,53.52,4.94,16.84,1
3.42,43.75,89.61,27.24,19.97,74.54,5.18,25.79,0
10.34,28.12,70.21,26.22,10.67,44.89,2.93,20.12,0
19.94,50.2,78.79,35.85,43.06,137.29,3.62,22.38,1
0.0,12.11,39.79,37.04,6.94,40.54,2.83,35.43,0
0.41,35.93,46.5,35.26,9.17,31.19,1.13,20.18,0
1.29,15.56,74.8,32.77,10.08,26.64,3.8,28.83,0
5.43,55.49,141.01,46.14,2.93,60.25,5.43,27.65,0
1.78,10.87,26.83,31.23,8.45,28.58,3.91,27.08,0
17.07,21.28,27.86,45.11,7.74,100.14,3.09,24.28,0
6.62,22.18,50.31,40.99,11.37,51.88,1.3,24.02,0
3.96,12.28,52.29,25.86,10.68,86.9,4.57,23.77,0
9.0,31.72,88.54,25.46,4.64,61.72,4.27,29.55,0
0.0,6.94,99.93,46.76,8.47,150.16,1.89,28.31,0
8.47,76.57,114.66,31.89,9.14,59.04,4.35,23.16,1
0.05,23.59,52.74,37.14,2.9,33.63,2.09,37.78,0
14.05,25.95,60.12,41.27,2.75,47.39,1.92,24.11,0
9.75,54.71,57.09,43.43,13.79,109.62,4.12,22.85,0
0.14,12.68,22.71,18.73,11.63,24.23,0.76,29.11,0
20.33,32.77,65.72,42.77,4.4,96.8,2.66,22.99,1
0.0,11.53,54.57,43.55,6.53,86.23,4.11,29.03,0
5.14,29.28,53.82,31.36,8.48,53.91,2.73,31.09,0
11.92,23.26,74.88,28.85,24.44,36.86,2.54,31.25,0
7.86,17.77,52.52,33.24,10.42,65.73,2.13,20.89,0
7.79,11.67,49.06,33.67,1.97,120.94,3.09,28.21,0
0.0,7.47,41.17,40.04,6.75,33.83,3.36,31.95,0
0.0,29.57,86.52,39.41,3.91,93.37,3.31,29.53,0
7.41,15.83,45.35,34.99,3.45,131.34,2.46,34.26,0
5.96,24.45,51.83,39.37,9.7,81.47,3.41,33.36,0
0.0,2.18,29.33,28.12,5.7,77.06,2.71,26.03,0
0.0,28.54,53.75,34.61,4.4,118.62,0.83,24.88,0
4.07,82.61,126.5,37.25,10.6,59.65,5.74,26.73,1
2.3,7.49,33.69,30.47,8.12,36.71,3.22,34.02,0
33.54,40.21,70.84,34.44,20.97,184.46,1.58,43.0,0
21.53,34.39,58.75,33.25,10.08,167.31,3.19,28.86,0
13.5,16.25,40.11,21.4,19.76,60.21,3.3,28.96,0
24.14,29.89,38.41,30.82,6.56,65.75,1.15,27.04,1
0.97,28.24,32.11,23.96,7.18,230.45,3.18,26.92,0
1.62,17.57,32.26,29.26,1.4,23.16,2.78,28.25,0
18.58,34.59,79.31,38.46,5.15,54.39,3.05,33.86,0
5.11,7.29,71.33,52.11,20.86,40.89,4.5,33.19,0
5.6,9.52,20.61,23.01,6.25,80.31,2.55,19.88,0
0.0,10.47,23.14,21.84,5.47,44.1,0.2,35.01,0
17.73,57.89,104.53,39.97,3.85,195.82,3.57,25.35,1
10.32,20.32,28.96,21.09,21.7,48.72,2.18,25.02,0
2.94,21.94,47.31,13.42,11.82,37.04,3.6,27.64,0
1.66,10.05,17.29,24.77,13.31,30.72,2.79,27.06,0
20.68,36.51,101.07,40.08,15.88,63.39,5.04,21.15,1
1.03,55.46,99.7,42.21,4.52,18.73,5.69,26.36,0
0.0,21.55,41.74,29.32,13.76,94.36,3.29,34.45,0
21.83,34.5,54.48,26.9,1.46,191.1,1.91,12.0,1
22.26,48.21,91.55,42.43,3.86,24.84,2.17,30.5,0
1.01,26.4,71.33,32.28,1.41,74.87,1.58,27.47,0
39.44,62.83,73.28,31.71,1.86,50.17,2.69,38.07,1
4.24,14.45,31.51,35.43,2.89,34.47,3.4,31.14,0
1.06,4.25,6.51,24.89,4.79,26.68,1.62,20.86,0
9.92,24.04,82.61,50.01,8.19,80.83,5.32,26.6,1
0.0,5.89,64.17,25.81,8.18,44.31,2.21,31.48,0
0.0,5.15,32.16,45.98,16.14,25.46,2.22,28.04,0
7.47,26.16,61.69,39.13,10.98,118.95,4.68,34.85,0
5.79,21.19,38.08,21.58,27.19,61.6,2.67,21.46,0
0.0,25.92,38.25,28.99,3.15,97.79,3.09,23.24,0
33.75,56.85,67.55,30.49,6.29,215.33,3.35,30.68,1
2.2,27.63,31.78,35.1,7.54,84.45,2.53,34.22,0
5.49,76.56,91.58,34.31,17.48,59.9,1.24,27.02,0
1.96,12.26,24.79,21.22,7.66,44.34,1.17,38.21,0
0.0,22.08,57.3,38.46,8.2,91.82,4.15,28.41,0
4.63,22.94,107.77,40.48,13.6,116.21,4.32,18.79,0
11.73,13.77,33.89,10.67,4.16,160.47,2.62,22.87,0
3.55,17.42,22.86,38.95,10.88,15.72,1.23,32.36,0
0.29,5.55,15.48,25.91,0.4,90.82,1.83,30.67,0
15.52,44.95,56.03,32.49,1.43,93.8,3.13,32.54,0
16.14,25.81,69.27,44.91,5.3,313.21,4.16,21.41,1
3.22,10.65,60.25,39.56,8.45,86.46,2.64,16.69,0
8.09,47.02,81.74,57.94,4.91,29.09,4.85,32.84,1
15.4,35.52,43.42,25.97,8.5,53.14,3.36,37.36,1
11.59,35.41,86.17,45.9,6.76,73.36,0.83,24.74,0
7.8,26.63,31.97,24.24,15.67,38.6,4.5,25.21,0
11.05,16.82,47.07,36.14,1.83,18.87,4.79,19.87,0
8.81,12.57,54.61,43.49,11.5,91.36,3.43,36.93,0
5.06,28.75,54.0,29.16,8.31,12.14,2.05,25.09,0
0.0,36.07,60.9,56.61,6.63,35.31,4.68,23.74,0
0.0,12.52,26.3,34.69,13.43,99.81,3.38,23.65,0
9.28,46.16,54.72,30.73,11.78,63.67,3.58,32.09,0
1.91,14.59,80.46,12.6,3.0,29.93,4.05,26.66,0
8.88,19.55,44.2,32.71,5.35,78.57,4.01,23.12,0
0.0,17.59,39.22,44.82,15.48,46.83,3.46,24.49,0
0.61,7.57,70.79,39.71,5.16,126.71,4.58,24.39,0
3.55,30.63,34.65,36.67,0.27,9.95,3.89,27.91,0
0.0,38.4,120.38,43.02,3.62,137.81,4.71,30.76,0
0.15,6.01,29.58,29.09,9.14,39.19,2.27,29.88,0
1.11,11.25,37.5,30.7,5.18,32.59,2.29,29.38,0
6.41,44.72,58.8,30.75,11.92,27.79,1.33,30.83,0
3.16,11.42,32.22,29.55,9.14,84.01,2.95,32.11,0
6.89,14.81,20.86,27.54,2.55,103.2,2.91,32.31,0
5.34,54.19,84.11,43.26,12.8,145.1,2.83,32.54,0
2.92,59.07,118.14,43.11,5.91,67.05,4.65,28.49,0
1.14,20.26,41.49,40.8,4.7,203.47,1.58,27.02,0
5.61,23.48,53.82,52.91,19.6,109.32,4.07,37.2,0
19.97,77.41,102.55,37.81,9.42,33.78,3.86,30.04,1
1.11,40.96,91.72,55.16,3.76,37.83,1.16,33.96,1
32.54,91.31,106.5,48.0,9.89,181.12,5.26,33.19,1
5.77,15.23,66.12,30.84,10.31,43.48,2.68,35.77,0
14.2,26.02,41.54,44.62,3.03,41.04,2.26,25.76,0
8.2,9.99,40.29,37.24,7.06,118.34,2.65,25.33,0
9.76,12.05,41.83,38.5,6.2,121.57,3.88,27.81,0
0.13,2.88,60.37,13.93,5.97,70.38,2.02,26.62,0
1.87,13.97,84.82,44.54,8.08,86.1,4.54,17.91,0
3.41,10.4,25.22,28.56,2.99,30.5,0.2,23.32,0
10.86,29.66,51.24,36.96,14.8,19.67,4.46,37.6,0
3.45,12.32,79.39,43.34,9.11,36.5,3.93,28.19,0
15.04,59.89,79.81,41.65,19.26,105.18,3.68,21.12,1
2.36,8.78,16.0,31.94,14.59,45.38,0.68,15.3,0
0.86,4.59,84.68,45.77,5.64,161.72,2.48,33.98,0
1.66,42.2,88.96,36.9,13.14,59.31,3.58,24.52,0
12.08,18.57,42.99,47.67,7.42,21.72,4.58,21.57,0
26.47,55.0,68.98,41.69,10.77,28.69,2.8,30.56,0
35.51,53.95,65.2,28.84,6.0,24.23,2.84,28.83,1
10.71,46.94,58.63,37.58,6.05,74.93,2.65,35.84,1
14.32,62.85,105.45,32.57,8.03,91.48,3.59,30.45,1
0.0,19.8,78.96,44.9,7.73,96.09,2.55,42.66,0
0.0,20.24,27.98,20.36,2.39,30.99,1.14,31.82,0
0.26,1.02,17.52,26.36,10.09,111.65,0.83,26.32,0
21.15,38.31,43.95,29.4,10.51,143.18,4.76,26.17,0
20.86,31.18,51.18,40.64,11.32,48.83,2.34,34.32,0
42.61,68.41,87.71,32.14,6.32,77.74,1.65,30.7,1
0.19,28.79,57.83,38.16,0.91,35.25,2.63,26.16,0
4.18,8.48,10.94,14.66,5.89,67.52,2.02,37.53,0
0.0,13.95,35.85,40.31,7.23,85.19,4.36,35.35,0
0.0,42.74,77.36,37.1,24.4,86.8,2.46,31.69,0
2.89,31.59,60.62,31.18,9.25,19.26,3.31,31.37,1
0.33,22.19,63.12,37.02,4.67,43.17,4.02,30.58,0
0.37,24.82,56.78,36.7,9.07,81.66,3.73,26.18,0
1.3,1.86,5.15,21.45,2.76,71.33,0.2,27.67,0
23.49,39.69,102.19,55.82,8.49,91.33,6.0,33.62,1
17.26,25.81,81.04,47.58,11.65,65.44,2.83,31.86,1
0.0,48.31,61.65,20.29,5.39,26.8,3.91,25.43,0
16.78,87.62,109.24,43.24,5.67,176.12,6.46,31.04,1
0.61,9.31,19.45,25.9,17.1,100.47,1.29,24.71,0
0.0,53.13,88.46,14.69,3.29,27.85,4.91,25.33,0
1.15,28.37,65.26,36.85,21.1,72.78,3.78,30.9,1
7.28,7.87,60.89,27.8,16.62,78.68,2.22,22.05,0
0.11,43.59,66.11,34.4,10.39,37.29,0.57,32.68,0
10.49,46.36,76.96,40.69,16.35,36.74,4.27,28.77,0
1.45,17.72,28.27,36.2,5.47,69.08,1.55,32.45,0
7.98,35.21,78.59,40.46,6.31,7.38,3.48,43.0,0
0.0,29.78,91.05,19.62,1.94,93.42,3.68,27.89,0
4.88,52.97,101.79,41.2,9.14,52.67,4.25,26.94,1
0.21,49.03,120.31,28.37,9.06,73.29,3.62,30.75,0
3.06,14.21,36.1,21.22,15.1,237.15,2.47,29.49,0
32.97,40.68,47.87,49.91,5.17,70.34,0.2,34.56,1
2.07,10.6,11.88,28.12,1.27,39.4,3.39,24.05,0
0.0,7.5,25.83,13.29,6.11,19.75,2.71,30.58,0
5.36,16.98,38.9,29.67,9.03,84.92,4.12,27.72,0
5.5,17.55,60.06,54.28,6.15,27.13,2.75,25.78,0
5.45,12.31,32.23,25.42,0.74,32.61,3.28,33.95,0
9.8,23.82,33.63,12.32,5.03,121.87,3.98,25.83,0
1.83,45.04,83.17,37.56,11.41,68.87,3.92,12.24,0
10.95,28.03,60.03,54.51,16.17,28.95,4.7,32.07,1
4.57,8.87,58.68,30.28,3.8,55.03,5.25,19.68,0
0.0,9.05,69.3,50.13,1.27,68.32,4.04,27.05,0
12.74,70.59,127.86,45.26,9.29,56.08,5.23,17.12,1
6.14,47.67,80.49,59.7,6.27,39.72,5.32,23.21,0
10.3,17.23,41.74,30.19,9.39,65.02,3.01,29.2,1
0.0,48.46,52.17,31.37,9.75,91.94,1.22,25.13,0
13.56,44.06,85.14,44.19,0.89,66.51,4.15,22.02,1
40.81,94.99,143.33,42.25,5.31,84.99,5.62,35.89,1
0.0,2.59,12.76,23.53,5.91,94.66,2.05,36.8,0
15.64,25.14,28.86,28.41,13.32,28.91,3.1,23.86,1
6.17,38.23,57.01,49.53,4.08,67.99,3.29,33.24,0
4.65,28.28,89.66,22.52,23.8,30.11,3.31,27.39,1
13.73,64.41,87.05,28.26,11.2,117.99,4.05,34.34,1
12.18,48.73,54.53,48.15,6.81,129.37,3.0,29.34,0
19.76,22.02,55.63,34.58,17.59,59.59,3.03,27.34,0
0.0,26.57,38.63,21.47,1.74,55.32,3.42,29.85,0
20.5,58.92,124.23,49.62,2.78,94.46,6.14,24.53,1
7.88,13.52,23.51,27.99,1.65,74.22,1.97,28.57,0
0.0,18.93,44.01,26.73,28.49,99.95,3.33,20.29,0
2.12,8.65,18.21,19.44,3.56,18.46,0.79,20.43,0
6.37,29.0,64.67,31.97,3.55,85.29,2.5,20.99,0
2.01,15.77,41.69,11.6,4.53,33.88,1.19,29.6,0
3.77,20.67,78.65,32.52,3.33,71.86,4.17,29.46,0
1.33,39.78,88.93,48.41,2.86,99.47,3.41,28.18,1
59.76,70.71,92.16,45.57,9.55,84.82,3.98,28.51,1
11.15,23.61,45.47,28.32,4.51,16.16,2.32,22.36,0
5.32,18.61,44.15,19.63,3.76,40.62,1.79,38.28,0
0.0,20.76,54.29,28.74,7.45,89.06,0.2,25.89,0
9.55,20.73,149.3,27.72,1.77,43.64,5.91,17.51,0
0.0,7.85,51.8,36.88,4.18,39.4,3.3,22.27,0
0.0,32.56,55.71,38.43,8.48,166.69,3.1,28.73,0
3.93,16.32,21.42,35.16,2.82,34.12,0.2,28.99,0
5.4,20.69,24.92,38.06,10.0,133.71,1.99,34.35,0
10.85,39.0,42.68,38.84,20.48,20.4,3.14,29.34,1
4.39,14.3,74.04,37.26,0.98,58.33,2.96,26.21,0
11.92,16.05,32.46,25.43,10.52,40.5,2.05,29.69,0
2.01,49.44,113.85,37.98,11.29,147.83,4.24,37.21,1
4.41,27.78,47.8,31.72,11.06,67.37,3.84,31.77,0
20.52,37.28,52.53,39.9,10.1,89.84,2.17,29.62,1
12.53,30.68,75.98,28.27,3.13,22.14,2.73,21.04,0
4.84,59.58,62.85,37.07,4.72,166.59,2.93,27.57,0
7.52,36.0,118.19,34.48,7.84,64.35,4.7,30.62,1
4.44,4.89,14.65,31.2,1.94,126.54,0.42,22.78,0
0.0,16.48,42.26,25.13,13.35,24.75,4.3,39.28,0
27.54,45.76,64.5,52.09,25.2,170.86,6.18,32.73,0
0.18,17.01,62.7,31.85,19.66,52.68,3.96,23.34,0
2.4,4.15,22.14,30.19,6.94,59.03,3.67,16.2,0
51.55,56.84,121.63,32.69,3.9,209.84,2.7,23.86,1
0.0,2.5,59.42,38.85,1.35,101.87,4.36,23.39,0
4.03,65.12,106.45,51.03,10.42,47.91,2.45,22.83,1
21.84,38.93,47.55,24.77,5.86,22.59,2.18,18.06,0
9.39,28.95,32.24,29.09,8.49,109.96,3.15,22.57,0
19.99,34.18,67.71,27.01,0.97,21.29,3.9,27.01,1
3.35,10.23,51.04,31.18,5.36,59.21,3.32,22.47,0
18.28,26.12,52.33,41.39,2.38,11.68,0.96,24.06,0
4.67,65.98,92.35,57.82,7.67,22.19,4.98,23.55,1
2.65,17.19,93.78,46.57,8.6,142.69,4.9,28.29,0
2.16,11.87,20.54,17.0,10.69,198.95,0.2,32.07,0
11.66,48.54,78.57,36.57,4.44,259.4,3.34,19.56,1
11.51,24.06,71.02,43.0,13.25,86.5,1.83,36.29,1
4.89,9.17,92.17,11.97,7.16,49.81,2.95,20.95,0
8.85,15.56,29.59,32.53,10.29,31.09,1.72,36.98,0
0.0,36.62,66.0,37.09,6.5,36.52,1.73,32.49,0
3.45,13.77,36.38,49.99,4.41,57.85,3.11,22.67,0
0.0,21.05,56.25,33.99,10.38,17.79,2.77,16.61,0
0.0,14.47,63.63,48.52,6.33,87.28,4.84,29.62,0
7.84,37.81,73.06,34.4,15.33,116.18,3.15,34.35,0
5.3,18.0,32.32,36.18,2.7,14.96,1.57,32.94,0
2.02,9.98,39.38,34.32,4.12,94.44,1.48,39.76,0
3.13,9.67,38.47,46.49,5.29,40.71,3.83,29.92,0
8.7,40.93,48.63,45.4,13.29,68.91,3.27,24.25,0
11.93,21.66,193.91,51.96,9.68,156.51,7.49,39.4,1
9.86,29.94,47.76,18.8,8.93,160.28,3.68,32.11,0
0.49,41.63,88.96,47.13,5.39,102.0,4.33,34.65,0
24.65,41.53,44.09,47.51,12.0,79.78,3.84,29.6,1
2.93,25.92,45.48,18.52,7.21,15.31,2.14,35.95,0
0.0,9.94,19.79,44.04,3.69,65.61,3.1,30.33,0
2.87,15.52,32.2,22.65,8.74,36.63,1.68,29.6,0
0.0,41.92,50.21,45.44,5.36,37.67,1.22,19.07,0
0.0,29.67,70.44,35.94,3.8,93.28,1.3,33.34,0
2.44,16.45,28.43,41.02,2.63,74.13,2.84,32.12,0
1.58,18.64,57.85,38.09,9.58,29.29,4.2,25.76,0
2.39,15.84,30.2,39.6,15.44,84.42,2.73,36.96,0
9.04,36.07,51.56,30.26,5.02,27.84,1.29,20.59,1
15.34,24.76,62.89,22.84,11.24,285.07,3.37,17.78,0
5.82,32.81,41.93,41.57,1.93,107.73,0.77,34.37,0
16.2,69.43,97.86,50.78,15.71,50.78,2.59,33.35,1
1.69,20.3,33.64,26.91,9.6,21.92,0.54,22.66,0
18.5,23.18,53.87,37.54,9.94,25.61,2.67,17.92,0
5.95,20.9,76.97,32.34,7.63,54.64,5.87,30.36,0
13.99,64.03,114.77,30.71,2.84,42.7,3.2,28.92,1
1.78,18.76,27.25,32.74,17.05,90.56,3.96,22.66,0
5.57,11.53,13.68,33.02,23.76,8.23,2.91,28.03,0
37.08,51.45,107.22,38.77,7.89,33.95,5.06,30.4,1
5.51,49.85,105.36,53.64,6.61,532.54,5.57,22.42,1
15.2,24.66,58.12,27.15,5.94,314.62,4.04,35.09,0
17.2,62.14,92.88,50.9,6.81,97.7,6.15,31.0,1
10.78,24.19,25.94,19.16,5.41,135.18,0.3,35.35,0
13.04,93.14,112.23,47.26,4.15,77.58,4.09,29.53,1
1.8,12.18,57.7,35.24,6.43,6.61,3.94,19.46,0
0.38,7.74,13.73,36.16,5.86,121.78,1.49,19.4,0
0.0,0.68,18.09,31.65,11.22,245.28,2.74,12.0,0
8.53,23.95,44.76,36.12,5.79,59.52,2.41,19.65,1
5.27,18.4,71.99,36.37,12.48,30.26,3.23,23.73,0
7.81,57.56,75.49,42.17,7.89,79.85,5.46,17.66,0
0.0,32.88,80.7,26.74,11.26,71.41,2.85,28.96,0
0.94,44.36,96.65,19.29,4.78,155.85,4.63,29.63,0
14.77,51.29,77.03,55.24,22.2,84.74,3.91,29.72,1
6.55,22.48,95.78,25.33,2.81,61.92,2.63,17.99,0
6.01,179.07,200.32,73.27,4.6,237.18,6.16,26.12,1
3.4,18.16,61.66,28.44,9.47,127.75,4.73,24.48,0
0.59,23.52,61.81,48.44,6.21,44.39,5.3,35.04,0
22.3,83.83,104.71,54.52,5.87,23.58,4.37,24.54,1
5.61,39.32,90.73,38.5,10.48,73.55,2.67,32.57,0
4.07,22.69,99.68,40.01,10.7,142.07,4.06,27.47,0
23.86,50.05,66.42,29.55,2.53,55.67,4.14,23.54,1
1.06,10.4,98.93,41.23,11.05,99.4,6.13,27.97,0
2.11,14.0,30.46,32.94,10.35,28.97,0.51,20.93,0
14.05,36.92,75.67,56.48,9.02,61.84,5.65,30.0,1
2.03,8.03,35.91,14.51,10.91,79.44,2.76,29.01,0
5.15,13.76,21.35,27.16,12.64,44.95,1.55,32.85,0
0.0,1.98,31.23,36.77,3.77,60.4,2.55,33.85,0
22.81,39.32,70.07,24.57,6.73,39.17,4.77,36.72,1
12.81,31.37,84.17,49.05,13.8,97.98,3.83,21.9,1
17.82,55.54,78.97,49.21,5.43,32.63,4.17,28.15,1
0.08,7.34,46.99,40.24,9.89,13.88,1.4,34.93,0
27.58,39.56,55.07,30.18,3.01,71.64,2.67,27.2,0
4.44,35.09,48.94,40.85,4.57,24.07,3.16,20.61,0
19.38,54.42,79.9,36.59,16.78,32.66,4.28,26.01,0
8.24,42.02,62.47,31.63,6.98,47.99,2.8,26.55,0
13.46,21.36,42.11,39.09,8.59,14.4,2.59,29.69,0
9.05,11.68,35.87,26.42,9.09,21.35,2.02,25.54,0
1.99,20.21,31.94,38.63,6.39,109.97,2.53,32.38,0
0.0,16.0,70.16,44.6,7.11,37.53,2.84,24.65,0
20.86,40.17,118.32,54.02,9.16,313.62,4.1,21.69,1
15.09,37.21,71.98,29.96,2.86,90.3,4.42,35.87,0
20.84,46.02,47.55,38.05,4.29,134.98,3.83,22.66,1
0.0,25.39,86.51,36.37,10.96,78.35,6.16,27.23,0
2.27,14.51,20.75,47.54,11.54,35.04,2.45,27.93,0
0.0,14.05,23.74,17.11,2.87,65.96,2.15,26.29,0
1.27,11.76,53.9,35.07,8.47,45.09,3.83,25.23,0
17.53,48.9,81.2,37.38,6.15,238.66,2.0,26.98,0
13.3,19.19,84.54,38.96,8.36,27.44,3.35,25.63,0
11.43,69.94,80.39,26.48,4.92,57.33,2.44,24.08,1
2.31,18.67,88.16,32.45,5.78,56.25,3.47,21.31,1
0.0,16.21,24.61,16.57,7.8,117.0,2.86,32.68,0
3.4,17.16,35.14,17.91,13.46,115.73,0.62,31.09,0
0.0,32.17,60.05,31.65,8.9,141.76,3.74,25.73,0
15.26,32.92,68.94,57.11,5.63,53.47,4.52,25.53,1
28.38,39.42,97.95,48.66,5.09,452.37,2.3,25.76,1
8.16,39.14,82.39,32.44,23.23,335.49,2.62,23.6,1
0.0,9.27,21.49,27.19,15.03,23.7,3.2,39.3,0
21.61,54.32,104.24,31.34,7.11,16.69,6.22,27.99,1
6.02,9.65,30.53,6.1,7.17,54.77,1.5,27.59,0
4.9,48.62,51.41,33.71,9.94,85.0,2.77,24.82,0
10.36,19.25,49.72,31.08,6.76,117.99,2.17,28.31,0
0.0,4.97,43.06,30.33,3.58,158.27,0.82,21.81,0
2.4,15.39,51.43,29.39,1.29,59.29,5.13,31.27,0
4.38,15.8,52.84,29.11,2.04,66.81,2.14,33.52,0
7.29,29.56,56.67,38.65,6.61,18.2,3.19,22.37,0
8.29,12.97,23.82,18.95,8.74,34.2,0.96,33.01,0
10.34,32.08,88.31,39.98,5.4,77.55,1.66,27.23,0
1.39,14.25,44.42,16.59,4.98,61.32,3.04,15.48,0
0.0,17.59,44.04,49.3,1.28,27.01,1.98,26.73,0
3.33,9.19,45.6,39.21,6.07,57.76,3.52,23.11,0
4.15,20.81,44.32,26.27,7.47,88.82,3.11,33.2,0
0.0,9.04,57.0,31.04,7.66,32.02,3.9,32.19,0
1.15,4.12,74.13,44.05,5.24,72.69,4.79,20.47,0
6.43,33.38,40.35,39.89,11.19,48.69,2.87,26.32,0
1.85,9.4,13.89,22.35,11.22,173.32,2.21,35.77,0
6.07,27.88,42.69,26.9,2.12,130.52,3.05,22.16,0
1.64,9.3,18.55,22.59,8.58,5.96,1.26,22.8,0
11.25,27.5,59.02,41.04,1.72,117.68,3.13,35.07,0
0.0,73.91,156.91,47.66,6.27,46.81,7.04,27.86,1
4.99,41.78,127.14,50.22,11.29,33.73,4.54,25.1,1
5.38,59.55,76.79,40.85,8.37,46.58,2.82,29.23,0
14.65,52.99,63.66,31.48,2.82,62.3,3.18,26.69,1
2.7,18.55,36.44,19.0,6.92,70.57,1.15,30.44,0
28.01,60.19,101.72,50.79,4.76,57.45,3.6,25.28,1
27.04,41.2,52.17,34.63,9.38,30.78,2.07,26.43,1
0.09,4.72,10.26,28.42,16.48,62.77,1.47,29.7,0
4.77,24.72,42.35,31.65,22.09,83.03,3.92,22.58,0
0.0,3.27,29.22,18.54,7.62,79.33,1.77,31.37,0
9.42,23.14,49.68,29.35,2.49,123.37,3.97,33.44,0
1.78,42.59,55.41,36.3,6.24,138.58,4.77,26.11,0
5.9,41.08,47.65,27.9,10.58,513.13,2.5,24.48,0
3.17,17.05,47.94,36.04,3.04,50.0,4.13,25.83,0
57.96,111.95,141.41,46.49,6.25,320.13,6.44,36.61,1
3.91,28.17,39.97,19.01,7.41,209.88,1.52,30.05,0
3.32,31.46,64.85,18.81,15.26,33.02,1.8,23.67,0
15.67,27.07,55.1,37.46,2.8,42.79,4.5,29.57,0
18.05,49.54,81.01,30.8,2.14,26.87,3.77,25.22,1
7.18,21.9,48.75,30.17,4.21,27.9,3.65,33.26,0
18.56,25.15,37.63,23.5,3.36,53.99,4.09,31.6,1
50.14,74.57,144.91,57.52,6.93,16.55,5.41,24.47,1
2.85,19.62,54.94,21.6,15.33,12.67,2.76,21.81,0
0.0,15.81,26.36,37.46,2.49,76.38,0.51,25.53,0
8.55,34.69,77.76,24.78,3.28,35.27,3.76,21.12,0
16.86,20.24,73.71,41.93,2.52,196.46,5.11,31.44,0
25.96,35.55,83.98,37.01,9.6,26.04,4.33,29.22,1
10.54,32.63,59.99,35.4,14.18,52.18,2.16,25.77,1
5.19,11.15,33.65,32.95,7.2,17.21,2.49,39.4,0
0.58,8.73,29.97,28.22,5.34,88.92,2.57,22.56,0
20.95,52.36,87.96,45.22,3.46,21.21,4.22,33.85,1
7.68,12.38,73.05,32.84,17.35,95.16,5.4,27.7,0
0.0,36.7,98.77,29.93,16.87,39.52,3.47,32.44,0
37.01,63.59,70.36,32.0,11.98,208.81,2.71,34.81,1
0.0,28.65,43.28,28.06,6.27,90.24,3.01,29.31,0
17.18,22.56,27.41,31.45,10.88,187.4,3.89,32.56,0
6.88,44.65,79.11,27.39,8.65,26.8,5.79,17.23,0
0.0,19.42,89.72,47.68,3.1,120.89,4.61,22.41,0
4.29,59.05,78.9,49.53,15.51,35.55,3.49,38.05,0
2.87,29.93,76.27,34.56,6.0,135.13,2.64,22.68,0
0.0,15.63,18.83,33.09,8.19,288.99,1.08,27.41,0
9.39,13.1,44.38,50.97,13.11,67.65,4.93,19.24,0
14.79,37.62,63.46,36.62,2.92,73.27,4.81,32.27,0
4.8,39.06,87.81,27.71,3.07,54.88,2.23,32.41,0
2.71,33.76,40.13,28.46,15.17,19.67,3.34,27.29,0
10.27,16.58,44.72,26.31,14.48,22.86,2.14,18.65,0
2.08,55.16,139.09,49.29,7.09,53.83,6.48,22.94,1
2.48,12.39,23.65,39.55,5.9,20.67,2.58,26.18,0
5.05,41.27,50.98,17.16,2.25,123.55,1.69,28.7,0
0.0,7.37,59.45,46.58,15.77,131.67,4.79,32.31,0
0.0,7.3,64.37,37.57,7.56,197.91,3.21,30.62,0
0.0,7.75,48.27,39.06,4.52,49.52,4.07,37.55,0
9.21,17.1,136.1,50.66,1.23,66.0,4.42,30.38,1
2.38,6.87,33.44,24.67,11.57,204.4,2.13,26.19,0
0.0,6.21,47.46,36.93,21.12,37.22,0.56,23.35,0
32.09,33.23,72.45,45.81,7.1,53.34,2.31,26.85,1
2.7,4.82,23.71,39.84,5.16,41.03,1.7,29.59,0
5.1,67.55,82.62,48.27,20.27,32.65,1.85,20.91,0
20.64,42.02,66.29,31.17,3.66,45.0,5.4,36.22,1
6.28,22.49,38.43,43.09,28.27,42.33,2.93,29.0,0
10.15,31.27,58.52,43.89,16.3,49.69,3.02,29.49,0
0.4,11.51,58.89,42.76,10.09,107.88,2.92,35.17,0
5.53,20.89,28.3,18.91,4.51,37.33,2.38,29.45,0
28.51,40.61,49.44,28.16,4.44,64.03,3.44,19.06,0
8.67,33.34,53.32,34.84,18.28,207.07,4.88,28.6,0
7.17,40.21,63.5,42.9,4.06,183.7,4.09,37.51,0
3.29,11.66,23.24,15.72,16.13,25.81,1.88,24.84,0
0.0,6.02,46.76,22.28,1.91,29.56,2.54,20.81,0
18.52,28.6,38.78,32.19,4.16,58.37,3.53,25.44,1
4.49,13.15,18.18,18.33,12.83,41.09,1.23,30.69,0
0.93,25.94,58.25,30.94,18.33,44.39,2.25,34.55,0
7.67,24.13,61.14,33.79,5.96,89.88,3.23,43.0,0
0.0,6.78,39.4,13.15,5.7,157.45,3.42,27.73,0
18.68,20.7,28.86,31.68,17.44,16.79,1.56,32.22,0
1.17,29.64,33.9,28.81,1.84,58.52,3.24,37.03,0
5.71,14.11,102.86,27.49,5.58,108.96,2.91,33.32,0
8.46,20.28,54.33,28.27,2.53,31.22,1.06,32.31,0
7.27,29.84,107.08,48.95,5.56,59.97,6.65,26.91,1
14.84,37.81,51.73,29.95,8.39,47.92,1.89,21.65,0
1.58,33.42,100.59,40.95,4.46,23.57,5.58,30.2,0
5.15,43.78,112.21,45.18,6.34,6.68,5.42,22.74,0
10.81,18.56,64.66,18.15,8.1,60.24,4.96,28.7,0
26.05,54.58,76.12,49.73,2.48,43.64,2.2,37.42,1
13.74,48.49,60.14,38.5,4.31,41.74,1.85,42.29,0
16.59,50.31,87.78,42.55,14.86,22.74,3.57,43.0,1
2.85,21.87,31.03,35.53,2.43,111.16,0.2,37.12,0
8.66,48.55,65.02,34.44,2.93,39.72,2.64,32.11,1
22.62,94.46,126.87,44.93,9.43,31.42,6.19,23.41,1
4.76,20.55,92.42,60.1,4.88,64.67,5.32,18.52,0
8.73,16.99,88.86,26.08,5.33,100.51,3.24,30.77,0
0.0,19.87,87.5,44.36,9.85,68.7,2.63,25.55,0
12.04,23.15,97.22,31.03,1.35,113.05,1.94,26.08,0
7.06,16.97,36.72,43.29,2.69,66.87,2.32,26.24,0
11.16,66.9,82.37,38.83,9.73,307.77,4.56,30.08,0
2.99,15.5,19.45,15.36,3.0,127.62,1.94,26.15,0
0.0,12.1,54.0,38.3,30.53,60.77,3.62,34.87,0
12.68,22.73,40.5,40.95,11.0,34.0,4.13,33.76,0
0.89,22.9,42.93,34.85,18.27,22.64,2.36,33.19,0
0.0,26.61,45.59,40.16,7.73,65.14,2.47,25.02,0
6.42,50.54,74.79,49.73,5.51,43.58,4.16,27.4,1
29.21,35.15,64.5,42.35,4.06,115.31,4.55,20.71,1
0.32,43.49,75.49,33.15,8.19,35.06,1.52,23.79,0
1.05,8.33,24.62,41.11,6.34,70.34,2.16,27.13,0
13.38,19.15,23.65,32.94,15.36,56.45,2.32,29.13,0
3.57,17.82,44.67,27.7,5.13,62.8,1.09,21.3,0
12.63,19.09,89.81,43.31,12.49,65.19,5.51,30.22,0
3.23,25.34,55.41,37.48,1.91,110.13,2.75,30.4,0
2.28,12.01,55.75,35.12,1.76,69.06,1.61,24.24,0
0.49,32.61,49.56,20.89,6.7,44.57,3.08,28.22,1
7.92,32.88,97.63,51.35,4.89,22.2,4.25,25.28,0
0.47,27.32,46.29,39.18,2.34,105.18,1.82,26.54,0
1.96,22.53,40.47,26.15,3.22,39.58,3.11,31.91,0
18.39,38.25,74.1,41.42,23.97,49.42,1.73,29.44,1
40.99,49.99,98.17,43.76,11.42,43.19,3.93,23.28,1
9.23,19.33,39.3,17.28,3.49,26.64,2.19,30.48,0
19.1,29.6,63.74,34.49,1.51,30.69,2.96,39.64,0
2.59,32.92,158.43,53.25,10.78,54.76,7.39,16.04,1
3.38,25.28,53.79,48.5,12.2,44.14,4.91,41.41,0
6.85,17.27,27.15,30.21,5.53,28.65,4.36,31.69,0
0.95,17.72,27.01,44.64,8.2,91.1,1.36,25.22,0
2.2,44.43,98.15,38.32,2.12,124.19,3.14,32.79,0
12.16,12.21,22.54,26.74,11.1,77.55,0.84,26.25,0
5.34,20.41,44.56,17.42,9.6,67.16,2.41,25.62,0
4.06,21.29,33.15,29.88,3.18,9.23,1.05,34.68,0
3.73,13.49,22.87,25.23,23.2,40.41,2.15,27.06,0
0.0,3.73,63.73,30.3,3.19,109.4,1.19,34.57,0
6.5,15.6,18.6,23.4,22.96,55.7,0.23,35.11,0
0.95,8.54,71.48,27.95,3.69,75.47,2.94,35.95,0
0.0,17.62,40.15,23.38,6.71,112.9,2.46,26.16,0
0.0,8.14,36.45,31.03,6.55,131.78,0.37,22.82,0
3.86,20.66,58.51,40.05,6.87,89.62,3.54,29.03,0
11.08,60.96,78.2,49.97,3.76,166.24,5.9,26.17,0
14.54,20.57,42.82,35.35,7.45,38.23,5.68,18.83,1
0.0,34.33,69.61,22.0,6.4,64.2,3.23,15.38,0
9.84,23.81,110.15,45.47,3.68,51.2,4.06,28.17,1
30.82,31.98,65.18,47.44,1.71,22.19,3.84,25.31,1
15.32,47.78,120.69,46.92,10.76,46.93,5.99,23.76,1
6.16,38.06,76.47,48.3,2.01,56.99,4.68,23.35,1
6.89,12.81,85.34,35.76,3.94,71.41,5.8,31.07,0
5.91,28.16,34.24,25.36,13.05,109.88,1.83,22.19,0
1.83,15.34,27.33,24.64,9.22,26.4,1.7,12.0,0
16.09,35.09,57.99,39.01,6.03,353.82,3.14,26.99,0
0.0,8.84,29.59,21.61,10.84,24.25,0.2,16.73,0
6.62,13.2,46.41,29.79,3.69,63.92,2.0,25.02,0
17.62,22.83,39.0,34.82,10.95,43.86,2.04,28.85,0
6.26,45.43,72.94,48.8,11.9,19.61,3.17,28.03,0
0.0,6.06,26.52,21.75,4.29,96.71,2.36,26.03,0
23.78,45.77,74.71,49.81,3.73,66.45,4.92,22.37,1
4.38,10.6,25.79,42.59,0.47,120.45,4.5,28.94,0
0.0,72.61,100.22,31.5,6.57,15.23,3.01,34.77,1
33.31,39.36,67.48,31.58,0.85,19.21,3.48,39.24,1
3.24,9.1,20.72,23.27,8.01,45.63,1.66,32.71,0
0.55,44.14,48.46,23.86,17.73,145.2,2.72,29.17,0
7.08,19.63,65.6,37.83,13.97,73.76,2.98,25.18,0
0.0,4.56,80.36,45.68,14.59,38.82,3.26,36.49,0
1.83,16.65,35.15,31.3,6.64,72.58,2.02,19.99,0
21.22,28.33,78.13,37.06,17.14,114.99,2.84,27.45,1
3.39,84.97,111.14,57.27,4.11,72.37,5.25,30.87,1
9.17,11.43,52.26,28.78,4.86,55.25,3.31,28.96,0
22.14,48.19,95.92,41.61,5.64,42.68,2.18,35.76,1
3.2,47.93,104.33,40.84,16.9,46.79,3.09,26.87,0
0.4,29.05,56.59,27.73,6.42,46.55,2.92,19.01,0
11.31,19.79,28.2,22.46,8.16,126.12,1.15,25.32,0
0.0,35.52,56.68,36.97,1.43,19.95,2.23,35.14,0
0.03,17.97,66.37,50.14,10.95,70.13,4.82,34.39,0
20.64,45.81,72.95,40.74,6.28,85.88,3.83,21.56,1
5.61,35.07,38.51,22.07,0.8,54.99,3.2,24.45,0
11.8,17.49,78.7,31.38,12.69,119.45,2.44,23.39,0
0.24,24.21,41.19,33.4,6.19,64.95,4.18,21.36,0
8.73,36.73,46.53,26.6,7.29,87.45,1.67,23.44,0
9.11,24.17,29.54,32.77,7.73,50.14,0.2,32.28,0
33.16,41.54,123.81,49.79,3.89,239.02,5.0,30.47,1
10.69,24.83,52.32,30.21,10.57,22.89,2.69,32.55,0
14.5,69.23,92.35,19.94,12.74,23.81,2.42,24.32,1
6.27,28.25,59.03,34.13,2.06,17.22,3.24,28.29,0
7.79,24.07,40.83,40.52,23.96,212.05,2.09,29.94,0
3.81,9.72,11.76,30.61,6.08,119.67,3.04,34.47,0
3.49,38.51,103.46,55.65,17.32,133.73,3.86,25.56,0
2.05,25.82,35.8,37.72,21.03,13.4,2.38,27.83,0
3.48,14.37,59.93,30.19,4.15,156.29,1.09,22.72,0
1.14,10.33,18.65,23.03,6.84,63.71,2.87,23.72,0
13.07,18.05,63.77,32.82,8.93,43.34,4.03,27.95,0
0.0,24.57,25.82,25.63,18.59,70.77,1.8,30.55,0
29.36,31.42,61.41,36.65,11.7,100.24,2.04,39.85,0
11.89,37.2,111.5,32.52,14.39,8.0,3.42,26.88,1
16.98,19.26,52.94,26.92,4.06,86.69,2.67,19.56,0
0.0,13.18,20.02,25.43,1.02,114.91,1.22,30.96,0
1.7,37.56,63.62,35.36,16.23,28.58,3.28,27.82,0
5.93,7.48,9.12,33.61,14.2,190.18,2.24,34.22,0
5.13,47.24,61.5,30.78,6.94,54.79,4.12,32.73,0
11.93,20.9,91.14,20.42,7.47,25.83,2.92,31.17,0
5.16,19.15,51.21,42.15,8.66,131.69,2.01,21.22,0
30.79,39.79,70.06,33.86,4.91,205.66,3.27,23.92,1
0.03,10.05,74.85,34.98,9.79,45.25,3.62,27.06,0
0.0,6.64,23.34,35.68,12.97,68.59,0.5,31.27,0
1.48,34.86,55.5,43.78,10.37,323.25,2.02,30.11,0
3.5,30.64,46.64,36.23,16.88,38.53,3.34,30.56,0
18.51,24.49,36.48,31.06,5.76,23.65,1.06,22.78,0
8.44,30.66,45.14,30.0,13.93,23.44,3.51,32.11,0
4.11,22.68,62.3,25.73,2.28,9.12,5.04,31.31,0
2.26,13.62,56.75,36.41,23.97,15.29,3.16,34.95,0
4.32,27.66,33.1,19.73,4.99,76.16,1.82,31.25,0
3.5,17.1,86.36,38.48,11.8,192.1,5.31,19.75,0
26.84,57.12,114.67,60.46,26.8,155.09,4.8,18.65,1
15.81,22.72,46.5,19.73,7.83,70.34,2.9,23.46,1
1.72,29.73,47.03,36.32,1.73,75.57,2.27,38.12,0
5.01,7.04,30.03,26.26,6.56,182.57,5.15,39.3,0
2.99,20.34,46.97,25.67,5.99,15.86,1.4,22.94,0
0.0,15.56,29.08,25.31,6.22,55.94,2.17,27.2,0
1.95,9.19,23.23,29.71,6.37,29.17,0.8,26.74,0
2.02,25.9,36.1,51.61,16.01,50.04,3.09,26.67,0
0.97,26.54,161.59,58.26,3.06,11.78,6.9,25.95,0
1.8,10.65,30.14,35.44,6.1,123.56,1.39,35.76,0
3.1,14.46,111.79,38.19,3.3,99.32,3.11,23.71,0
9.31,29.91,47.55,23.09,4.48,198.92,1.25,25.36,0
1.31,4.08,21.46,21.78,13.36,49.66,2.09,27.74,0
21.3,30.57,49.23,44.09,6.7,89.04,3.68,29.66,0
0.0,9.93,45.11,27.63,4.87,125.24,2.98,22.73,0
17.91,30.04,73.34,38.96,7.73,16.48,3.72,23.45,1
7.58,36.49,100.33,41.48,7.53,59.5,4.49,28.54,0
0.0,27.53,46.84,33.85,8.36,86.27,3.58,28.97,0
2.95,9.59,54.97,32.87,3.83,17.39,3.26,33.75,0
27.78,44.51,56.07,38.57,10.47,75.98,2.62,29.41,1
28.51,48.31,119.89,37.6,9.12,63.03,4.66,40.2,1
9.63,32.47,40.57,37.25,12.13,106.91,2.5,24.41,0
7.75,12.43,21.53,46.7,12.37,130.08,1.46,31.5,0
8.97,10.01,35.09,31.0,2.27,41.89,1.86,29.41,0
2.8,63.09,95.93,37.47,19.53,50.3,2.5,19.75,0
2.88,10.75,29.48,28.41,10.09,27.16,1.97,27.77,0
3.77,18.34,47.0,39.42,12.5,76.29,2.69,29.02,0
31.14,51.37,78.55,26.86,19.73,29.06,3.73,17.42,1
8.42,22.54,37.44,42.1,1.74,48.25,1.16,32.26,0
14.97,29.99,67.76,36.94,5.68,200.34,1.95,33.25,0
7.89,27.38,61.74,38.27,2.22,43.88,4.22,30.39,0
27.34,34.66,76.83,36.51,7.84,53.8,4.74,21.56,0
1.03,8.49,80.53,37.99,1.37,49.93,2.5,31.25,0
0.0,7.89,95.81,32.29,7.56,47.26,3.64,32.35,0
0.0,21.65,60.92,26.68,8.46,33.21,1.63,32.83,0
2.41,28.26,56.46,22.89,2.95,7.22,4.05,31.34,0
2.4,8.96,51.41,20.55,7.1,29.03,3.14,27.66,0
0.0,7.27,44.06,43.2,16.41,11.78,2.88,32.32,0
3.42,27.19,33.31,29.02,9.61,146.07,1.62,24.67,0
8.77,37.75,43.18,35.39,1.81,19.68,3.86,21.59,0
7.74,39.52,85.31,42.33,11.95,26.63,4.36,28.26,0
0.2,8.4,59.3,35.74,9.7,49.1,4.61,23.78,0
10.09,32.16,37.62,37.61,10.52,313.85,3.55,24.8,0
24.79,74.51,86.32,50.95,1.53,56.27,3.72,16.91,1
6.2,16.22,68.89,37.23,5.95,56.21,1.53,22.25,0
0.85,28.05,53.05,27.46,20.96,11.11,2.8,28.04,0
0.0,17.38,47.83,43.5,4.25,342.02,3.34,27.02,0
9.65,77.14,81.89,25.16,18.32,133.72,3.18,32.33,1
7.79,8.95,53.72,39.54,9.2,63.17,2.35,30.57,0
16.74,36.13,41.02,32.92,13.51,136.15,2.82,22.12,1
9.06,50.29,94.74,45.98,17.22,12.3,4.62,29.9,1
11.66,17.76,99.39,31.22,15.28,144.19,2.83,22.55,1
18.64,46.44,136.3,53.01,4.39,19.13,4.58,17.42,1
20.69,31.1,78.11,34.81,3.42,41.49,2.47,24.4,0
23.24,25.5,30.59,25.02,8.74,140.93,1.22,25.94,0
5.02,15.13,58.31,48.29,14.89,472.42,4.99,22.98,0
49.67,56.27,77.02,46.57,12.3,75.11,3.6,36.58,1
20.56,54.9,60.1,38.83,4.8,319.03,1.57,31.78,1
16.31,84.57,115.82,46.14,13.45,111.35,5.78,27.86,1
2.49,13.36,77.09,30.01,5.35,40.32,2.55,27.16,1
9.79,19.98,33.96,23.69,6.49,76.82,2.07,35.4,0
0.0,1.53,77.6,42.29,4.08,255.82,4.62,32.83,0
20.52,52.57,71.51,26.04,2.3,17.91,3.59,30.76,1
12.73,59.0,79.06,47.64,10.11,56.52,5.2,35.26,1
0.0,24.12,38.04,42.34,10.29,225.66,0.53,20.7,0
13.13,22.91,28.07,39.06,2.08,47.24,2.75,29.87,0
0.0,20.14,77.26,42.95,11.84,60.35,4.5,36.87,0
11.77,42.99,56.45,26.17,0.76,27.65,3.26,27.41,1
0.0,14.08,34.23,22.23,3.55,118.44,0.25,29.73,0
0.0,25.89,39.44,43.15,20.21,61.43,3.18,25.63,0
0.0,11.39,28.38,33.05,4.34,268.24,0.41,32.85,0
7.18,11.22,54.5,40.43,16.48,21.74,4.02,21.19,0
16.7,46.77,141.65,59.11,6.35,33.16,5.99,30.39,1
22.25,40.32,118.68,62.5,15.1,199.75,7.67,25.51,1
6.54,26.82,56.4,26.82,7.49,155.06,1.4,29.86,0
7.7,41.08,95.08,51.73,2.94,26.28,1.47,30.65,1
1.97,8.82,74.69,22.26,10.54,403.55,0.86,32.4,0
0.26,10.49,68.01,33.13,8.84,134.75,4.38,30.94,0
7.17,52.85,60.7,24.08,9.88,88.92,0.96,21.14,0
4.49,24.01,54.26,38.41,3.42,36.4,2.55,26.2,0
8.11,39.28,82.92,54.38,13.51,119.31,3.31,34.45,0
0.23,16.68,28.32,23.17,19.37,169.83,3.44,33.82,0
3.48,28.89,38.53,15.84,17.22,40.89,2.28,34.04,0
9.29,35.51,70.64,27.54,5.66,10.08,4.05,26.53,0
6.52,15.37,47.25,21.74,2.79,312.91,2.36,31.69,0
0.0,71.89,136.68,24.33,2.25,170.34,4.64,17.34,1
22.52,42.61,46.36,37.1,5.37,69.62,2.57,33.75,1
19.32,22.26,95.24,43.4,10.36,23.52,4.68,32.91,0
3.69,7.5,25.18,23.73,10.6,121.73,1.59,30.87,0
17.36,28.1,34.78,34.84,3.16,51.86,3.6,26.76,0
9.88,11.97,53.65,39.52,15.69,25.95,3.05,30.42,0
0.26,41.31,63.12,49.29,15.71,17.03,2.93,31.18,0
16.5,25.55,80.34,40.61,18.88,119.38,3.85,25.8,1
0.0,5.11,30.66,20.59,4.9,152.7,2.5,21.28,0
3.74,24.89,33.66,37.09,12.69,242.8,3.15,28.13,0
0.0,25.7,32.81,21.2,12.83,71.39,1.23,29.45,0
10.32,21.79,24.54,32.06,17.84,67.8,3.01,39.54,0
0.0,25.99,61.49,49.73,3.08,88.96,3.07,32.12,0
26.0,56.84,62.15,37.15,3.83,71.95,5.16,29.48,1
19.51,30.69,51.99,39.86,13.13,38.77,3.07,24.65,0
11.35,15.84,39.66,17.86,13.31,26.09,1.87,25.65,0
10.1,20.08,54.41,45.87,7.28,58.65,3.02,19.03,0
6.05,19.32,36.87,6.77,8.97,205.08,3.36,31.34,0
0.0,16.67,24.83,44.66,4.71,103.2,3.59,24.04,0
16.67,48.09,65.57,54.3,12.23,35.76,4.73,25.4,1
37.64,51.34,77.45,34.84,18.69,56.44,1.28,26.69,1
27.3,34.98,96.6,36.39,21.39,47.03,3.34,22.93,1
0.11,9.82,83.66,37.19,9.41,94.95,3.34,27.48,0
25.45,44.45,102.51,51.98,15.0,73.13,5.66,23.66,1
27.24,47.71,80.01,23.7,12.93,100.83,2.17,28.16,0
4.75,56.74,73.87,34.97,25.86,75.01,3.36,26.64,0
9.82,22.94,51.5,36.36,2.63,32.52,1.52,22.71,0
4.34,12.07,56.91,48.52,5.49,133.98,3.21,26.53,0
23.47,24.78,49.94,24.15,2.53,246.99,3.04,19.61,1
1.47,3.83,40.05,36.79,12.27,42.88,3.59,21.61,0
0.0,23.61,50.62,35.57,10.93,30.34,3.98,29.06,0
13.16,22.42,38.8,40.37,7.42,85.01,2.39,21.49,0
16.46,54.47,78.79,46.15,3.89,181.95,1.64,22.1,1
1.75,3.61,12.38,21.3,12.95,74.5,0.83,27.31,0
0.0,10.52,32.93,57.96,4.94,95.32,1.49,30.23,0
0.0,30.33,70.06,49.9,6.34,17.84,4.7,33.94,0
5.71,47.39,88.74,29.4,5.88,39.88,4.78,28.52,0
9.0,34.18,124.74,38.6,16.15,105.74,5.45,36.33,1
17.7,50.51,71.72,43.26,7.19,29.99,6.28,27.85,1
9.68,17.04,36.77,26.59,2.54,55.72,2.0,21.34,0
2.14,14.43,41.61,30.46,6.9,56.39,4.96,23.03,0
7.56,51.14,100.95,56.7,7.2,33.15,3.22,26.84,1
18.6,25.36,101.41,51.58,5.35,91.97,5.22,28.85,1
8.85,25.04,97.64,37.57,14.25,106.15,4.13,33.15,1
16.0,43.14,54.02,31.66,4.83,164.28,3.15,36.01,0
0.0,39.57,74.52,18.52,4.41,112.55,2.98,42.23,0
12.61,27.21,75.46,41.21,37.56,37.51,2.0,20.65,0
9.7,21.5,143.59,28.77,4.62,91.55,6.13,23.59,0
3.3,25.44,87.17,29.65,0.45,68.16,2.79,35.66,0
18.94,73.43,86.47,28.0,3.48,122.38,5.62,28.09,1
38.38,60.34,147.15,57.87,3.63,181.48,5.24,17.87,1
0.0,22.76,46.21,35.46,6.74,25.83,3.21,29.6,0
3.62,18.17,84.06,43.92,12.42,64.98,4.99,23.33,0
5.12,12.36,85.59,26.17,2.98,111.44,6.34,29.8,0
5.72,17.77,58.13,45.99,14.88,61.02,3.08,27.84,0
1.58,15.91,29.44,30.07,5.47,123.94,0.48,25.29,0
0.0,11.89,42.57,20.46,2.77,15.42,1.74,24.56,0
3.97,19.74,63.0,31.36,11.04,41.32,3.86,28.73,0
5.18,28.65,107.22,58.04,10.52,131.26,4.73,28.67,1
3.39,12.76,53.57,26.99,4.93,29.67,4.0,26.41,0
5.37,37.05,89.9,42.54,3.71,68.71,4.03,25.12,0
7.79,29.95,62.01,35.53,9.21,26.76,3.49,29.94,0
4.23,21.3,78.41,31.45,17.52,194.5,4.51,19.7,0
1.53,15.05,29.1,34.8,8.54,24.28,2.77,27.04,0
5.42,12.2,68.21,40.27,12.44,55.5,2.39,26.66,0
8.58,32.31,41.7,30.56,3.53,64.1,2.57,26.11,0
6.15,78.62,97.37,39.09,3.67,58.81,4.55,19.58,0
40.61,81.2,112.59,34.26,7.3,46.74,3.45,34.25,1
9.35,35.57,78.25,23.13,8.72,82.04,1.76,25.63,0
5.76,50.12,108.77,50.1,6.17,74.35,3.0,23.62,1
0.89,10.98,31.59,24.04,9.57,48.65,1.29,37.28,0
0.98,9.26,47.13,36.78,7.92,32.0,4.03,29.16,0
3.4,19.19,39.27,34.28,14.18,57.33,1.68,30.94,0
3.6,20.24,40.41,32.47,18.41,196.83,1.51,23.63,0
3.35,41.02,64.21,53.35,4.84,59.11,3.52,33.48,0
9.84,40.87,103.65,29.68,0.87,35.02,3.49,29.99,1
18.34,20.08,68.56,33.67,2.03,21.32,2.81,28.62,0
13.21,44.82,73.29,36.41,2.17,33.25,5.4,30.59,0
11.59,25.29,29.42,34.58,5.4,18.22,3.5,31.66,0
0.46,21.56,84.16,37.4,1.37,18.23,3.1,28.41,0
21.09,36.14,66.26,28.76,7.41,37.55,6.14,37.33,0
0.8,10.02,74.8,24.2,13.41,26.94,2.91,34.12,0
8.32,29.26,78.75,34.74,10.13,52.86,5.84,23.35,1
10.81,19.43,31.92,19.2,7.67,82.22,0.2,31.46,0
21.69,35.63,71.44,43.46,10.25,117.7,3.73,27.73,0
34.47,41.8,48.96,20.3,5.4,27.98,2.75,27.75,1
3.14,8.31,31.34,31.96,8.58,208.68,2.35,28.31,0
7.47,77.32,111.34,56.66,6.5,160.0,1.09,17.65,1
19.83,30.45,43.61,42.95,6.24,58.22,2.51,27.92,0
37.08,51.04,168.66,54.52,16.22,47.86,4.15,19.0,1
3.82,43.93,116.65,42.27,23.7,67.01,5.79,34.7,1
0.64,18.7,56.17,41.68,1.92,81.18,3.52,30.23,0
0.0,7.01,12.51,42.31,11.51,101.3,2.11,35.71,0
1.3,8.39,26.18,20.41,6.46,19.55,2.83,30.07,0
16.17,22.71,37.34,18.37,3.18,28.85,2.46,35.25,0
17.14,71.28,114.43,33.86,14.53,52.26,3.83,26.22,1
9.35,10.78,36.11,26.26,8.07,58.78,2.34,27.72,0
3.52,9.24,60.88,32.56,3.23,74.93,3.33,32.18,0
9.88,20.78,68.83,51.76,8.92,37.51,4.53,32.11,0
6.29,17.14,34.87,32.3,6.61,127.55,0.79,29.63,0
3.83,13.68,35.97,26.71,10.19,47.86,1.63,25.86,0
8.84,32.9,72.27,51.66,17.27,192.88,2.15,21.08,0
3.25,22.84,58.01,32.97,8.07,37.54,3.75,25.78,0
8.78,16.99,38.24,39.16,13.53,120.76,3.25,28.35,0
10.53,20.83,107.31,33.84,0.54,54.69,4.51,25.32,0
13.62,98.14,100.92,52.43,0.43,48.05,3.81,25.32,0
0.0,20.24,24.15,26.98,7.11,22.88,0.2,20.0,0
21.37,21.67,58.18,31.74,16.06,42.83,3.16,25.66,0
5.18,12.24,73.51,20.33,10.19,21.27,3.65,29.27,0
34.81,44.71,64.04,29.92,2.66,34.21,3.6,25.86,1
16.28,84.91,92.44,27.78,2.87,40.18,0.36,31.11,1
0.75,11.28,16.24,29.26,16.78,95.37,2.8,32.91,0
11.8,23.05,30.94,20.98,3.73,82.16,3.56,21.59,0
19.9,22.36,34.5,15.39,4.41,70.98,3.04,27.17,1
4.17,20.63,27.81,34.73,4.54,25.74,0.2,33.22,0
0.47,29.43,128.16,38.74,3.36,263.5,4.54,32.59,1
0.0,15.51,17.77,20.64,20.56,180.26,2.53,32.75,0
0.0,10.44,36.97,53.84,9.32,118.52,1.66,33.88,0
5.33,18.69,36.98,25.08,3.49,13.12,0.99,26.98,0
0.07,28.03,59.52,43.43,6.52,47.57,4.11,22.85,0
1.75,14.07,25.79,18.27,5.44,39.47,0.2,31.98,0
35.53,48.06,75.15,39.65,15.99,25.68,3.83,28.39,1
10.59,32.75,38.94,36.59,9.89,53.88,3.42,22.59,0
0.64,9.46,33.22,14.01,2.31,57.84,2.0,24.03,0
50.31,56.79,107.08,30.11,8.63,68.37,4.62,15.95,1
8.7,11.32,68.46,46.65,8.31,20.52,3.78,27.44,0
0.62,14.66,71.25,32.56,0.96,57.71,3.36,25.58,0
11.33,19.92,81.18,38.62,1.01,109.08,2.72,30.43,0
2.87,34.52,39.99,41.02,2.89,28.64,2.9,21.47,0
0.0,12.53,24.22,40.56,29.74,50.63,2.79,30.87,0
7.46,36.28,60.06,28.93,4.28,65.93,3.91,29.98,0
1.83,26.63,107.71,41.99,2.96,28.83,5.49,28.97,0
1.98,4.21,51.97,28.55,9.99,95.44,3.55,30.59,0
7.06,11.82,14.32,25.44,7.28,25.86,3.28,25.26,0
0.26,57.68,121.59,38.72,5.13,13.95,4.84,38.05,0
33.55,42.5,83.2,34.43,9.74,237.13,2.97,31.78,1
17.16,37.98,82.11,55.94,1.66,35.79,5.13,19.2,0
0.0,13.9,57.03,29.34,4.46,44.26,0.97,34.77,0
15.44,17.76,38.02,6.72,7.52,12.62,1.14,35.39,1
2.73,9.78,14.08,24.84,18.95,188.78,0.2,29.61,0
14.9,20.62,80.2,21.76,8.32,79.55,2.9,23.46,0
1.09,28.17,37.45,33.92,8.03,19.92,2.76,30.24,0
20.77,27.77,46.86,30.74,7.38,35.88,2.48,37.61,1
31.39,54.0,88.08,58.05,11.9,47.62,3.14,32.73,1
2.63,6.64,19.45,37.06,12.51,20.81,1.35,21.03,0
2.63,3.26,15.12,8.0,2.24,29.75,1.5,33.4,0
0.0,16.78,29.33,17.79,36.88,132.72,3.79,28.34,0
18.23,39.82,84.91,35.67,3.48,37.18,2.41,18.1,0
2.23,13.1,28.56,31.72,3.77,66.55,1.63,31.92,0
2.4,18.54,27.81,37.69,8.57,65.95,4.11,34.35,0
16.89,20.07,43.15,36.96,4.04,41.48,3.07,19.29,0
0.1,11.73,51.16,37.79,13.22,29.93,2.74,22.91,0
6.52,38.18,75.41,32.4,13.26,83.09,4.9,24.95,0
26.53,85.36,89.32,35.98,6.32,21.66,4.29,30.09,1
3.05,17.48,66.52,38.51,7.93,64.72,2.92,19.82,0
0.0,20.02,27.83,32.28,7.46,92.21,4.55,31.72,0
0.73,33.15,50.91,37.2,5.04,69.59,4.03,30.62,0
0.98,18.23,52.58,25.38,12.72,25.86,2.16,27.84,0
0.42,21.49,37.1,30.31,5.45,20.16,2.74,28.5,0
4.16,50.17,152.74,58.1,11.68,116.94,7.11,22.46,1
45.93,66.21,79.21,32.18,24.23,136.91,3.36,34.66,1
11.45,22.66,43.6,36.4,18.64,47.57,0.55,33.55,0
4.85,50.25,112.25,34.86,9.16,28.19,5.01,26.71,0
5.52,24.26,48.33,32.09,8.4,45.61,4.65,20.85,1
1.54,6.01,91.85,45.22,3.18,27.01,4.37,32.06,0
5.49,17.9,47.58,39.9,11.02,65.97,3.42,23.97,0
25.47,89.35,98.74,32.87,4.11,70.45,3.42,23.21,1
6.82,41.14,128.21,17.38,7.61,68.5,4.73,28.0,0
18.11,27.28,63.78,47.41,15.41,40.15,1.52,27.83,0
15.78,53.45,88.24,50.53,21.39,59.6,5.53,25.83,1
44.16,56.44,94.35,22.45,12.73,45.09,4.08,25.92,1
15.49,22.73,189.6,59.73,11.93,19.14,5.99,26.16,1
41.6,73.8,91.45,40.49,20.06,163.44,4.11,22.02,1
19.48,24.19,69.66,48.49,8.77,38.59,4.09,34.27,0
9.15,16.56,31.7,41.55,1.8,16.22,3.08,28.67,0
18.01,34.99,60.07,43.0,7.37,86.81,3.58,26.82,0
19.56,39.05,64.28,32.38,7.71,142.53,5.07,36.25,1
20.07,48.59,91.07,17.92,4.89,39.84,5.59,36.77,1
2.89,8.77,19.33,32.03,7.3,53.08,4.26,30.75,0
11.28,28.53,77.5,27.19,11.9,88.64,4.18,25.34,0
3.35,4.4,9.31,10.22,2.13,430.56,0.2,33.48,0
2.36,3.79,56.3,60.05,13.11,58.31,3.41,35.68,0
1.52,9.29,13.78,20.75,7.75,34.77,1.71,27.54,0
0.0,28.5,45.43,37.03,17.92,43.71,3.06,33.4,0
10.61,33.89,71.87,44.34,1.54,51.17,2.41,21.0,0
1.99,14.23,56.21,37.95,7.2,17.55,1.21,29.02,0
3.06,5.14,39.43,5.63,13.29,42.79,2.02,31.9,0
4.85,24.16,78.04,50.94,5.12,14.61,4.43,21.27,0
12.66,109.98,135.72,46.31,5.93,142.64,5.24,24.11,1
8.85,23.95,42.29,35.8,10.43,13.51,3.04,24.78,0
8.35,13.08,41.55,25.07,11.8,72.1,3.5,28.81,0
0.0,14.11,27.37,21.21,12.01,26.1,3.76,18.49,0
18.47,21.1,63.11,27.42,20.9,34.37,3.47,38.59,0
32.96,42.04,74.75,29.75,2.59,34.13,3.46,26.07,1
8.07,34.84,86.67,33.34,4.11,34.65,4.29,30.35,1
0.0,43.04,56.66,45.04,2.89,339.73,2.58,26.19,0
2.5,13.99,40.9,27.64,5.39,87.59,2.02,38.33,0
0.13,3.94,24.55,33.76,5.45,91.45,3.86,22.77,0
29.59,57.71,63.41,29.84,5.77,94.56,3.18,36.04,1
3.03,21.53,35.56,34.3,0.63,54.48,2.17,31.08,0
8.55,22.42,50.37,32.69,7.13,36.33,3.43,33.05,0
4.54,20.87,32.8,24.68,1.98,32.15,2.16,38.95,0
12.02,23.97,24.61,16.29,4.15,86.33,1.62,36.94,1
0.87,15.94,30.04,33.25,4.04,30.82,1.9,36.72,0
8.13,25.67,58.81,25.51,7.07,69.08,1.59,33.38,1
3.09,22.16,50.32,37.5,11.54,35.77,1.65,22.61,0
20.94,36.99,180.48,39.67,8.5,9.25,7.04,24.78,1
0.0,6.54,36.83,24.43,34.35,54.65,2.94,24.39,0
3.78,60.23,72.95,16.96,2.68,67.5,4.55,23.43,0
19.04,33.49,79.82,28.53,14.25,35.52,2.14,28.2,0
16.9,18.79,62.68,30.75,18.29,72.1,3.44,31.36,1
0.0,12.52,40.1,43.26,13.47,80.36,3.33,39.27,0
15.06,28.25,31.95,42.95,10.48,92.08,2.32,28.16,1
0.52,7.87,36.32,39.86,16.02,69.15,0.2,28.19,0
1.69,6.85,49.0,37.93,6.54,67.09,3.63,26.35,0
18.02,35.51,87.55,40.54,19.22,81.75,3.7,33.65,0
3.64,20.94,44.03,26.36,2.6,46.76,2.09,38.4,0
0.0,4.49,34.42,28.27,10.96,11.31,1.2,27.35,0
0.0,17.68,23.56,22.47,10.38,28.38,2.57,36.37,0
6.63,28.1,86.1,48.28,11.16,37.47,3.55,14.64,0
3.42,7.4,30.64,26.0,16.14,44.51,5.1,35.06,0
3.31,15.39,41.17,41.52,21.42,114.34,2.59,24.95,0
11.79,67.73,132.4,33.51,12.91,66.9,6.05,22.37,0
9.49,34.83,57.77,47.89,12.51,62.9,3.46,21.62,0
3.89,29.31,60.55,27.92,5.92,48.03,2.15,29.07,0
17.19,42.9,58.6,30.34,4.69,28.43,3.9,30.11,1
11.9,48.47,103.17,43.78,8.29,70.04,2.95,36.3,0
8.82,16.41,78.79,25.0,12.2,80.84,2.48,23.41,0
2.46,4.81,11.16,26.54,11.22,115.59,1.51,26.44,0
19.98,31.79,72.46,32.37,0.48,31.28,3.8,29.67,1
3.23,12.69,23.17,39.33,10.42,201.95,0.52,23.32,0
3.81,14.25,73.46,30.86,7.61,128.09,3.71,18.85,0
30.19,57.17,87.53,51.56,10.76,23.1,3.48,31.89,1
0.71,8.54,44.76,33.18,4.26,70.24,2.82,42.68,0
0.66,58.58,113.65,35.92,27.71,92.18,4.82,35.02,1
4.08,5.63,15.92,29.95,15.16,146.29,1.12,28.91,0
0.0,39.24,64.8,36.65,6.62,50.84,2.87,26.51,0
0.04,3.02,11.78,17.26,5.87,170.68,0.52,31.45,0
29.41,55.53,105.27,37.66,12.05,43.52,5.25,33.01,1
3.96,28.94,36.86,31.56,7.71,85.95,2.1,21.49,0
9.18,21.33,41.39,42.67,14.96,91.49,3.02,25.63,0
0.0,28.36,45.13,44.28,8.22,93.27,0.2,24.92,0
0.4,7.38,72.92,33.67,14.36,95.07,3.6,21.43,0
33.12,38.89,114.37,51.19,13.44,36.93,6.68,24.73,1
0.0,26.56,69.02,51.16,7.92,33.01,4.4,33.08,0
9.53,19.09,52.68,29.3,3.33,37.91,2.43,28.86,0
0.0,53.14,60.76,29.36,0.64,27.24,3.13,29.27,0
3.86,30.39,53.37,32.01,14.24,33.2,3.43,37.08,0
16.66,37.02,85.16,47.03,2.77,114.48,5.02,25.14,1
6.13,16.45,39.31,37.13,6.58,27.18,2.42,34.56,0
4.47,9.07,43.83,30.97,9.36,64.16,3.26,27.04,0
12.98,47.1,48.53,37.85,16.15,82.32,1.12,31.55,0
7.98,41.8,53.52,20.55,4.28,49.03,0.71,25.47,0
5.57,13.36,56.95,23.81,14.81,128.27,2.34,31.55,0
2.58,6.41,13.53,33.68,9.54,19.85,4.54,33.44,0
4.2,20.66,33.31,12.35,1.87,34.57,1.13,31.42,0
2.42,17.99,20.83,21.69,8.71,160.47,2.58,17.45,0
5.68,35.63,62.37,45.58,3.29,52.41,5.98,30.93,0
9.92,22.03,34.45,33.2,1.41,62.94,2.04,31.23,0
0.0,48.46,119.31,52.12,15.69,22.58,5.69,28.85,1
1.36,24.44,61.76,34.13,2.44,22.57,3.26,19.65,1
12.53,66.86,104.37,64.14,4.52,69.02,3.88,27.36,1
14.3,17.93,27.59,45.74,16.12,149.56,2.71,25.97,0
25.71,43.59,73.07,31.71,12.15,25.72,3.26,39.33,1
6.3,51.74,58.14,11.56,5.88,84.53,2.47,42.92,0
1.11,5.27,18.17,23.23,6.17,113.28,0.2,25.8,0
1.44,33.45,119.54,68.51,7.93,31.64,3.84,33.56,0
6.02,8.27,17.48,28.3,1.9,97.23,1.14,29.34,0
0.39,4.96,26.14,16.91,1.06,180.02,2.64,28.41,0
24.1,28.02,45.85,34.98,8.54,114.76,3.09,21.75,0
2.38,7.37,66.19,31.95,12.24,37.55,3.67,23.24,0
21.0,49.67,57.69,24.41,2.57,42.25,2.37,30.59,0
0.0,11.91,42.18,15.49,6.58,116.31,3.06,24.38,0
4.23,18.81,21.26,23.26,15.23,142.74,3.73,28.52,0
3.21,10.18,44.06,30.68,7.86,22.89,3.84,30.82,0
0.0,15.76,70.78,45.59,12.45,101.05,2.84,20.83,0
3.7,47.76,70.93,36.1,4.72,32.14,3.57,28.5,0
7.94,12.2,40.89,33.06,8.95,16.56,3.93,28.97,0
0.0,135.85,167.68,41.31,18.9,25.72,6.23,33.63,1
11.02,24.07,35.18,26.16,4.62,94.59,1.29,28.78,0
8.82,15.26,35.34,31.07,4.34,23.44,2.03,26.11,0
5.48,9.36,19.61,26.11,5.26,69.65,0.63,29.41,0
13.62,34.74,68.01,38.98,3.31,40.59,2.99,39.86,0
14.63,33.43,43.19,24.55,6.4,25.93,2.98,26.8,1
59.64,64.48,84.43,44.89,7.64,89.26,3.16,35.78,1
0.0,38.23,46.47,44.99,13.08,25.05,3.4,22.65,0
27.47,51.51,69.78,19.14,7.2,100.21,3.5,18.01,1
17.52,54.29,63.83,33.63,8.05,77.54,4.03,31.78,0
8.81,49.9,56.8,50.13,8.92,23.63,3.89,21.91,0
0.01,3.8,33.38,14.03,4.88,115.87,2.83,31.37,0
2.77,43.57,86.14,31.54,8.29,31.53,2.73,28.3,0
1.99,29.02,94.46,49.67,2.31,163.68,3.99,32.02,0
4.67,28.32,39.41,32.95,26.51,135.73,2.97,34.58,0
13.06,25.62,43.3,31.54,10.6,25.55,4.77,29.19,0
22.87,61.92,102.01,29.12,12.67,58.26,5.18,22.47,1
34.83,78.48,101.59,45.86,6.51,36.48,3.95,34.38,1
2.82,25.04,72.32,47.27,2.51,109.5,3.16,16.26,1
7.16,30.89,60.38,37.87,21.55,27.64,3.97,23.4,0
0.62,69.55,83.11,33.12,6.82,110.28,3.75,29.84,1
18.33,18.66,35.74,29.14,6.13,111.8,2.48,29.48,1
9.51,56.84,80.47,29.73,1.58,207.54,3.06,21.8,0
4.0,20.47,33.98,27.0,6.7,113.06,1.64,29.94,0
0.0,50.41,62.12,20.83,15.95,35.46,1.93,22.35,0
7.3,14.01,53.51,29.23,4.03,212.7,4.01,30.45,0
8.33,30.05,62.34,41.84,3.82,151.46,3.64,26.13,0
0.0,21.35,22.32,28.9,7.67,37.26,1.35,18.77,0
7.06,32.64,101.82,39.61,6.53,37.85,4.37,27.92,1
32.19,45.34,57.0,26.13,5.74,69.17,2.57,39.0,1
20.26,30.2,72.52,37.67,4.08,138.31,3.4,36.89,1
4.2,29.73,53.49,36.46,6.44,42.6,2.94,43.0,0
3.19,31.27,67.8,28.94,11.85,29.69,2.99,30.7,0
1.23,16.22,47.55,27.8,1.67,36.71,2.4,26.73,0
0.8,25.32,39.03,17.29,16.25,90.37,2.67,30.56,0
3.64,60.58,72.45,43.81,14.08,19.51,5.35,35.98,1
40.96,58.48,65.66,50.44,5.62,67.5,2.71,27.0,1
3.14,4.39,37.89,26.32,13.32,38.19,0.2,25.44,0
5.69,28.19,74.69,42.53,5.1,216.14,3.03,25.22,0
0.0,4.6,18.37,36.98,16.31,22.27,2.68,27.2,0
11.51,32.12,63.38,34.21,5.33,28.98,3.37,29.89,0
5.55,39.37,46.35,36.71,5.2,14.21,3.53,36.92,0
2.79,17.18,51.79,25.87,0.66,117.8,1.57,31.06,0
0.12,30.96,37.9,38.35,4.98,30.14,3.99,26.86,0
0.99,32.55,90.95,34.11,4.17,287.93,4.68,19.73,0
2.41,43.79,77.96,39.98,10.13,75.21,1.58,35.38,0
2.76,66.25,88.19,44.27,7.31,15.55,2.06,30.87,0
0.09,50.71,78.44,39.75,6.66,44.37,3.79,35.94,0
4.81,5.53,38.27,38.7,7.41,44.77,2.87,39.62,0
7.52,17.11,20.7,17.3,22.2,17.47,3.21,24.46,0
13.87,20.36,52.53,38.16,3.85,149.05,4.51,30.21,0
30.62,57.87,70.5,34.63,1.2,42.96,1.55,29.22,1
0.0,14.54,46.3,32.42,6.39,168.68,3.22,20.08,0
9.02,16.56,65.07,34.59,9.66,14.19,3.4,20.95,0
3.43,13.27,31.1,28.32,2.44,75.41,1.91,26.75,0
0.0,11.13,54.28,46.47,32.86,89.9,1.66,26.46,0
1.54,32.27,89.08,44.75,20.79,27.92,1.24,22.93,1
12.37,15.01,45.6,9.16,14.89,75.38,2.92,38.02,0
10.65,18.23,42.09,38.47,6.44,73.99,2.0,24.62,0
6.62,37.0,63.22,39.85,20.08,31.62,3.16,35.28,0
1.09,39.64,51.5,26.71,5.78,34.72,4.25,27.87,0
23.68,47.89,111.95,46.03,1.33,36.4,4.78,28.84,1
0.0,27.31,61.0,34.54,8.04,63.5,1.53,33.79,0
2.87,22.45,57.13,36.0,15.2,43.79,3.65,26.08,0
3.97,27.9,88.05,32.04,4.54,224.77,4.34,21.58,0
4.96,6.62,23.84,16.05,11.95,21.04,3.15,14.37,0
47.63,70.84,77.94,49.32,4.9,30.82,4.78,27.16,1
28.38,35.29,57.99,29.9,8.51,22.29,2.76,21.08,1
10.26,37.77,117.22,37.76,1.36,55.74,5.77,32.77,0
5.61,19.04,82.08,42.65,2.42,139.05,2.65,24.24,0
5.51,51.92,58.36,30.28,5.48,110.54,2.57,21.69,0
13.38,33.73,47.31,34.76,15.85,65.95,2.91,32.11,0
19.56,25.82,78.06,30.52,2.15,48.29,2.57,22.45,0
0.0,4.15,35.96,35.1,3.2,52.14,2.12,26.94,0
30.88,37.93,66.66,44.5,5.69,173.53,1.58,34.64,0
9.68,25.59,45.78,34.06,5.15,116.8,2.85,21.86,0
1.97,45.97,60.26,25.32,13.5,20.03,3.3,30.2,0
4.52,15.28,32.63,33.77,14.62,89.44,0.2,28.63,0
10.3,32.77,38.77,24.56,10.32,54.93,1.34,25.89,0
10.88,14.67,52.39,35.37,13.95,17.61,3.33,37.37,0
0.14,27.03,42.89,14.56,5.59,45.94,3.88,24.07,0
5.2,19.25,55.42,42.25,13.81,126.96,4.29,20.13,1
7.49,29.71,35.0,33.09,6.66,73.75,1.86,25.97,0
19.86,69.26,94.06,41.86,0.3,23.86,3.77,32.32,1
0.0,17.76,66.77,44.72,12.2,120.65,2.48,20.38,0
6.02,10.43,43.64,16.79,7.84,69.7,1.12,31.69,0
1.71,20.67,38.95,23.93,0.99,94.2,3.18,32.28,0
10.02,28.41,37.1,27.49,9.98,19.33,1.89,24.79,1
45.63,76.51,106.05,21.5,12.27,25.86,2.72,30.73,1
17.64,35.19,88.39,41.37,14.52,91.15,5.86,33.84,0
11.08,58.9,129.17,36.02,1.93,60.07,2.64,31.64,1
14.75,46.74,82.76,49.38,5.72,100.89,3.66,35.89,1
26.57,44.48,59.8,26.64,11.71,65.47,4.64,26.64,1
16.09,32.19,52.79,43.46,7.46,102.57,4.39,26.58,0
32.97,38.48,70.6,27.38,16.39,9.18,3.81,17.41,1
6.88,18.7,47.56,43.18,2.2,35.83,4.24,15.87,0
9.56,12.32,16.86,25.47,3.05,55.27,1.05,25.59,0
21.94,36.31,117.14,37.46,6.3,146.43,3.79,22.78,1
43.78,45.78,70.08,52.33,0.68,44.44,4.53,31.61,1
2.85,21.13,45.34,40.81,0.72,68.11,4.27,22.88,0
20.81,25.78,32.2,28.66,6.84,111.14,4.19,22.85,0
2.5,25.29,43.4,16.73,10.11,25.65,2.76,30.91,0
8.64,25.68,68.33,27.22,3.96,45.21,2.97,19.63,0
0.0,9.88,56.7,35.15,16.73,38.01,3.63,30.49,0
2.53,6.08,42.14,26.5,2.86,42.1,0.96,29.3,0
8.11,23.92,35.24,21.93,17.33,25.55,1.67,32.29,0
11.77,26.52,80.89,36.57,10.4,28.86,2.66,26.89,0
11.03,72.14,85.34,46.6,19.76,154.23,3.24,42.33,1
18.31,29.56,41.83,47.95,7.3,37.81,3.26,18.49,1
3.37,32.62,48.6,24.6,5.88,16.13,2.48,30.2,0
5.31,13.53,72.01,30.7,7.89,55.03,6.44,34.32,0
5.7,11.69,28.6,39.12,3.02,38.9,3.23,31.09,0
3.84,28.33,61.37,25.47,14.51,84.41,3.81,35.26,0
0.72,11.34,30.35,25.1,8.87,160.74,3.35,20.51,0
6.95,22.39,93.76,41.28,6.27,126.89,2.91,32.41,1
15.45,16.16,45.71,42.48,17.89,109.97,2.33,27.1,0
9.33,17.95,33.76,16.4,6.73,43.61,2.22,21.3,0
3.04,12.83,17.69,26.18,3.61,249.57,1.03,41.11,0
7.13,12.43,48.38,23.34,4.44,63.09,2.22,29.27,0
2.68,14.39,39.05,41.84,3.18,56.09,4.41,28.43,0
12.1,14.44,31.94,33.61,22.73,64.49,1.5,25.44,0
15.98,34.27,42.43,29.91,13.76,73.92,2.14,30.52,0
16.37,28.11,105.44,39.78,5.9,55.06,7.2,28.57,1
4.51,15.5,55.97,38.38,5.13,54.5,4.85,33.02,0
2.8,27.47,77.84,31.06,14.1,45.44,4.99,32.44,0
18.31,23.85,43.8,29.53,3.71,23.12,2.62,32.62,0
3.97,53.17,74.61,32.9,5.52,26.54,1.48,28.81,0
6.98,12.34,97.04,40.01,24.94,51.99,4.79,22.15,1
9.21,41.72,51.58,42.6,2.15,150.46,4.62,31.25,1
6.23,50.01,120.27,37.03,4.74,25.31,4.09,35.03,1
14.02,15.51,80.76,43.85,4.56,280.72,2.32,29.52,0
0.0,7.66,14.15,29.19,5.2,28.82,2.1,42.09,0
10.9,14.63,22.82,26.72,3.82,143.5,2.91,24.16,0
1.25,25.27,118.85,50.28,3.21,82.53,4.83,18.28,0
3.26,12.03,36.16,30.83,7.16,33.23,4.59,22.34,0
7.88,13.62,38.41,34.57,10.05,29.5,1.87,31.93,0
0.0,13.29,44.13,42.28,25.87,85.47,2.03,30.27,0
4.9,20.85,37.63,27.17,1.76,82.24,2.82,27.21,0
3.69,43.09,96.0,36.1,8.0,217.92,4.37,29.76,0
5.31,44.81,51.59,37.84,10.29,170.17,4.43,19.95,0
3.34,10.78,61.64,34.1,1.65,99.12,2.8,31.26,0
7.04,9.89,25.66,37.92,11.26,78.3,4.02,30.5,0
2.48,23.87,36.59,49.11,8.55,62.18,4.87,25.56,0
5.91,18.73,36.45,44.41,4.41,20.09,2.32,26.33,0
7.86,49.64,94.77,31.68,12.18,18.67,5.31,20.74,0
18.96,61.76,80.36,43.81,24.63,83.6,6.02,36.38,1
23.05,45.55,48.03,16.39,2.36,170.53,4.21,30.35,0
0.0,17.76,27.94,32.32,3.11,65.0,1.1,22.85,0
20.38,39.66,77.48,35.13,5.51,13.85,3.35,32.27,0
0.69,18.12,28.68,33.64,7.32,222.06,2.2,32.31,0
5.98,24.92,36.46,30.43,11.87,98.02,1.95,27.08,0
0.0,9.91,22.94,24.46,0.84,47.28,1.18,27.82,0
0.0,8.9,56.17,35.45,18.08,203.46,1.84,27.3,0
43.42,54.17,84.79,48.73,14.42,19.6,4.75,30.84,1
6.2,64.54,122.8,64.69,16.4,37.37,4.62,36.17,1
4.44,5.19,24.27,40.38,10.28,31.75,1.86,23.52,0
9.02,17.86,78.98,44.7,7.31,38.04,5.01,30.96,1
4.61,15.2,17.1,35.67,6.43,79.95,2.92,23.37,0
15.78,37.18,64.43,33.81,2.13,56.0,4.42,24.9,1
8.43,16.77,37.76,30.34,8.72,44.01,3.13,30.11,0
13.3,58.07,76.8,43.65,3.38,163.59,3.94,33.62,1
1.3,38.42,102.01,26.39,0.94,11.6,2.73,34.04,1
17.61,64.18,84.4,42.14,10.11,262.36,2.14,25.38,1
9.49,27.5,67.09,34.44,4.72,65.23,3.36,40.49,0
0.0,42.21,108.84,40.29,22.09,9.27,2.92,25.72,1
0.0,7.42,36.6,21.13,10.26,90.88,6.05,20.2,0
7.24,23.0,38.26,32.85,5.94,55.68,3.62,32.57,0
12.22,13.85,18.65,21.57,16.39,27.29,2.27,23.72,0
0.67,24.46,45.49,34.1,11.95,37.72,2.71,26.05,0
13.97,37.42,72.14,37.2,1.79,57.96,4.88,38.16,0
7.0,25.2,73.88,31.0,2.17,60.52,4.64,30.24,0
6.25,18.86,58.48,44.08,11.54,72.67,2.17,28.46,0
0.0,30.23,42.45,29.74,5.64,26.33,4.35,42.62,0
1.34,42.23,73.55,41.44,20.8,41.97,2.33,19.09,0
5.22,65.54,83.11,29.0,11.05,91.26,2.12,24.85,1
9.78,32.57,40.07,29.07,4.15,78.37,3.24,27.15,1
7.84,22.73,71.89,27.86,3.6,97.45,0.62,22.73,0
0.47,10.2,17.6,28.05,14.87,61.66,3.78,28.45,0
8.48,33.8,64.12,38.15,1.71,61.27,3.67,22.97,0
10.06,17.43,26.19,32.0,10.18,168.39,3.81,29.48,1
3.24,27.25,60.07,49.56,12.14,50.93,1.91,30.09,1
12.74,20.37,47.8,40.72,2.18,208.6,3.62,38.38,1
12.54,27.99,42.19,18.55,2.3,26.07,2.77,25.07,0
41.02,47.59,72.05,43.78,12.64,27.2,2.46,30.34,1
6.31,16.86,23.01,22.29,8.31,222.97,2.52,39.98,0
3.01,25.14,119.86,51.13,11.83,33.43,4.77,26.16,0
0.69,34.01,44.55,16.96,4.97,34.35,1.47,35.48,0
0.0,12.11,54.76,32.08,4.03,26.71,3.33,15.23,0
11.99,14.04,96.39,43.52,14.7,115.51,2.83,29.29,0
10.59,12.74,39.74,22.86,16.73,110.4,1.96,34.99,1
0.0,43.15,89.84,51.23,12.13,86.24,3.82,30.1,0
12.07,98.14,175.7,71.07,11.54,51.3,6.8,30.96,1
7.5,22.11,56.22,33.29,1.25,23.9,1.8,30.16,0
3.91,6.24,24.9,36.03,7.11,20.31,1.93,24.8,0
10.47,16.39,68.44,43.94,5.6,40.75,4.08,31.09,0
31.17,36.39,62.38,29.44,11.41,67.19,2.66,25.28,1
1.18,42.78,46.05,26.62,4.67,57.19,2.58,35.17,0
7.52,18.38,30.26,33.02,27.12,105.52,1.09,23.31,0
11.42,141.25,163.95,64.46,2.93,52.8,6.26,28.27,1
0.0,5.05,63.48,44.25,6.19,143.55,5.18,30.77,0
0.54,6.2,38.85,17.74,2.2,19.7,0.89,25.67,0
0.0,10.81,26.96,40.12,2.3,49.85,2.37,25.21,0
31.01,40.73,74.81,47.45,5.38,37.89,3.32,23.07,1
3.88,40.55,42.69,6.2,15.05,58.25,3.39,24.46,0
8.62,25.42,33.48,37.14,15.31,168.6,3.67,23.4,0
1.14,27.9,108.57,42.78,8.72,22.57,5.23,26.18,0
0.0,20.62,24.83,40.78,7.71,86.7,1.61,33.54,0
4.16,24.76,106.7,51.08,16.05,220.64,4.13,29.77,0
1.08,14.46,112.96,48.2,10.47,76.47,6.38,22.16,0
9.79,48.59,74.43,38.54,5.15,158.6,3.84,32.27,1
14.19,46.96,93.58,43.36,3.87,27.96,2.96,22.94,1
0.0,7.28,19.04,14.32,3.84,110.43,2.75,33.89,0
1.51,12.59,30.4,15.4,10.61,11.37,1.63,27.14,0
1.75,8.21,95.83,45.89,8.76,85.93,3.33,28.19,0
13.98,31.48,99.58,42.07,9.91,26.87,3.09,33.54,0
6.47,28.82,92.87,45.76,4.19,27.17,4.06,34.2,0
0.0,9.81,58.46,30.34,0.31,11.86,2.9,12.65,0
18.81,30.08,36.19,24.34,1.71,72.52,1.91,25.62,0
1.13,8.33,26.02,24.85,7.44,37.9,2.77,27.69,0
2.33,8.13,27.54,22.26,3.25,135.17,0.86,35.82,0
0.32,11.19,72.07,46.08,6.27,105.82,1.85,29.29,0
7.15,20.87,45.93,38.75,3.36,87.49,4.55,26.27,0
3.23,10.32,54.62,38.73,7.23,126.02,2.53,28.77,0
24.38,29.76,40.56,44.3,9.84,66.43,1.18,21.86,1
6.59,77.5,86.52,31.96,13.59,249.05,3.49,19.74,1
0.53,10.75,35.45,19.02,9.21,66.99,1.08,34.14,0
5.65,24.51,39.12,29.22,5.46,87.0,4.87,32.54,0
27.61,53.15,97.64,44.31,4.13,114.01,2.69,28.57,1
0.0,20.6,68.91,29.77,7.57,22.23,3.76,22.23,1
10.46,38.19,52.6,23.68,17.75,80.91,2.56,28.02,0
2.47,20.15,35.03,23.16,9.71,38.32,2.84,21.71,0
0.43,3.41,28.26,36.92,11.22,56.33,1.43,25.38,0
26.11,44.57,116.2,48.89,6.6,41.0,5.16,19.14,1
5.12,17.15,55.6,46.54,8.08,69.02,3.32,30.03,0
5.42,12.2,41.27,44.58,9.39,35.6,2.24,36.0,0
2.55,59.16,76.16,39.87,1.36,27.08,3.24,25.32,0
2.79,4.8,27.13,12.31,7.94,28.04,2.31,29.17,0
0.0,23.24,68.81,38.43,0.71,85.09,3.82,34.85,0
10.28,32.49,82.39,38.92,16.24,159.68,3.57,23.54,0
0.0,46.92,52.9,35.97,15.13,90.04,3.34,22.21,0
16.35,36.52,45.14,26.44,10.66,124.37,3.27,37.23,0
0.0,9.35,53.78,22.93,3.42,108.76,2.04,19.91,0
6.17,7.98,79.78,40.11,12.76,45.58,2.61,23.71,0
1.67,3.97,25.83,15.5,11.14,75.59,0.2,34.57,0
2.55,12.95,47.43,41.4,16.96,62.63,2.53,35.8,0
3.67,45.14,47.41,19.87,10.11,84.55,3.56,35.29,0
8.5,11.33,69.8,18.32,13.82,31.15,4.11,30.0,0
25.43,43.47,71.98,40.26,8.66,173.61,4.07,28.08,0
2.41,40.91,92.98,36.73,3.21,102.42,2.6,17.05,0
0.0,53.33,75.17,19.75,9.8,22.58,4.0,25.19,1
20.56,33.36,97.09,34.11,10.33,41.01,3.62,21.56,1
12.13,46.76,123.9,50.91,9.9,148.55,6.41,26.38,1
0.0,10.33,32.11,32.24,3.04,62.14,2.45,34.96,0
0.0,23.76,77.9,33.91,14.96,269.64,3.41,34.01,0
8.98,33.3,99.87,40.79,10.62,25.59,5.16,23.34,1
7.16,13.55,43.96,30.1,7.91,58.61,3.76,34.14,0
31.37,31.87,59.82,24.2,0.91,243.02,4.15,30.94,1
10.4,27.99,129.4,31.49,7.93,81.83,5.78,24.04,1
1.38,31.68,65.77,33.83,9.53,81.54,3.35,33.94,0
0.45,36.76,63.39,40.88,13.68,114.49,3.09,19.81,0
5.89,27.38,39.45,28.29,20.31,405.18,2.46,33.88,0
0.0,28.82,56.23,36.86,9.04,80.67,0.51,24.03,0
0.0,7.86,47.56,42.47,1.56,28.07,1.85,15.52,0
0.0,38.6,81.9,26.04,7.48,41.06,2.87,30.69,0
1.27,33.5,46.91,38.97,13.98,98.86,4.04,28.32,0
4.99,30.75,55.01,19.57,24.64,58.84,3.23,33.81,0
11.2,19.72,51.94,52.81,1.91,85.61,5.6,30.03,0
21.74,38.09,44.2,27.32,5.23,66.09,2.91,30.6,1
17.91,29.8,72.41,46.43,12.38,26.15,2.41,27.11,1
15.22,27.99,66.76,36.53,10.81,48.03,4.64,17.55,1
2.34,29.95,62.47,26.14,10.1,122.71,4.39,34.74,0
0.55,26.28,56.04,15.36,9.16,18.04,3.34,22.79,0
8.76,10.06,23.83,31.27,5.61,166.61,1.72,38.07,0
9.45,17.78,64.57,36.14,11.54,46.14,5.28,39.89,0
0.0,22.19,43.83,34.36,10.56,72.95,3.73,25.89,1
3.64,16.75,34.86,24.92,12.4,68.07,0.25,26.03,0
0.26,4.97,15.22,27.66,8.78,28.66,3.87,22.51,0
0.0,35.41,57.7,38.7,27.67,87.2,3.81,17.14,0
7.96,138.68,187.54,63.27,2.56,34.66,3.58,21.67,1
14.92,19.61,37.91,30.93,3.57,160.44,4.06,26.26,0
28.84,30.32,57.1,17.3,7.0,96.5,4.19,31.42,1
4.15,54.96,57.9,32.92,4.97,67.93,2.99,23.36,0
0.0,7.21,16.87,22.02,14.34,277.76,1.35,27.25,0
33.52,62.58,68.29,37.93,3.65,24.85,4.06,28.57,1
36.16,43.21,68.71,37.35,2.16,73.66,3.47,28.34,1
66.53,125.61,156.54,55.84,6.85,131.6,8.41,20.62,1
46.05,77.1,90.12,33.02,1.75,80.08,4.28,24.67,1
7.37,14.51,45.81,25.86,11.14,163.23,1.31,31.78,0
5.35,11.33,44.65,41.1,13.47,64.43,2.24,26.55,0
13.32,19.98,45.62,22.59,5.31,58.84,1.35,22.16,0
0.0,10.4,20.82,27.07,12.42,142.27,1.57,24.61,0
1.03,37.66,97.66,40.65,14.78,26.54,6.14,28.41,0
4.25,6.04,85.79,19.95,16.39,608.63,3.37,32.07,0
18.58,26.92,77.52,37.71,0.78,64.6,3.55,32.53,0
19.4,50.99,59.49,34.53,10.95,95.54,2.89,25.23,1
4.65,36.95,42.46,32.4,9.64,60.68,3.82,35.28,0
0.0,39.61,121.55,35.99,9.84,19.34,2.63,21.11,1
14.65,18.07,43.74,21.29,16.42,45.34,4.07,24.75,0
0.0,12.44,138.97,35.14,20.33,21.53,6.1,31.06,0
1.79,9.58,20.67,38.46,9.41,46.39,3.9,38.43,0
7.3,61.6,86.12,40.55,6.41,218.85,3.38,25.34,0
0.0,17.73,115.4,37.13,14.01,73.92,5.54,29.23,0
0.78,6.86,59.22,23.66,12.57,50.39,3.28,38.38,0
17.04,68.96,125.33,33.17,7.58,205.14,4.91,24.3,1
13.34,27.21,37.16,31.01,7.08,130.0,2.48,25.07,0
0.0,17.36,71.09,35.45,5.86,148.5,3.69,26.27,0
8.49,69.59,137.39,32.01,4.66,274.82,5.25,25.49,1
11.83,30.27,38.33,20.49,4.41,41.98,0.2,31.38,0
1.14,43.58,50.52,25.61,8.6,85.67,2.02,24.45,0
3.78,14.36,75.13,44.34,6.05,28.05,3.88,30.49,0
6.17,36.36,62.66,26.88,7.93,21.47,2.31,33.15,1
0.0,19.6,70.06,35.08,3.9,155.22,5.84,25.33,0
0.82,35.46,72.48,44.99,9.36,115.85,3.48,25.12,0
29.83,47.5,52.41,41.5,11.2,29.77,5.14,27.77,1
3.3,20.53,54.44,39.03,11.49,44.65,4.98,29.56,1
6.67,47.47,60.56,47.37,3.44,44.66,3.56,33.23,1
6.82,15.06,20.81,30.03,8.44,49.53,2.49,34.33,0
22.31,31.59,42.37,24.43,7.89,12.04,1.95,31.79,1
14.23,82.61,149.59,63.3,6.49,36.5,5.33,24.54,1
4.74,12.49,23.5,32.94,7.22,91.05,1.85,29.41,0
0.46,11.48,22.51,21.35,10.5,109.78,2.94,22.31,0
2.7,10.52,54.2,38.2,11.11,26.67,2.59,25.68,0
0.0,9.61,35.64,13.22,11.26,43.98,0.8,22.4,0
13.46,16.6,42.52,32.86,3.86,27.6,4.37,21.79,0
8.14,33.72,61.95,15.02,19.5,72.49,3.09,33.41,0
4.25,33.58,35.89,23.26,13.37,70.91,1.29,22.49,0
6.91,7.89,29.97,24.11,3.35,36.93,1.03,21.29,0
27.85,39.53,84.06,27.84,3.85,85.45,4.64,29.21,1
2.59,13.99,31.58,29.63,5.18,55.68,2.58,32.96,0
24.96,29.86,53.38,26.07,11.42,598.93,3.67,25.63,0
0.0,4.74,33.16,30.11,4.76,46.99,2.1,31.38,0
0.45,11.63,75.57,47.31,1.32,111.69,2.76,28.38,0
5.08,45.38,51.45,24.02,16.83,185.27,2.14,30.15,0
4.01,24.26,27.74,35.33,4.59,92.32,3.18,22.22,0
13.59,34.45,55.98,53.59,18.35,87.13,3.51,33.0,1
19.15,28.04,49.09,33.12,13.59,71.88,2.08,26.12,0
4.68,9.67,27.13,14.57,23.62,44.17,2.35,29.14,0
11.41,72.45,118.71,46.97,10.61,7.73,2.88,28.54,0
3.43,42.34,87.04,36.48,5.92,77.91,3.67,29.39,1
9.95,47.06,104.78,53.93,10.52,56.93,3.73,39.4,1
13.45,34.51,42.56,21.05,20.79,91.84,4.34,27.46,0
12.32,46.49,69.76,33.97,5.2,46.39,2.72,28.16,0
6.61,34.07,73.25,33.95,8.1,47.98,6.14,25.24,1
4.99,11.08,18.87,26.21,5.44,14.84,2.4,32.11,0
16.27,78.66,83.19,32.37,10.99,61.41,5.38,23.75,0
20.64,55.25,85.85,38.33,3.89,71.88,2.44,22.8,1
12.68,26.62,69.64,42.75,5.48,16.85,4.75,31.25,0
10.35,14.73,55.6,33.43,3.15,52.81,3.12,29.06,0
11.55,16.29,29.3,35.15,18.2,76.35,2.92,24.26,0
0.0,21.11,39.89,40.39,25.69,10.87,3.09,31.66,0
33.01,47.92,71.85,32.93,13.58,291.38,2.51,26.76,1
11.29,20.82,43.43,16.03,13.05,79.85,2.66,26.72,0
5.4,25.91,68.54,31.95,6.13,46.72,2.52,24.47,0
11.8,28.22,43.85,20.69,2.85,42.51,2.86,42.32,0
11.72,24.98,59.01,43.61,2.06,21.82,4.17,33.42,0
13.78,18.88,34.68,30.31,22.63,84.16,1.47,38.0,0
14.41,30.79,108.74,47.47,6.25,130.22,3.91,30.56,0
5.14,49.94,57.79,39.29,8.67,21.86,5.65,31.05,0
0.13,4.64,8.1,36.16,10.95,137.58,2.66,24.27,0
1.27,43.77,46.18,40.63,11.04,51.07,3.6,38.21,0
28.39,72.27,99.6,30.82,10.66,49.8,3.06,28.03,1
19.58,38.98,58.52,26.48,5.89,300.47,2.55,22.24,0
5.09,24.51,49.13,32.14,12.85,53.96,4.46,25.56,0
13.08,30.81,61.8,48.52,7.89,104.74,4.2,18.58,0
6.28,29.16,38.62,18.16,9.5,71.12,3.44,27.68,0
1.99,13.61,27.82,29.14,2.96,16.89,1.44,22.76,0
10.49,37.25,71.41,42.31,6.23,26.81,4.4,33.07,1
7.3,8.71,46.13,28.95,3.87,78.71,1.0,28.34,0
10.83,87.46,128.91,60.79,2.16,46.74,2.35,30.67,1
27.57,58.4,100.02,34.27,5.85,53.43,3.66,32.81,1
6.52,27.1,33.78,26.76,7.23,77.96,2.84,27.54,0
0.73,30.73,115.28,48.78,2.79,13.5,5.52,34.63,0
0.0,17.84,50.68,29.78,6.84,26.81,5.62,35.48,1
1.24,29.57,44.52,36.58,9.72,53.91,2.68,26.16,0
3.15,20.96,74.54,48.9,0.84,38.04,2.58,26.8,0
0.0,11.93,31.26,26.4,9.06,36.17,3.19,30.17,0
8.56,33.08,97.42,18.02,6.97,116.41,2.01,24.79,0
10.77,31.65,46.79,44.44,2.39,47.53,2.28,21.43,0
12.92,39.25,61.37,46.53,15.3,21.76,1.51,28.45,0
3.01,13.27,23.2,11.87,12.25,225.57,1.56,22.14,0
52.01,54.22,76.44,36.27,1.61,104.24,5.55,25.68,1
7.35,27.13,39.79,31.55,9.36,147.59,2.51,32.9,0
0.0,29.57,47.78,28.69,17.59,30.68,2.75,23.64,0
1.46,63.6,132.0,49.17,7.43,51.52,4.21,26.83,1
2.9,26.92,51.01,33.39,4.99,12.19,3.02,28.53,0
15.52,22.58,92.48,38.65,8.52,91.67,4.03,34.02,0
4.65,45.47,64.83,37.61,6.11,157.91,2.61,30.94,0
8.28,26.88,115.66,60.07,7.2,32.13,3.13,15.44,1
13.9,55.1,88.29,31.3,1.91,20.66,3.86,27.22,1
3.9,13.81,21.77,21.3,6.73,23.81,3.2,24.68,0
3.52,18.73,37.84,38.52,8.42,94.93,4.83,27.64,0
3.04,34.23,63.02,41.83,8.43,172.47,5.28,32.89,0
1.09,35.28,55.9,23.62,32.88,155.51,2.61,26.81,0
0.0,22.46,36.97,24.17,3.2,57.08,1.36,38.48,0
0.0,25.82,54.98,29.41,10.78,13.26,3.29,33.41,1
5.56,39.07,70.39,30.73,2.42,210.8,2.78,31.85,0
7.36,24.13,67.47,25.79,2.86,21.15,3.91,21.87,0
14.53,33.3,87.43,51.6,6.88,54.62,5.2,25.18,1
2.63,63.68,105.57,35.16,15.1,89.13,3.35,31.8,1
12.5,22.71,38.65,33.71,4.66,15.35,3.54,22.26,0
4.5,8.18,67.08,35.49,3.86,140.4,3.25,21.17,0
10.22,29.1,42.07,32.3,7.0,173.32,2.68,31.54,0
0.68,19.16,66.32,38.58,7.33,46.73,2.34,28.57,0
5.06,10.2,35.52,24.87,20.31,35.94,3.92,30.05,0
2.11,19.61,31.62,30.52,6.63,107.17,0.2,21.13,0
0.0,3.7,13.75,6.94,2.17,71.81,1.68,24.91,0
1.51,10.96,41.29,19.87,8.96,153.05,2.32,29.85,0
1.79,25.6,33.37,31.82,1.92,96.67,1.85,30.54,0
0.0,3.96,33.39,27.54,15.25,226.46,2.23,31.16,0
7.77,21.35,57.18,22.81,9.21,54.88,1.11,23.66,0
16.68,18.06,90.19,35.57,17.88,43.38,2.41,27.89,0
14.68,25.06,36.13,38.47,8.31,82.78,2.28,27.98,0
7.51,48.23,74.85,55.47,3.27,54.73,2.48,19.18,0
24.72,105.87,158.92,36.86,17.57,62.86,4.56,36.12,1
5.42,20.34,32.48,19.42,2.6,79.77,3.2,24.81,0
1.9,24.89,60.9,51.81,12.85,90.38,4.77,30.88,0
14.23,19.64,66.46,33.98,0.99,34.72,2.19,31.0,0
6.43,28.37,52.33,38.83,4.12,26.25,1.76,28.03,0
8.67,54.69,84.16,40.29,17.2,19.87,0.83,30.73,0
0.1,17.64,39.87,34.69,22.75,86.64,2.38,22.73,0
5.62,42.65,99.43,31.94,7.47,88.49,4.7,27.81,0
2.01,11.47,86.03,39.02,2.47,83.07,2.99,26.48,0
2.53,4.88,25.91,26.67,13.93,61.9,2.5,35.64,0
13.4,25.82,38.93,38.44,11.43,78.5,3.2,24.79,0
6.64,15.81,49.67,46.93,5.16,27.63,4.11,22.37,1
0.0,35.21,52.09,27.84,12.36,271.92,2.72,28.64,0
0.73,36.38,61.02,37.9,4.75,58.37,3.41,27.74,0
11.63,16.63,92.54,40.79,2.52,89.63,3.6,26.57,1
21.15,45.91,63.07,38.79,9.12,80.72,3.34,32.23,1
1.42,31.92,38.13,34.39,9.26,29.51,0.86,26.99,0
6.79,17.58,41.59,40.0,8.46,114.65,2.62,27.39,0
32.92,51.77,60.38,29.54,14.0,25.7,2.18,26.17,1
3.91,31.69,48.37,17.4,15.5,100.23,3.31,32.36,0
22.28,60.6,66.08,29.23,10.17,73.96,5.88,23.52,1
5.55,24.8,100.42,36.55,1.74,72.55,6.06,28.35,0
15.08,38.61,101.05,51.73,2.31,30.37,5.24,24.31,0
15.14,45.35,108.12,49.31,4.51,75.77,4.37,32.05,1
10.85,15.86,58.05,49.48,7.76,45.74,3.29,39.44,0
32.09,33.01,79.12,37.43,14.77,39.7,3.75,30.12,1
8.16,35.3,46.61,40.64,15.14,53.92,2.28,23.82,0
4.58,24.28,33.44,30.64,3.28,83.81,3.28,24.91,0
6.51,11.0,35.26,22.51,8.16,110.89,2.7,38.1,0
0.0,28.62,39.82,22.58,7.02,16.77,0.34,28.11,0
23.51,27.88,50.48,5.32,7.09,19.19,2.93,30.62,0
0.36,18.75,36.55,35.17,2.92,255.57,2.4,18.89,0
6.0,33.56,36.82,44.69,8.23,23.92,0.71,23.92,0
17.19,52.83,118.22,50.12,4.28,106.0,6.81,24.23,1
1.88,14.32,30.54,33.04,11.8,84.5,1.63,28.59,0
2.87,36.7,59.23,44.27,2.93,60.8,5.08,20.48,0
0.0,14.01,29.41,21.13,7.46,56.88,1.06,30.27,0
0.0,7.0,51.81,34.38,5.23,59.24,2.56,22.55,0
1.4,10.82,14.71,25.0,12.6,21.99,1.04,32.71,0
0.0,10.96,44.86,37.13,6.01,119.51,2.52,41.19,0
14.89,44.9,45.95,28.23,9.22,95.4,3.61,27.83,0
4.51,27.39,156.98,66.24,4.19,63.27,6.54,16.86,1
2.99,12.54,87.56,52.04,11.23,106.08,2.85,27.65,0
0.0,24.35,36.46,17.08,6.75,51.04,1.09,18.52,0
15.15,19.43,27.01,48.41,20.96,79.71,2.86,25.2,0
12.97,38.15,123.31,46.81,9.22,30.04,4.23,26.03,1
19.18,48.14,94.87,41.32,7.22,62.05,3.06,27.65,1
0.0,3.46,19.63,33.63,8.88,108.02,1.76,24.1,0
21.89,53.65,75.6,44.98,9.47,66.43,3.26,32.37,0
1.59,15.75,21.81,16.44,2.46,89.85,0.2,24.38,0
4.32,18.55,31.01,38.24,5.24,66.02,1.93,23.02,0
3.85,7.35,34.07,27.19,4.52,85.41,3.83,25.29,0
12.26,48.49,53.59,53.24,22.66,27.51,1.51,30.95,1
0.0,36.44,44.73,12.45,2.22,71.73,2.4,29.32,0
22.29,72.83,86.24,36.6,7.02,43.14,3.43,26.28,1
0.0,39.27,43.89,25.76,7.02,59.09,3.42,26.47,0
30.16,49.69,128.76,47.42,9.07,51.16,6.97,18.23,1
5.67,27.34,79.55,35.59,10.34,31.41,5.31,27.21,0
6.33,7.02,14.27,23.01,6.16,105.01,0.2,27.35,0
9.58,24.69,39.23,16.04,3.35,59.79,1.47,21.57,0
0.0,14.67,81.11,34.07,12.45,31.76,3.44,22.35,0
19.91,26.57,32.76,37.18,2.48,35.49,4.57,31.37,0
8.41,24.05,60.29,38.18,6.5,203.21,0.48,30.63,0
6.75,14.74,72.66,35.21,6.84,31.55,3.58,21.4,0
8.91,45.52,57.45,28.02,9.33,78.17,4.31,27.57,0
0.74,18.78,71.59,29.97,3.7,129.28,2.42,32.2,1
4.53,13.52,31.75,21.46,13.79,63.25,4.25,30.99,0
9.42,46.0,81.31,33.73,10.73,11.77,3.1,32.18,0
8.52,12.73,33.7,33.32,9.65,52.15,3.09,20.5,1
0.0,66.34,69.85,38.34,4.03,65.17,5.29,21.12,1
0.0,20.16,40.54,25.32,2.01,108.98,3.15,36.47,0
7.5,22.32,25.96,17.21,10.44,196.46,1.2,29.29,0
33.19,35.76,108.53,55.88,24.63,14.41,6.49,24.71,1
34.38,50.93,58.29,30.16,8.07,91.7,4.73,32.73,1
18.19,31.87,56.57,25.64,30.65,48.19,3.11,34.44,0
0.0,27.13,71.62,37.86,2.36,79.42,4.02,31.37,0
5.25,19.95,59.2,30.93,8.13,206.54,2.36,36.04,0
0.0,4.43,16.72,38.54,0.76,55.3,3.33,31.74,0
0.0,12.88,26.4,22.56,3.4,38.72,0.2,24.99,0
0.0,8.04,51.15,23.07,13.09,76.1,2.49,27.08,0
0.0,4.18,24.94,28.54,0.81,40.24,3.26,25.12,0
11.4,52.4,117.59,42.46,10.45,91.0,4.71,34.58,0
1.18,3.18,24.71,23.36,11.31,57.69,2.46,31.28,0
1.59,39.02,52.49,29.36,3.02,59.48,1.83,20.02,0
15.21,32.45,95.78,45.04,7.68,121.74,4.88,19.75,0
20.09,49.13,55.81,44.52,3.69,100.61,3.76,25.96,0
2.08,45.69,63.79,23.94,12.43,171.86,2.43,17.06,0
3.43,12.55,38.26,28.77,15.46,73.83,3.69,36.33,0
12.75,30.82,56.93,39.87,4.8,70.19,4.53,30.22,0
0.0,9.96,43.12,40.5,5.36,7.22,2.27,31.87,0
38.28,52.06,79.74,48.85,4.74,44.26,4.79,18.37,1
14.72,42.17,68.58,23.76,5.76,128.46,2.08,28.21,1
7.18,22.98,35.43,28.5,3.55,31.91,2.27,22.6,1
3.53,21.37,59.87,37.9,7.86,83.37,2.53,37.96,0
15.01,21.28,41.95,21.82,4.79,49.2,0.85,36.38,0
9.4,24.47,68.9,36.24,13.01,42.26,3.17,19.14,0
0.0,10.85,48.57,17.47,6.0,18.61,0.2,29.84,0
0.0,16.8,96.77,31.35,21.14,18.24,3.25,27.51,0
13.37,19.1,130.95,30.49,15.76,23.62,5.32,21.52,1
1.43,10.63,55.32,27.12,14.53,122.27,3.72,32.51,0
16.24,36.71,57.71,9.46,1.85,168.65,3.05,37.88,1
4.72,30.93,36.87,37.8,11.08,52.64,1.67,28.91,0
13.98,32.89,53.6,35.44,12.07,143.56,3.47,31.22,0
0.0,12.64,25.57,27.64,1.51,110.94,1.9,23.16,0
0.13,8.84,22.91,18.98,12.41,115.48,2.19,37.59,0
0.52,2.34,30.39,10.55,5.36,31.12,0.69,30.76,0
6.95,48.93,65.96,38.56,3.63,54.58,3.56,36.87,0
8.92,44.29,56.49,24.69,5.09,43.64,2.61,31.03,0
23.94,70.46,79.22,35.56,8.79,106.42,2.96,34.38,1
13.37,58.94,65.52,41.94,0.96,23.21,3.36,22.93,1
0.61,21.83,60.95,18.47,5.29,54.73,4.58,20.76,0
2.79,79.73,88.07,39.81,5.06,19.44,4.6,37.42,1
4.17,18.26,55.84,33.63,19.59,84.29,1.64,42.56,0
0.46,18.56,42.35,63.39,7.2,26.18,4.84,25.18,0
4.07,13.0,54.58,28.62,31.79,24.19,4.64,15.49,0
17.78,21.76,25.59,9.91,10.68,10.53,1.85,28.85,0
7.5,18.19,63.77,29.1,4.47,249.28,4.39,19.95,0
0.0,10.09,65.24,19.78,11.57,57.96,1.53,30.12,0
6.76,35.88,70.88,48.58,9.73,79.76,3.51,24.2,1
9.32,28.85,64.87,49.53,16.26,25.88,2.84,30.37,0
8.1,32.15,148.19,46.25,5.62,80.84,5.96,20.04,0
19.07,40.32,75.52,41.69,8.41,39.24,3.73,23.28,1
10.36,32.12,63.85,36.83,5.52,25.87,1.77,36.99,0
5.23,14.45,47.6,30.88,10.05,52.2,5.16,29.57,0
21.49,42.22,68.74,24.3,5.33,33.71,4.46,26.14,0
0.01,30.64,72.99,42.31,4.88,55.27,4.94,30.18,0
7.56,47.86,56.85,35.54,1.98,8.34,4.1,29.25,1
5.66,40.74,87.56,61.05,11.35,125.91,4.76,25.78,1
6.72,33.64,44.82,31.49,10.76,83.13,2.28,13.44,0
20.68,39.95,48.38,36.78,6.24,91.12,4.23,24.94,1
6.74,18.24,21.65,30.14,16.58,66.73,2.35,31.41,0
0.0,21.72,69.84,31.56,20.92,56.34,4.11,16.62,0
7.81,55.81,92.35,41.28,4.59,76.3,2.63,27.13,1
6.56,19.7,58.31,32.54,18.17,36.85,2.55,27.39,0
13.7,69.7,112.44,31.78,11.49,36.85,5.11,26.42,1
7.36,29.8,34.38,39.91,2.9,91.29,2.46,31.37,0
0.06,41.82,63.74,29.99,8.1,18.03,1.15,21.08,0
0.2,10.14,12.84,34.39,6.33,46.22,1.77,36.98,0
11.3,20.17,37.06,30.96,22.17,58.15,0.2,28.58,0
7.23,11.68,66.28,38.83,12.42,46.29,5.57,28.15,0
4.95,52.57,127.16,46.76,6.93,51.96,5.57,29.27,1
6.63,29.0,72.39,49.29,6.68,16.0,3.7,25.97,0
0.0,30.33,42.47,43.42,6.58,544.53,2.85,30.89,0
28.48,46.57,55.0,34.32,9.17,27.91,1.38,39.78,1
2.25,21.68,48.29,41.05,24.54,34.77,5.68,18.7,0
3.87,7.59,49.51,33.83,8.72,36.68,2.49,18.6,0
11.42,34.1,40.07,34.36,2.87,158.07,2.59,36.51,0
0.0,32.92,43.09,49.66,5.04,114.57,2.72,24.73,0
5.35,6.8,40.24,29.63,1.48,89.85,3.55,34.7,0
48.21,59.83,82.81,47.49,11.88,33.63,4.42,26.22,1
0.0,7.96,22.08,33.09,5.99,96.62,2.35,28.24,0
6.92,33.45,63.04,34.52,3.59,79.28,3.67,33.0,0
9.88,35.3,82.24,40.32,13.21,163.57,3.46,27.01,0
10.83,41.02,51.15,35.37,6.11,144.16,4.49,23.27,0
4.49,22.84,27.26,31.7,2.53,99.76,4.36,24.54,0
0.0,2.09,8.83,29.85,4.16,55.11,2.06,26.06,0
13.88,35.48,48.32,34.24,2.72,33.38,0.2,34.86,0
3.76,7.72,28.91,32.75,14.21,29.66,4.45,31.48,0
3.1,28.15,64.44,44.29,5.97,25.03,3.68,32.23,0
0.0,4.13,8.66,35.71,8.14,72.31,3.73,28.61,0
1.48,7.8,66.71,41.4,1.08,275.42,3.9,30.99,0
10.41,49.06,59.82,50.18,2.93,328.63,3.62,38.68,0
3.76,19.05,45.63,29.53,2.45,88.04,2.41,28.79,0
0.0,15.77,122.14,34.72,5.26,123.88,3.9,30.58,0
12.16,18.28,29.13,30.56,0.99,26.02,2.44,36.54,0
29.51,65.19,75.84,31.17,1.26,37.29,4.86,19.56,1
0.0,22.6,72.48,48.37,9.54,17.27,3.21,22.54,0
4.33,25.61,82.62,14.06,4.45,58.05,3.39,32.15,1
4.59,9.75,23.13,24.03,11.83,62.75,4.44,26.59,0
0.0,18.26,27.03,12.89,5.67,36.9,1.12,30.96,0
19.54,105.32,108.84,44.14,5.43,38.9,4.52,24.34,1
4.75,13.49,16.22,17.34,4.38,93.91,0.2,25.94,0
14.39,52.21,68.38,36.41,1.07,216.16,4.6,24.08,1
7.51,8.59,9.03,40.4,6.19,234.51,2.7,15.6,0
18.83,48.42,75.05,36.12,12.01,107.48,2.51,25.61,1
7.37,30.79,70.31,45.76,23.56,102.01,2.63,36.97,0
2.0,15.98,22.3,38.32,6.2,142.47,3.38,40.02,0
9.51,31.93,77.72,45.54,1.38,96.34,4.54,41.38,1
0.33,23.2,54.31,18.29,21.04,44.36,2.75,24.2,0
10.64,33.37,63.67,48.1,17.04,45.92,4.68,26.36,1
0.0,11.85,18.24,25.32,5.33,33.57,3.0,14.66,0
4.08,14.69,33.21,35.79,12.88,22.45,2.35,19.28,0
2.8,10.51,52.06,34.97,12.12,85.4,4.16,35.66,0
6.7,9.9,22.07,21.43,7.94,72.51,3.28,31.64,0
21.91,37.5,97.94,32.28,8.11,26.04,4.15,30.01,1
1.33,35.46,62.2,55.63,7.44,127.78,3.14,26.82,0
13.44,23.58,66.42,26.18,2.13,27.89,4.27,32.59,1
19.44,24.6,31.6,30.34,12.09,20.32,2.54,15.95,0
13.0,20.92,51.28,50.12,14.42,21.34,2.5,14.07,0
6.63,24.46,30.23,25.15,18.11,103.84,0.49,27.71,0
6.18,23.99,36.72,44.3,2.97,61.01,0.92,24.21,0
1.06,8.16,10.88,32.08,5.74,8.45,2.46,34.86,0
0.0,15.86,63.18,48.15,2.48,44.51,4.14,38.74,0
5.02,18.72,50.23,49.22,6.75,22.04,1.84,31.05,0
21.11,46.04,126.39,45.42,5.34,7.87,5.01,33.65,1
23.98,68.73,90.25,19.38,10.89,68.89,2.76,20.87,1
0.0,9.84,20.07,10.12,14.34,47.62,0.28,22.78,0
23.3,31.76,103.24,42.96,0.81,144.26,5.2,21.56,1
10.04,27.66,218.27,53.83,14.39,50.36,7.07,27.71,1
8.74,29.37,83.87,35.62,14.75,96.26,2.99,18.25,0
20.96,46.94,107.96,50.22,5.58,295.17,6.79,19.02,1
15.51,18.09,28.08,14.62,4.13,59.09,1.79,31.91,0
0.0,63.84,81.39,34.76,13.28,99.44,1.44,23.28,0
0.61,13.05,67.63,19.46,1.41,120.41,3.73,27.7,0
0.0,8.95,33.58,14.01,3.39,56.44,3.0,34.12,0
8.27,13.42,43.44,39.95,4.16,126.55,3.99,27.17,0
0.1,10.41,19.8,31.4,9.84,218.52,1.04,19.96,0
1.82,4.93,31.3,14.41,10.49,50.26,2.41,19.93,0
18.61,56.15,89.56,44.48,10.36,31.27,3.95,32.01,1
9.68,23.65,38.83,6.12,6.08,88.98,2.41,31.07,0
9.99,18.51,114.42,36.61,13.54,122.63,3.91,25.53,0
38.96,71.32,97.23,51.96,30.02,39.83,3.27,24.95,1
0.92,14.08,53.74,21.92,4.77,25.4,3.32,23.69,0
1.2,9.67,58.12,37.16,22.94,39.03,3.28,34.05,0
1.17,52.03,70.93,41.24,12.16,86.91,3.35,20.56,0
0.0,10.69,23.82,23.26,11.48,39.45,2.48,31.87,0
20.09,21.57,35.81,26.3,6.73,23.27,1.79,27.01,1
5.21,21.01,72.86,27.5,8.24,60.05,4.28,20.85,0
5.94,20.09,33.37,38.26,7.97,93.79,3.0,33.45,0
3.71,12.45,105.6,35.12,26.48,122.65,4.95,26.75,1
8.16,15.66,19.75,21.9,4.98,243.04,2.12,23.69,0
19.95,36.89,128.94,36.63,3.65,86.93,4.47,21.42,1
29.14,40.02,78.28,61.19,4.2,158.46,4.4,31.53,1
35.86,48.28,73.34,51.4,7.51,52.1,4.08,19.76,1
7.36,27.28,34.75,34.41,8.4,39.71,2.37,25.43,0
0.99,12.81,23.53,30.86,3.57,79.03,1.8,29.88,0
6.58,15.84,43.0,44.75,21.82,46.38,3.37,30.85,0
14.42,40.73,54.83,27.18,3.79,227.17,3.35,30.31,0
14.5,25.36,35.28,21.41,4.98,22.33,4.28,30.45,1
16.84,25.58,48.73,43.3,8.77,293.08,2.07,28.65,0
20.03,24.07,40.47,48.81,11.05,29.55,4.52,24.37,0
4.68,11.5,77.58,31.69,2.1,108.81,6.11,26.66,1
31.48,36.33,81.33,41.15,24.1,117.74,5.36,33.69,1
13.27,16.98,61.82,40.39,6.51,75.61,5.93,30.97,1
0.0,7.61,35.07,32.31,19.19,122.11,1.09,32.62,0
9.17,29.57,37.57,35.21,8.9,67.79,3.01,23.04,0
9.21,24.51,52.63,32.32,4.72,35.12,3.13,32.3,0
0.0,11.61,43.83,8.82,11.11,19.77,2.16,21.08,0
9.01,31.35,67.89,35.1,19.54,40.36,2.98,21.25,1
11.32,20.74,49.13,39.97,13.07,87.99,2.9,21.63,0
1.59,20.87,75.94,41.86,13.59,35.8,3.42,21.46,0
6.01,31.56,38.4,27.2,4.48,5.92,2.41,31.72,0
4.0,5.54,20.28,37.47,9.12,91.05,0.75,33.79,0
23.27,38.42,66.52,35.84,2.52,93.98,3.12,25.31,0
5.83,27.24,53.4,37.21,10.1,58.78,4.21,29.65,0
30.08,50.36,60.65,29.33,7.51,19.62,4.23,33.33,1
13.32,29.18,43.18,28.4,8.0,67.86,3.52,35.6,0
5.69,15.58,30.2,32.3,6.57,26.36,1.74,20.54,0
12.42,25.29,29.26,30.18,6.21,31.54,0.76,25.1,0
3.62,42.97,51.51,30.43,3.56,52.5,1.35,23.07,0
0.68,2.81,53.59,29.19,5.46,24.87,0.83,32.96,0
7.04,15.02,51.69,12.5,16.03,32.17,0.55,26.7,0
14.08,29.33,75.96,26.1,5.93,36.42,3.71,15.07,0
5.88,9.69,104.1,40.48,7.9,128.17,5.66,35.84,0
0.0,12.15,45.69,31.15,4.49,151.7,1.41,34.65,0
40.42,67.0,69.52,39.42,10.79,56.27,1.62,35.0,1
14.41,37.82,63.94,46.62,4.72,51.72,2.38,30.18,1
3.77,18.8,56.32,29.54,15.06,65.85,1.18,18.52,0
4.96,22.37,47.71,21.49,4.5,99.5,2.29,24.68,0
9.32,9.94,19.42,41.44,2.05,31.09,2.24,24.79,0
6.2,11.42,44.22,36.06,5.78,27.63,1.99,23.72,0
28.47,37.29,85.36,33.58,1.99,42.18,5.28,36.33,1
9.47,20.81,50.53,17.21,11.72,84.87,2.52,35.01,0
7.79,35.29,86.74,60.29,4.47,66.25,1.64,31.59,0
0.0,52.82,76.87,35.14,21.26,62.45,5.23,25.64,1
0.0,12.69,38.74,34.73,5.78,61.27,3.43,24.82,0
19.79,32.04,45.97,23.89,5.65,257.48,4.45,25.33,0
16.79,31.7,69.78,26.36,5.9,71.33,2.85,26.39,0
1.19,8.58,39.61,42.56,13.99,51.95,3.7,27.81,0
0.0,42.96,64.69,31.17,0.69,82.94,1.88,36.33,0
26.37,32.92,115.08,38.27,9.51,31.38,4.27,25.62,1
0.0,6.84,99.16,41.25,21.61,44.41,4.73,33.53,0
0.0,9.28,33.22,30.64,7.67,167.99,2.39,36.64,0
0.0,47.47,117.28,53.29,2.36,102.81,5.26,35.29,1
8.85,30.11,70.61,35.19,17.09,132.43,3.06,35.52,0
41.63,56.41,112.77,48.45,9.85,48.53,6.05,31.54,1
1.49,13.11,16.86,21.6,17.98,164.7,1.11,29.05,0
19.54,33.49,59.65,26.03,8.74,35.99,2.79,23.8,1
6.08,11.43,31.67,21.67,5.18,13.34,1.18,27.77,0
0.0,1.29,48.43,25.95,6.25,36.89,0.2,35.05,0
1.63,31.1,50.98,48.1,7.54,36.23,2.99,28.92,1
16.98,21.28,61.01,29.77,11.38,181.69,3.74,33.69,0
16.06,57.7,126.51,40.22,4.52,26.42,3.92,23.11,1
0.98,22.78,43.29,38.62,7.15,118.62,2.26,28.4,0
12.58,25.28,35.3,36.99,2.76,72.12,4.77,23.56,0
4.21,24.54,65.07,25.55,5.95,31.8,1.96,23.13,0
8.43,24.88,56.75,32.1,8.77,109.84,4.33,30.19,0
20.63,34.79,45.82,9.87,11.87,51.33,4.82,33.57,1
1.15,16.32,48.88,37.46,11.34,78.66,4.7,24.16,0
2.51,32.27,70.49,42.33,18.71,71.5,3.96,35.5,0
21.0,41.73,95.71,46.07,4.4,132.67,5.75,29.01,0
37.96,51.31,55.55,51.99,3.19,87.84,3.12,17.46,1
14.89,40.9,61.57,38.98,6.53,23.58,2.8,34.74,1
7.79,53.08,70.34,37.06,9.49,49.87,2.93,17.93,0
14.75,27.9,46.27,33.99,5.85,6.61,2.98,33.57,1
1.61,9.62,56.99,28.77,2.45,136.01,3.38,25.01,0
5.59,33.05,56.75,52.86,7.24,34.55,4.97,27.97,0
0.0,13.31,58.18,50.42,3.29,198.28,2.65,24.54,0
1.71,35.69,52.59,28.43,7.49,74.12,3.21,42.07,0
9.09,14.4,55.85,23.53,1.55,64.04,1.2,38.48,0
6.82,16.91,59.29,35.11,13.59,77.05,4.36,29.62,0
0.0,55.77,60.96,34.35,2.31,40.61,4.07,33.63,0
3.4,13.1,83.42,38.97,4.06,79.8,4.49,29.18,0
6.63,41.42,60.77,36.55,15.65,129.43,3.58,27.32,1
6.99,14.73,22.8,13.12,7.97,19.71,0.2,26.91,0
0.0,25.94,55.74,31.81,15.92,82.03,2.61,34.66,0
12.85,19.23,31.83,31.35,10.13,61.78,2.86,26.83,0
33.41,61.39,97.82,31.48,11.3,100.64,6.62,27.79,1
14.57,26.46,54.41,44.82,6.81,25.89,3.49,32.22,0
5.6,15.6,67.46,30.54,16.95,149.68,2.26,27.88,0
26.96,39.1,69.15,33.71,6.51,76.76,3.16,22.16,1
1.62,16.95,35.42,46.13,2.61,39.5,2.51,41.62,0
11.07,28.78,57.32,19.34,17.48,61.79,2.81,18.38,0
4.74,9.48,22.48,27.73,16.13,73.77,0.25,22.65,0
27.23,46.53,51.73,24.15,4.07,124.76,2.26,19.48,1
0.04,3.64,25.69,32.47,3.5,49.15,2.6,21.75,0
0.04,31.16,39.85,35.5,22.35,122.67,2.28,24.23,0
21.46,41.88,71.09,36.77,10.76,88.92,2.55,32.86,0
10.17,30.55,53.02,25.17,4.75,112.66,3.54,16.39,0
23.16,50.9,80.01,29.55,7.49,249.74,3.97,29.07,1
0.36,21.32,34.33,25.29,4.0,51.66,2.57,23.4,0
1.03,47.76,61.63,25.88,9.48,24.13,2.91,41.35,1
8.17,14.65,63.49,39.3,27.68,61.92,3.17,31.22,0
0.0,4.53,21.41,23.35,20.82,103.65,2.72,32.22,0
7.46,55.32,84.42,39.82,6.95,31.62,5.27,21.98,0
2.42,23.45,39.93,26.43,9.38,51.12,1.62,23.58,0
4.69,27.55,64.88,46.5,8.82,45.17,4.05,23.51,0
12.76,18.66,43.4,40.71,10.8,27.53,3.75,23.52,0
13.49,35.42,98.1,39.96,6.05,54.06,4.91,29.07,1
31.94,45.89,97.97,44.92,3.97,283.03,3.73,24.94,1
18.4,44.04,64.89,44.18,10.3,17.16,1.03,27.96,0
0.0,16.02,69.49,36.06,4.54,8.49,2.02,27.97,0
0.31,14.21,26.34,22.62,19.15,79.41,0.88,30.0,0
0.61,16.78,65.34,41.36,4.2,159.74,5.08,24.68,0
16.56,25.46,68.04,34.68,4.88,77.96,3.72,33.47,1
27.95,38.72,61.42,20.12,13.47,15.19,3.17,27.22,1
0.0,36.01,92.22,35.88,12.04,75.99,2.79,18.6,1
17.0,39.33,41.58,42.3,3.1,19.66,2.56,34.34,0
5.61,18.79,23.66,30.06,11.81,89.8,2.59,37.02,0
4.48,26.67,76.67,21.49,26.84,100.67,3.13,23.99,0
1.54,21.23,46.69,26.47,11.82,62.38,3.17,28.06,0
3.49,14.51,43.0,28.02,6.88,48.43,3.04,31.59,0
7.5,16.41,122.53,35.09,8.42,78.34,3.67,29.56,0
2.11,12.83,98.11,28.1,3.22,48.57,3.18,23.45,0
9.58,41.7,67.78,17.64,6.53,15.68,4.07,37.98,1
4.51,17.62,34.68,29.24,10.04,27.58,2.56,26.73,0
3.71,39.06,74.37,40.1,8.54,18.62,2.68,34.74,0
11.82,21.74,44.03,11.8,4.77,36.43,3.55,30.15,1
8.47,16.43,47.17,50.2,15.9,34.23,4.52,24.57,0
0.0,13.73,40.77,21.85,4.08,51.13,0.81,30.98,0
10.08,28.78,59.8,37.66,14.66,323.57,3.44,35.05,0
7.88,24.07,41.37,35.99,20.11,99.96,2.86,38.29,0
19.58,40.17,70.15,23.36,1.59,53.45,3.81,36.48,1
8.29,29.37,63.11,32.74,7.58,98.16,5.56,24.54,0
3.13,27.92,105.35,50.52,6.89,142.65,3.67,34.45,0
1.37,7.46,36.74,20.65,5.99,77.7,0.98,21.93,0
0.0,9.18,20.64,40.13,3.31,49.77,3.38,31.93,0
5.49,22.48,42.91,7.8,7.44,61.81,3.04,33.05,0
0.65,11.72,66.13,35.33,1.86,118.53,0.85,30.26,0
22.53,36.38,80.18,42.7,4.51,341.06,4.61,32.52,1
5.85,21.13,25.17,24.46,7.26,80.43,0.2,15.89,0
0.0,12.57,25.76,36.38,7.55,46.37,2.83,27.48,0
0.0,10.9,18.35,22.4,6.04,99.99,4.25,26.69,0
9.11,16.47,31.43,30.6,9.49,99.28,1.95,31.83,0
25.02,37.94,61.13,42.46,10.66,14.06,2.78,24.86,1
11.51,22.0,43.8,20.35,2.91,74.05,3.6,32.96,0
4.67,31.37,95.58,44.47,16.62,18.94,5.6,34.07,0
14.43,37.31,130.79,40.85,10.92,116.79,5.33,32.29,1
8.39,14.36,39.12,37.08,9.39,29.57,3.83,31.17,1
2.96,45.71,60.39,26.56,4.69,93.76,2.48,32.64,0
26.23,37.04,53.98,42.39,4.82,434.71,3.97,35.35,0
3.56,7.96,49.83,5.0,14.09,38.86,2.32,27.06,0
0.64,10.36,13.17,17.63,9.26,99.6,0.29,26.79,0
5.0,8.73,45.82,50.29,18.88,45.26,3.81,24.65,0
6.63,10.93,33.95,35.32,2.74,88.0,2.06,27.82,0
15.77,93.53,129.26,36.56,7.51,19.26,4.84,24.59,1
0.55,26.39,33.74,20.47,1.33,22.78,2.39,33.18,0
1.28,6.73,32.24,25.43,8.3,79.18,2.25,38.99,0
1.52,4.35,22.96,27.16,12.05,163.84,2.67,30.13,0
4.59,18.36,68.58,33.72,11.37,117.26,4.07,26.96,1
0.0,2.38,6.43,36.7,10.27,47.28,1.36,29.78,0
22.27,35.54,48.1,51.49,4.63,16.0,4.2,25.48,1
0.0,19.75,33.23,28.92,2.91,188.17,3.19,29.86,0
14.18,35.07,52.1,36.01,4.77,110.41,2.8,22.1,0
0.33,5.73,18.08,24.8,10.88,106.95,1.52,36.43,0
4.0,21.66,110.43,33.75,13.36,77.94,5.42,25.58,0
0.91,32.17,55.82,40.18,2.43,91.84,2.48,34.47,0
14.44,25.56,65.65,36.1,15.21,18.8,2.94,26.12,1
24.4,29.54,114.48,54.4,14.66,38.67,6.09,35.53,1
70.7,81.37,116.07,37.12,8.79,57.4,5.36,27.15,1
10.68,16.75,49.35,32.56,8.31,42.24,2.09,26.18,0
0.0,93.4,132.44,32.97,3.69,27.4,5.66,28.87,1
0.07,27.59,71.13,36.29,11.42,22.38,4.52,27.98,0
10.07,33.44,52.36,36.11,6.82,26.76,5.27,26.33,0
4.3,7.17,11.58,21.04,2.9,76.64,2.66,30.75,0
13.97,25.69,43.87,32.79,5.78,151.51,3.03,23.22,0
8.58,18.75,71.42,39.07,2.52,125.9,2.69,26.71,0
0.38,8.81,113.52,26.85,17.01,106.37,5.59,36.2,0
3.2,37.44,94.88,28.53,12.24,105.98,1.42,31.08,0
14.7,80.91,115.16,42.25,2.97,42.48,5.71,24.57,1
9.2,17.64,64.58,30.39,9.23,77.65,3.14,29.32,0
14.14,15.65,49.81,42.25,10.46,51.72,3.61,28.99,0
0.0,8.82,14.63,31.1,5.56,164.9,0.91,32.48,0
0.63,33.69,43.65,33.44,4.24,217.89,2.93,27.6,0
20.74,48.26,112.84,48.8,3.48,59.3,3.31,30.68,1
0.0,15.18,40.33,37.6,6.97,35.73,1.03,27.21,0
13.24,36.45,63.47,29.1,8.64,29.31,2.67,25.54,0
0.0,11.0,28.97,34.77,3.61,157.04,3.28,32.22,0
6.49,14.61,41.42,47.2,10.63,21.01,3.22,32.29,0
2.32,9.01,50.02,39.93,11.48,75.68,4.74,24.28,0
0.33,14.88,53.79,30.59,10.92,74.83,2.42,34.47,0
7.23,16.28,49.44,15.42,17.58,41.99,4.13,28.18,0
19.76,25.35,52.64,20.82,10.1,141.74,2.79,15.56,1
1.18,18.05,37.32,32.32,26.41,73.2,2.61,29.47,0
4.51,14.54,28.49,21.56,12.7,24.62,3.8,26.21,0
0.3,34.22,76.15,25.97,3.53,69.75,3.67,28.4,0
15.02,34.55,50.05,40.15,13.38,27.75,2.64,35.39,0
2.31,55.23,111.4,53.2,17.21,91.0,5.55,32.65,1
1.34,22.52,49.37,23.3,29.1,20.48,1.66,20.16,0
2.93,16.5,58.95,48.2,17.32,160.04,4.71,31.53,0
19.75,49.77,91.6,34.34,8.86,109.44,5.15,25.5,1
9.77,58.29,92.44,41.49,9.92,73.42,3.97,34.39,0
0.0,2.32,40.73,15.86,7.52,44.29,2.34,40.17,0
0.0,30.27,39.27,38.97,13.87,36.66,2.8,27.12,0
26.59,41.1,110.81,28.32,14.25,25.8,5.69,29.43,1
1.23,22.69,119.95,30.33,15.04,70.59,3.79,34.56,1
20.34,71.71,96.0,41.9,19.39,19.15,5.03,34.95,1
4.21,19.74,46.07,17.93,2.72,78.12,0.2,32.65,0
0.69,5.89,43.16,30.41,8.77,32.55,2.13,20.54,0
1.0,4.35,29.74,17.31,26.55,74.09,1.77,20.2,0
4.56,23.97,53.46,42.15,7.25,24.38,2.39,31.22,0
0.82,16.39,39.92,38.63,6.3,40.53,3.91,20.56,0
35.88,81.97,94.36,32.42,8.54,11.99,4.43,15.25,1
45.51,53.17,84.2,44.47,12.32,33.39,2.29,32.05,1
1.25,8.95,24.46,21.92,15.01,26.86,0.39,12.58,0
12.49,70.0,101.24,48.39,8.99,43.87,4.48,24.66,1
9.45,16.01,26.6,30.29,8.75,53.13,3.32,23.78,0
0.0,4.25,10.7,37.96,4.92,50.63,1.83,18.44,0
12.73,69.58,128.76,39.67,5.79,85.03,6.27,16.34,1
2.79,32.15,106.39,41.06,8.56,27.56,5.01,27.1,0
6.12,20.59,31.05,33.61,9.33,31.0,1.98,27.66,0
15.64,93.08,99.99,54.88,13.55,44.1,2.88,27.89,1
3.2,12.89,75.1,37.61,5.09,159.15,4.27,31.83,0
3.13,27.9,105.68,32.99,12.27,212.35,3.83,32.41,0
11.22,33.78,191.88,39.91,13.09,73.83,6.0,21.15,1
20.94,67.87,83.26,35.62,27.23,218.66,4.19,28.2,1
10.49,18.01,29.54,29.48,13.38,123.97,3.09,35.33,0
3.44,60.29,78.32,18.35,4.75,111.69,3.6,35.34,0
18.81,90.47,186.53,54.99,4.28,68.61,5.16,16.0,1
8.98,49.89,50.93,40.15,3.75,74.48,2.04,27.51,1
25.43,33.87,68.92,23.4,4.64,36.99,2.26,24.89,1
31.98,50.81,98.35,34.56,4.66,24.99,5.7,33.38,1
10.29,32.77,88.16,18.39,3.53,112.19,3.9,26.64,1
23.76,45.6,74.64,32.13,2.43,120.13,4.34,27.07,0
24.44,27.62,72.31,30.42,7.21,57.32,4.09,25.95,1
4.97,32.35,45.64,39.82,3.02,18.9,3.36,27.28,0
24.43,44.49,57.24,32.7,1.18,60.37,3.52,38.39,1
6.53,20.38,23.03,32.88,7.83,57.69,2.71,16.37,0
14.11,29.09,46.06,39.56,4.14,20.64,1.69,31.04,0
5.64,85.13,97.27,60.49,12.7,101.74,5.8,23.53,1
40.48,81.85,97.41,41.69,3.51,63.93,7.38,27.56,1
13.5,16.14,41.01,22.72,14.97,109.93,1.13,23.61,0
14.83,28.81,91.34,31.13,14.13,426.68,3.78,24.41,0
7.45,43.38,82.47,41.48,11.2,37.93,2.82,34.63,1
24.27,66.37,76.62,42.01,5.96,67.37,6.03,38.94,1
0.35,21.73,36.84,33.38,1.67,20.44,2.91,27.45,0
0.0,5.58,25.72,22.74,11.68,109.79,0.2,27.15,0
3.37,8.37,29.5,42.55,4.35,47.68,2.85,29.23,0
0.89,27.83,121.06,43.58,14.16,38.13,3.94,29.31,1
1.85,13.34,54.34,25.5,3.31,30.85,3.54,28.21,0
5.69,12.32,24.61,40.82,4.94,70.23,2.98,24.86,0
2.16,2.9,11.96,43.53,13.19,73.47,2.46,24.89,0
5.83,9.47,61.74,49.42,7.28,66.5,3.83,24.37,0
0.0,19.62,106.43,30.49,6.24,92.68,6.03,24.49,0
18.63,31.68,82.05,54.46,10.53,11.35,4.14,23.72,1
11.34,56.68,94.06,35.41,13.06,36.26,4.34,24.63,1
36.4,40.89,57.9,28.01,3.8,243.23,3.47,26.07,1
1.01,9.45,59.06,37.4,7.42,74.42,1.75,40.99,0
13.56,23.56,92.35,36.93,5.05,28.77,2.92,25.57,1
0.0,18.06,28.98,24.19,14.82,33.9,2.91,36.09,0
5.88,15.93,21.15,24.24,1.67,116.56,3.65,23.38,0
7.62,15.08,41.3,32.74,6.83,52.41,1.74,31.92,0
0.0,21.78,51.03,29.34,8.13,74.92,3.84,27.72,0
21.5,38.77,147.82,55.34,4.17,24.96,4.5,30.68,1
16.05,46.17,81.22,36.38,11.15,156.39,5.71,27.55,1
11.34,24.13,46.41,24.64,6.86,23.2,1.98,25.99,0
0.0,39.07,105.63,30.91,10.84,63.12,4.49,20.16,0
1.44,8.16,35.81,34.49,15.5,63.66,1.48,28.21,0
18.05,44.89,50.38,34.08,2.94,81.57,3.6,28.26,1
5.79,38.17,85.33,42.38,0.91,57.74,3.54,24.08,0
4.16,5.14,73.78,37.49,10.07,271.97,2.74,20.2,0
23.74,51.05,59.09,38.34,6.93,69.54,2.77,31.17,1
7.25,21.66,45.64,25.94,2.35,76.08,1.93,26.74,0
0.0,18.38,34.55,28.79,14.36,48.64,1.42,25.92,0
17.82,62.41,82.99,52.86,5.05,52.09,2.48,39.78,1
0.0,15.62,42.97,34.3,21.02,48.31,2.64,18.64,0
5.87,12.14,21.89,38.28,12.51,44.62,3.4,35.77,0
8.68,34.37,66.15,23.71,6.88,81.71,3.48,28.57,0
14.13,27.61,57.95,29.64,3.05,47.95,3.89,23.5,0
0.0,15.91,63.96,28.08,3.69,36.0,3.3,20.8,0
0.0,14.6,44.49,21.23,5.93,76.04,3.12,24.4,0
0.0,29.23,69.48,35.6,13.42,70.31,6.12,21.33,0
26.63,48.28,60.31,30.37,5.0,41.76,2.89,24.65,1
33.21,49.3,143.76,46.18,14.45,18.28,6.12,24.03,1
19.81,40.3,99.68,41.66,6.87,34.4,3.39,25.73,1
0.3,6.86,29.66,26.07,13.05,59.8,2.48,28.89,0
0.0,27.43,47.12,36.57,3.73,22.32,2.15,13.65,0
6.55,28.64,63.07,43.33,4.11,334.06,4.23,31.5,0
2.2,51.11,62.11,18.4,7.84,31.27,2.63,30.34,1
24.11,33.49,64.34,31.15,7.14,64.99,4.69,23.95,0
8.57,18.19,33.43,37.69,11.51,104.59,2.85,37.43,0
5.97,25.14,31.97,23.8,0.85,219.35,2.98,27.84,0
4.2,19.74,38.36,45.15,3.54,49.69,1.37,20.28,0
14.09,20.39,58.54,48.85,6.65,20.86,4.78,26.65,0
5.18,10.25,36.68,21.73,23.08,116.89,3.13,26.88,0
39.26,76.9,112.99,39.32,5.38,91.56,5.22,32.19,1
0.0,8.45,42.24,35.01,14.19,67.46,4.06,25.21,0
3.44,16.29,39.01,45.52,5.94,32.81,2.54,26.88,0
11.96,16.61,32.31,34.4,2.17,36.31,4.98,31.8,0
10.22,82.29,133.41,49.0,6.3,49.12,5.22,25.37,1
1.09,10.08,33.15,32.46,5.89,89.92,2.75,30.34,0
18.3,32.54,52.94,37.62,10.1,32.73,4.11,25.26,0
8.06,11.16,18.78,28.27,5.44,103.56,1.3,25.27,0
18.47,36.79,59.96,34.82,4.88,60.02,3.84,21.26,0
9.62,68.46,70.22,34.64,9.1,24.78,3.08,22.26,0
10.39,15.63,76.89,36.9,8.91,78.29,3.66,31.02,0
1.05,20.05,52.95,31.61,13.48,81.49,3.4,30.99,0
3.45,14.38,74.48,49.56,2.47,20.26,4.85,38.08,0
4.9,21.14,54.75,40.13,8.09,49.56,4.77,38.97,1
0.0,11.78,32.98,30.38,4.85,17.24,1.57,36.72,0
0.91,5.25,63.97,52.74,21.65,70.38,3.19,35.01,0
15.16,35.55,49.38,16.4,3.13,64.91,4.62,28.44,0
15.13,45.93,87.41,35.72,0.92,95.62,4.45,39.48,1
0.0,11.32,51.34,33.59,12.99,23.62,3.65,35.07,0
8.17,45.54,65.84,34.89,6.53,101.58,2.47,38.11,0
16.96,54.73,86.59,43.99,8.25,86.92,2.33,29.42,0
7.11,37.94,57.95,39.98,6.82,69.36,3.95,32.9,1
8.8,14.79,34.74,33.78,5.75,103.8,0.2,29.22,0
0.0,25.21,40.05,21.35,18.33,100.17,2.73,30.16,0
23.24,46.48,67.95,44.51,5.23,39.34,5.72,18.59,1
0.0,7.19,30.12,24.83,2.76,27.49,2.11,20.16,0
3.11,13.49,34.41,30.47,9.84,72.78,3.09,31.94,0
17.13,33.51,70.19,40.25,4.08,71.81,3.05,22.15,1
31.43,41.4,67.61,14.96,9.21,12.37,2.62,29.66,1
3.65,18.02,37.16,28.47,5.12,17.12,2.89,25.75,0
47.94,98.3,116.51,25.27,1.07,56.43,5.32,27.44,1
7.46,15.17,58.27,32.78,6.63,60.25,2.3,20.14,0
6.35,13.87,47.82,14.52,8.05,73.73,0.82,23.24,0
0.06,35.65,71.17,46.68,18.28,21.76,3.73,30.93,0
3.25,20.37,49.93,28.01,6.67,163.36,3.14,31.95,0
8.37,27.19,58.6,28.03,3.89,62.56,1.95,31.98,0
12.14,25.11,90.3,58.74,5.53,44.33,7.29,35.62,1
11.5,24.61,56.56,32.11,9.07,61.78,1.19,27.87,0
2.58,17.5,25.85,36.43,6.3,111.19,1.51,22.36,0
26.41,45.32,93.88,29.54,18.48,66.94,3.92,21.76,1
6.66,37.22,58.81,24.89,3.65,63.76,2.1,35.64,0
6.05,12.6,29.39,28.14,3.14,15.27,3.02,23.62,0
0.0,8.2,82.39,32.05,8.35,21.41,3.44,26.94,0
13.58,49.69,126.29,39.46,29.78,131.4,4.76,20.49,1
5.54,23.35,26.85,27.53,5.35,23.11,3.93,25.33,0
3.74,15.52,39.78,24.15,23.44,34.98,4.38,21.25,0
0.0,20.98,29.71,14.89,15.88,16.76,2.69,34.15,0
0.0,10.2,78.04,40.62,10.35,21.81,4.36,23.35,0
9.53,44.11,118.44,42.72,2.1,45.24,7.54,28.22,1
30.13,38.92,157.52,44.68,8.36,271.63,4.63,22.71,1
4.29,14.17,60.66,49.5,10.49,163.22,5.28,33.78,0
4.24,15.7,52.73,39.37,7.63,56.78,4.07,27.15,0
13.77,37.06,69.35,31.57,6.0,38.73,3.2,39.49,1
22.43,59.98,69.73,33.25,9.18,75.36,3.24,34.94,1
2.05,27.36,47.84,11.53,3.56,109.7,1.69,32.33,0
0.0,30.65,53.87,24.54,11.25,51.08,1.76,22.82,0
5.31,8.62,33.5,32.51,2.93,18.28,2.04,31.89,0
11.31,14.43,31.16,43.16,1.8,47.37,0.2,33.42,0
0.0,4.32,87.89,32.13,7.29,80.62,3.66,12.98,0
2.82,18.12,21.58,24.75,13.32,17.24,2.26,26.34,0
4.49,15.24,37.7,30.72,9.75,35.92,2.0,28.89,0
3.53,8.16,34.75,32.24,8.78,105.13,4.18,29.75,0
0.0,0.24,38.25,20.62,3.61,64.5,3.93,32.06,0
2.85,27.41,29.23,18.11,11.01,45.62,2.2,26.72,0
4.62,46.97,97.78,63.22,13.27,27.38,6.63,20.9,0
0.41,31.81,77.47,22.73,7.82,22.01,2.25,23.88,0
8.45,23.04,84.39,50.0,12.44,201.12,3.97,20.63,0
16.06,35.42,46.25,35.7,14.34,108.67,0.49,20.46,0
16.68,25.52,58.96,33.43,3.22,101.65,3.05,29.0,0
1.35,17.35,20.77,30.48,9.4,72.09,1.01,34.55,0
11.06,26.09,35.92,45.99,9.37,45.66,1.95,21.12,0
9.99,32.23,38.2,31.7,3.97,27.98,2.22,25.57,0
36.39,44.7,66.58,40.05,10.89,40.4,3.72,23.74,1
11.12,82.03,102.98,56.47,8.02,47.35,4.29,30.03,1
11.92,17.02,38.28,39.78,17.28,47.26,1.36,26.87,0
19.55,38.71,69.87,20.73,4.99,32.72,5.06,29.6,0
0.0,27.39,35.89,15.44,16.69,72.87,1.79,23.59,0
6.41,11.95,15.32,29.4,5.48,109.7,1.71,30.65,0
31.87,34.6,35.59,23.28,7.39,45.19,2.83,23.08,1
32.47,60.19,72.56,38.12,10.26,61.45,1.55,27.47,1
2.84,74.67,97.37,43.59,5.93,247.01,5.8,30.32,0
31.09,32.95,48.8,48.38,12.81,94.96,1.8,32.41,1
3.77,75.2,101.58,37.98,6.16,138.01,3.45,36.97,1
8.84,37.44,120.84,42.46,11.93,130.58,6.03,32.55,0
0.0,15.65,38.05,20.65,12.63,166.32,2.24,27.81,0
25.28,56.81,89.76,38.3,16.17,54.31,5.21,29.8,1
3.44,42.09,70.06,25.89,8.95,83.88,3.58,33.36,1
0.0,13.67,68.72,40.43,13.3,73.69,3.84,20.26,0
4.81,91.31,114.19,39.36,4.08,113.93,2.66,29.5,1
13.12,83.02,89.69,36.3,21.87,38.29,2.3,34.51,1
0.0,9.43,19.3,34.97,6.45,122.82,3.86,27.39,0
0.0,20.84,76.5,36.96,4.34,10.54,4.05,29.56,0
12.08,17.41,33.94,37.52,3.93,62.18,2.88,28.46,0
13.79,17.67,28.43,23.26,7.3,46.75,2.36,29.79,0
1.57,13.88,39.37,38.11,15.33,28.25,2.24,29.39,0
0.43,20.61,73.33,26.77,14.11,62.65,4.96,22.66,0
17.49,24.58,45.01,39.86,30.82,26.4,3.44,34.72,0
0.0,30.78,61.88,28.56,8.48,69.49,3.97,27.4,1
2.51,24.13,131.98,35.77,8.05,26.55,5.39,21.05,0
0.34,17.31,74.44,38.19,9.03,21.48,3.23,27.12,0
11.87,19.93,51.36,47.63,6.68,25.72,3.09,23.15,0
0.63,9.52,33.05,30.27,16.04,30.17,1.67,39.1,0
19.92,32.81,100.06,41.16,9.84,32.31,4.56,24.45,1
2.3,11.86,146.19,36.04,12.84,72.44,5.82,26.93,0
9.55,21.16,95.06,63.47,21.36,92.06,4.36,32.27,1
0.7,8.85,39.81,20.15,13.22,18.4,4.68,18.0,0
7.43,30.77,43.51,34.33,6.33,37.28,4.85,27.42,0
1.22,6.01,16.51,30.26,8.21,92.57,0.33,23.78,0
0.0,34.07,85.91,37.37,15.3,46.03,3.47,32.27,1
13.7,23.79,36.52,35.61,3.79,124.58,0.57,30.45,0
0.59,24.72,42.63,38.94,8.36,24.82,0.46,23.11,0
0.66,17.21,43.73,14.99,9.55,147.58,3.97,26.2,0
6.58,10.62,21.35,43.34,19.69,91.5,2.97,33.52,0
8.25,40.71,52.36,26.21,10.32,44.63,4.67,34.64,0
0.0,54.0,61.74,30.89,1.87,27.88,2.24,19.9,1
10.8,24.87,64.1,28.03,4.45,93.75,3.74,31.05,0
0.91,23.05,58.86,24.04,14.72,30.15,2.21,32.4,0
0.0,17.37,61.92,46.27,10.66,57.97,2.54,20.88,0
3.33,10.65,80.97,35.13,4.77,101.88,4.07,32.52,0
3.23,20.75,32.63,37.82,7.76,39.36,3.32,28.87,0
9.78,53.03,59.15,42.44,2.94,104.13,4.05,29.65,0
37.6,74.9,95.93,53.78,3.07,53.37,4.9,30.11,1
6.42,18.6,49.84,21.32,2.43,83.75,0.47,30.13,0
11.44,23.4,24.47,23.55,16.78,59.71,0.2,26.7,0
0.0,6.75,67.7,39.88,3.76,157.23,4.32,41.98,0
20.85,33.26,57.06,43.2,2.27,260.35,2.78,22.2,0
4.43,23.9,87.72,30.43,19.48,168.14,3.11,31.57,0
0.0,18.84,44.46,22.13,4.07,147.43,1.04,20.89,0
20.08,41.18,42.65,37.64,9.52,15.0,2.97,24.03,1
4.75,25.68,54.28,34.13,5.43,60.76,3.17,30.97,0
16.93,25.18,50.91,26.77,14.17,112.59,2.09,32.12,1
41.22,73.32,77.22,24.18,5.46,27.81,3.29,29.83,1
0.0,36.51,151.63,39.84,8.37,150.08,6.16,21.51,0
0.75,17.98,86.28,44.07,12.2,18.51,1.61,27.19,0
13.94,102.17,158.03,60.14,4.33,41.68,6.44,33.78,1
5.28,28.31,135.14,55.97,17.57,36.15,5.77,28.3,0
2.64,7.51,17.04,18.96,5.78,18.52,1.88,32.78,0
3.62,16.59,50.2,42.9,11.8,247.41,4.81,28.68,0
4.76,17.01,53.48,45.07,7.6,69.14,2.43,26.36,0
0.6,2.8,76.46,40.6,15.65,46.85,4.47,28.46,0
26.19,39.7,48.54,33.93,7.83,137.55,4.23,17.47,0
0.0,31.13,56.59,39.45,4.9,66.57,4.45,13.58,0
8.93,44.25,98.12,26.64,5.86,24.49,5.29,29.02,0
1.62,58.52,134.53,30.5,9.15,273.89,4.08,25.7,0
1.28,25.57,39.85,30.61,13.51,71.49,2.81,28.78,0
23.0,52.13,93.0,38.59,13.95,20.2,4.9,28.41,1
3.27,12.94,44.76,5.52,11.46,9.07,1.65,24.71,0
9.0,35.48,53.04,35.35,2.26,146.3,3.42,33.52,1
14.98,37.54,46.86,41.16,4.52,216.09,2.22,28.34,1
5.66,18.03,83.1,50.39,11.27,191.57,2.96,25.15,0
23.31,81.8,150.66,52.02,5.21,52.85,2.64,22.33,1
0.0,4.82,57.86,29.5,24.21,19.54,2.38,18.55,0
9.69,27.34,43.5,42.8,2.36,25.7,3.07,26.19,0
37.95,81.21,108.19,52.98,2.73,8.73,5.61,37.59,1
8.71,16.03,66.53,37.27,12.39,45.8,4.51,28.94,0
0.0,10.62,26.68,35.59,12.44,39.98,1.89,25.24,0
10.12,40.28,45.85,38.85,9.79,74.2,4.03,21.37,0
27.19,57.37,107.63,61.18,8.33,38.06,6.87,27.45,1
2.72,17.63,27.49,5.0,31.37,49.83,1.6,31.03,0
2.64,23.74,69.09,43.72,2.41,89.55,3.63,27.63,0
13.33,30.84,35.22,28.87,8.22,126.35,2.19,21.18,0
10.76,43.54,77.51,37.95,13.05,148.78,4.18,21.57,1
5.98,39.8,157.55,57.37,5.29,19.57,6.42,23.94,1
0.88,47.27,117.25,43.89,12.99,46.51,5.52,27.53,0
2.09,48.23,83.54,40.74,12.8,151.47,2.28,24.74,0
0.0,21.74,82.59,36.46,9.6,83.92,4.59,29.94,0
0.0,5.92,21.89,33.28,6.57,27.72,2.24,35.39,0
20.87,29.57,63.6,38.89,20.3,388.34,4.44,24.63,0
14.14,24.14,26.14,20.62,2.71,38.36,1.48,32.28,0
12.64,27.97,80.52,42.22,2.92,37.47,4.72,28.98,1
12.37,30.98,80.73,44.65,14.18,68.97,3.27,19.98,0
3.84,10.87,68.33,38.33,4.04,68.66,3.94,29.68,0
2.94,4.88,45.09,43.06,18.02,16.19,2.18,28.45,0
0.0,25.18,111.78,41.91,8.66,78.6,4.7,22.16,0
15.45,32.02,79.69,28.98,6.93,108.76,2.67,25.36,0
58.57,119.75,139.17,48.44,7.42,95.16,6.35,24.67,1
9.6,19.24,66.81,35.33,17.37,90.54,3.24,22.78,0
17.87,71.96,116.35,30.73,15.2,15.26,3.12,32.42,1
17.94,25.53,42.99,38.19,4.34,55.69,4.79,28.48,1
28.87,44.78,86.16,56.76,4.15,241.24,6.08,32.45,1
0.37,17.75,29.46,29.29,5.29,80.03,1.51,21.99,0
0.0,3.57,18.07,22.31,7.71,89.49,3.79,20.03,0
7.33,27.73,45.49,13.39,9.1,25.64,3.98,36.57,0
4.5,13.12,58.58,37.87,19.17,58.79,3.44,39.93,0
54.43,93.4,98.43,49.3,6.22,49.84,4.27,21.39,1
0.0,29.61,165.41,48.48,12.78,92.87,6.31,24.81,0
37.45,60.41,170.46,51.02,13.65,97.55,3.52,35.49,1
4.57,15.14,34.9,14.96,9.86,39.77,4.16,24.6,0
0.0,5.36,33.19,32.68,7.31,85.34,1.39,26.51,0
31.46,83.57,123.97,34.51,21.39,83.25,4.43,24.56,1
0.43,49.54,64.6,40.48,14.15,62.05,4.12,18.0,0
17.98,28.29,52.12,34.52,8.76,175.4,4.02,33.15,0
7.62,41.15,88.59,37.27,2.91,62.83,2.83,25.47,0
37.34,44.55,80.63,48.4,1.78,24.03,5.98,27.51,1
22.1,30.83,37.08,20.72,3.8,68.68,1.79,32.86,1
4.37,20.95,82.11,54.43,8.94,74.49,4.58,23.95,0
31.6,55.35,161.95,55.11,5.04,78.11,6.99,21.19,1
11.11,16.09,69.74,35.99,2.99,134.97,3.48,26.19,0
6.22,8.23,26.32,24.23,6.2,57.6,2.81,27.75,0
7.4,15.7,33.75,38.81,3.57,28.78,2.62,30.25,0
18.72,33.91,52.98,29.29,5.99,17.35,2.76,29.03,1
4.0,8.64,55.02,44.73,21.76,184.08,3.99,22.78,0
2.14,13.45,55.08,46.18,5.47,40.09,3.19,12.38,1
0.97,12.62,59.23,26.95,14.31,45.69,2.98,29.14,0
9.43,79.22,122.74,49.09,11.72,588.74,5.42,27.81,1
1.28,25.55,172.12,39.25,13.05,21.64,4.48,32.78,0
19.0,38.67,92.57,49.57,1.97,100.29,4.32,20.9,1
3.82,16.84,21.48,32.03,19.16,184.9,0.45,27.57,0
12.15,58.32,61.6,33.42,11.34,43.61,4.75,16.67,1
23.34,28.65,33.64,13.07,6.85,47.04,1.26,33.28,0
29.66,57.27,88.62,44.68,10.76,13.71,4.01,26.92,1
8.25,56.45,78.81,37.58,4.95,80.8,4.25,29.11,1
0.0,31.7,43.93,22.23,1.74,51.4,1.0,34.21,0
0.0,9.14,77.88,39.95,15.56,100.09,5.65,28.78,0
18.49,23.23,45.71,45.24,2.36,26.5,4.36,21.43,0
0.18,33.1,118.54,57.85,7.81,269.1,5.34,26.2,0
3.5,31.61,60.85,32.55,7.71,19.36,1.97,28.04,0
21.36,58.93,75.83,26.52,4.13,149.13,2.17,24.35,1
2.21,32.2,46.41,41.57,13.53,103.06,2.09,30.71,0
0.0,39.8,51.15,20.73,3.88,233.45,3.31,36.39,0
3.72,16.67,54.34,25.1,10.84,43.72,3.22,26.76,0
14.97,32.78,45.83,38.95,12.14,318.88,2.68,22.4,0
2.1,7.87,38.89,42.21,4.66,61.13,2.0,30.71,0
12.8,17.35,115.32,49.54,6.99,11.07,4.88,18.6,0
0.0,22.65,27.91,27.54,7.9,93.68,1.42,29.13,0
0.85,10.99,25.69,35.16,3.43,95.0,3.21,26.58,0
3.83,53.2,69.94,46.69,9.41,146.87,4.57,22.97,0
24.2,52.03,86.65,43.57,23.15,215.58,2.66,31.46,1
2.81,21.88,48.73,14.04,11.99,119.96,2.13,26.81,0
1.97,5.41,32.96,24.95,1.15,18.38,2.84,20.28,0
1.99,8.82,81.61,46.77,5.84,34.5,5.75,27.8,0
12.79,21.61,39.22,25.38,11.98,127.54,2.4,39.23,0
16.57,28.8,37.89,39.62,2.41,85.15,4.32,28.36,1
23.18,57.81,80.79,41.91,4.5,117.56,3.52,26.25,1
9.51,13.78,59.67,37.8,5.57,19.65,4.44,27.38,1
1.34,70.38,82.26,49.3,20.92,161.04,5.21,25.92,1
4.84,35.72,37.74,29.04,6.41,85.88,4.05,28.68,0
0.36,6.32,156.14,56.79,8.42,28.1,6.78,32.44,0
7.45,54.33,73.32,35.41,2.28,100.22,5.77,31.91,0
0.99,28.43,60.38,38.3,17.89,34.23,3.78,19.22,0
23.04,32.85,65.81,44.17,6.61,63.05,2.09,17.6,0
8.61,39.88,65.09,27.91,3.96,113.48,3.15,28.92,0
30.43,36.79,44.79,34.35,4.11,51.81,1.21,17.35,0
15.96,33.92,49.95,23.61,9.86,42.03,3.26,25.76,0
14.45,40.12,82.54,34.92,1.09,44.66,1.22,26.51,0
0.0,6.65,18.33,23.92,11.95,254.56,2.88,34.21,0
12.76,32.58,110.2,36.6,2.37,6.61,5.68,29.49,1
41.88,65.51,83.33,46.77,6.63,63.37,2.82,18.71,1
3.0,15.02,48.05,32.88,5.9,33.1,2.46,24.57,0
19.74,28.74,116.99,67.07,3.92,23.26,3.55,27.24,1
0.0,18.53,24.62,29.58,22.07,47.17,0.2,22.38,0
0.0,13.72,29.37,24.74,16.91,10.67,2.45,19.69,0
5.4,57.75,78.26,44.97,31.63,50.43,1.87,31.84,1
2.05,28.08,49.99,37.63,8.36,45.8,3.51,22.1,0
0.92,15.0,20.1,37.37,5.36,115.55,0.2,26.91,0
2.08,18.77,54.68,29.94,3.94,71.82,4.24,27.46,0
11.23,20.76,58.33,31.3,5.27,106.8,3.61,26.28,0
19.98,58.8,94.66,42.65,7.11,131.51,5.41,37.26,1
12.35,40.16,94.06,38.94,13.05,55.19,5.09,25.77,0
13.17,68.18,72.53,47.24,4.81,44.3,3.99,29.21,1
5.77,25.52,54.16,23.55,5.36,19.7,0.28,22.68,1
0.0,14.59,38.13,39.31,4.82,33.72,1.41,22.27,0
5.1,25.42,33.12,48.63,1.96,50.39,2.48,32.73,0
7.7,61.14,75.05,45.12,6.8,25.76,6.19,33.03,0
20.87,32.66,46.23,41.16,0.85,78.64,3.32,22.32,0
34.88,45.47,54.27,34.41,3.17,59.92,2.17,34.11,1
10.16,23.27,58.26,24.37,10.49,38.18,1.96,29.98,1
18.8,28.17,44.47,13.19,6.2,21.87,2.9,25.5,0
0.0,21.47,67.89,40.26,5.67,15.35,1.38,35.14,0
3.71,15.75,70.63,35.52,12.63,78.23,3.74,31.13,0
5.73,50.64,116.34,32.57,7.12,48.22,4.65,24.41,0
11.99,17.85,22.23,44.04,5.31,177.37,2.85,27.53,0
35.62,63.94,65.13,31.42,10.81,100.2,2.37,28.79,1
9.44,50.19,60.39,35.89,4.88,101.46,2.33,41.83,0
0.0,5.65,31.59,31.76,1.96,33.67,3.27,35.96,0
13.34,38.37,55.22,40.69,5.01,65.1,1.88,29.37,1
3.21,38.51,82.22,42.77,6.26,40.31,5.56,27.51,1
11.94,15.24,37.12,22.39,11.81,184.59,3.79,25.71,0
14.57,22.51,66.8,22.58,8.02,75.76,2.59,21.43,1
0.0,38.82,48.0,32.06,15.02,150.81,3.66,32.56,0
5.28,44.19,75.86,33.97,2.28,27.13,2.4,15.89,0
5.59,21.73,30.57,36.81,34.14,53.78,1.69,23.9,0
9.29,29.64,46.67,26.08,15.99,16.45,0.37,17.48,0
1.25,28.6,46.26,34.94,7.47,119.29,2.68,27.01,0
0.12,34.53,45.25,40.95,4.18,46.06,3.95,33.49,0
35.1,54.0,106.95,29.55,4.67,133.68,4.04,23.0,1
8.15,42.57,51.2,36.89,15.04,10.41,4.15,30.69,0
0.48,14.91,18.8,29.48,5.98,33.25,0.48,32.17,0
2.2,29.08,36.5,26.09,4.93,23.62,2.33,43.0,0
36.55,59.1,90.01,24.81,10.2,259.33,4.91,35.04,1
24.9,72.77,96.77,19.63,15.85,46.16,1.57,29.79,1
1.63,9.5,20.58,25.23,8.02,45.52,1.49,33.15,0
0.0,7.25,19.19,29.92,1.68,30.04,2.99,28.17,0
0.05,52.1,83.35,42.15,5.53,71.17,3.27,19.4,0
22.44,26.23,99.53,36.0,5.95,56.16,3.63,24.82,1
2.79,33.44,34.71,41.28,12.11,101.94,3.38,27.89,0
0.0,28.34,64.12,44.95,12.98,17.85,1.73,33.97,0
2.38,13.65,53.65,29.7,3.36,335.0,3.34,26.46,0
9.17,60.14,76.26,35.27,8.11,151.74,4.28,20.21,0
5.13,22.06,55.86,32.66,8.19,25.0,5.41,33.58,0
25.31,43.62,108.07,43.48,5.05,104.51,6.62,17.35,1
9.31,17.37,54.07,37.69,1.18,119.04,3.13,29.37,0
10.95,20.08,122.92,59.4,2.66,107.88,4.18,40.3,1
17.67,24.52,39.23,21.96,14.99,28.15,1.9,25.63,0
16.72,42.14,50.69,29.62,4.17,88.2,2.32,33.12,1
2.35,26.97,107.64,44.11,5.57,13.18,4.61,31.3,0
0.0,1.78,54.03,25.75,2.84,53.5,2.13,24.92,0
8.4,45.69,90.46,35.01,11.66,57.54,5.57,31.76,0
6.96,22.34,36.14,47.74,6.62,11.63,3.67,32.28,0
9.4,13.03,19.25,38.13,2.7,116.08,1.23,34.66,0
10.39,58.92,99.58,44.87,3.31,167.34,2.17,29.23,1
32.76,45.66,63.54,33.96,4.71,28.72,2.29,33.35,1
3.96,16.81,51.64,25.32,8.37,95.98,2.5,27.69,0
10.9,27.21,87.89,46.23,4.04,30.73,5.08,23.92,1
0.0,34.95,57.83,42.16,7.39,35.85,3.63,30.43,0
0.92,12.02,51.85,26.7,9.0,154.36,2.78,34.04,0
6.37,48.78,85.15,43.78,1.14,141.88,2.95,29.43,0
0.35,7.2,59.13,20.78,11.99,79.19,0.2,20.2,0
13.62,25.8,42.15,39.9,13.19,53.79,2.77,28.35,0
11.46,12.63,24.26,19.05,7.33,103.8,1.77,31.31,0
1.7,14.85,42.0,40.29,6.18,58.41,3.07,27.65,0
4.48,9.07,16.66,35.76,6.19,95.34,2.39,32.56,0
22.66,28.17,71.83,52.64,1.5,159.42,3.2,31.54,1
8.27,13.1,146.72,55.83,10.82,60.06,5.43,34.76,0
50.78,67.59,83.26,55.51,4.4,29.5,4.87,23.15,1
4.49,20.88,55.15,26.18,17.03,52.24,2.46,24.69,0
5.39,35.4,106.94,31.95,8.4,117.83,3.33,30.77,0
6.37,18.91,34.46,32.11,12.14,45.78,1.49,33.52,0
0.0,25.86,38.27,18.27,19.06,128.65,1.29,35.07,0
5.01,23.47,97.05,64.02,10.89,53.45,4.12,13.82,0
4.74,14.89,29.56,41.9,5.11,45.74,2.22,32.9,0
15.01,51.01,85.45,32.09,4.79,68.9,5.14,30.84,0
23.55,32.19,70.35,26.85,4.49,68.56,1.55,32.2,1
3.86,6.84,33.0,30.22,8.94,63.23,0.7,27.55,0
0.0,1.36,10.98,26.49,9.75,22.15,2.84,32.75,0
7.82,18.54,95.23,26.21,3.27,31.15,4.8,29.0,0
0.3,14.7,21.5,29.51,9.24,65.15,4.77,22.85,0
8.74,23.34,78.94,39.8,15.36,96.55,2.96,16.47,0
8.46,9.62,19.98,46.27,14.78,31.07,1.5,14.52,0
1.33,23.65,53.9,37.18,13.86,207.79,3.54,31.48,0
7.9,20.32,82.67,47.9,1.04,13.98,3.36,22.03,0
0.0,28.68,38.36,36.75,19.17,47.58,2.09,30.6,0
9.44,26.15,57.01,38.95,4.0,23.55,5.86,28.06,1
16.54,41.7,139.23,41.28,2.77,41.67,5.34,27.36,1
12.05,16.12,35.93,21.42,10.88,22.6,2.55,25.78,0
2.48,31.22,59.62,37.69,15.72,95.69,2.6,32.42,0
15.28,36.28,38.84,27.67,10.44,39.92,1.96,14.56,1
13.47,22.39,31.51,21.56,6.79,20.93,1.02,34.26,0
14.15,61.81,68.04,37.73,27.25,116.04,2.52,27.68,1
26.3,99.06,116.83,34.16,3.8,11.11,3.62,35.6,1
10.56,19.7,63.19,48.69,15.12,63.41,4.36,26.96,1
0.0,30.46,73.84,32.03,5.5,12.73,3.9,31.71,0
0.53,16.32,33.57,6.36,10.71,81.39,1.23,25.27,0
10.57,34.91,67.04,44.99,13.4,34.0,2.58,29.08,0
4.89,24.43,88.79,54.07,15.03,51.7,6.96,25.81,1
3.49,33.21,61.0,33.27,7.3,40.67,2.86,38.4,0
13.05,14.82,22.48,28.33,16.98,28.56,1.46,17.52,0
0.0,23.76,36.94,27.17,4.32,166.69,3.24,22.93,0
13.33,33.75,188.74,72.32,6.19,33.44,7.81,20.87,1
4.43,21.79,44.69,30.94,6.9,43.17,1.9,17.33,0
9.76,49.16,80.11,27.07,4.86,98.06,3.71,25.4,0
0.0,5.69,9.98,20.75,6.11,35.15,1.94,41.29,0
13.91,42.48,50.52,40.72,3.96,53.28,4.29,28.31,0
19.62,27.83,64.74,45.73,2.07,67.22,6.17,36.96,1
88.81,99.35,103.68,49.22,3.93,91.55,6.8,23.26,1
8.99,18.1,49.56,29.52,4.61,31.09,3.69,35.23,0
18.94,36.07,80.24,41.03,9.03,53.98,3.43,28.44,1
0.34,29.28,49.73,21.14,27.89,28.44,2.34,27.41,0
25.0,40.88,88.45,36.49,9.06,49.19,4.69,28.42,1
0.0,32.59,77.54,30.01,6.75,43.82,3.31,27.35,0
34.67,46.5,71.93,57.94,5.32,109.55,4.2,42.74,1
7.9,11.26,25.13,24.01,4.75,109.72,2.62,26.13,0
0.0,19.41,26.48,36.09,1.12,40.87,4.57,29.31,0
3.68,17.31,33.0,42.22,6.16,52.44,3.18,34.32,1
18.74,65.58,85.99,47.13,2.54,57.59,4.73,24.88,1
5.04,11.5,33.8,24.98,24.34,136.65,2.28,38.92,0
4.93,26.99,78.72,57.15,6.94,59.14,2.15,23.76,0
17.04,32.99,51.63,28.54,7.0,34.39,1.96,33.89,1
5.71,9.42,29.38,27.52,5.83,72.38,1.22,20.01,0
23.54,25.95,86.09,55.12,4.74,13.1,4.14,28.43,0
2.3,4.91,48.75,37.77,23.24,85.97,2.44,34.56,0
0.0,28.9,60.56,35.5,15.48,137.3,3.5,24.01,0
6.22,21.8,56.4,34.88,5.73,79.97,1.69,24.05,0
7.31,32.01,62.86,18.81,3.63,158.14,5.04,28.84,0
2.09,27.73,86.44,22.13,2.66,51.97,3.62,29.62,0
9.43,61.83,90.02,44.51,7.63,47.12,4.92,17.01,0
0.0,34.11,68.79,33.57,19.76,8.59,2.62,28.89,1
9.76,25.22,72.07,28.94,19.44,30.33,6.0,27.23,0
0.0,23.43,42.05,36.13,13.18,66.55,0.2,20.22,0
0.0,5.08,8.58,15.72,2.99,45.28,1.71,32.62,0
7.04,11.16,23.29,28.95,6.51,51.83,0.2,19.99,0
0.0,13.91,39.41,25.3,7.15,16.21,1.86,20.28,0
11.36,19.94,50.44,40.46,7.09,71.5,4.0,23.02,1
0.16,16.58,43.47,29.28,7.49,30.93,1.52,37.65,0
12.73,23.39,26.89,38.36,10.37,49.45,2.35,24.39,0
4.15,36.33,106.44,38.26,4.43,93.64,4.57,32.17,0
7.03,30.01,43.53,23.26,6.86,194.16,2.22,37.67,0
19.03,28.12,36.51,31.18,3.0,22.28,3.56,26.9,1
10.66,36.53,46.94,41.75,11.66,135.0,5.5,26.92,0
13.03,18.29,27.69,20.06,9.0,46.22,1.14,26.11,0
12.51,27.63,88.59,29.5,1.19,109.17,5.95,27.53,1
1.62,34.38,63.76,27.52,4.38,32.78,3.42,21.34,1
10.11,11.91,34.84,45.65,2.51,35.35,2.47,20.32,0
0.59,41.29,45.91,26.05,14.18,61.98,3.19,24.02,0
10.13,21.21,69.79,46.87,8.13,85.7,2.6,27.17,1
3.82,37.05,111.34,41.0,6.11,26.92,6.25,28.92,0
5.28,16.38,92.77,34.94,5.08,150.67,4.34,24.22,0
31.27,34.21,63.97,41.65,9.3,79.86,3.36,32.21,1
11.94,21.48,94.14,39.53,7.0,57.96,4.04,29.55,0
1.99,39.96,128.7,55.46,5.77,63.52,4.6,32.48,1
0.0,18.24,24.55,22.43,19.94,76.13,1.36,19.82,0
7.33,41.11,64.03,37.36,8.72,53.29,2.17,25.82,1
0.0,11.38,59.15,24.35,3.11,239.62,2.08,31.38,0
5.51,12.99,38.69,17.24,8.32,25.55,2.47,24.03,0
17.19,49.44,76.43,32.17,8.07,43.84,2.58,25.91,1
0.0,15.38,57.49,32.05,0.96,23.28,1.87,29.28,0
11.6,32.26,34.92,27.04,7.62,23.36,2.75,23.36,0
20.92,42.92,57.77,22.34,6.69,20.52,3.73,32.28,1
12.69,14.32,77.98,34.63,13.69,71.97,4.44,26.65,0
15.9,42.55,89.66,36.33,1.94,11.57,4.35,19.76,0
10.43,15.75,90.53,53.12,2.18,10.22,5.74,30.84,0
3.22,5.59,46.54,36.95,2.49,23.37,0.37,29.84,0
0.75,10.69,19.5,11.75,10.17,47.72,2.41,26.36,0
1.39,14.8,36.62,24.82,8.04,71.1,2.81,27.42,0
35.62,79.48,95.06,45.36,1.68,32.59,5.51,26.28,1
8.37,36.2,50.14,28.46,2.84,52.35,1.19,27.21,0
22.84,25.03,42.15,24.66,3.08,156.5,3.63,34.15,0
2.3,22.78,55.29,23.45,10.31,46.64,2.72,29.16,0
14.93,30.17,49.1,33.31,8.07,40.08,4.62,30.17,0
0.48,6.77,22.04,44.63,5.37,118.62,3.55,21.03,0
4.34,29.88,93.51,31.66,6.09,58.86,5.71,34.67,0
2.93,46.64,66.94,46.19,2.98,74.16,2.92,31.22,0
32.12,48.66,114.78,47.22,12.72,58.0,6.15,22.4,1
1.12,12.41,27.19,24.18,6.46,42.46,0.72,25.96,0
13.23,30.54,77.11,41.77,6.95,15.95,5.86,21.82,0
10.74,31.29,86.96,25.05,14.23,118.54,3.17,22.25,0
0.0,61.58,83.29,44.31,13.34,125.58,3.67,14.51,0
23.08,31.19,59.37,32.85,5.81,186.42,2.7,32.18,0
25.66,34.12,84.51,37.83,5.02,24.97,3.59,24.16,1
8.42,40.07,74.11,37.19,2.24,93.7,2.81,34.75,1
6.73,17.07,90.4,47.82,10.62,27.66,4.23,26.34,0
0.0,1.47,28.17,22.03,8.79,28.41,2.83,26.65,0
0.0,44.1,48.71,12.51,6.41,19.53,1.99,23.7,0
4.14,46.52,70.05,14.45,8.21,73.58,0.4,32.63,0
0.59,5.03,37.02,27.53,7.24,92.75,2.65,24.83,0
17.21,33.79,38.69,51.35,10.5,171.14,5.57,17.79,0
0.0,2.32,6.11,22.45,13.26,64.92,1.57,22.13,0
0.0,29.56,56.32,47.02,4.86,51.46,5.17,26.27,0
11.97,40.53,55.62,27.43,2.75,111.84,5.6,23.95,0
9.91,25.47,58.95,41.24,5.36,77.54,4.09,29.68,0
7.67,42.9,53.2,27.93,21.96,53.71,2.73,19.18,1
14.99,17.64,33.91,18.05,6.57,48.82,3.72,26.34,0
1.86,20.93,28.02,29.66,5.0,91.13,1.16,24.9,0
3.21,4.69,9.7,28.49,7.67,45.23,2.04,34.91,0
9.54,15.67,29.39,31.72,12.69,17.07,1.13,30.17,0
8.36,10.61,24.89,38.74,3.91,36.32,1.85,27.02,0
0.91,49.78,60.83,39.64,10.24,267.26,3.42,24.31,0
20.1,54.25,65.98,47.23,8.93,139.13,3.46,25.22,1
0.0,1.67,28.41,41.14,8.18,93.23,3.47,32.22,0
3.72,23.79,35.07,30.3,8.38,418.29,2.22,27.13,0
0.0,1.7,9.87,10.29,5.54,72.22,1.44,33.74,0
49.29,75.97,88.96,35.21,11.42,90.1,3.73,29.34,1
6.98,38.33,49.69,37.39,1.3,54.59,4.89,30.37,0
0.37,27.36,55.53,35.01,4.68,64.63,4.05,22.3,0
2.98,22.96,35.28,46.23,5.59,58.75,3.78,23.81,0
9.38,22.74,58.44,46.29,9.47,189.87,3.51,31.19,0
17.09,36.02,66.41,41.36,7.23,80.45,4.85,28.21,1
0.72,7.11,56.47,36.45,4.21,693.29,3.93,33.24,0
26.88,46.96,50.2,30.33,19.24,53.57,2.47,20.55,1
6.62,18.27,110.65,49.47,5.78,71.43,5.67,35.22,1
12.1,14.39,29.54,29.35,20.0,37.88,1.08,33.79,0
2.53,7.87,75.5,27.03,2.37,26.42,3.51,25.85,0
10.23,41.46,59.07,44.88,4.81,44.12,3.98,26.76,0
2.13,4.74,26.0,11.73,7.11,91.25,0.29,34.48,0
3.31,20.92,58.14,28.0,8.2,60.57,1.7,20.01,0
17.75,28.72,53.56,29.9,2.89,9.01,4.24,33.23,1
11.36,47.18,116.42,35.12,9.52,131.92,5.59,24.52,1
3.97,6.97,92.55,31.49,13.3,169.11,2.64,27.58,0
16.79,34.81,49.76,34.51,2.03,60.99,2.04,25.15,0
9.01,21.49,94.21,35.74,6.27,44.76,3.25,32.18,0
0.0,17.43,21.58,32.88,19.48,12.79,1.2,25.36,0
5.32,93.55,119.93,44.98,8.8,63.33,4.93,32.19,1
17.36,28.44,62.8,35.65,45.0,33.84,1.36,36.53,0
34.67,42.01,56.78,39.57,7.25,17.07,3.03,25.3,1
0.04,14.45,22.58,19.91,6.25,137.7,2.98,32.06,1
16.23,37.43,47.02,14.49,2.64,176.09,2.4,32.16,0
6.55,17.1,49.8,39.48,14.32,31.02,3.37,26.82,0
0.0,83.0,107.8,40.52,0.29,38.83,6.02,25.98,1
0.0,6.81,19.7,32.48,2.07,66.64,0.54,32.73,0
0.16,27.32,34.18,6.28,14.07,147.23,1.96,38.27,0
0.0,46.39,81.94,32.76,17.28,59.63,3.39,25.31,0
0.0,0.6,53.98,31.97,13.54,84.05,3.81,24.81,0
6.92,29.66,59.56,35.8,4.68,104.96,2.55,25.5,0
0.0,7.14,55.76,43.16,5.48,75.83,2.76,30.74,0
0.78,6.17,31.92,24.38,16.76,42.22,2.53,31.99,0
3.38,16.78,26.05,10.23,17.44,14.81,2.05,29.75,0
0.8,44.9,61.7,26.37,6.64,36.54,2.75,20.8,1
0.0,32.4,55.54,30.77,0.53,62.72,4.07,31.33,0
6.26,8.5,55.55,37.52,6.02,120.82,2.2,26.95,1
1.04,33.26,42.62,34.93,3.55,22.85,1.33,24.71,0
4.94,11.92,13.86,16.67,12.45,87.19,1.52,30.35,0
13.14,52.0,72.33,45.52,2.07,52.01,3.84,23.75,0
1.73,2.85,23.31,14.83,1.3,33.64,1.1,32.58,0
1.98,26.18,76.96,59.73,3.92,56.86,5.77,31.63,0
0.0,6.1,11.87,24.89,1.21,58.14,2.71,31.02,0
17.16,49.15,71.96,25.82,18.6,60.78,5.37,24.07,0
6.42,59.37,60.8,30.62,6.89,24.96,2.3,30.68,1
16.07,29.68,39.61,22.33,13.03,47.93,1.75,27.07,0
18.81,27.91,35.6,22.3,8.64,301.61,0.64,32.87,0
1.66,13.6,59.9,41.12,6.81,89.02,3.72,26.63,0
14.84,29.53,39.21,40.64,11.89,24.27,1.87,29.41,0
7.33,30.9,72.08,33.2,15.46,84.98,4.82,29.9,0
2.1,4.68,145.76,46.48,14.22,35.55,4.83,30.21,1
1.32,5.98,62.93,23.92,15.81,62.11,3.72,27.61,0
6.17,23.22,67.68,45.29,1.88,152.1,4.55,30.63,0
8.37,23.46,106.48,37.15,24.03,212.31,4.25,32.06,0
2.89,7.19,66.35,44.27,4.09,51.94,4.4,25.57,0
7.92,45.41,100.05,42.69,6.99,65.28,4.04,29.79,1
10.44,18.43,35.46,25.95,5.32,76.78,1.15,30.38,0
4.89,66.05,94.19,30.02,6.55,145.52,4.69,20.66,1
10.08,32.92,50.65,48.45,15.34,51.04,4.64,37.96,0
1.33,31.36,74.2,41.35,17.91,39.93,1.46,31.03,0
9.78,28.77,30.71,29.47,21.08,57.18,0.2,20.89,0
8.24,17.43,49.84,42.47,12.34,61.66,3.18,29.45,0
18.51,36.94,94.89,41.84,6.64,67.91,4.24,27.59,0
28.16,41.19,55.58,30.33,2.91,240.96,0.99,25.66,1
18.96,22.22,33.7,16.96,6.97,26.53,3.78,33.01,1
3.97,7.33,37.56,19.18,9.13,24.88,2.74,12.0,0
0.0,11.13,50.64,40.47,8.24,46.6,4.7,24.24,0
0.78,24.87,34.62,25.15,3.73,59.62,2.44,25.41,0
27.47,38.58,66.18,26.92,12.42,66.7,2.37,21.44,1
6.63,18.08,61.75,41.16,9.25,313.55,3.24,25.59,0
8.66,33.39,75.87,33.81,10.99,51.12,3.04,31.65,0
16.05,27.02,33.88,26.06,13.08,49.58,2.39,30.66,1
6.09,84.46,88.79,26.47,3.69,94.93,2.78,18.76,1
21.85,29.82,46.78,21.66,3.44,256.09,2.3,34.11,0
0.0,31.68,91.62,39.5,2.92,15.18,4.94,28.68,0
11.02,27.92,48.58,31.71,12.32,122.7,2.82,36.56,0
35.52,150.52,175.72,49.52,17.97,161.69,5.83,37.26,1
23.55,33.79,59.58,48.38,13.04,105.2,3.51,22.89,1
24.86,52.75,56.72,33.63,10.6,84.23,1.72,23.37,1
0.0,14.9,49.16,35.84,4.59,130.72,3.01,31.84,0
8.07,9.0,85.28,26.98,5.1,128.42,3.85,29.76,0
5.04,21.25,26.73,27.45,2.8,25.68,0.36,36.74,0
0.75,10.91,52.87,31.04,6.5,24.37,3.46,39.72,0
8.24,28.07,139.41,42.05,16.51,144.91,3.43,31.34,0
0.0,7.51,101.32,59.88,12.67,26.71,5.2,23.15,0
10.05,10.57,24.57,26.84,2.27,63.13,2.39,24.4,0
0.47,50.54,83.34,40.46,3.62,94.84,4.26,18.95,0
9.46,18.02,42.02,36.6,4.58,36.63,2.03,34.7,1
0.94,31.64,76.25,35.52,8.69,101.76,3.25,31.76,0
3.58,17.5,62.66,34.54,18.04,5.71,3.89,19.77,0
2.98,22.55,48.34,39.7,18.06,85.12,3.11,34.98,0
4.89,23.03,33.25,17.84,6.71,55.16,3.5,26.76,0
5.68,16.67,64.13,49.04,4.42,66.7,3.57,34.23,0
3.01,19.31,29.01,32.77,5.93,107.57,2.43,35.23,0
0.11,29.45,47.81,45.94,25.94,72.89,1.56,36.8,0
19.75,36.65,55.63,39.59,17.37,73.31,4.42,32.86,0
6.04,40.11,119.3,27.93,6.42,156.39,5.74,26.29,0
8.47,18.59,25.24,20.95,17.17,42.46,3.17,26.45,0
3.01,17.89,42.56,27.98,4.59,188.8,3.64,28.69,0
50.54,55.28,64.08,21.71,6.84,87.93,1.65,31.49,1
6.8,27.81,41.53,29.76,9.32,37.23,4.52,32.74,0
20.75,34.59,37.35,19.99,10.17,24.8,3.35,34.51,1
3.68,21.54,34.96,27.53,5.86,85.0,2.98,36.57,0
11.53,59.39,64.02,27.12,1.99,56.48,1.96,27.27,0
4.58,18.68,36.88,28.87,14.09,87.33,2.78,24.34,0
17.61,61.35,81.72,48.46,5.68,402.01,6.55,34.24,1
2.39,9.2,27.76,22.38,8.47,52.28,1.91,27.79,0
0.0,7.61,68.69,37.6,7.14,20.81,5.05,26.88,0
8.44,15.52,38.16,22.7,12.57,50.11,1.54,26.99,0
18.81,22.9,49.89,37.54,21.87,82.1,3.32,39.5,1
4.8,21.79,54.44,27.54,2.59,124.24,1.08,25.81,0
2.25,26.11,65.67,38.93,5.9,107.14,5.06,22.27,0
0.0,13.57,40.9,13.98,7.9,47.76,2.9,26.11,0
19.07,65.46,144.22,35.73,6.09,68.26,4.62,24.09,1
0.62,5.66,18.36,32.19,7.8,34.64,3.37,30.93,0
2.93,10.87,46.26,43.43,3.12,58.44,4.45,24.0,0
2.8,15.79,24.65,37.41,10.4,21.93,3.08,31.89,0
5.42,10.79,18.15,29.75,26.19,19.64,1.31,27.61,0
11.42,30.07,62.63,28.92,4.94,53.46,1.98,20.23,0
38.73,42.48,76.76,25.71,9.63,74.08,4.3,30.9,1
8.9,24.62,50.07,31.26,16.36,18.26,2.95,41.64,0
0.0,14.83,42.86,21.86,9.73,62.31,2.47,24.33,0
5.02,26.03,31.26,25.43,21.0,38.61,2.67,24.42,0
9.06,52.57,68.25,39.63,8.8,21.3,3.18,25.44,1
22.18,30.33,114.87,37.66,4.62,37.62,4.29,28.14,1
19.79,75.76,115.57,39.16,4.72,81.25,5.78,29.35,1
4.72,38.99,92.11,37.46,9.39,82.47,2.08,31.63,0
6.55,27.37,70.91,39.94,8.36,34.04,4.4,34.25,0
7.87,11.76,70.68,32.97,21.13,80.88,1.75,22.23,0
6.59,24.89,42.27,42.3,6.72,82.72,3.36,30.63,0
5.0,9.78,45.28,38.91,4.12,38.86,3.41,43.0,0
28.86,54.52,94.21,50.76,10.84,122.95,5.26,17.61,1
1.38,11.73,84.36,41.59,7.0,13.15,4.53,34.59,0
16.53,56.39,88.97,52.94,6.65,20.84,4.76,29.2,1
13.55,54.59,61.1,36.2,1.97,160.03,0.96,22.8,0
4.71,32.08,52.2,37.65,11.8,198.03,6.1,24.74,1
1.1,6.74,62.45,20.14,4.35,116.0,1.06,37.36,0
6.01,17.84,44.47,35.26,7.94,16.34,5.01,28.67,0
11.98,53.18,125.27,50.27,7.42,39.81,6.34,37.36,1
0.0,82.33,125.55,48.48,6.19,150.99,3.06,25.77,1
8.58,18.24,94.65,47.54,14.9,8.82,4.9,34.74,0
8.1,26.55,36.11,33.44,3.54,94.53,2.65,28.41,1
0.0,9.91,40.04,30.22,14.12,66.94,4.77,27.91,0
0.79,6.82,28.74,41.13,11.33,68.81,3.18,36.69,0
7.54,14.99,90.28,29.37,13.61,78.82,4.57,42.47,0
0.0,15.28,36.98,37.61,3.55,60.58,2.65,25.42,0
12.79,15.24,42.93,31.33,3.04,118.86,1.75,25.2,0
3.89,39.38,57.44,37.71,4.14,74.21,3.26,27.62,0
5.44,18.1,50.44,28.05,9.71,88.2,2.93,21.14,0
6.15,25.76,46.6,37.58,6.0,20.08,4.29,33.83,0
0.0,19.08,42.98,22.81,5.76,65.11,1.93,15.42,0
6.19,19.09,31.99,26.33,10.54,30.19,0.88,27.68,0
11.17,20.56,63.03,37.19,14.06,78.11,3.16,36.01,1
1.18,9.56,34.87,23.07,5.91,41.71,1.99,20.77,0
0.72,34.65,76.87,46.66,21.26,144.85,4.88,28.81,0
36.68,40.58,47.52,41.68,19.51,16.05,3.77,32.09,1
0.35,27.57,42.27,26.23,4.21,30.29,2.75,16.14,0
2.62,31.09,38.26,37.22,5.0,35.38,2.3,37.13,0
24.35,32.55,56.5,29.04,10.32,115.48,3.02,33.16,0
0.0,10.77,92.87,53.36,3.32,63.9,4.95,30.56,0
4.51,25.0,66.72,15.46,2.29,63.87,1.61,31.49,0
10.91,30.11,69.07,43.09,16.92,97.86,3.66,30.92,1
4.98,38.76,97.1,48.09,9.4,47.3,4.82,32.81,0
0.0,29.08,77.11,31.26,16.68,59.15,3.49,20.13,0
0.0,7.42,16.66,31.24,8.82,137.06,3.23,15.95,0
0.0,40.05,66.62,29.98,6.58,116.85,3.79,34.36,0
4.03,14.43,29.77,23.81,11.39,120.48,2.85,31.54,0
9.1,12.83,82.4,47.01,5.34,66.1,4.67,28.72,0
1.15,27.63,47.83,45.97,10.28,53.71,2.41,33.39,1
3.04,71.72,91.71,31.7,22.1,83.77,4.53,21.89,0
3.01,9.92,35.18,39.83,20.64,34.63,4.14,28.31,0
20.73,22.91,67.9,44.14,11.18,65.46,5.31,32.24,1
7.4,31.91,50.64,19.28,11.38,31.63,3.3,28.95,0
6.16,11.53,55.51,27.97,3.37,177.18,3.64,32.68,0
17.61,48.69,78.4,28.82,10.41,34.37,2.88,14.59,1
0.0,13.01,16.05,28.33,15.08,36.33,1.24,27.85,0
7.27,14.73,42.69,25.16,17.16,68.59,3.81,35.7,0
1.88,15.41,65.58,35.49,9.88,18.13,3.88,25.87,0
23.51,70.39,103.69,49.78,8.46,68.77,4.52,21.08,1
17.75,19.72,40.78,35.86,1.3,17.47,2.41,27.82,0
1.88,33.98,130.87,40.04,5.24,107.14,5.88,31.26,0
3.41,37.89,67.19,43.94,8.25,54.19,3.54,35.71,0
0.14,10.63,22.1,36.84,4.38,24.06,2.52,32.38,0
15.01,40.68,102.12,50.09,1.11,13.87,5.94,20.41,1
11.75,32.14,42.17,39.5,19.43,74.27,3.06,30.57,0
3.77,37.98,77.89,26.78,3.99,22.81,3.96,28.49,0
3.7,17.31,32.63,37.57,10.62,22.68,1.43,30.15,0
2.3,5.77,14.3,24.31,4.12,80.63,2.15,27.64,0
22.16,64.0,95.3,37.07,3.22,39.54,4.31,29.89,1
4.37,12.26,30.89,29.82,2.16,21.13,1.18,35.69,0
2.51,12.78,54.4,34.15,5.49,66.68,3.35,30.17,0
13.5,25.9,83.37,21.88,20.99,84.07,4.2,31.75,0
3.3,41.25,96.54,44.77,12.61,138.13,6.88,23.25,0
15.54,76.7,108.78,43.41,6.02,70.64,4.79,20.6,1
27.07,38.42,68.8,37.74,8.74,30.53,3.27,31.06,1
1.33,13.1,45.22,19.18,8.58,113.38,3.17,38.8,0
10.26,30.01,110.52,35.17,17.85,40.2,2.0,34.39,0
1.31,7.15,22.55,24.99,5.95,51.0,2.38,23.49,0
39.43,64.12,147.08,51.73,8.2,18.52,3.85,24.78,1
6.7,31.58,104.85,49.21,3.81,23.28,4.58,32.87,1
11.65,31.85,65.25,29.2,10.03,83.76,2.54,32.67,0
0.0,3.88,83.23,45.41,13.85,192.37,4.99,18.65,0
2.24,61.75,77.72,31.6,16.7,149.53,5.28,32.25,0
0.0,26.44,70.18,31.89,17.57,41.41,3.31,35.1,0
6.68,60.35,111.12,41.36,4.72,43.79,6.07,25.28,1
28.2,32.8,121.25,39.73,13.17,446.54,6.04,22.11,1
14.38,21.15,109.05,45.31,7.96,28.91,4.46,32.64,1
10.69,19.14,46.38,26.08,13.37,71.13,2.11,23.54,1
2.56,64.21,84.32,42.81,5.84,143.36,3.24,21.35,1
0.0,19.0,44.79,32.81,17.42,41.13,1.76,29.37,0
4.92,20.64,83.2,26.79,21.22,66.17,4.0,27.53,0
12.19,13.04,50.39,40.95,2.26,42.33,4.49,28.06,0
0.14,11.81,110.93,46.2,6.03,216.1,2.1,29.65,1
14.25,27.96,113.89,45.19,1.79,46.58,4.99,26.44,1
7.19,28.09,69.77,31.1,10.05,78.38,3.51,33.71,1
0.74,63.1,126.77,31.61,5.71,110.26,2.8,29.57,1
0.0,46.01,68.6,39.09,15.73,54.82,3.89,28.34,0
0.0,12.97,67.21,59.67,11.71,20.37,4.01,31.11,0
4.63,11.11,54.76,10.47,13.96,19.49,2.89,26.42,0
19.41,32.17,83.6,46.67,3.85,81.94,4.47,29.91,0
0.79,18.37,28.22,19.57,13.13,99.14,3.03,22.71,0
21.97,47.64,115.66,48.87,9.04,75.16,4.08,31.5,1
0.0,0.2,50.13,23.66,4.84,110.24,3.69,18.48,0
5.93,18.88,42.02,37.37,11.8,32.47,2.25,20.58,0
5.1,18.94,32.55,40.89,7.94,43.2,3.19,19.47,0
9.19,21.82,48.21,33.16,13.92,33.59,4.03,28.45,0
7.03,69.08,140.74,51.87,2.48,16.51,4.97,32.11,1
2.48,17.03,43.59,34.12,6.62,51.52,3.51,23.74,0
2.53,18.88,43.09,25.12,4.41,175.3,2.57,28.77,0
16.01,72.89,84.15,37.32,3.56,69.13,6.34,32.59,1
6.39,51.88,97.1,45.25,20.62,12.95,3.86,25.69,0
0.0,40.82,52.24,45.02,4.95,231.86,2.14,35.17,0
3.05,23.21,51.79,28.1,2.13,202.04,2.89,25.05,0
3.6,14.57,17.19,32.0,9.26,156.99,3.55,22.61,0
3.56,9.87,44.11,28.93,9.33,37.53,1.56,42.08,0
13.68,48.11,85.24,44.21,5.21,62.69,4.17,24.04,0
1.71,55.08,64.99,41.83,1.92,170.72,2.46,40.03,0
7.83,33.53,41.03,30.48,12.12,24.91,2.83,28.87,0
28.65,33.91,84.03,42.24,0.87,49.27,4.31,29.42,1
19.54,38.47,56.38,20.66,4.74,75.85,2.49,25.82,0
1.29,41.18,77.11,42.43,7.67,55.03,3.36,30.98,0
6.65,13.64,97.74,44.02,22.15,76.22,3.56,23.93,0
11.44,18.78,25.14,38.37,0.79,45.43,0.2,27.0,0
0.0,24.24,42.58,15.29,10.9,195.4,2.13,28.24,0
5.43,31.42,41.9,30.77,1.55,50.01,2.06,25.96,1
4.37,27.76,58.82,23.5,3.88,77.16,3.83,33.62,0
18.57,62.16,147.26,38.04,14.41,39.25,3.51,23.96,1
7.91,24.02,47.4,14.56,1.96,19.91,1.55,24.3,0
4.32,14.5,30.34,32.14,14.04,56.27,1.95,28.59,0
12.33,44.76,119.67,38.79,6.14,136.07,3.36,25.19,1
21.6,93.12,112.09,43.92,5.57,78.02,6.27,18.24,1
0.0,10.84,21.27,29.56,8.71,105.15,2.97,23.58,0
1.55,30.67,92.08,43.54,7.32,47.69,3.69,14.48,0
29.41,77.11,93.93,45.65,3.54,45.61,4.3,29.73,1
42.83,64.31,84.93,50.32,10.4,92.57,4.22,24.48,1
0.71,6.21,38.03,30.53,10.17,56.04,3.31,20.55,0
15.72,37.67,152.75,46.27,3.44,50.39,4.54,30.82,1
0.7,25.61,70.26,25.83,3.31,51.76,2.46,31.44,0
0.0,13.33,42.13,36.2,19.49,229.86,0.98,30.6,0
4.61,17.58,61.33,27.58,6.81,168.92,3.76,27.45,0
17.67,21.72,66.17,37.27,21.35,83.25,4.18,35.94,0
3.7,12.34,31.95,48.05,22.21,37.26,3.0,23.22,0
17.43,27.19,58.39,20.53,19.95,143.41,1.97,23.32,0
19.1,26.45,95.3,30.06,20.4,35.54,3.76,28.36,1
2.29,17.64,33.94,31.29,13.42,153.3,1.39,33.04,0
2.13,38.29,44.65,22.03,9.57,27.15,1.87,31.1,0
3.88,13.26,28.28,40.36,5.5,43.1,0.3,29.2,0
5.73,56.19,85.57,29.72,4.38,39.82,4.31,21.6,0
4.75,28.59,69.63,35.45,9.97,108.68,2.32,22.91,0
6.53,95.22,110.57,46.57,1.63,218.82,3.95,30.54,1
2.69,32.09,71.21,24.24,15.0,74.42,3.8,30.01,0
0.0,3.17,44.7,32.53,6.33,129.98,1.27,27.21,0
35.74,79.87,97.75,52.82,4.55,127.27,4.27,29.42,1
1.54,3.26,84.01,42.93,5.78,70.47,3.83,25.35,0
0.0,2.5,10.12,23.13,5.32,64.17,0.2,18.62,0
13.42,49.57,54.72,39.93,1.25,180.35,2.98,30.45,1
0.0,65.48,81.45,17.23,5.57,102.1,3.92,32.56,1
12.0,77.65,88.62,33.99,6.15,48.06,5.56,24.65,1
1.34,23.37,55.32,20.21,8.77,65.19,2.24,35.76,0
41.85,54.66,67.85,37.86,22.46,39.69,2.76,31.95,1
24.93,40.77,61.05,35.36,8.26,102.59,6.07,32.85,0
4.19,20.28,34.43,22.28,7.4,41.12,1.5,27.16,0
10.72,29.24,52.97,42.63,13.4,48.34,3.15,16.34,0
8.34,16.56,41.44,13.63,3.5,95.78,2.58,30.46,0
1.18,18.99,24.89,43.51,4.67,44.2,1.06,29.08,0
12.9,23.8,40.15,40.33,4.33,103.55,3.65,24.25,0
6.46,13.8,41.22,32.39,13.03,44.18,4.94,29.04,0
7.76,59.5,74.48,31.98,5.72,58.07,2.89,29.21,0
11.76,37.63,85.73,36.2,4.18,157.9,4.76,30.57,1
4.96,30.54,73.11,39.33,18.08,170.63,1.78,27.72,0
0.65,19.55,148.47,42.7,8.86,262.56,5.97,31.32,0
10.72,18.97,57.42,32.69,6.3,101.03,2.03,36.8,0
14.16,31.6,35.93,33.45,6.61,53.5,3.94,32.23,1
14.23,78.14,141.66,52.7,3.66,218.33,4.52,29.69,1
14.56,40.49,48.93,44.77,4.44,20.18,1.74,34.34,0
9.2,24.47,47.18,45.57,6.79,86.85,3.03,29.94,0
0.0,23.17,106.52,41.12,7.75,38.2,3.69,27.0,0
43.47,56.1,58.8,20.08,6.57,57.49,2.99,23.55,1
14.05,26.09,28.46,29.21,7.33,39.73,1.71,33.94,1
3.02,40.63,110.01,54.32,20.15,258.9,4.92,15.03,1
16.31,35.29,44.1,30.93,7.3,24.77,3.92,25.82,0
0.0,26.85,49.14,47.09,10.91,118.55,2.61,15.66,0
12.08,30.21,39.18,20.05,5.89,65.96,3.23,23.92,0
3.66,35.04,62.11,38.58,9.9,75.3,2.71,31.96,0
0.0,11.89,17.54,31.44,19.72,62.07,0.79,17.21,0
0.0,13.78,47.6,48.01,7.39,39.87,5.24,30.86,0
10.06,69.76,87.78,39.45,4.68,53.65,4.35,33.04,0
11.51,13.98,46.1,36.21,8.21,79.6,3.73,28.0,0
0.41,31.15,109.2,48.55,0.81,28.57,3.66,28.38,1
3.76,24.24,65.84,25.76,12.68,18.95,3.44,37.55,0
8.91,23.32,151.02,43.79,4.59,153.75,6.24,21.69,1
2.18,10.71,35.98,33.65,13.64,21.06,3.98,28.93,0
37.43,79.92,107.64,43.74,14.48,9.98,4.96,26.82,1
10.2,75.23,88.51,36.5,18.03,239.32,4.61,30.33,0
4.98,18.59,102.1,44.86,14.38,93.6,2.81,24.4,0
18.89,47.39,119.0,45.42,25.01,260.95,4.14,20.14,1
11.22,38.88,54.65,42.29,18.79,24.67,4.9,21.63,1
9.01,38.3,77.54,32.51,5.49,91.12,4.47,33.16,0
10.43,15.52,49.73,35.63,8.18,69.02,2.95,32.47,0
14.42,53.83,75.46,33.58,8.13,78.11,4.59,22.67,1
1.7,5.12,20.23,23.52,9.77,59.79,0.51,26.55,0
0.0,27.38,31.98,41.57,13.77,85.02,2.47,27.75,0
20.46,66.38,89.96,47.93,8.02,128.56,4.62,31.34,1
6.49,17.73,32.55,31.12,6.88,171.5,0.2,25.48,0
2.65,22.74,42.94,26.92,5.09,113.96,2.66,28.3,0
0.64,32.57,72.73,48.4,4.33,18.45,3.86,29.22,0
0.17,14.36,36.87,47.21,9.5,49.05,2.61,26.99,0
7.47,15.2,64.67,22.36,1.57,11.57,2.82,34.12,0
5.66,34.76,52.15,27.77,6.46,73.18,3.12,33.59,0
19.13,25.36,59.84,29.61,8.55,166.86,3.83,29.65,0
11.82,13.72,17.34,25.7,4.61,25.01,0.68,21.54,0
14.16,33.44,54.15,30.05,3.44,75.72,3.44,33.92,1
18.17,32.42,67.01,34.35,3.81,57.23,4.2,24.42,1
7.99,37.43,62.97,40.94,4.5,61.9,4.02,31.26,1
28.05,48.56,81.77,35.27,4.33,243.15,3.58,23.22,1
1.45,74.0,79.21,33.77,6.39,53.98,3.7,37.3,0
17.8,61.43,73.2,35.62,8.91,111.13,5.62,24.38,0
0.0,22.41,43.94,34.13,9.2,51.25,2.22,28.68,0
0.0,39.88,58.88,35.28,9.98,57.72,2.68,32.1,0
0.0,48.55,90.51,42.23,6.34,56.02,3.71,28.65,0
5.01,53.57,57.95,33.85,6.92,79.82,3.27,28.62,0
0.0,6.91,107.54,36.94,14.73,36.26,3.1,21.2,0
4.76,13.27,31.06,32.76,21.65,14.07,0.51,23.16,0
2.98,57.9,128.21,31.49,20.98,57.75,4.54,24.42,0
40.28,60.08,67.4,40.8,5.05,36.34,4.6,31.78,1
0.0,20.84,53.89,41.63,12.32,49.28,0.59,33.13,0
7.05,33.57,107.15,32.32,3.04,18.54,2.56,30.28,1
11.52,27.72,64.53,43.63,4.43,81.14,3.0,37.78,0
26.36,85.17,109.68,55.66,8.21,21.82,3.51,27.24,1
13.82,37.76,54.39,25.86,2.27,118.11,3.01,30.53,1
20.7,57.62,59.1,36.82,0.95,88.81,3.15,28.54,1
8.41,21.61,70.85,32.85,6.47,43.57,1.76,25.25,0
1.0,16.03,30.21,28.23,6.55,130.13,2.99,26.98,0
0.0,8.24,47.64,27.84,13.47,61.87,3.92,35.64,0
15.18,48.69,107.96,31.08,10.61,72.6,4.79,33.31,1
2.69,19.86,50.79,45.9,11.6,120.55,2.66,29.05,0
0.0,33.56,60.32,34.09,13.86,79.36,3.08,21.17,0
3.28,34.4,79.28,38.68,3.59,24.73,2.79,27.41,0
5.6,13.07,73.23,43.01,11.7,61.65,4.84,26.84,0
23.71,39.24,50.32,37.75,8.8,126.46,3.57,29.99,0
3.84,10.46,35.27,26.22,8.56,22.83,3.87,19.58,0
5.66,13.29,47.82,28.47,9.73,86.34,2.93,36.99,0
5.8,11.81,47.01,30.2,3.23,48.81,1.43,24.51,0
17.39,26.32,53.65,43.16,4.75,448.22,2.57,30.71,1
1.11,11.7,50.73,29.42,0.98,138.86,3.07,24.25,0
9.82,93.86,174.66,47.77,3.5,378.01,4.28,29.29,1
2.18,16.31,47.82,27.47,8.85,57.64,3.34,29.06,0
23.2,58.28,63.59,35.52,15.1,94.78,3.12,21.97,1
28.39,56.43,60.09,37.58,13.6,117.67,0.54,32.2,1
7.09,30.89,43.34,56.09,24.62,53.84,1.63,33.22,0
9.0,47.43,75.62,26.78,8.83,276.85,3.39,26.72,1
4.0,26.44,81.76,28.11,15.39,48.36,4.27,29.48,0
0.0,8.26,27.62,43.47,10.49,59.63,2.44,30.22,0
5.88,31.83,82.56,18.42,23.06,74.75,2.5,24.46,1
5.1,36.16,83.47,47.15,8.75,51.4,2.62,29.93,0
3.12,9.59,21.22,21.87,4.0,56.59,0.2,28.83,0
3.86,26.04,37.64,29.77,15.27,464.99,3.44,33.46,0
9.98,47.03,48.3,31.42,4.16,115.03,0.2,31.69,0
9.03,27.42,81.01,51.25,0.72,232.53,3.88,25.33,0
4.05,70.73,85.75,35.6,3.09,113.91,5.07,21.0,1
25.2,36.24,53.28,40.82,19.69,32.34,2.03,27.16,0
1.33,15.83,47.5,28.49,5.27,37.66,0.26,26.37,0
15.16,42.01,45.3,25.21,3.7,28.41,1.37,30.63,0
0.0,11.81,28.31,23.8,13.94,74.41,1.86,24.67,0
0.0,11.55,27.75,25.29,4.63,68.58,1.83,30.33,0
1.27,47.05,50.12,21.19,14.29,17.83,0.75,33.83,1
5.21,19.9,48.61,30.17,5.55,47.48,3.0,26.09,1
2.38,39.68,104.74,53.69,1.68,60.45,3.41,28.86,0
7.46,14.75,29.67,36.46,9.7,44.38,2.65,26.6,0
0.0,14.38,60.71,34.35,38.29,81.38,2.78,31.49,0
0.84,14.67,29.1,33.21,10.79,44.8,2.8,33.7,0
12.74,27.48,45.9,29.13,3.86,31.84,2.4,24.86,0
9.88,17.21,76.75,38.01,9.79,64.19,3.03,32.06,0
1.65,14.68,24.77,32.3,6.75,98.33,1.62,31.61,0
6.78,24.99,45.8,20.23,4.67,69.07,0.47,18.37,0
5.04,7.85,81.36,42.32,4.44,269.81,6.04,32.91,0
5.27,16.56,30.02,33.96,6.79,51.76,2.01,29.78,0
8.26,34.89,80.8,32.0,5.21,80.19,3.82,25.64,0
29.95,39.62,88.52,34.53,10.32,80.34,3.56,28.81,1
30.55,52.14,92.0,48.49,1.0,146.73,4.51,28.15,1
0.0,9.03,42.89,42.15,5.03,40.9,3.27,30.46,0
3.66,20.63,69.17,32.57,11.41,100.16,5.15,30.57,0
0.0,1.86,4.78,31.43,4.06,106.21,0.88,25.57,0
9.16,35.23,101.22,54.69,3.55,18.37,5.53,31.91,0
4.04,15.6,44.44,33.95,11.2,62.58,2.86,36.1,0
18.08,52.3,82.84,26.94,4.44,95.81,1.16,32.28,1
5.62,21.12,45.53,28.08,9.47,63.99,2.87,25.34,0
26.23,38.71,44.52,18.95,1.47,320.5,3.55,22.97,1
31.65,41.79,118.32,55.22,14.73,99.33,5.22,30.2,1
25.34,36.8,41.37,50.03,17.02,81.83,1.33,32.25,0
0.0,11.08,26.72,32.84,25.38,100.61,3.39,20.67,0
8.14,17.0,82.96,30.36,13.34,108.83,4.16,31.92,0
3.07,12.67,63.11,43.18,4.61,70.76,2.03,29.96,0
4.05,67.67,80.3,29.91,4.49,51.14,0.89,30.43,0
15.16,31.04,37.26,48.1,12.73,52.43,2.85,28.15,0
3.51,6.38,28.58,22.27,11.38,32.93,2.76,29.94,0
6.15,9.05,15.77,29.06,4.85,55.82,0.2,25.28,0
6.65,71.4,74.66,45.07,3.89,41.78,5.06,31.11,1
0.0,15.36,54.11,35.18,5.67,41.67,1.49,28.97,0
2.57,8.5,139.29,31.29,5.11,233.73,4.82,29.25,0
19.37,56.53,67.0,39.97,8.34,34.75,2.75,19.18,1
0.0,9.84,70.68,29.02,2.82,45.83,3.8,17.34,0
11.32,28.98,66.69,37.84,15.08,25.57,4.03,35.38,0
0.43,20.45,52.3,22.28,3.89,272.88,1.81,29.13,0
2.93,9.36,37.78,33.08,3.92,50.95,4.11,19.0,0
13.92,23.99,25.82,34.84,21.91,23.93,2.95,27.18,0
0.0,29.23,60.36,44.13,11.0,65.83,3.35,29.24,0
3.47,49.65,66.19,43.21,3.69,16.0,3.43,30.51,0
9.61,41.14,53.23,47.08,6.1,133.42,2.57,23.57,0
0.88,23.52,103.08,47.25,6.41,20.15,3.45,31.7,0
0.0,12.41,51.18,30.77,15.76,102.71,4.02,37.33,0
5.63,30.58,40.11,32.68,8.3,52.49,4.34,32.38,0
0.0,28.51,62.89,41.8,4.55,72.43,3.99,38.01,0
2.76,48.05,67.82,21.57,11.28,33.1,1.88,21.79,0
0.52,17.52,30.14,11.95,24.56,145.0,1.7,23.62,0
7.53,87.64,101.89,44.12,13.06,45.98,4.08,24.42,1
7.75,42.87,80.48,57.15,25.94,12.94,2.86,26.46,1
1.2,16.82,79.84,47.82,22.35,5.46,2.99,34.02,0
25.64,65.68,87.46,36.35,6.38,77.73,1.71,31.88,1
18.42,31.3,73.34,45.77,3.01,182.83,3.23,25.83,1
0.02,9.94,36.1,28.29,2.44,52.91,1.78,39.86,0
47.7,50.69,65.73,28.36,7.55,51.96,1.03,21.77,1
13.23,75.93,83.97,26.87,13.61,34.1,4.82,24.16,1
8.64,21.14,37.96,30.02,13.98,69.35,0.81,35.52,0
9.37,37.6,56.1,26.97,14.26,80.16,3.72,27.34,0
0.0,35.49,39.3,39.14,11.89,69.64,2.29,28.01,0
21.48,34.4,94.96,26.33,2.95,21.89,4.04,24.89,1
0.0,14.02,75.93,43.22,10.59,16.83,4.22,40.29,0
9.31,12.2,42.12,24.17,15.67,17.67,2.19,31.21,0
18.67,25.47,97.92,42.4,13.47,37.66,6.18,23.74,1
0.28,4.38,14.38,21.42,4.43,30.45,2.03,29.88,0
14.26,88.17,95.32,49.01,3.44,70.58,4.09,25.14,1
6.44,21.32,60.89,32.47,4.51,24.01,3.16,32.0,0
15.24,24.81,38.28,38.06,10.13,72.69,4.86,22.91,0
17.83,29.81,116.3,46.0,2.21,153.39,3.6,26.61,1
27.83,45.32,71.15,45.0,4.05,160.41,3.8,32.59,1
22.43,30.73,84.58,34.08,5.02,136.32,3.92,21.73,1
0.0,27.59,41.4,44.59,7.94,45.77,3.43,26.09,0
0.1,35.61,49.29,28.29,15.4,80.15,2.44,31.01,0
10.53,25.67,69.5,37.07,28.59,62.45,3.68,31.22,0
18.07,28.47,47.17,31.81,1.69,99.74,4.22,29.29,1
0.0,12.73,33.5,37.15,9.48,44.3,1.49,29.2,0
12.93,20.0,31.05,43.26,32.22,50.16,1.54,34.59,0
23.98,38.15,85.27,38.21,9.46,58.98,2.77,25.76,1
17.38,47.13,89.45,48.06,15.89,106.59,3.23,29.9,1
12.71,66.1,78.41,27.81,6.18,240.46,2.52,25.2,1
5.05,27.66,44.64,34.74,12.72,59.52,2.84,26.9,0
4.67,33.91,51.18,47.87,11.83,67.63,1.53,30.41,0
41.3,56.69,71.43,37.23,7.42,61.11,5.17,13.76,1
2.46,40.72,79.2,41.17,2.58,384.79,4.58,37.63,0
2.69,11.41,44.59,42.19,10.78,33.21,2.64,28.95,0
14.97,20.12,32.55,25.53,19.32,28.28,3.97,19.18,0
9.66,24.41,111.37,61.74,2.2,89.38,3.86,25.74,1
8.24,32.91,66.24,33.47,12.14,110.95,3.18,12.0,0
16.09,20.88,38.95,34.59,8.37,34.87,4.01,19.02,0
2.88,63.01,77.39,22.86,14.58,77.62,3.92,29.1,0
11.39,18.65,34.07,40.45,8.8,60.89,2.22,30.22,1
0.0,11.68,16.42,30.32,31.88,51.98,2.07,25.18,0
0.0,24.72,31.73,28.94,4.95,40.04,4.9,31.16,0
12.99,35.01,57.29,25.39,7.84,66.51,1.59,27.97,1
0.87,40.04,67.01,53.55,27.39,12.53,5.22,26.74,1
4.32,34.7,62.56,39.86,5.92,39.5,3.35,34.8,0
31.26,38.74,50.95,48.69,2.37,335.8,2.19,29.53,1
7.41,19.49,32.65,32.94,7.37,68.37,4.42,19.57,0
7.49,33.95,87.29,41.91,3.28,30.21,5.54,32.14,1
1.11,16.41,33.94,33.09,11.23,159.97,3.71,37.03,0
5.3,12.61,45.69,26.96,13.98,143.43,3.26,28.96,0
7.22,9.08,41.98,27.65,22.67,104.34,2.83,31.71,0
5.14,51.08,62.69,35.89,20.44,87.74,3.89,36.48,0
0.0,11.54,83.04,54.59,9.2,39.08,4.03,32.67,0
4.87,31.1,209.65,38.56,0.94,84.6,7.89,36.69,1
7.4,15.25,65.62,46.83,1.56,61.36,3.29,24.84,1
3.59,26.36,62.94,26.64,4.41,86.25,2.73,27.52,0
10.72,13.14,64.06,34.49,10.62,53.6,3.7,31.81,0
0.0,7.73,62.31,30.39,8.29,32.28,3.75,18.5,0
5.4,18.59,49.59,39.02,2.23,146.95,0.55,35.78,0
10.98,19.71,61.65,48.09,7.47,78.1,4.41,16.34,0
2.73,12.74,42.5,38.41,5.83,34.91,2.84,29.68,0
37.73,69.0,100.02,33.73,10.85,62.76,4.0,29.16,1
0.0,11.45,85.13,40.85,2.91,55.32,4.44,30.75,0
2.84,9.22,47.69,40.46,4.04,43.78,2.31,31.09,0
1.59,13.24,56.46,37.31,3.59,22.73,3.0,25.95,0
5.29,7.06,42.06,38.68,21.18,197.4,0.56,23.45,0
0.75,14.42,49.05,42.82,8.57,20.13,3.28,29.69,0
6.12,18.84,140.0,42.9,13.49,25.08,3.18,33.32,0
3.99,17.59,66.95,35.96,16.87,82.4,3.48,24.15,0
11.25,15.51,72.45,40.3,9.79,70.06,5.88,34.45,0
2.91,23.1,57.53,41.54,12.88,64.31,2.82,26.95,0
2.15,16.73,57.91,35.71,16.93,94.59,2.77,19.5,0
1.96,46.89,111.78,29.29,10.79,56.63,3.86,24.8,1
3.59,36.77,95.19,40.77,0.82,84.59,3.31,26.66,1
10.17,18.13,34.54,28.95,13.82,588.98,0.2,25.13,0
8.61,16.29,36.61,25.53,4.26,41.2,0.2,30.91,0
13.73,47.72,54.3,25.1,5.44,52.41,3.35,28.77,0
4.11,10.75,28.04,19.76,10.02,42.41,1.31,36.15,0
36.63,43.77,49.94,29.04,2.62,39.8,5.25,34.36,1
3.88,25.35,35.66,25.04,8.22,25.59,1.97,37.58,1
14.48,24.43,61.06,32.26,9.53,192.65,3.73,35.25,0
9.96,31.59,48.86,30.11,3.54,77.49,3.19,24.48,0
6.13,8.8,44.03,21.65,9.02,27.88,3.05,35.48,0
17.87,29.44,47.67,12.5,3.22,129.09,1.72,25.62,0
2.88,39.42,99.45,52.68,5.24,20.07,5.43,27.84,0
9.31,16.79,23.2,31.5,14.77,118.41,1.44,28.51,0
3.65,13.99,38.82,24.92,3.56,66.42,2.85,32.34,0
9.08,22.46,40.2,31.48,6.58,64.7,2.98,20.48,0
29.37,40.19,47.21,46.75,2.04,121.65,4.08,29.2,1
2.46,5.13,12.08,39.59,3.32,66.66,1.67,26.93,0
13.81,48.23,78.03,22.98,8.67,29.26,3.78,35.33,0
0.0,14.29,41.98,30.19,23.54,25.03,0.96,26.16,0
21.05,43.98,51.25,35.8,6.01,94.44,2.09,27.67,1
14.66,52.97,95.41,52.89,6.53,32.7,4.29,28.49,0
10.43,20.68,44.89,22.86,9.53,34.01,0.2,24.07,0
0.0,20.48,76.25,36.84,19.54,63.2,2.62,22.5,0
11.95,12.27,29.96,21.78,10.38,34.99,1.47,26.23,0
6.78,7.77,74.09,33.55,8.41,60.87,3.38,23.71,0
18.71,34.65,48.67,33.38,7.68,45.94,4.68,28.56,0
2.69,6.29,13.9,19.58,4.11,24.21,0.2,34.17,0
7.24,30.57,73.01,33.17,30.6,43.57,4.16,29.8,0
10.64,37.48,42.66,32.65,4.04,45.01,5.17,27.19,0
0.0,8.57,67.02,43.73,24.38,113.0,3.58,25.8,0
10.07,35.48,60.11,27.4,6.7,353.28,4.83,27.87,1
0.95,13.35,74.54,40.3,10.7,31.74,3.2,30.96,0
8.84,51.84,123.05,43.75,8.84,38.16,4.05,25.73,0
12.59,17.25,41.19,38.49,1.36,20.47,2.77,31.58,0
11.43,25.64,54.79,19.38,2.19,13.63,2.86,21.11,1
17.9,37.36,74.33,28.15,4.33,74.39,2.91,26.9,1
0.0,29.92,121.75,37.97,4.32,50.95,5.0,35.37,1
37.34,65.49,85.26,26.76,8.54,71.86,3.04,25.47,1
0.0,11.1,29.22,30.77,8.1,39.6,1.6,20.61,0
7.17,19.99,74.16,36.52,13.46,34.74,2.9,28.43,1
3.06,10.3,22.01,31.52,13.83,53.05,1.33,29.54,0
4.64,44.25,47.83,33.83,5.44,153.41,2.13,28.2,0
32.65,84.94,156.52,67.59,5.21,44.57,7.51,29.04,1
0.0,2.14,14.08,33.72,4.96,118.49,2.31,30.07,0
28.21,61.74,148.2,53.77,19.02,55.67,4.41,23.15,1
14.66,41.54,77.41,35.84,5.5,130.87,3.92,35.3,1
5.52,6.3,11.26,41.61,4.42,144.41,2.19,32.75,0
5.44,36.95,50.03,30.46,6.92,121.68,1.69,27.37,0
11.49,56.07,70.2,41.5,14.09,70.7,2.91,27.66,1
2.62,31.85,57.13,31.31,12.58,350.84,2.94,27.91,0
3.83,10.55,67.74,37.97,2.26,44.2,3.17,30.49,0
7.12,65.99,87.42,43.55,7.7,23.1,4.41,20.64,1
25.3,60.38,76.65,45.51,4.31,159.43,4.86,35.09,1
4.53,11.67,69.08,26.57,7.33,21.33,1.44,23.21,0
0.0,23.92,33.84,31.81,23.4,36.29,1.91,18.7,0
7.53,30.33,80.9,29.29,1.59,140.94,4.8,24.16,0
4.99,9.48,60.52,31.54,14.6,23.19,2.6,22.69,0
1.35,19.17,57.53,35.09,13.27,61.83,3.44,34.67,0
9.16,31.02,33.23,32.9,15.22,76.08,2.59,32.52,0
1.51,12.12,44.59,31.79,24.92,31.29,2.44,19.02,0
4.34,52.58,68.39,27.36,16.48,22.85,4.02,21.15,0
7.16,20.64,40.55,38.53,21.46,59.61,1.3,36.35,0
8.16,33.65,39.43,16.52,1.32,66.39,1.66,32.25,0
10.1,27.2,28.83,32.42,3.57,52.44,2.27,29.83,0
11.86,20.36,44.66,33.24,10.85,74.12,4.98,30.45,0
6.95,27.56,59.36,35.06,7.09,42.24,2.62,32.99,0
0.0,15.49,45.68,44.43,5.26,74.29,2.76,21.46,0
8.55,66.7,84.5,40.43,14.71,47.46,3.82,21.01,1
17.4,51.26,57.05,50.12,12.84,64.49,4.49,25.44,0
0.0,3.19,10.46,39.9,22.77,5.03,3.42,18.93,0
0.0,8.17,117.13,38.48,0.32,12.74,4.07,23.16,0
0.77,7.79,20.67,28.59,22.08,40.46,1.73,30.48,0
16.31,17.05,71.59,32.57,12.64,518.1,4.46,28.04,1
0.54,27.9,29.69,41.43,4.93,47.09,2.78,35.31,0
16.55,39.94,66.77,40.65,11.11,24.48,3.94,27.46,0
7.89,13.53,41.05,21.85,26.92,67.94,1.15,23.3,0
1.73,7.61,29.92,37.7,8.73,146.0,3.75,30.12,0
67.06,68.65,106.95,43.14,8.49,49.16,6.32,27.64,1
0.0,7.58,8.56,34.48,5.0,66.03,1.12,28.84,0
5.9,28.43,55.7,22.49,15.2,208.02,2.24,33.72,1
0.1,63.18,81.08,37.22,5.59,35.2,2.83,23.26,1
9.06,12.41,30.0,33.57,7.71,148.55,0.7,23.9,0
0.26,21.19,38.5,26.18,11.55,10.99,1.82,23.5,0
2.47,72.02,106.05,46.32,4.42,40.1,4.05,30.11,1
0.97,15.32,33.65,25.85,1.04,44.27,3.68,28.19,0
3.63,17.68,36.81,32.66,11.05,191.98,0.8,31.84,0
17.23,33.99,49.72,40.31,31.34,78.61,2.13,17.2,1
0.0,15.07,124.77,48.21,2.6,68.88,5.5,28.65,1
0.61,29.05,30.52,17.19,8.39,37.4,1.36,36.18,0
2.72,87.98,111.86,55.91,15.17,48.51,4.25,29.75,1
3.92,12.38,25.94,36.89,8.98,58.58,2.12,27.33,0
23.73,27.87,41.32,34.59,17.89,26.86,2.29,26.8,1
0.79,6.86,10.28,43.51,5.29,51.93,2.11,22.74,0
16.46,46.62,89.51,38.93,11.19,51.19,4.67,33.67,1
26.67,45.93,105.41,48.99,12.77,198.92,5.33,24.99,1
4.37,38.52,43.59,15.27,2.48,189.35,2.15,23.67,0
0.0,2.15,36.36,44.52,7.65,186.55,3.52,20.39,0
20.89,34.46,69.67,42.95,11.42,16.52,1.93,18.99,1
15.02,42.71,73.31,50.8,3.25,138.88,2.82,27.97,1
0.0,2.07,27.08,24.07,5.29,57.78,3.0,27.21,0
30.63,51.41,100.28,60.36,7.52,181.44,5.21,27.45,1
1.18,15.2,24.75,36.14,7.94,51.48,1.51,28.99,0
4.26,56.7,67.23,43.57,20.04,21.95,2.31,21.83,0
12.45,16.17,49.22,25.22,10.81,24.25,4.22,30.56,0
27.32,63.66,104.57,46.59,2.82,15.87,7.07,21.46,1
8.42,19.34,43.89,35.09,18.75,49.46,3.47,29.15,0
3.52,5.48,31.79,31.46,6.93,38.01,4.37,32.91,0
2.59,11.57,62.54,39.3,8.3,47.48,1.15,31.67,0
3.51,36.58,98.14,26.73,22.97,58.33,3.89,16.61,0
46.96,77.87,182.55,63.16,6.07,108.6,4.87,31.25,1
9.95,35.3,44.58,24.84,12.87,20.77,3.61,12.0,0
6.99,13.07,22.55,28.6,4.96,42.63,2.97,26.1,0
15.18,68.63,198.13,54.72,18.1,107.36,7.64,31.48,1
3.98,20.6,47.93,32.83,7.95,37.82,1.39,29.29,1
26.0,39.52,80.37,25.68,7.45,81.96,3.9,29.2,1
10.98,27.47,43.04,18.61,0.95,194.6,2.24,31.9,0
3.35,7.63,56.17,30.81,13.7,238.23,1.57,31.12,0
2.11,4.26,9.15,11.6,4.79,39.2,0.68,38.37,0
0.0,14.3,20.59,19.3,14.66,88.88,1.09,28.28,0
17.19,18.6,96.34,45.42,10.3,34.5,2.95,25.86,0
0.0,31.97,80.39,34.79,11.06,48.17,1.58,30.87,0
24.61,71.01,86.07,36.44,7.25,27.42,5.57,24.08,1
0.51,82.04,131.29,59.21,7.71,132.71,5.87,21.44,1
0.99,9.15,33.31,7.88,3.91,59.89,3.14,28.67,0
37.37,68.33,75.01,32.67,2.71,65.61,4.13,25.51,1
15.87,45.56,76.39,38.6,22.74,32.68,3.93,23.41,1
6.75,21.4,46.43,36.18,20.23,28.3,0.68,39.68,0
34.29,58.45,70.91,24.06,2.74,141.82,2.47,40.08,0
5.07,46.54,55.42,37.03,3.59,122.67,2.8,20.32,0
2.38,14.15,65.06,31.68,8.07,44.09,0.35,19.93,0
7.64,33.72,62.65,47.46,5.99,199.59,5.15,30.13,0
18.42,42.04,69.72,43.89,9.18,68.83,2.96,25.92,1
0.0,19.96,26.13,26.8,4.83,23.72,2.39,27.49,0
0.9,8.05,24.76,28.7,8.22,24.2,1.89,29.8,0
0.0,5.67,35.97,33.3,6.91,56.22,3.08,25.04,0
0.0,11.89,20.57,29.93,12.55,14.86,0.82,21.3,0
4.25,36.53,93.21,39.45,10.84,52.5,5.83,27.27,0
0.0,20.07,103.12,39.46,11.54,116.26,4.75,36.91,0
0.0,25.64,68.82,53.62,6.22,24.24,5.41,32.82,0
0.86,24.98,70.46,44.05,2.63,14.71,3.12,30.49,0
0.6,77.92,105.98,44.73,24.44,42.54,4.5,31.18,1
10.25,40.06,94.98,45.65,17.79,195.98,3.94,31.68,1
16.82,23.95,62.06,28.46,7.99,79.42,1.57,30.6,1
1.52,15.9,48.69,30.85,4.17,47.74,4.2,32.52,0
0.94,35.48,75.82,27.05,14.88,75.22,2.93,28.08,0
35.55,37.26,58.31,34.0,1.4,155.05,3.59,15.97,0
16.19,32.2,133.38,37.23,28.3,124.37,6.56,26.16,1
8.93,20.22,26.96,26.42,10.92,38.23,2.06,36.57,0
3.15,9.33,52.24,31.22,3.31,18.66,1.59,27.8,0
15.81,21.61,27.43,23.9,4.34,204.86,2.49,31.92,0
0.0,28.86,51.14,40.79,5.94,296.88,3.84,25.53,0
16.57,48.74,81.65,59.01,32.17,27.44,4.26,35.1,1
10.85,22.46,40.83,17.94,7.04,46.17,2.11,33.27,0
13.34,25.89,54.73,40.82,12.65,79.35,2.75,26.45,0
6.85,21.78,24.47,28.16,1.4,77.41,0.2,34.98,0
0.0,0.55,25.74,18.81,12.36,39.17,2.75,40.06,0
0.0,59.39,74.87,30.13,17.01,73.53,4.59,28.46,0
11.55,39.07,71.71,37.67,6.47,22.59,5.84,35.45,0
10.21,44.68,65.54,36.03,4.69,68.86,3.76,27.39,0
2.04,13.81,19.15,31.14,6.02,72.42,1.08,24.5,1
1.93,29.15,51.98,25.91,9.43,123.73,1.44,34.85,0
21.37,25.85,37.57,14.65,8.62,28.13,2.64,23.59,1
5.67,31.78,59.4,35.38,9.05,32.5,6.46,25.3,0
0.65,17.55,27.76,38.92,4.75,166.87,3.85,35.15,0
24.78,29.44,44.15,21.4,6.56,100.99,3.72,22.5,1
22.65,73.97,92.22,46.15,12.76,458.77,2.16,17.26,1
5.65,33.89,84.93,40.17,4.29,445.9,3.24,29.37,0
7.47,90.19,103.43,53.82,4.5,14.36,4.85,20.66,1
16.25,23.28,35.44,34.96,0.92,117.47,1.74,32.61,0
12.5,26.39,37.26,47.44,7.92,46.17,1.51,38.95,1
0.0,28.66,47.18,43.18,28.28,77.36,3.71,35.28,0
25.56,46.1,151.03,32.68,16.9,129.29,3.83,24.13,1
0.0,29.01,67.26,30.66,4.7,13.35,2.14,34.71,0
10.09,16.06,105.05,26.27,7.65,64.83,5.02,21.87,0
0.0,17.36,37.17,42.56,3.95,178.03,2.86,30.88,0
12.47,21.01,43.95,29.94,2.64,92.61,2.67,23.33,0
1.09,23.55,50.56,36.35,23.66,200.71,2.59,21.17,0
1.39,28.13,59.62,18.76,9.66,24.21,3.59,18.07,0
15.29,31.97,68.67,20.94,1.48,68.33,3.84,35.31,0
0.0,31.76,37.65,26.86,7.29,26.36,3.38,31.67,0
2.03,6.49,25.53,27.91,12.4,30.18,1.91,39.01,0
0.0,32.61,47.54,24.91,10.55,80.59,4.57,24.41,0
6.75,66.02,116.8,41.99,38.28,55.78,4.15,25.99,1
0.0,5.3,39.89,32.63,19.04,53.39,1.82,26.62,1
9.09,14.09,31.56,33.65,7.67,156.69,4.02,34.58,0
22.37,69.1,104.31,38.88,21.33,62.93,6.49,24.4,1
0.0,19.98,59.83,42.08,4.5,143.05,1.1,30.36,0
1.11,30.75,73.85,43.6,5.25,45.88,4.13,28.94,0
0.0,8.9,20.45,42.16,19.29,23.56,2.55,28.68,0
0.0,11.06,40.82,45.9,2.14,70.81,2.81,31.31,0
8.79,48.72,65.85,32.12,22.73,102.4,3.8,29.8,0
7.53,20.2,40.9,20.7,11.11,113.67,2.01,30.59,0
25.41,35.34,47.07,29.83,2.74,66.63,2.17,28.73,1
13.61,15.68,54.86,37.75,7.96,79.45,3.4,36.17,0
6.11,17.02,62.09,32.63,13.23,15.32,2.61,23.33,0
8.29,13.37,43.25,29.95,5.77,86.93,1.49,17.4,0
2.02,8.3,51.51,34.14,33.46,146.73,2.53,15.61,0
8.65,16.66,25.8,25.38,6.64,169.73,0.47,21.2,0
0.0,34.11,96.97,34.21,3.6,56.47,2.87,27.22,1
4.51,6.39,20.15,19.29,3.59,25.11,2.36,27.68,0
10.45,28.63,69.32,44.52,2.76,60.49,2.0,30.97,1
4.12,15.61,30.72,28.51,5.49,15.03,2.11,17.97,0
1.28,22.58,91.17,44.41,7.94,225.84,3.84,21.09,0
6.52,30.54,59.5,34.4,19.94,161.97,5.55,31.19,0
0.64,8.54,44.12,25.76,0.91,74.79,2.23,24.03,0
3.69,38.99,61.71,31.13,5.14,30.77,2.75,21.32,0
15.07,76.4,117.32,29.83,9.61,38.41,4.22,37.29,1
16.1,20.77,71.1,38.76,2.62,130.9,3.44,19.69,1
7.75,35.53,98.82,56.57,4.07,59.58,3.0,31.9,0
0.0,14.82,21.11,30.52,7.09,362.09,3.92,16.99,0
3.05,20.03,22.29,36.27,6.65,74.46,2.43,18.97,0
6.69,42.75,47.92,21.71,6.67,27.82,2.62,22.04,0
1.07,28.67,64.22,17.76,10.3,73.07,2.4,30.15,0
32.07,44.56,63.94,31.79,0.68,85.16,2.95,23.36,1
1.17,40.65,68.98,58.91,2.76,43.43,2.59,25.17,0
6.07,21.27,32.34,14.48,10.34,143.76,3.41,32.75,0
17.16,25.16,44.47,42.13,6.79,145.54,1.91,35.31,1
27.55,46.7,99.49,43.56,4.03,73.44,4.58,26.7,1
0.0,43.34,60.54,39.69,7.04,52.0,3.92,29.41,0
0.0,3.19,14.33,29.16,9.18,98.17,3.35,34.3,0
7.63,33.54,102.04,36.13,6.8,51.21,4.78,32.07,0
35.55,37.01,118.43,40.54,7.17,80.0,5.75,29.8,1
0.0,29.56,32.47,36.98,3.92,116.69,2.1,28.59,0
3.28,26.01,61.17,42.74,7.13,33.91,1.54,32.61,0
8.52,58.65,109.55,28.79,28.61,140.25,4.03,21.2,0
6.47,10.42,17.68,28.43,10.78,58.83,2.16,24.1,0
10.25,30.86,52.31,30.52,8.69,44.3,2.69,30.04,0
24.0,31.69,69.23,24.7,2.73,382.65,3.57,31.56,0
17.52,29.43,35.64,41.85,3.31,100.95,2.23,32.13,1
3.14,59.68,74.79,33.66,2.32,10.14,4.7,25.08,1
0.0,21.59,44.0,33.22,0.94,74.49,1.26,27.04,0
18.88,44.66,83.75,49.23,16.87,47.49,4.67,26.68,1
3.26,14.74,22.15,36.36,3.28,43.49,3.25,29.91,0
6.34,22.63,44.73,44.01,10.09,74.27,4.4,31.26,0
15.72,52.47,76.36,27.47,15.35,22.9,2.88,26.74,1
18.3,68.3,90.61,53.59,14.43,58.31,4.41,28.52,1
14.79,31.3,152.96,44.31,13.81,20.57,6.35,20.79,1
30.5,73.54,89.76,31.3,29.93,49.73,2.07,30.29,1
28.8,44.88,71.89,41.3,0.45,19.28,1.94,18.73,1
2.58,10.87,65.2,31.66,3.39,101.08,3.33,23.52,0
9.54,29.26,71.87,43.31,2.82,16.13,4.25,23.87,1
1.59,9.0,31.28,23.11,5.34,110.67,0.76,26.43,0
3.22,24.2,58.13,35.33,9.68,46.99,3.7,20.08,1
14.7,19.37,51.06,48.11,12.63,39.47,1.16,28.87,0
20.91,49.31,96.26,44.9,2.77,56.64,4.14,23.54,1
9.03,14.09,22.84,27.81,7.49,45.26,1.64,36.55,0
4.62,12.96,50.02,35.89,5.78,86.16,5.38,27.31,0
31.98,41.76,53.28,12.69,8.84,73.78,1.46,29.74,1
27.82,33.51,95.14,38.21,3.67,116.34,4.55,28.41,1
2.21,18.05,29.92,18.58,8.99,90.83,3.3,29.76,0
0.0,0.43,17.38,25.12,4.19,66.15,0.29,35.95,0
4.55,18.71,28.87,19.24,12.75,42.78,1.66,27.89,0
0.0,21.6,30.03,32.17,3.16,218.8,4.0,28.85,0
14.66,19.19,45.54,14.35,3.41,212.6,0.39,18.96,0
0.07,23.16,32.85,29.49,3.98,44.35,2.48,31.89,0
14.97,56.84,76.4,49.0,15.21,61.53,2.92,29.72,1
24.91,34.84,76.49,45.79,8.9,14.96,3.12,29.25,1
0.0,17.42,47.29,31.75,1.43,83.32,1.17,24.67,0
0.0,3.68,14.93,36.35,15.75,64.15,3.74,29.06,0
8.89,32.14,62.07,34.02,5.33,70.0,3.39,28.99,0
17.64,45.16,57.11,34.38,9.67,29.35,1.97,16.44,0
0.13,3.2,7.53,17.88,2.84,62.94,0.88,27.52,0
10.18,38.21,50.02,31.1,14.25,248.21,1.25,31.75,1
6.77,19.14,25.11,38.3,4.64,74.37,1.55,36.12,0
1.34,11.7,20.43,34.15,10.28,37.68,2.32,28.8,0
25.69,61.26,100.55,56.92,8.46,51.99,3.32,30.38,1
12.14,21.68,43.51,39.77,4.75,43.9,1.2,25.56,1
4.75,8.73,41.36,22.57,3.77,74.37,2.75,31.03,0
0.43,15.02,28.84,11.33,13.56,47.34,1.38,31.8,0
11.09,41.53,71.84,41.31,8.94,184.04,4.43,29.23,0
13.12,28.34,36.22,36.64,6.24,83.86,2.93,36.13,0
5.95,18.4,40.05,31.7,4.72,47.23,2.29,25.89,0
4.95,29.45,44.08,46.32,4.38,33.07,2.95,30.43,0
12.1,19.02,59.27,36.39,2.66,23.19,3.06,28.21,1
4.58,22.71,99.76,49.73,4.94,90.62,4.98,30.29,1
0.82,2.37,14.94,30.09,5.24,59.39,0.66,33.95,0
0.0,23.39,38.72,33.05,7.02,183.2,3.57,24.99,0
4.64,42.1,62.09,45.63,6.79,21.74,4.15,22.89,0
13.29,61.64,72.62,55.83,3.51,178.03,3.55,43.0,0
4.64,37.17,53.72,33.09,8.11,113.58,3.47,27.13,0
15.55,42.71,71.85,42.3,9.32,35.41,4.24,20.57,0
7.49,22.54,109.46,46.77,6.57,95.7,4.38,19.45,0
10.23,38.65,59.74,32.52,5.91,98.46,3.6,27.64,1
1.19,17.99,24.51,21.98,8.31,132.98,1.9,29.09,1
4.15,8.7,17.1,37.62,8.05,400.66,1.78,24.71,0
7.35,46.2,63.45,48.8,15.76,122.44,3.83,34.56,1
6.27,7.83,37.74,31.58,3.6,93.59,4.04,21.69,0
5.9,16.55,36.13,27.23,17.44,81.07,0.64,34.35,0
0.0,7.86,63.4,44.93,5.77,140.13,4.68,33.38,0
0.0,17.16,45.52,24.39,1.83,53.15,2.68,38.42,0
0.0,31.6,71.74,40.34,6.45,101.8,3.4,29.7,0
8.06,34.39,68.23,39.72,8.48,70.48,3.99,19.97,0
3.28,5.73,68.43,37.09,13.7,57.46,2.32,28.13,0
0.59,5.25,33.58,40.32,4.25,47.03,0.37,26.69,0
3.16,30.47,45.43,35.75,13.33,38.51,0.2,27.36,0
4.45,79.27,158.15,50.61,19.08,74.81,6.88,31.78,1
0.0,9.49,22.11,24.05,10.53,70.42,2.02,29.89,0
20.13,24.28,47.46,31.42,17.74,55.47,2.89,26.53,1
10.78,22.35,85.24,35.3,14.75,66.32,5.21,29.46,1
9.74,13.26,62.99,33.12,11.51,87.44,3.3,27.15,0
6.12,20.05,37.02,37.6,2.45,30.87,3.73,19.2,0
11.87,29.31,92.06,34.17,5.47,98.2,3.02,24.18,0
4.49,41.61,72.23,43.89,12.44,61.56,3.94,30.97,0
0.49,25.13,69.97,44.89,15.44,183.7,2.86,19.27,0
9.94,40.62,58.31,48.47,4.03,37.29,3.32,28.22,1
16.45,30.26,45.6,38.05,4.95,80.63,2.09,25.67,0
0.0,57.4,69.22,39.47,6.09,93.87,4.61,28.15,0
0.0,3.54,6.59,33.58,14.15,54.5,1.11,30.61,0
33.03,47.37,85.39,44.56,13.16,97.59,2.5,35.37,1
22.65,36.51,84.61,46.35,12.22,22.6,4.53,25.53,1
5.29,13.57,39.46,20.16,8.42,107.11,2.25,28.48,0
7.41,49.67,72.78,28.31,8.32,59.16,4.47,25.3,0
49.18,49.62,52.56,26.78,7.33,128.24,2.76,30.9,1
11.76,17.35,43.93,45.72,14.13,66.08,2.07,35.79,1
10.68,28.09,100.79,21.29,5.66,49.6,5.43,29.42,0
4.71,16.87,39.99,41.89,8.7,46.64,2.53,28.97,0
9.59,24.32,42.29,31.09,4.91,118.62,2.53,23.28,0
11.69,17.89,38.47,32.04,0.81,100.74,0.64,27.91,0
6.61,16.31,56.64,36.49,15.0,30.87,3.16,24.36,0
3.67,39.39,57.21,16.06,6.51,48.0,4.8,18.2,0
6.76,32.94,62.98,29.94,14.73,60.7,4.05,30.33,0
6.34,21.95,74.55,41.29,3.69,138.65,3.45,27.96,0
0.0,29.59,54.37,41.37,1.76,39.11,2.2,27.93,0
41.5,76.03,126.85,53.08,2.2,105.36,3.37,29.51,1
10.69,75.55,94.93,41.08,9.31,64.25,4.84,16.33,1
19.36,47.7,79.89,50.14,21.07,180.74,4.15,24.97,1
7.74,41.16,55.6,33.42,5.77,13.68,2.64,29.81,1
1.83,9.4,38.39,34.38,2.04,42.67,2.69,26.62,0
15.47,38.42,94.29,45.61,13.17,73.68,5.72,30.23,1
0.0,16.67,61.67,30.14,4.41,73.42,2.84,23.45,0
11.2,45.41,75.86,41.3,18.79,37.47,3.78,28.99,0
15.29,48.09,76.55,35.4,3.86,24.96,5.19,39.38,1
4.58,36.5,85.93,37.05,18.04,53.35,7.49,21.19,0
9.99,50.57,78.14,41.55,10.74,76.27,2.2,33.28,1
10.52,35.23,75.31,42.73,17.26,12.54,4.58,30.22,1
2.8,11.04,38.78,32.26,8.97,35.21,1.35,24.29,0
10.05,36.79,84.1,38.32,17.33,30.58,2.23,36.36,0
4.91,38.74,60.8,39.08,8.33,154.48,3.2,21.43,0
4.81,39.52,59.77,36.47,11.9,77.59,2.43,28.39,0
10.42,21.31,41.61,24.64,2.77,53.72,2.96,24.27,0
3.09,4.69,24.94,38.04,19.12,122.39,3.66,14.82,0
4.54,50.94,75.0,30.89,13.3,31.29,2.69,22.72,0
34.31,44.27,50.73,42.93,1.73,8.83,4.3,29.57,1
20.63,34.87,43.55,37.46,3.41,78.21,2.69,29.64,0
3.67,15.7,19.92,33.25,5.19,125.21,1.39,31.86,0
5.06,24.31,27.94,40.23,1.29,25.74,2.84,19.77,0
1.5,13.72,37.07,34.53,18.05,13.19,3.01,37.97,0
2.82,20.68,22.52,49.72,9.67,224.68,0.2,24.76,0
3.1,10.56,28.97,29.7,4.3,47.55,1.51,31.76,0
6.17,48.52,102.5,24.0,6.66,164.2,2.89,38.35,0
0.0,25.51,37.65,28.27,28.4,50.48,4.19,22.64,0
2.67,20.39,35.2,44.21,7.01,71.4,0.37,29.14,0
1.78,2.67,36.87,51.11,1.26,55.18,2.19,29.46,0
23.31,29.48,79.02,57.36,26.88,19.45,4.49,24.76,1
4.97,34.46,61.84,48.87,0.77,18.4,6.6,26.91,0
7.37,14.5,46.66,33.61,18.57,13.85,2.32,28.51,0
2.51,26.11,52.79,32.34,7.51,376.36,2.86,24.53,0
5.03,17.6,45.39,50.64,8.26,65.38,1.83,29.31,1
2.82,20.57,91.26,45.54,6.23,73.7,4.58,20.56,1
6.3,19.33,51.14,31.13,3.76,23.03,2.81,31.45,0
9.96,24.03,46.68,41.59,1.41,19.03,2.19,26.77,0
0.0,28.85,52.47,23.09,3.43,26.71,2.84,35.09,0
11.64,41.22,96.52,33.31,4.57,68.74,4.7,25.29,0
0.18,19.4,37.58,19.29,4.67,23.79,0.55,33.27,0
35.38,65.49,68.52,37.97,5.94,66.72,5.83,27.17,1
6.12,10.39,72.51,45.27,24.44,62.96,3.98,27.81,0
7.24,23.59,56.61,38.09,6.54,36.65,1.46,33.66,0
7.62,18.81,127.96,34.04,10.38,96.0,4.27,17.56,0
5.59,16.42,122.77,47.68,9.19,100.94,3.72,24.02,0
1.08,10.89,33.36,25.51,5.1,45.93,4.06,33.29,0
7.27,45.97,58.85,24.77,2.08,83.73,3.96,30.13,0
6.74,12.64,34.58,20.69,20.55,78.47,1.74,24.43,0
0.62,10.49,29.48,39.75,11.73,18.82,1.97,27.84,0
0.0,19.11,44.17,35.4,18.75,99.41,3.08,19.44,0
15.37,25.77,89.97,48.63,9.08,97.57,3.05,37.22,1
2.66,12.91,31.3,49.62,15.95,27.43,4.04,21.92,0
4.06,15.77,37.55,32.86,6.22,71.23,2.72,20.97,0
6.78,32.72,44.13,43.71,6.12,46.65,3.43,23.65,0
0.97,41.38,74.09,34.18,11.82,17.79,4.11,25.89,1
8.09,37.39,42.07,31.06,1.86,46.45,1.96,26.34,0
4.38,65.85,71.82,39.94,11.61,38.74,4.58,27.61,0
5.06,58.05,80.45,39.26,4.49,66.11,4.15,34.66,1
18.53,20.83,48.33,36.81,6.79,24.5,2.75,31.98,0
6.45,45.76,83.88,27.1,8.19,96.08,3.07,23.52,1
3.74,55.52,87.1,48.97,4.81,74.39,3.21,23.63,0
0.0,25.1,75.87,32.32,5.19,70.22,3.91,16.08,0
7.57,21.78,92.53,40.6,9.1,252.16,2.34,31.81,0
14.73,21.95,63.78,37.95,12.11,56.14,2.47,23.92,1
3.85,31.43,89.92,52.02,37.83,34.75,2.74,29.35,0
14.61,19.21,117.77,51.54,13.73,23.26,6.65,22.06,1
7.71,26.06,121.86,41.6,11.45,115.23,5.18,22.86,0
5.78,95.98,105.59,24.4,1.46,34.28,5.54,39.21,1
8.91,12.52,61.12,41.32,26.54,44.95,3.07,30.63,1
0.0,18.78,34.83,43.09,20.43,42.4,1.0,26.13,0
2.74,37.47,73.22,29.47,2.6,35.91,3.33,27.79,0
2.96,23.69,32.63,34.84,12.54,69.46,4.44,31.23,0
4.13,32.05,39.16,35.99,9.82,78.92,2.38,26.62,0
30.51,34.23,88.97,50.25,13.09,43.15,4.4,23.56,1
6.05,65.94,80.39,33.67,8.48,265.93,3.95,14.38,0
0.0,20.14,57.25,42.38,8.28,90.11,3.39,22.45,0
1.5,6.33,40.03,29.18,19.66,52.95,2.76,23.35,0
5.07,38.52,62.75,26.89,21.47,51.71,3.72,22.13,0
6.42,65.26,106.84,36.2,3.37,43.97,4.24,23.71,1
9.86,22.86,92.19,40.16,0.79,31.56,4.13,35.06,0
10.35,26.07,60.33,40.15,1.97,146.31,3.07,27.22,0
0.0,39.54,54.81,36.24,2.83,128.81,4.23,32.58,0
14.31,46.52,70.21,33.57,4.63,113.25,3.04,23.81,1
3.8,12.07,41.56,29.35,3.98,41.63,2.1,27.0,0
0.35,1.89,43.59,21.0,22.01,47.5,1.96,29.02,0
0.0,59.71,90.48,23.33,9.38,19.17,2.47,25.32,0
9.61,21.41,51.75,23.16,5.58,23.14,2.28,39.31,0
1.8,7.38,22.95,16.47,12.97,276.79,2.82,31.88,0
7.34,16.23,45.05,46.86,8.46,68.55,1.87,23.71,0
0.0,46.18,56.05,38.08,7.14,73.54,3.05,30.43,0
3.03,3.21,49.42,40.4,3.27,50.37,1.79,23.37,0
8.9,47.68,78.14,40.57,4.42,73.51,4.2,29.87,1
17.98,43.18,103.07,36.68,4.96,29.07,4.49,26.99,0
19.91,33.66,63.83,32.33,2.56,92.99,3.82,23.75,0
17.63,36.62,58.89,17.8,10.46,55.47,2.72,25.02,1
51.62,82.3,142.42,42.24,8.63,141.99,4.34,22.31,1
7.49,19.91,62.75,28.33,4.51,46.9,3.94,37.76,0
0.0,8.88,32.84,13.9,7.98,60.62,1.97,25.84,0
1.61,30.94,41.88,37.23,18.13,138.83,3.48,20.17,0
19.39,40.22,47.32,30.4,13.06,34.23,1.33,27.99,1
1.04,49.45,63.84,45.87,9.93,61.96,2.12,17.57,0
3.25,48.72,51.99,43.57,3.24,79.46,3.31,28.86,0
14.0,27.8,38.75,48.14,22.83,51.83,3.0,29.66,1
1.52,18.47,86.09,49.16,6.07,147.91,2.86,33.7,0
20.33,63.79,97.67,43.5,15.22,30.48,3.81,38.17,1
7.26,42.36,80.02,36.9,10.98,31.12,4.64,28.11,1
38.43,64.34,79.19,32.91,6.0,218.25,3.99,38.77,1
26.09,66.07,85.44,49.73,2.92,61.85,3.02,21.9,1
14.47,18.62,53.43,24.75,13.46,80.3,2.65,34.44,1
8.56,34.25,50.31,32.79,9.24,22.27,4.43,28.57,0
7.65,15.28,29.94,30.66,1.66,78.85,2.71,26.1,0
4.61,37.67,49.93,33.24,7.68,61.3,2.33,19.65,0
10.76,36.12,86.87,23.95,4.62,104.26,2.72,37.53,0
0.0,38.69,83.19,38.07,7.12,30.14,3.51,27.95,1
27.17,73.45,158.58,48.22,10.11,160.18,5.86,26.42,1
39.01,44.17,51.22,43.56,3.19,143.94,3.35,24.45,1
13.56,39.55,54.47,43.71,11.95,64.98,5.73,41.63,1
25.2,35.96,78.35,30.08,2.35,69.99,2.84,30.83,1
6.36,37.03,142.84,57.44,13.36,15.28,4.01,29.13,1
4.25,14.6,68.23,29.61,13.15,128.06,4.45,25.84,0
2.78,13.87,19.17,23.56,12.22,66.52,1.29,25.13,0
1.75,21.85,107.39,42.88,1.5,91.7,4.53,27.6,0
8.1,13.0,70.28,41.6,1.42,111.74,4.34,27.39,0
20.17,27.92,54.35,23.29,1.33,90.86,2.77,25.62,0
0.0,27.8,72.34,41.21,1.8,113.88,4.44,24.32,0
0.04,54.4,127.65,43.0,8.03,85.18,6.78,37.86,1
1.41,3.78,24.7,23.45,10.88,31.74,2.55,28.26,0
0.0,9.73,56.43,24.05,5.85,58.4,3.29,27.44,0
12.0,35.99,134.41,49.65,8.77,43.05,7.04,30.89,1
10.26,13.4,18.89,35.76,8.15,110.41,1.6,24.48,0
15.41,29.63,76.17,24.08,7.37,103.67,1.75,30.3,0
13.52,35.5,100.29,31.1,8.03,58.59,4.2,23.92,0
20.05,37.62,57.09,25.47,9.65,198.42,3.38,24.44,1
12.27,24.02,39.78,35.3,12.31,135.85,0.2,30.9,0
5.65,9.84,16.79,31.99,19.07,79.71,3.47,33.45,0
4.52,84.39,97.84,41.94,1.46,60.89,3.02,27.4,1
9.14,18.45,23.11,15.56,12.48,26.04,1.79,15.53,0
7.86,40.2,48.31,31.69,6.81,54.3,3.64,31.07,0
1.55,29.83,46.8,16.56,18.5,26.18,2.14,35.9,0
0.0,14.34,21.65,30.33,15.77,23.43,0.91,25.81,0
2.25,14.21,39.21,38.53,0.99,39.87,2.77,28.91,0
35.16,39.72,63.9,15.41,3.41,20.04,5.32,32.32,1
0.0,36.22,41.38,16.93,8.21,60.17,0.71,22.37,0
7.7,46.26,73.07,29.85,8.21,31.38,1.78,24.14,1
28.06,42.98,79.91,32.03,3.24,33.54,2.46,33.85,1
15.81,25.74,84.43,38.36,18.59,166.74,2.85,26.04,0
18.4,25.37,95.6,54.65,5.1,164.88,4.17,20.87,1
16.37,32.31,89.48,40.15,5.11,31.45,6.2,27.63,1
0.0,8.18,43.84,22.48,1.85,61.37,2.98,20.52,0
23.58,43.57,74.77,8.81,7.18,33.96,2.22,29.0,1
26.79,49.22,91.12,49.96,5.11,250.51,4.37,21.56,1
0.0,22.56,41.62,28.28,13.78,88.49,2.8,22.3,0
2.73,9.93,35.36,38.97,4.64,111.02,4.72,27.39,0
6.49,14.44,27.85,30.58,2.58,78.8,2.2,26.01,0
2.8,17.55,35.02,28.27,6.68,62.11,1.17,31.03,0
1.15,36.73,55.83,28.4,4.64,174.86,3.56,33.82,0
1.25,23.73,27.64,33.35,5.92,18.48,1.03,21.69,0
13.48,20.13,69.31,44.21,7.46,31.34,3.4,28.51,0
17.85,40.86,64.74,44.04,7.46,28.9,3.83,29.64,0
1.27,31.17,75.37,41.06,3.96,204.59,4.08,32.96,0
17.73,57.58,73.02,36.11,8.59,196.77,4.16,20.98,0
2.77,14.0,33.76,37.47,12.81,138.7,3.1,31.22,0
0.0,18.38,42.83,25.05,6.35,34.3,3.46,34.93,0
8.86,16.55,41.41,40.04,10.49,150.85,0.5,25.25,0
6.08,11.86,26.96,19.66,7.6,34.34,1.69,27.57,0
9.28,43.93,87.12,45.58,7.05,85.06,5.19,27.55,0
9.1,17.13,21.07,36.54,4.26,72.83,0.51,26.12,0
7.96,25.84,67.89,37.43,5.23,52.9,3.45,32.17,0
5.1,31.37,34.69,32.68,25.97,91.53,1.0,28.9,0
17.34,37.42,87.86,41.08,23.91,89.86,4.27,24.46,1
12.39,16.36,19.05,25.14,20.15,66.69,2.27,19.27,0
2.98,18.08,35.36,24.85,7.73,76.69,2.46,31.17,0
2.83,32.12,61.29,38.1,8.05,62.52,2.6,26.29,0
0.0,15.24,35.15,30.46,22.28,43.59,1.22,32.84,0
0.0,15.85,18.08,30.03,4.17,110.39,3.11,36.82,0
4.55,37.26,43.8,37.27,5.59,84.28,2.13,31.76,0
15.16,42.56,78.7,46.11,11.05,40.0,3.75,33.23,0
0.58,12.01,31.93,27.16,11.63,28.25,2.5,29.55,0
13.01,59.88,100.48,34.59,7.14,105.55,2.83,27.43,1
7.6,16.0,45.43,31.83,0.9,141.79,2.7,22.21,0
0.82,11.72,28.89,27.9,6.53,63.82,2.92,27.27,0
6.41,24.08,35.18,16.99,3.49,67.41,2.46,28.35,0
6.06,32.39,102.48,38.27,8.05,246.47,3.76,22.35,0
0.99,42.99,72.01,29.98,5.46,15.95,2.43,21.29,0
12.09,23.34,45.49,29.33,1.88,68.36,2.17,24.36,0
16.71,34.9,112.16,45.5,1.64,31.49,3.48,24.56,1
3.53,50.5,101.57,21.54,3.85,31.35,4.99,29.23,1
0.0,34.41,118.76,45.62,15.35,46.74,5.27,35.34,1
17.54,40.85,88.78,46.2,24.81,44.41,5.64,28.49,1
0.0,20.07,62.7,38.78,13.2,5.84,3.56,30.02,0
8.48,11.93,44.07,24.98,16.43,67.61,2.96,27.27,0
0.58,26.59,63.62,51.61,6.96,46.52,3.57,25.05,0
0.0,12.06,17.7,18.25,4.77,164.55,4.23,28.31,0
2.12,39.8,48.17,34.39,0.77,105.36,2.6,19.17,0
6.05,25.43,31.83,46.03,11.12,17.64,2.89,26.68,0
0.01,4.8,35.63,26.47,9.84,56.24,3.54,26.98,0
0.0,6.68,37.61,28.95,15.32,352.35,3.33,18.95,0
0.0,66.58,102.66,42.56,6.79,32.52,5.39,30.02,0
28.08,55.37,96.95,45.66,3.44,24.03,2.85,30.15,1
9.34,20.2,64.29,58.36,5.77,49.64,2.52,22.71,0
0.85,21.06,54.45,36.37,5.19,26.05,1.69,27.35,0
9.9,24.56,60.48,34.75,9.63,134.98,2.09,26.25,1
5.97,43.23,60.36,38.58,7.22,53.47,2.98,20.69,0
13.51,43.03,49.44,16.38,10.94,69.54,2.46,17.32,0
4.05,93.3,111.34,53.51,10.12,38.75,5.42,33.41,1
16.16,38.6,108.65,62.59,29.3,388.99,2.89,19.39,1
1.44,7.19,14.99,48.44,3.62,24.14,0.2,26.24,0
7.52,9.73,25.98,32.57,9.25,41.18,4.13,26.55,0
15.14,49.95,95.35,32.25,4.92,119.61,2.63,26.08,1
8.01,27.11,33.25,25.49,5.07,39.6,3.41,27.76,0
36.17,50.84,105.87,41.43,12.92,75.98,5.54,26.95,1
13.24,20.52,22.06,25.81,10.27,22.69,3.48,21.61,0
9.7,26.18,46.28,27.47,13.57,71.14,3.74,29.8,1
3.1,32.45,68.89,30.01,12.44,83.82,3.22,35.74,0
7.73,22.7,84.23,31.47,14.53,76.42,2.83,25.24,0
21.07,60.26,80.21,25.78,7.49,36.17,3.32,36.02,1
2.35,58.41,105.32,45.25,7.55,27.49,3.57,27.6,0
0.45,20.68,50.73,44.18,11.99,52.39,3.85,27.21,0
2.38,16.18,58.24,38.58,4.97,32.79,2.58,26.1,0
2.1,14.85,44.38,46.91,1.76,7.95,4.92,29.0,0
11.32,30.73,62.87,44.37,4.92,42.73,3.09,25.49,0
32.53,52.6,113.76,51.31,7.84,47.46,5.92,35.75,1
0.0,22.51,44.68,21.23,9.76,55.0,2.34,30.95,0
6.21,9.59,45.85,24.23,4.05,113.81,2.36,31.55,0
0.02,21.84,26.53,25.24,4.33,216.36,2.71,22.82,0
8.92,30.35,68.42,33.51,2.09,53.96,3.15,27.63,1
10.24,38.85,45.08,22.13,3.33,77.45,1.53,26.76,0
2.12,34.1,41.94,44.57,11.24,47.4,3.01,25.49,0
11.68,52.89,98.94,53.95,17.05,99.69,4.5,13.04,1
1.31,24.53,63.95,27.63,3.55,77.92,2.56,28.49,0
1.3,33.51,43.25,29.46,11.84,60.15,2.54,30.45,0
0.66,24.09,36.76,22.72,16.63,90.99,2.31,33.71,0
2.44,43.08,52.41,26.09,2.47,29.19,2.98,24.0,0
5.37,22.35,94.01,50.13,21.4,31.96,4.54,25.69,0
4.51,15.6,67.84,27.62,10.87,76.12,3.7,24.76,0
7.02,25.74,35.21,32.56,6.21,25.54,1.12,32.18,0
11.02,58.38,88.91,13.38,8.01,48.03,1.88,34.69,0
7.14,18.91,37.88,46.66,6.12,78.73,2.62,26.42,0
27.59,74.3,84.76,39.3,6.1,39.42,3.28,21.21,1
5.96,30.07,47.06,40.35,5.54,65.06,3.35,27.04,0
14.0,48.58,74.25,39.57,3.76,60.27,4.48,32.08,1
0.0,25.84,31.99,33.0,13.3,64.44,1.32,24.08,0
7.02,26.9,41.19,24.42,3.23,134.37,3.68,32.33,0
4.43,15.41,76.15,27.44,6.87,58.86,4.67,26.62,0
3.79,87.38,139.69,29.25,4.22,56.54,5.71,24.97,0
20.66,24.95,56.69,50.53,2.23,25.22,3.58,27.36,0
37.4,75.7,100.77,53.22,2.57,140.11,2.71,28.35,1
11.15,13.96,31.41,41.48,13.59,190.49,2.57,26.86,0
0.0,52.78,95.99,37.38,8.54,196.21,4.01,35.97,0
1.86,31.23,38.64,37.76,13.85,139.82,3.14,18.88,0
0.0,8.34,34.04,24.36,0.59,25.14,2.66,20.09,1
6.77,15.78,17.63,38.68,5.02,27.08,2.36,15.92,0
9.57,28.34,43.6,30.93,6.31,50.47,1.93,24.86,0
0.0,2.52,32.93,26.49,6.75,42.36,2.59,41.92,0
24.25,64.41,147.71,40.52,6.53,74.89,6.32,32.39,0
0.0,10.11,43.08,30.37,20.09,67.86,3.98,30.12,0
9.04,14.0,55.15,24.24,7.77,38.76,2.02,24.02,0
23.76,59.25,125.44,31.16,5.55,41.67,5.68,28.25,1
6.95,8.9,29.54,25.64,8.63,127.42,2.49,26.24,0
1.03,18.15,26.79,32.44,7.78,23.35,2.07,29.55,0
0.8,7.63,22.08,25.46,6.77,100.14,0.6,19.05,0
7.21,32.43,68.62,28.01,13.95,55.3,4.03,34.28,0
14.03,54.79,72.0,64.52,11.03,65.74,2.48,18.28,1
8.66,11.06,56.85,30.22,4.91,65.88,2.43,33.63,0
0.71,41.74,73.13,48.22,14.4,49.45,3.8,28.03,0
4.26,19.46,29.52,11.69,1.01,59.73,3.79,29.61,0
0.21,6.2,25.57,5.0,12.0,12.49,2.05,22.92,0
0.18,5.76,64.66,48.53,11.93,137.97,2.29,32.25,0
0.01,15.29,41.82,34.16,12.48,27.4,3.38,24.25,0
2.78,4.73,66.75,43.83,8.39,186.74,4.54,32.57,0
5.03,19.72,28.15,34.77,26.09,101.41,2.24,29.99,0
50.42,66.9,253.23,51.33,1.46,81.06,9.97,18.36,1
8.1,34.8,60.61,37.05,4.75,31.98,3.22,28.03,0
0.93,39.13,91.1,49.42,3.51,36.36,2.6,32.51,0
5.19,33.77,111.4,27.07,8.12,97.3,2.37,30.13,0
6.19,53.91,115.43,39.68,16.23,52.83,3.96,27.49,0
18.92,25.93,48.73,38.25,2.63,103.39,3.09,32.07,0
0.0,24.06,70.35,26.57,5.3,89.11,3.65,26.3,0
0.0,25.72,94.37,49.22,16.51,85.82,3.22,22.28,0
10.52,57.45,105.92,34.32,0.84,104.77,4.24,29.08,1
11.81,37.25,47.27,13.27,6.37,36.76,0.54,20.06,0
10.57,19.64,63.46,38.58,17.11,36.94,2.15,30.08,0
10.44,27.93,57.61,43.76,5.79,110.77,2.95,21.33,0
32.59,56.92,75.32,49.77,7.42,80.09,2.99,34.72,1
16.87,20.63,87.55,54.97,5.8,30.71,2.82,25.09,1
0.0,51.39,57.83,20.13,9.58,331.9,2.88,33.56,0
3.36,21.11,70.54,36.18,15.39,64.29,3.56,24.97,0
3.01,70.73,94.96,50.71,6.36,70.32,6.06,29.02,1
4.48,8.98,67.82,41.85,31.72,93.98,2.06,32.05,0
2.28,9.72,28.07,26.55,7.28,35.53,0.89,34.12,0
0.0,26.46,74.08,51.58,7.52,25.01,5.07,25.15,0
6.35,19.22,32.48,36.2,11.15,70.47,2.25,28.46,0
20.14,57.13,86.26,49.88,11.18,28.11,3.99,22.45,1
2.13,21.01,47.49,21.01,4.28,56.17,2.46,35.7,0
8.01,26.13,70.25,32.79,7.39,69.09,4.5,31.09,0
4.69,22.21,50.1,26.69,2.75,148.34,3.32,33.79,0
10.44,15.57,42.66,31.3,7.42,37.45,1.32,21.52,0
4.05,23.34,38.02,27.99,1.15,52.07,2.82,23.01,0
1.41,8.39,70.41,48.13,6.15,238.47,1.92,27.17,0
2.42,72.03,134.3,40.23,10.87,73.59,6.21,32.12,0
19.39,20.81,100.58,38.95,0.23,56.71,4.49,26.97,0
5.64,27.07,55.09,40.9,4.3,22.96,2.37,26.67,0
5.38,28.97,40.82,20.11,18.53,42.4,1.83,26.11,0
18.81,45.46,62.89,33.72,2.22,59.59,1.64,30.89,1
22.28,54.5,110.01,44.31,9.63,190.88,4.51,31.94,1
0.0,2.93,53.94,29.74,3.23,33.9,1.73,27.36,0
13.72,38.02,41.23,27.21,4.15,126.41,1.39,34.26,1
6.02,22.66,26.15,31.86,15.29,223.26,3.05,26.64,0
22.36,36.97,44.13,24.19,12.03,24.8,2.11,34.95,0
0.0,35.4,53.17,35.74,3.84,37.41,3.59,29.23,0
7.28,50.93,69.27,31.84,4.17,134.99,4.33,30.48,0
11.06,15.33,43.44,34.17,4.09,71.13,2.8,17.69,0
3.11,20.8,36.02,37.05,6.47,54.8,2.1,30.77,0
12.9,43.84,62.24,38.99,3.64,89.14,4.01,30.72,1
14.0,33.13,62.75,32.58,16.76,17.23,2.42,23.29,1
4.77,46.06,78.61,59.07,3.23,81.35,3.83,26.62,1
4.27,13.07,33.17,35.31,2.95,27.38,3.75,30.16,1
15.46,54.26,62.08,26.48,8.6,63.25,2.29,29.14,0
7.1,20.1,78.38,44.35,14.39,51.01,4.21,21.86,0
10.22,17.08,33.19,27.11,6.15,32.34,2.65,24.14,0
7.05,26.31,88.73,44.55,8.71,30.51,5.3,25.31,0
6.59,21.94,90.03,42.64,8.98,130.06,3.49,21.83,1
4.26,8.03,52.17,35.17,13.74,132.57,1.75,38.47,0
11.01,28.87,90.92,43.72,9.61,16.87,3.26,34.76,0
0.6,34.9,65.62,24.43,2.85,59.97,2.89,32.38,0
0.0,45.61,74.79,30.51,2.23,30.54,4.29,37.73,0
5.36,36.14,80.11,32.26,4.08,96.65,0.65,24.32,0
22.68,30.86,59.57,30.31,6.35,72.54,4.01,21.78,1
7.12,30.36,44.9,45.65,4.51,66.65,5.34,26.25,0
3.63,31.48,63.35,39.68,10.19,39.77,3.14,30.81,0
2.83,28.84,52.31,36.23,7.83,26.98,4.99,26.04,0
2.46,10.55,80.09,37.31,8.43,95.29,4.9,29.94,0
19.8,32.48,50.08,53.8,1.91,16.74,1.71,23.61,1
1.92,23.4,24.44,23.16,10.83,204.12,2.61,22.91,0
5.51,31.28,96.37,48.16,2.62,24.72,4.26,29.3,0
3.25,38.61,44.1,40.09,8.21,24.0,2.4,29.94,0
1.14,4.19,10.72,34.0,4.42,71.61,3.12,32.46,0
20.78,23.54,42.29,28.45,11.72,24.72,3.46,28.33,0
0.0,22.01,30.97,20.7,6.56,71.01,0.87,35.57,0
11.44,41.48,61.85,38.79,7.08,61.44,3.42,30.95,0
0.0,13.56,33.06,31.19,19.95,55.14,0.21,33.9,0
4.32,16.66,95.97,38.36,20.92,118.36,4.54,30.1,1
18.08,24.82,46.92,28.85,3.3,20.21,2.3,30.81,1
2.23,34.1,118.63,51.57,9.68,41.98,3.84,33.39,0
10.33,30.48,33.82,28.92,17.17,140.75,1.26,35.44,0
2.0,27.1,76.56,29.05,6.59,314.87,2.91,22.7,0
3.09,17.72,35.97,53.81,1.21,52.56,3.57,28.45,0
13.17,26.07,78.47,50.52,11.1,16.5,3.82,35.13,1
10.6,27.4,86.17,35.16,2.85,132.35,3.88,28.24,1
22.91,38.39,76.73,53.5,14.52,20.04,5.71,24.68,0
15.29,58.46,135.58,34.21,3.16,29.01,6.3,41.31,1
3.34,9.35,35.41,19.91,6.15,107.84,3.2,19.87,0
0.0,32.3,95.52,35.92,7.2,50.6,3.69,21.05,1
10.61,20.7,40.51,43.85,7.4,73.99,3.73,24.93,0
1.48,13.88,33.55,24.5,6.29,161.86,2.96,33.87,0
0.0,21.97,80.79,45.85,30.85,691.86,5.22,18.66,0
4.3,33.75,43.03,23.54,6.07,17.83,4.23,24.81,0
3.01,17.9,51.44,34.98,12.84,28.02,5.31,26.99,0
8.02,13.5,50.69,35.07,19.2,27.15,2.46,31.47,0
7.68,62.37,121.37,38.63,9.45,350.87,5.33,31.87,1
7.49,10.92,28.67,34.17,3.09,53.71,1.72,32.49,0
18.25,24.07,76.16,29.16,4.51,209.21,1.58,25.26,1
12.45,59.44,72.41,25.86,8.98,59.73,2.74,30.94,0
0.0,38.59,82.75,33.43,24.28,29.22,5.48,32.64,0
0.03,49.89,71.47,26.11,5.96,60.87,3.33,28.34,0
21.77,31.81,49.98,21.78,14.19,23.93,3.67,30.58,0
0.0,7.61,57.6,49.53,2.18,186.82,4.03,31.8,1
22.9,57.54,63.92,33.42,12.71,136.04,1.24,26.79,1
39.97,45.3,79.32,36.28,3.09,13.05,3.1,22.12,1
2.91,10.67,15.99,25.15,3.44,50.6,2.79,26.66,0
15.49,19.13,41.69,27.25,8.9,45.27,2.9,35.58,0
0.0,9.48,20.36,5.56,13.1,72.95,2.16,38.22,0
0.69,7.36,28.41,38.29,5.71,28.82,0.2,27.55,0
1.39,5.98,21.24,47.19,7.77,139.54,1.48,31.82,0
16.59,34.69,53.38,29.11,10.82,20.91,2.5,23.86,0
7.18,19.05,29.36,30.85,4.6,18.31,4.3,28.5,0
0.0,24.4,39.88,33.99,12.47,63.36,1.3,34.3,0
21.16,26.8,31.0,26.01,7.91,72.51,3.02,22.55,0
31.03,40.25,96.54,35.29,14.63,37.21,3.34,27.72,1
11.32,22.77,33.16,33.69,11.6,56.51,3.68,30.26,0
4.87,39.43,81.88,26.12,4.91,156.2,3.14,25.34,0
0.0,29.81,61.3,42.7,13.73,60.0,3.73,33.51,0
3.26,18.46,18.74,23.71,5.02,24.18,2.02,25.26,0
0.0,3.18,58.09,14.36,9.83,20.19,0.2,25.89,0
1.86,39.94,76.73,27.52,2.9,73.3,2.95,31.46,0
0.95,6.98,42.1,28.76,7.91,23.77,2.07,22.07,0
4.42,20.57,43.57,39.83,4.65,69.87,3.35,36.48,1
5.49,32.15,87.45,51.22,17.57,79.9,4.24,25.87,0
0.0,8.33,29.07,36.93,10.81,130.54,2.76,35.28,0
16.25,26.21,64.02,39.12,9.15,69.32,3.09,32.19,1
19.78,57.93,94.53,47.45,17.14,42.02,5.93,22.27,1
7.93,25.69,55.65,28.24,17.85,127.8,4.9,25.35,0
16.35,19.99,27.55,34.62,3.03,32.03,1.53,26.06,0
4.94,17.12,51.35,43.5,10.88,50.98,1.66,28.46,0
17.6,26.44,44.24,24.52,16.53,90.51,2.75,24.79,0
13.33,15.98,85.77,31.84,5.54,62.08,4.69,21.14,0
0.0,3.7,57.42,29.92,8.65,98.28,2.07,24.1,0
14.44,35.82,88.21,25.77,8.57,16.45,2.15,25.12,1
1.8,8.6,29.4,40.98,5.56,512.0,2.85,32.03,0
5.53,76.94,174.02,48.19,16.39,55.28,6.79,30.23,1
0.0,22.56,47.43,17.89,5.46,37.24,5.97,21.78,0
6.41,41.39,56.71,12.94,8.1,77.73,3.95,30.1,0
0.0,1.97,27.9,43.37,9.65,90.36,3.17,29.29,0
5.42,27.97,43.93,41.41,3.94,46.39,4.87,22.78,0
1.69,20.28,55.49,26.54,9.34,29.78,5.87,25.81,0
2.58,28.09,52.2,39.52,35.87,91.63,2.93,24.39,0
20.83,21.51,121.9,34.05,5.63,203.17,5.61,22.09,1
11.67,69.54,74.88,36.37,14.54,29.5,2.42,22.9,1
10.51,25.8,79.98,31.0,4.07,144.81,4.27,32.32,0
0.76,15.97,106.41,31.57,7.38,18.63,4.05,21.2,0
0.0,17.6,31.35,38.12,4.2,36.74,2.35,26.96,0
3.55,11.41,55.21,37.21,3.82,74.02,2.69,18.11,0
0.0,51.38,70.23,33.1,11.86,179.91,3.37,39.09,0
27.27,28.69,49.06,39.25,5.31,30.52,2.39,36.02,1
7.0,18.01,100.67,42.3,8.1,72.56,4.27,27.97,0
3.19,14.57,32.08,23.19,3.29,62.07,3.63,31.5,0
2.38,10.27,48.54,24.24,3.38,23.83,1.33,26.08,0
0.0,13.76,90.15,46.71,6.78,321.83,4.0,34.09,0
5.37,16.34,83.55,39.44,5.8,276.11,5.6,27.07,0
1.29,7.81,46.6,30.09,1.74,20.45,2.65,30.05,0
9.79,25.81,65.23,33.34,7.51,40.64,3.53,26.41,0
11.74,30.58,36.49,40.93,6.42,157.8,2.39,35.56,0
10.85,89.32,135.81,53.16,2.99,47.54,5.26,26.9,1
12.37,18.77,35.0,30.04,6.28,436.18,3.8,32.17,0
20.71,43.23,67.69,56.51,7.27,28.68,3.43,38.44,1
13.97,36.02,96.1,40.24,3.49,37.75,4.0,21.43,0
3.88,36.82,61.52,39.63,4.48,60.77,2.2,35.15,0
0.0,29.26,94.24,46.89,5.28,67.82,3.96,41.73,0
0.0,2.12,13.0,11.64,5.48,102.87,1.34,28.72,0
12.83,25.98,32.82,28.07,6.1,51.35,0.65,22.08,0
6.05,11.93,21.09,27.36,8.32,20.22,2.42,30.84,0
8.06,11.83,13.35,5.27,5.11,235.95,1.4,31.88,0
0.0,13.04,16.93,30.57,2.07,201.26,2.47,34.08,0
0.0,23.28,83.77,22.11,6.69,431.21,4.72,27.32,0
6.77,53.15,164.29,76.06,10.21,30.28,6.93,25.68,1
4.36,21.74,78.45,44.81,0.97,62.74,3.19,35.1,0
8.51,15.62,36.46,22.89,5.75,96.26,2.26,31.03,0
1.3,20.47,37.4,51.68,1.71,24.44,2.68,33.7,0
3.91,28.86,88.43,49.6,5.58,89.47,6.45,22.58,1
2.65,44.13,49.87,38.8,9.0,101.62,3.02,18.94,1
9.83,15.82,34.05,34.36,5.48,12.69,2.24,33.65,0
0.53,4.2,107.92,39.68,7.08,72.29,4.3,28.41,0
4.22,24.55,38.92,29.3,8.1,15.05,1.18,35.28,0
8.71,24.59,48.91,38.26,15.8,81.35,2.43,24.74,0
3.86,15.97,26.14,48.33,1.7,24.99,3.57,24.36,0
6.03,21.1,49.77,40.36,16.27,41.32,2.04,23.58,0
12.89,19.04,53.18,49.21,4.33,17.31,4.91,24.37,1
3.77,5.53,35.41,32.57,3.8,39.47,2.9,25.25,0
30.28,58.91,125.07,40.54,17.52,10.56,2.8,17.93,1
6.82,34.14,43.69,48.3,3.76,86.67,3.46,37.92,1
5.24,9.37,42.03,49.82,4.44,146.12,2.24,32.35,0
0.0,14.4,33.69,20.82,5.14,24.2,4.42,26.53,0
7.74,33.96,66.08,35.23,2.97,28.39,4.36,42.12,1
0.29,24.02,28.72,40.28,12.74,23.88,2.64,37.11,0
3.83,11.93,27.74,24.79,7.27,100.89,2.31,29.41,0
5.78,24.47,29.81,28.51,0.52,190.34,2.85,29.92,0
0.47,5.79,37.74,43.43,3.73,141.99,4.78,14.77,0
0.0,30.81,46.89,33.96,1.29,87.17,2.92,25.16,0
3.12,16.59,20.44,26.48,3.45,108.83,1.01,32.88,0
1.68,21.0,47.54,37.08,10.61,58.79,3.5,32.94,0
2.29,24.37,52.5,40.47,7.13,88.36,2.76,26.35,0
11.08,24.71,42.75,7.6,7.09,221.01,2.74,33.55,0
19.24,41.33,83.35,58.25,11.5,182.47,4.72,25.83,1
2.79,34.39,83.29,40.9,2.69,95.92,6.1,27.95,0
11.09,17.18,87.45,48.3,3.21,112.71,4.79,30.84,1
1.82,38.97,113.07,53.76,5.35,57.18,3.94,30.66,1
1.46,11.83,64.74,26.38,4.94,53.21,2.52,34.41,0
3.09,26.12,74.2,19.97,1.6,264.11,3.42,35.78,0
16.58,29.87,72.28,46.09,18.07,36.52,2.34,33.63,1
0.0,20.15,31.47,39.77,8.75,164.12,2.89,29.37,0
0.0,35.12,79.63,31.01,11.3,58.73,4.39,31.19,0
27.85,43.85,51.89,46.95,4.91,50.84,4.47,31.75,1
0.37,22.19,75.27,29.56,3.15,65.62,2.0,29.02,0
3.92,46.76,108.43,38.4,2.43,36.05,6.28,34.19,1
2.24,12.94,26.37,28.82,9.79,93.3,2.56,16.09,0
23.08,30.39,54.94,23.65,13.87,99.0,4.26,30.51,0
16.41,49.69,78.22,33.79,31.22,179.13,1.46,20.23,0
0.0,13.96,51.94,37.4,9.65,134.07,3.09,29.67,0
5.86,18.15,67.26,46.41,36.8,104.84,4.5,27.38,1
8.11,45.64,110.43,44.31,10.38,127.91,6.1,27.94,0
10.74,18.97,50.64,30.72,3.58,47.33,4.33,27.5,0
0.0,23.26,39.45,22.22,6.32,39.39,1.08,30.98,0
11.62,59.89,89.99,38.94,8.93,12.2,3.58,24.67,0
0.0,5.53,22.19,21.11,14.94,73.03,3.05,27.28,0
7.94,57.2,73.34,28.47,1.56,196.29,3.04,25.31,0
0.0,11.49,35.37,23.04,15.82,32.44,3.16,24.85,0
0.0,12.24,22.29,31.3,5.0,44.87,2.86,18.64,0
0.25,3.72,44.45,35.98,21.41,35.89,0.2,41.97,0
4.66,24.55,72.0,35.15,6.72,135.62,4.32,25.48,1
7.5,13.68,127.05,55.86,2.67,62.66,4.17,28.4,0
8.68,32.72,55.55,43.14,1.15,88.71,4.02,26.88,0
13.16,28.05,38.32,23.44,3.26,99.48,1.76,33.59,0
0.44,20.05,85.01,52.66,3.32,16.3,4.25,26.97,1
12.38,39.18,71.16,16.9,7.09,119.33,3.11,36.75,0
5.37,63.5,83.52,46.78,8.72,115.94,5.4,20.68,1
6.64,22.82,45.28,34.48,9.08,42.0,2.81,19.0,0
41.1,65.38,82.29,34.9,11.62,49.64,3.71,36.39,1
10.23,31.82,89.85,36.32,12.49,29.1,4.75,25.43,0
3.39,22.77,37.18,34.07,7.91,121.7,3.15,23.09,0
2.42,6.62,102.97,37.68,8.01,350.43,5.05,29.43,0
4.73,12.45,55.76,40.15,5.55,48.92,2.85,29.23,0
0.0,4.55,31.49,10.92,10.65,54.38,3.74,15.67,0
7.93,52.81,55.8,30.37,10.25,71.58,1.74,27.2,1
4.64,50.16,81.87,41.78,2.97,48.9,5.28,24.63,0
6.53,33.42,73.53,36.47,13.42,26.79,5.57,25.51,0
5.34,38.8,51.69,23.72,20.78,55.45,0.29,20.07,0
10.62,15.33,33.44,30.09,4.21,39.94,1.43,29.57,0
1.35,25.59,69.68,40.58,15.01,260.79,2.15,27.63,0
14.8,24.09,61.02,38.35,1.9,65.4,2.64,27.62,0
11.65,17.73,34.99,28.1,9.16,142.28,1.87,34.97,0
26.47,59.96,85.07,44.22,12.71,30.14,3.36,27.47,1
4.71,28.85,37.64,27.36,5.46,81.77,3.47,33.02,0
13.17,18.4,35.45,27.68,11.12,132.38,2.11,20.86,1
29.18,71.04,93.4,47.95,5.83,388.25,5.01,24.88,1
0.98,15.99,33.69,21.41,7.49,181.46,3.18,18.63,0
16.66,44.66,54.06,34.6,5.81,89.23,3.45,27.23,0
10.02,20.49,106.73,30.9,10.86,72.65,5.25,25.32,1
0.0,20.0,27.42,37.75,5.1,85.83,1.87,21.55,0
3.86,33.26,63.87,37.93,6.55,45.41,2.09,25.38,1
46.59,52.26,122.59,56.53,4.74,260.99,5.71,28.43,1
15.76,66.12,80.3,50.79,2.32,115.56,7.19,27.25,1
8.94,36.19,38.21,32.0,1.71,96.68,4.25,22.81,0
1.09,22.84,51.07,21.61,5.96,62.32,2.66,28.43,1
0.0,1.11,17.42,23.7,13.12,34.71,2.67,26.87,0
0.0,16.28,32.91,25.14,14.57,101.82,1.4,28.29,0
5.01,38.89,85.1,56.28,7.41,43.33,4.78,39.86,0
5.01,6.59,52.13,37.34,6.03,174.02,2.49,28.34,0
20.23,65.39,86.69,45.64,4.15,21.38,5.41,32.46,1
0.19,3.52,20.99,42.68,8.0,118.68,1.19,25.14,0
0.0,19.86,50.7,38.93,9.47,99.29,4.99,23.94,0
10.19,62.52,76.33,40.12,3.46,152.8,2.25,26.5,1
2.52,24.96,46.77,41.71,8.21,356.23,4.62,35.44,0
2.46,33.24,58.74,17.53,10.73,68.16,2.23,18.24,0
18.34,51.88,137.67,36.7,9.25,49.98,5.4,29.15,1
0.0,25.22,39.7,33.29,3.25,27.1,2.79,32.06,0
15.74,23.09,44.21,41.3,16.04,50.93,3.68,22.38,0
8.81,22.05,70.29,37.0,4.44,31.1,2.07,33.14,0
1.98,9.44,59.01,35.91,11.37,42.37,2.17,24.66,0
4.77,53.4,74.12,20.65,25.37,47.65,3.65,27.65,0
0.54,14.05,15.64,38.28,3.03,36.74,0.77,17.66,0
3.6,39.49,94.65,55.78,12.6,16.54,3.0,32.14,0
27.78,55.67,113.02,31.08,1.64,57.26,5.22,41.87,1
0.95,20.11,52.23,16.55,0.96,29.34,2.49,32.39,0
0.0,7.09,11.47,34.26,13.43,137.05,3.18,24.23,0
5.0,13.81,31.34,38.9,8.26,14.92,0.88,31.95,1
23.54,33.46,44.95,5.0,2.13,109.55,1.71,29.73,0
6.8,11.67,25.83,33.84,10.28,113.82,2.52,25.95,0
3.21,65.2,88.95,36.79,3.6,129.57,4.74,30.27,1
2.95,29.45,114.55,38.12,6.99,120.81,3.06,25.42,0
16.21,35.32,51.77,19.86,2.82,75.02,3.11,23.77,1
7.96,10.11,71.55,39.03,13.14,39.91,2.6,26.71,0
10.16,24.49,79.65,32.15,7.15,34.74,5.23,25.95,0
6.06,21.46,28.62,26.93,7.78,37.88,2.89,36.02,0
13.58,31.52,35.33,49.1,10.31,38.54,3.59,32.38,0
27.78,46.05,63.46,51.66,4.19,235.8,4.15,22.96,1
4.87,30.15,71.52,46.11,1.22,50.08,3.51,23.38,0
7.78,12.26,67.32,28.44,0.57,105.03,2.96,23.46,0
26.71,37.6,100.26,35.91,17.9,48.46,2.67,31.32,1
6.04,29.94,59.05,33.47,5.24,6.43,3.03,28.63,0
15.98,40.3,97.69,50.54,8.24,33.44,5.05,27.32,1
0.3,19.93,26.7,17.88,4.67,87.9,1.17,28.11,0
0.81,32.22,40.97,25.16,5.75,104.43,0.2,33.94,0
33.77,46.91,69.82,37.83,20.93,42.05,2.83,23.19,1
12.39,28.73,64.48,32.63,4.49,11.58,6.32,25.94,0
3.94,35.61,55.43,26.29,7.2,35.15,2.5,23.45,0
1.71,6.65,24.14,30.82,5.35,97.74,2.12,30.85,0
2.97,52.33,76.38,26.02,11.12,88.51,4.27,31.37,0
0.0,28.99,57.26,32.53,2.96,137.63,2.35,18.79,0
11.28,21.27,107.43,28.57,10.87,59.53,4.15,29.81,0
10.05,42.66,49.69,39.6,7.84,17.02,3.52,22.87,0
9.78,15.51,30.25,13.84,8.97,51.37,2.89,31.69,0
21.5,65.67,83.28,22.98,11.69,89.16,3.37,30.81,1
5.57,7.94,79.33,30.45,5.55,14.85,3.01,22.31,0
8.83,13.22,99.96,26.84,11.64,42.77,2.57,27.43,0
0.0,7.99,79.28,34.92,5.26,77.45,3.84,29.84,0
12.52,21.21,40.51,26.68,5.64,73.3,1.9,33.09,0
10.33,31.56,49.27,36.39,13.04,81.47,3.26,36.39,0
0.0,30.84,63.15,31.37,11.2,29.17,2.92,30.74,0
3.97,6.98,99.92,44.29,14.49,82.75,4.36,32.56,0
18.76,64.98,103.6,39.46,4.36,92.42,4.49,30.55,1
8.5,32.71,65.62,56.94,10.9,56.46,5.57,34.26,1
1.35,62.54,85.08,26.77,2.07,46.41,3.37,32.82,0
10.37,26.13,61.63,20.44,13.04,103.6,2.42,20.95,0
31.04,80.89,84.42,38.41,6.29,312.65,2.04,26.28,1
0.0,65.02,113.65,32.44,12.66,174.27,5.12,31.46,0
12.04,20.72,48.05,30.63,12.24,90.23,3.51,30.02,1
8.09,15.79,67.0,46.21,7.1,19.99,4.5,31.95,1
0.0,12.62,43.64,34.93,9.51,131.1,3.72,32.32,0
8.57,20.37,101.15,47.75,7.14,38.34,4.2,40.46,0
1.78,22.49,34.26,24.81,4.74,82.31,3.38,28.59,0
3.27,15.38,22.56,22.21,5.35,38.92,1.93,34.53,0
10.44,42.99,57.71,41.81,5.07,51.58,2.71,24.25,1
9.97,36.15,51.71,18.93,6.95,52.15,2.06,27.47,0
9.73,17.77,71.49,38.37,4.87,97.3,4.91,30.71,0
46.42,62.06,111.89,39.46,5.37,144.18,4.36,30.43,1
4.26,38.29,123.98,37.99,6.54,63.64,4.2,37.45,0
0.0,22.64,31.6,27.68,3.4,68.9,2.68,27.0,0
12.2,39.75,73.53,33.45,19.35,120.88,4.75,23.21,0
8.03,15.72,61.14,38.83,0.66,75.76,3.59,21.67,1
2.02,19.3,22.97,30.06,3.04,28.83,0.33,20.52,0
1.69,6.98,17.93,19.03,10.24,71.8,2.02,19.69,0
22.85,41.98,68.86,46.92,14.84,128.34,4.25,33.32,1
0.0,14.89,20.13,41.12,13.2,62.71,3.22,21.96,0
7.8,27.99,88.26,41.43,13.13,17.85,4.61,23.06,0
1.51,8.64,85.77,47.5,3.18,108.17,4.98,33.27,0
9.22,33.57,109.82,42.23,8.22,114.88,2.85,22.88,1
0.84,35.63,57.97,25.61,3.05,85.97,2.35,17.73,0
9.48,10.75,12.54,32.79,11.53,91.38,1.45,28.74,0
17.7,21.63,31.01,29.53,11.76,77.17,3.99,31.23,0
2.16,10.75,28.64,30.85,1.32,61.92,2.37,22.13,0
2.96,15.44,23.58,27.84,4.11,23.45,3.92,33.74,0
9.07,19.1,65.79,43.76,14.71,61.08,5.12,21.97,0
13.36,18.35,21.05,27.13,2.44,23.72,1.51,35.5,0
39.3,59.63,74.58,37.18,3.86,250.4,3.23,35.42,1
3.09,22.53,36.28,38.16,13.63,64.02,2.04,31.63,1
2.96,13.0,90.37,56.53,7.97,29.81,4.2,35.61,1
0.0,22.84,37.71,28.75,2.53,56.34,1.01,29.04,0
0.0,14.35,41.74,50.46,7.68,42.06,1.79,21.54,0
17.86,69.35,96.34,50.51,11.54,23.19,3.82,31.9,1
4.6,7.8,35.66,34.8,7.98,98.22,3.38,35.45,0
0.0,7.42,58.71,41.55,6.45,25.31,2.71,28.59,0
15.23,28.38,51.49,48.87,2.84,22.53,2.31,28.02,1
12.16,48.08,95.12,38.59,3.61,75.47,3.85,25.95,1
2.89,31.97,45.31,14.82,17.9,58.63,1.63,26.06,0
8.21,32.45,62.09,21.65,5.57,70.55,3.21,30.04,0
0.34,4.6,18.51,19.72,11.71,103.06,4.25,31.26,0
12.85,21.92,37.29,36.67,19.34,72.42,2.61,25.92,0
1.88,16.25,34.5,29.85,19.25,36.79,1.69,30.46,0
19.93,52.37,104.74,57.85,5.36,167.6,5.47,32.32,1
10.61,25.94,29.73,37.98,6.92,46.8,1.34,23.7,0
0.0,25.93,30.66,30.61,9.97,78.82,1.27,31.6,0
17.91,41.14,65.67,35.42,1.37,54.56,2.44,32.77,1
16.51,42.58,98.25,37.68,15.25,94.94,2.58,24.88,0
14.35,22.72,58.18,31.5,4.25,53.25,3.98,24.24,0
15.18,44.79,127.88,46.22,3.64,24.07,4.84,24.31,0
5.62,30.47,55.66,21.45,7.92,196.5,0.77,28.61,0
8.03,56.82,58.79,20.58,13.17,53.76,4.0,30.27,0
4.14,15.71,58.42,32.91,6.44,48.37,1.92,32.8,0
0.0,19.15,125.65,46.67,11.6,32.03,5.51,22.21,0
10.41,15.33,34.55,28.81,1.89,31.43,3.28,24.81,0
0.0,3.11,50.65,27.66,14.29,48.24,2.51,24.47,0
0.0,54.04,91.39,51.73,7.24,154.41,3.8,34.61,1
1.63,24.01,54.21,39.89,10.11,132.31,3.33,29.42,1
6.14,8.94,35.37,29.51,4.05,54.35,3.41,30.96,0
32.86,57.3,88.69,33.18,3.98,39.42,4.85,35.18,1
1.59,13.07,131.12,38.0,13.07,331.77,4.44,25.66,0
35.24,60.97,64.34,42.16,6.0,89.31,4.9,17.06,1
16.04,46.69,72.71,28.56,12.34,251.32,3.12,30.91,1
8.97,29.83,35.84,43.09,2.92,121.63,1.21,23.35,0
1.09,13.96,53.95,39.3,7.5,61.89,2.52,30.85,0
6.27,23.09,34.05,28.79,4.89,98.21,2.45,32.43,0
6.99,33.55,50.35,26.38,2.65,36.05,2.38,27.39,1
12.67,42.16,49.15,36.54,3.96,270.85,0.81,41.45,0
1.31,9.38,59.07,32.11,12.66,63.29,1.3,28.41,0
16.54,20.49,63.16,31.09,11.14,22.55,1.87,30.11,0
5.3,10.63,31.64,24.73,11.08,121.3,3.39,23.07,0
10.37,23.89,51.8,35.5,2.36,58.65,1.87,29.7,0
4.67,33.43,34.45,24.2,1.46,98.54,2.67,25.38,0
22.4,36.61,70.76,37.15,5.01,68.7,3.56,23.45,1
8.33,13.03,35.55,40.42,7.7,31.25,2.53,18.01,0
0.0,20.4,30.95,24.4,10.66,45.22,2.3,18.47,0
11.36,26.92,97.55,31.56,8.51,71.19,4.82,28.05,0
0.0,30.2,48.41,49.88,6.01,55.22,3.25,30.4,0
3.76,10.33,11.86,24.87,8.38,96.96,2.16,29.05,0
3.0,24.84,118.11,50.68,18.37,48.9,5.57,30.16,0
42.93,62.86,85.5,37.42,4.2,73.08,2.94,21.99,1
1.22,26.5,43.26,28.8,9.93,56.9,2.2,30.66,0
16.67,50.23,180.89,61.72,7.31,84.91,4.02,31.87,1
0.0,1.8,43.28,42.88,5.19,243.09,1.43,29.41,0
6.17,15.4,46.43,22.18,8.52,87.18,4.11,25.64,1
23.33,37.88,46.95,12.9,1.95,35.39,2.58,28.44,1
0.0,9.13,56.99,39.78,4.77,46.13,4.28,25.03,0
15.94,34.56,50.73,44.98,4.92,69.28,5.11,24.88,0
4.73,19.46,55.45,33.93,6.08,28.18,2.51,25.53,0
0.0,4.75,29.73,26.88,15.27,130.09,4.55,26.82,0
18.31,44.39,51.54,33.56,9.6,67.6,2.16,21.02,1
11.98,18.16,75.85,44.97,6.26,63.97,4.48,22.23,0
0.64,19.48,158.69,55.42,10.53,76.49,4.19,39.49,1
12.79,18.21,45.3,23.67,9.56,94.73,0.96,30.71,0
0.0,18.79,41.26,19.95,6.47,64.14,2.28,23.86,0
1.92,16.48,51.05,18.59,6.99,35.06,2.16,24.79,0
5.95,22.32,60.82,35.66,8.49,70.43,1.45,25.63,0
5.52,25.24,41.98,45.58,9.53,27.86,2.54,21.3,0
10.01,41.15,70.61,15.02,5.28,35.97,4.37,28.59,1
42.04,52.97,86.84,30.22,9.48,5.9,4.14,35.77,1
7.64,12.02,37.9,39.72,3.48,22.32,2.63,26.17,0
7.91,21.42,70.79,28.82,4.54,37.51,3.03,32.9,0
20.0,51.83,108.57,48.0,4.44,65.94,4.14,41.06,1
5.46,6.22,37.26,24.38,3.29,166.78,3.86,29.43,0
0.0,4.32,58.53,24.58,6.99,19.07,1.84,28.39,0
6.68,20.81,74.0,41.48,13.44,83.81,4.11,30.93,0
0.0,34.15,50.38,21.68,14.38,20.31,2.35,28.4,0
18.21,27.96,48.99,31.48,2.78,20.36,1.59,25.23,1
5.85,19.47,83.69,36.89,15.95,168.61,4.95,31.81,0
9.53,18.28,72.28,52.82,20.26,92.23,4.26,25.64,0
0.17,11.35,28.21,23.54,7.7,165.85,2.67,24.94,0
0.34,27.39,44.7,26.67,9.37,131.29,2.83,24.64,0
11.81,42.08,48.15,38.45,30.15,19.47,4.19,30.41,1
3.74,32.16,69.38,39.02,8.71,85.39,2.51,19.8,0
1.25,26.48,37.37,24.08,10.3,92.19,2.86,23.85,0
23.32,29.03,43.55,25.91,7.36,35.78,3.89,19.95,1
6.92,56.33,65.4,27.29,8.61,65.17,3.13,30.06,1
1.87,48.16,77.05,34.63,4.86,116.52,1.81,30.97,1
7.49,22.05,34.38,34.22,6.4,173.37,3.96,15.82,0
2.78,35.99,50.7,25.54,13.42,80.82,3.79,34.3,0
10.72,12.15,40.4,25.53,4.47,46.08,2.5,31.35,0
0.0,35.66,66.93,48.8,8.55,50.46,3.32,23.6,0
18.5,36.89,56.76,32.32,15.72,71.65,3.62,26.05,1
2.78,9.13,41.48,38.39,1.13,19.16,2.92,31.55,0
0.0,36.83,39.47,33.31,16.44,68.23,3.13,34.65,0
0.0,1.93,26.08,28.48,4.47,31.61,2.37,29.05,0
4.22,32.66,59.07,42.85,11.99,84.38,0.59,26.47,0
1.28,37.75,75.25,34.13,17.57,25.76,4.03,37.27,0
0.0,41.0,77.1,38.64,17.09,43.73,3.35,25.9,0
0.0,1.34,13.19,15.46,5.59,37.3,2.13,34.21,0
5.93,9.23,62.27,23.95,5.58,12.24,1.92,30.59,0
8.04,11.8,157.21,39.93,17.71,39.32,6.02,19.87,1
6.53,33.0,54.17,21.9,15.74,69.47,3.61,26.78,0
22.68,70.65,120.8,56.01,2.15,68.0,4.01,24.0,1
9.53,31.74,53.47,26.31,4.73,38.08,4.11,30.82,0
1.81,12.04,22.37,26.3,3.66,25.0,3.44,20.43,0
0.49,44.91,123.08,52.03,1.68,66.37,5.06,30.27,0
0.0,45.84,64.12,48.41,14.23,24.31,3.84,18.58,0
12.52,63.73,165.91,49.77,17.3,43.33,4.99,25.34,1
33.02,39.33,53.33,31.88,0.94,22.59,2.76,27.93,1
15.42,19.84,71.06,24.68,1.68,54.27,4.75,27.44,0
3.82,6.61,63.6,18.57,10.81,204.56,2.85,28.37,0
0.89,5.24,13.41,36.04,17.32,39.3,2.58,33.69,0
11.58,13.28,21.83,27.6,27.43,103.73,2.53,29.21,0
4.19,37.05,50.54,38.06,6.18,35.28,2.11,26.66,0
3.45,25.17,40.06,34.78,4.91,110.12,1.29,33.84,0
24.41,131.18,201.48,48.45,6.1,72.6,5.25,26.74,1
0.0,15.64,158.53,42.3,5.87,90.59,5.1,33.24,0
8.97,26.32,44.99,36.53,13.31,133.61,2.02,35.37,0
1.18,38.59,48.98,35.8,5.36,27.92,3.16,32.87,0
5.57,16.71,41.73,40.97,13.93,53.56,2.68,23.28,0
0.38,6.89,77.6,30.27,9.78,35.04,3.05,27.52,0
4.19,24.94,38.19,22.64,11.95,82.72,4.56,20.62,0
48.93,63.6,69.42,37.29,8.47,102.54,4.63,28.45,1
13.95,34.07,61.16,46.8,5.26,30.87,4.39,18.62,0
11.57,63.17,96.75,53.6,7.58,61.83,2.65,22.33,1
5.8,13.95,30.57,20.43,2.28,37.05,0.91,28.83,0
5.08,13.53,77.27,37.74,5.37,13.86,6.75,22.83,1
6.37,36.84,60.21,46.14,5.83,47.63,4.63,25.02,0
10.26,18.94,70.79,42.43,14.55,106.04,3.93,25.32,0
14.22,108.26,111.15,28.82,6.59,25.06,3.12,34.18,1
36.57,50.53,63.42,43.16,12.42,10.07,3.35,28.4,1
3.79,25.4,53.42,26.55,16.06,54.01,2.21,27.26,0
23.87,61.61,89.44,42.29,9.75,34.83,2.3,30.34,1
36.92,54.95,111.41,46.75,8.98,39.86,1.98,30.23,1
15.37,30.01,81.07,44.77,5.19,27.4,4.38,29.59,1
4.94,39.25,56.47,33.33,8.18,187.26,3.25,24.43,0
15.48,23.24,35.69,33.55,17.62,40.22,2.22,13.56,1
0.0,21.0,45.3,32.15,4.27,116.2,3.26,17.83,0
31.63,37.84,71.54,37.7,11.4,79.94,4.84,31.77,1
16.9,48.99,62.67,47.45,4.29,55.87,3.18,31.87,1
4.63,18.33,71.47,39.54,14.22,139.59,4.04,31.8,0
4.1,25.43,69.99,27.87,5.43,75.2,2.78,29.22,0
0.0,40.02,54.99,35.98,10.85,37.66,3.53,33.91,0
19.55,26.52,35.75,27.38,7.39,18.44,3.85,27.19,0
4.25,28.62,87.44,46.82,3.74,9.94,3.6,24.47,0
34.1,66.54,157.32,56.49,9.77,217.69,6.19,22.26,1
0.0,29.27,71.99,41.02,11.48,123.94,3.77,22.86,0
0.45,13.99,44.71,20.51,8.05,79.28,2.67,27.86,0
0.06,3.79,52.59,35.44,4.06,70.39,4.36,29.52,0
12.57,53.72,125.09,34.86,4.74,36.66,4.23,32.41,1
0.0,3.73,31.47,20.32,3.54,64.5,1.19,34.85,0
0.46,3.42,5.62,24.12,3.82,48.06,2.33,30.91,0
0.0,16.17,51.62,38.14,3.67,66.3,4.74,28.95,0
2.88,11.87,48.28,35.04,12.47,39.19,2.37,30.87,0
28.28,50.95,67.03,31.0,14.89,7.89,1.94,29.17,1
10.26,40.88,64.67,35.77,9.92,185.54,3.33,34.35,1
7.32,20.75,64.62,49.22,2.99,35.54,3.53,30.48,0
5.59,77.14,94.63,34.3,4.06,75.76,4.87,22.85,1
1.99,9.38,32.15,13.29,0.91,46.75,4.36,29.45,0
2.06,4.43,33.76,29.85,4.55,28.62,3.65,29.87,0
6.85,22.69,66.86,26.36,4.68,15.03,3.63,30.12,0
25.5,42.59,108.19,44.72,8.97,15.98,3.76,36.4,1
1.63,27.44,66.17,21.36,11.6,142.41,2.61,29.38,0
17.44,29.02,121.9,26.16,15.41,66.96,3.19,34.77,0
0.0,3.59,22.41,21.95,4.07,26.52,2.39,24.04,0
12.46,30.26,58.13,43.57,5.85,18.53,2.56,29.64,1
24.59,47.3,74.12,31.84,6.3,31.29,4.11,32.25,0
4.97,23.87,27.99,36.44,2.38,23.67,3.18,25.61,0
2.02,25.29,30.51,29.69,9.57,94.86,2.38,34.47,0
12.41,33.16,41.17,16.01,2.56,65.25,1.99,21.48,1
31.11,50.08,59.76,34.35,9.2,62.97,3.05,22.86,1
16.66,26.9,37.6,42.08,25.3,87.48,2.17,30.82,0
34.94,44.58,47.18,35.2,14.33,153.82,1.88,26.67,1
5.73,59.43,127.12,55.76,13.26,25.21,6.8,24.41,1
5.23,11.95,41.22,32.92,9.25,22.89,2.31,42.13,0
0.0,54.5,102.91,52.63,8.11,96.86,3.86,19.9,0
1.81,10.39,31.74,32.6,8.45,55.1,2.53,30.12,0
4.65,49.66,65.89,20.97,5.35,207.75,4.28,20.9,0
5.41,37.13,99.75,32.32,5.31,38.56,3.58,25.06,1
12.16,38.69,92.94,49.73,9.27,110.28,1.32,27.7,1
2.33,12.3,26.26,22.81,1.92,46.26,1.52,24.72,0
2.65,22.81,36.05,30.84,13.63,47.45,2.88,32.46,0
40.25,73.97,161.93,53.93,8.97,26.3,5.54,21.94,1
0.0,15.72,18.39,26.49,2.05,202.27,2.84,28.62,0
0.34,4.71,31.21,26.0,6.16,30.48,2.79,26.35,0
0.0,16.71,29.5,33.81,10.32,19.82,0.2,18.19,0
3.02,26.32,43.85,31.32,27.68,35.72,1.87,30.93,0
8.6,22.38,49.1,40.51,10.09,27.45,4.72,22.52,0
2.78,53.84,106.98,32.21,5.74,78.56,3.75,28.91,0
9.24,26.98,64.73,30.61,2.14,23.9,1.84,21.07,0
14.31,49.75,53.97,49.07,4.66,65.06,3.19,30.09,1
7.41,17.39,25.34,43.99,8.32,201.6,3.78,33.8,0
9.21,38.27,120.5,43.41,22.84,92.52,4.72,21.15,0
3.55,11.99,27.52,19.59,11.05,86.72,1.05,29.11,0
2.31,31.98,45.38,42.11,9.93,56.89,4.69,20.61,0
15.09,28.7,90.22,60.33,8.37,98.86,4.26,31.17,1
6.98,11.54,35.79,17.87,19.98,162.1,2.01,22.58,0
8.39,20.08,37.92,39.4,6.58,12.05,0.86,27.94,0
0.0,7.09,12.11,31.91,20.99,23.53,1.78,27.05,0
0.56,13.13,24.68,20.81,17.04,83.37,0.37,28.43,0
3.21,7.9,19.8,37.0,2.7,161.9,1.99,33.22,0
0.0,3.71,51.96,24.15,1.07,127.52,4.23,22.31,0
7.26,13.92,33.53,26.79,12.09,224.49,0.82,28.46,1
6.61,8.54,36.65,28.75,16.57,77.22,1.49,29.44,0
6.05,45.11,69.39,25.64,6.75,63.29,5.29,26.62,1
14.86,31.34,52.09,32.88,10.78,139.61,3.07,17.55,1
7.49,25.58,37.52,20.36,14.06,111.75,0.92,25.0,0
22.75,35.66,76.69,33.04,3.82,139.08,4.05,30.89,0
7.82,13.44,41.98,43.71,7.93,14.21,2.35,33.06,0
1.33,24.72,37.01,38.14,5.25,39.24,2.13,26.97,0
5.26,26.28,70.4,42.18,4.02,59.87,1.34,24.12,1
8.51,14.5,22.99,37.74,14.68,41.49,2.69,31.22,0
0.67,30.93,53.91,46.97,11.71,179.33,3.33,25.5,0
6.4,11.22,32.43,15.0,6.69,26.84,2.78,23.17,0
1.27,18.9,68.41,38.62,9.38,193.48,3.19,24.8,0
0.0,33.89,42.86,23.0,8.67,17.62,1.51,28.0,0
29.64,74.02,77.68,31.13,10.35,34.37,1.65,23.99,1
1.19,15.02,53.39,22.35,7.19,57.36,4.74,27.79,0
0.47,8.16,51.54,52.46,6.03,128.34,1.83,28.53,0
12.72,15.79,128.85,28.63,8.87,31.55,2.68,32.42,0
3.01,14.93,170.78,53.85,4.75,19.16,8.66,19.48,1
0.88,12.38,19.67,43.53,12.53,61.53,1.42,28.13,0
13.12,48.56,113.79,42.55,9.33,51.14,5.0,30.86,1
5.03,22.88,85.81,14.64,4.17,69.21,0.76,23.67,0
15.03,19.6,64.32,55.35,23.77,37.25,4.79,27.16,0
23.51,53.39,105.96,59.92,12.97,29.18,4.66,38.59,1
2.86,37.18,49.4,23.5,1.53,43.31,2.81,22.8,0
11.97,31.67,80.31,47.73,0.78,40.0,4.27,27.97,0
24.54,55.09,80.14,40.9,5.63,34.52,3.41,35.35,1
30.75,46.58,51.0,20.76,1.35,45.0,2.11,21.59,1
1.72,30.0,52.17,42.8,6.52,47.99,2.24,37.16,0
17.32,27.26,57.31,29.54,4.39,16.81,4.39,23.72,0
0.0,45.46,86.73,39.64,22.65,50.42,6.05,16.94,0
7.69,12.74,25.93,35.6,5.5,18.86,0.2,26.81,0
0.0,86.65,120.77,49.09,8.37,117.96,5.31,27.44,1
2.86,63.46,115.49,48.67,18.44,34.53,6.04,26.24,0
43.28,89.88,158.4,39.9,12.73,81.28,6.62,25.55,1
15.34,23.14,62.99,10.46,1.99,57.28,2.68,27.13,0
0.0,12.26,27.35,22.66,3.48,55.52,1.1,29.23,0
19.06,29.59,53.92,41.59,3.73,32.95,4.63,31.85,1
18.46,26.71,58.4,23.38,23.6,59.79,0.2,35.91,1
19.43,29.46,69.23,35.04,3.55,99.97,3.4,12.31,1
7.64,32.42,97.64,43.15,3.99,46.79,4.01,28.99,0
15.27,28.06,79.22,36.77,13.9,60.35,5.42,30.23,0
3.14,9.09,52.18,45.35,2.77,95.04,2.51,21.54,0
2.88,5.45,9.05,21.49,11.68,57.17,2.72,17.08,0
7.1,39.26,69.13,34.86,8.18,24.91,5.03,28.14,0
0.81,19.84,28.77,31.82,4.1,150.05,2.11,28.3,0
0.22,17.0,68.29,37.35,16.98,223.17,4.71,27.13,0
11.15,11.89,38.19,17.39,13.47,81.78,2.18,32.1,0
12.28,18.35,80.13,50.96,8.32,67.0,3.45,28.76,0
0.3,17.42,32.03,39.3,5.08,27.97,2.56,25.51,0
1.75,25.26,33.85,22.44,10.06,43.82,3.8,28.24,0
9.42,9.85,36.11,35.74,9.94,36.18,0.89,29.41,0
8.5,25.05,38.42,27.73,2.19,244.11,3.73,27.26,0
7.65,28.02,66.4,43.48,7.42,69.25,3.71,23.28,0
0.47,7.39,33.8,43.92,20.74,49.91,2.14,24.32,0
48.27,86.58,102.6,26.79,6.6,14.85,2.55,15.8,1
2.37,6.9,48.46,48.93,12.72,32.28,1.99,24.67,0
9.89,30.61,45.19,47.14,9.9,161.42,2.55,24.48,0
0.0,10.84,53.27,24.83,15.39,45.46,3.69,43.0,0
5.03,30.47,42.74,10.21,6.98,27.46,2.83,24.74,0
0.22,16.27,27.56,29.81,3.08,50.48,2.68,35.01,0
2.15,37.78,39.25,34.33,9.63,166.59,2.65,35.09,0
7.84,13.79,38.65,22.15,4.43,67.16,2.11,22.61,0
22.37,33.17,48.8,24.88,5.26,81.83,0.2,24.14,0
1.63,27.4,51.05,39.12,3.99,45.21,3.4,30.23,0
7.36,25.52,88.72,39.11,1.7,53.06,3.37,31.9,0
9.74,35.87,42.68,25.18,4.75,121.62,2.15,32.98,1
12.89,42.57,53.38,40.29,14.79,73.2,2.51,25.66,0
0.0,28.66,39.47,31.96,19.27,25.96,4.41,36.92,0
14.97,35.27,44.92,50.14,9.93,53.8,4.1,27.39,1
9.87,39.18,44.83,52.54,6.07,125.78,4.58,22.26,1
7.64,22.37,42.33,34.13,4.2,29.25,1.32,33.7,0
1.09,25.59,32.86,29.16,7.88,77.39,4.22,18.53,0
8.53,13.84,77.82,38.06,6.2,11.7,4.78,30.19,0
37.83,56.52,94.21,33.92,18.07,35.72,2.75,36.91,1
20.08,39.66,90.74,43.48,6.34,21.0,4.62,31.94,1
2.84,52.25,57.44,26.2,3.14,81.0,1.54,34.18,0
7.49,20.87,33.29,32.47,11.56,76.99,1.04,19.89,0
7.8,11.67,37.5,24.67,4.28,83.37,2.3,22.14,0
3.72,7.51,21.36,21.26,6.28,32.44,0.65,28.46,0
0.0,49.27,58.51,29.98,3.86,53.06,2.68,28.39,1
2.93,45.36,70.52,32.11,15.06,85.98,3.59,26.05,0
10.73,32.37,42.34,34.98,11.98,24.02,3.1,21.26,0
2.8,5.55,9.25,30.12,0.65,159.53,2.99,35.11,0
5.03,26.99,50.49,33.41,25.54,45.32,2.45,26.22,0
22.63,46.09,53.15,35.68,6.97,41.51,3.84,40.17,1
5.07,21.77,137.99,51.59,1.67,34.93,3.97,37.97,1
5.58,27.43,82.35,30.58,5.45,69.18,4.03,29.02,1
6.65,18.45,51.01,34.11,16.21,47.42,3.83,31.02,0
2.3,5.08,36.68,28.63,4.68,43.91,2.68,29.89,0
15.47,47.31,112.82,36.51,21.57,154.45,3.8,27.59,1
0.0,21.07,64.79,43.65,3.15,100.74,2.52,31.36,0
2.27,44.79,131.06,63.01,14.02,104.08,3.94,16.33,1
7.54,35.71,79.8,48.36,3.32,30.22,3.09,29.21,1
3.16,10.82,23.68,36.48,6.12,28.11,2.14,28.02,0
28.27,30.3,30.71,32.97,2.31,94.78,1.91,27.23,1
5.66,28.56,106.14,44.14,4.02,28.6,3.59,18.0,0
5.43,22.19,41.83,34.93,5.91,77.65,4.09,29.33,0
0.29,18.07,74.36,41.1,10.51,100.39,3.56,27.29,0
3.29,24.61,91.84,50.09,8.88,45.56,2.81,19.1,0
14.78,16.44,52.45,31.07,10.98,188.8,2.28,36.87,0
1.3,15.9,38.43,32.35,3.91,62.96,5.53,20.28,0
4.37,12.0,64.16,45.35,14.39,22.73,3.79,26.47,0
6.04,24.89,27.98,23.95,15.28,48.96,3.25,29.2,0
2.63,10.71,22.4,24.11,4.2,70.06,2.18,19.55,0
22.95,34.73,91.06,34.69,4.17,23.24,5.54,27.53,1
43.18,54.36,106.17,38.76,10.46,72.27,4.18,28.72,1
7.48,19.31,44.08,40.96,5.05,113.89,2.59,15.66,0
3.22,33.6,89.6,56.7,2.73,30.81,4.84,18.2,1
10.74,21.86,32.43,23.57,2.62,49.1,1.37,36.98,0
23.1,55.49,97.78,27.69,1.28,148.2,5.22,34.87,1
1.64,2.61,6.47,21.11,5.91,52.8,0.81,28.58,0
13.99,22.27,69.43,36.96,6.45,45.93,4.08,26.09,0
4.36,5.89,73.79,33.31,28.39,84.21,4.01,24.9,0
18.93,45.96,111.98,46.62,6.71,25.01,3.31,28.49,0
0.29,15.53,25.53,28.07,5.21,35.24,2.56,31.18,0
25.81,38.86,111.73,51.56,6.4,212.05,5.02,30.51,1
7.8,17.18,39.59,34.96,4.82,59.43,1.76,37.69,0
10.7,41.31,49.07,10.39,5.03,60.54,0.58,43.0,0
0.0,19.77,44.11,22.06,9.08,213.06,3.95,32.14,0
0.0,9.56,62.51,32.38,10.04,17.18,5.85,27.72,0
8.82,72.13,156.06,36.29,2.38,38.21,4.57,23.99,1
11.07,22.73,63.98,39.35,9.01,86.94,4.17,31.58,0
3.77,6.43,90.37,47.42,17.85,45.25,4.56,23.76,0
12.4,47.77,87.72,41.32,2.61,68.08,4.18,31.73,1
0.0,9.9,17.23,25.57,5.03,64.68,1.21,17.99,0
0.0,6.57,38.49,29.5,4.05,54.6,1.6,24.55,0
6.71,32.66,67.16,29.09,14.94,46.5,3.13,20.33,0
0.0,21.3,47.49,31.76,3.66,110.19,0.99,29.61,0
0.0,9.19,26.73,19.4,6.05,26.24,1.05,30.72,0
0.56,9.21,114.33,39.12,4.48,19.68,3.82,35.46,0
10.65,40.08,50.0,26.36,9.81,32.23,3.23,31.23,1
7.59,25.05,26.27,22.67,7.11,32.88,0.2,28.52,0
23.37,52.85,86.38,58.33,12.18,30.85,4.38,23.7,1
8.26,22.83,63.64,32.6,8.77,23.4,2.36,33.39,0
0.0,5.51,23.58,32.41,14.77,82.13,4.04,20.56,0
11.46,32.75,45.0,31.26,13.01,97.61,4.08,34.65,0
1.52,25.26,102.36,31.53,8.45,71.52,5.42,20.51,0
3.64,16.45,37.58,33.32,10.69,83.37,1.71,34.67,0
1.6,16.17,31.3,17.64,6.07,99.23,2.41,31.31,0
0.0,6.55,13.62,29.18,8.08,52.08,1.39,25.97,0
63.11,66.58,86.31,41.3,11.56,48.6,3.51,17.53,1
0.85,27.59,131.05,44.18,11.82,97.41,4.42,30.16,0
0.0,5.13,21.9,18.73,13.16,60.28,3.0,24.55,0
13.0,33.88,40.8,37.44,4.54,21.3,1.11,19.61,1
0.0,31.23,76.58,50.36,1.31,65.44,2.62,28.43,0
4.42,28.44,68.62,16.64,7.25,117.96,2.47,29.48,0
15.17,43.15,77.76,30.34,3.65,65.49,3.65,30.04,1
5.67,43.97,71.57,26.91,6.39,54.39,5.11,27.27,0
3.38,5.66,28.78,23.61,18.7,16.06,2.57,31.11,0
0.79,24.67,58.22,30.65,21.45,92.42,4.0,30.3,0
23.43,41.49,82.68,36.34,3.43,29.95,3.36,22.88,1
3.33,21.17,75.07,53.4,20.16,107.87,5.77,30.47,0
12.72,36.67,113.57,39.92,2.27,68.12,3.28,25.29,0
16.52,20.55,47.52,36.91,9.3,166.49,2.08,15.51,1
4.11,46.72,91.36,41.79,6.53,102.69,4.43,29.31,0
0.0,22.1,59.57,34.85,3.8,67.57,2.26,31.11,0
16.92,18.91,40.29,39.25,7.46,64.99,3.96,20.42,0
4.43,29.9,46.23,29.8,3.3,64.58,1.82,27.8,0
5.24,7.47,24.27,36.9,3.25,35.19,2.1,35.1,0
2.94,34.25,41.84,47.27,5.28,270.02,2.53,29.07,1
16.31,47.1,51.64,24.81,19.83,38.74,3.75,24.77,0
0.0,5.15,54.17,42.17,13.64,77.54,3.59,31.61,0
5.34,8.03,26.75,31.88,14.96,38.98,0.3,24.34,0
0.02,23.11,67.74,38.76,2.54,40.66,3.94,17.19,0
2.92,5.23,22.26,26.78,4.46,55.23,1.55,20.06,0
18.6,31.39,63.35,42.97,9.16,148.38,3.18,43.0,1
18.37,65.29,85.09,24.88,6.18,97.34,3.71,30.41,1
3.85,17.68,34.57,29.19,17.14,65.04,2.26,31.94,0
8.25,38.54,65.37,24.27,3.11,197.6,2.27,43.0,0
8.05,47.67,124.0,27.77,11.3,18.49,4.37,24.26,0
0.03,35.77,43.54,41.45,1.6,96.29,1.65,30.35,1
10.96,29.49,77.27,24.68,1.86,14.83,2.09,23.81,1
0.36,7.85,19.11,42.02,9.7,39.88,2.42,21.56,0
2.58,42.26,59.21,38.66,15.99,64.71,2.29,33.72,0
0.0,39.62,84.62,39.77,5.07,54.96,5.63,20.85,0
13.14,28.68,73.19,29.56,4.55,42.7,1.16,37.06,1
16.39,26.25,44.13,39.93,9.46,49.38,1.28,29.7,0
8.63,33.66,83.3,47.94,10.22,34.23,3.01,19.12,0
5.72,9.56,43.38,32.45,3.7,37.5,3.9,29.17,0
2.29,15.09,37.06,45.04,3.0,99.95,1.84,24.35,0
13.51,67.2,98.62,39.94,7.13,131.27,4.57,32.63,1
28.79,31.1,104.27,38.57,2.77,503.22,5.42,29.11,1
0.85,8.84,55.56,35.75,15.06,36.64,2.86,29.74,0
4.01,18.64,40.11,46.45,11.41,31.91,3.04,27.09,0
0.0,4.34,13.5,19.86,12.96,34.38,3.7,32.03,0
5.76,17.23,40.77,41.19,12.78,205.03,3.45,23.26,1
2.85,18.52,61.26,39.77,24.73,34.45,3.04,30.97,0
4.51,24.82,68.34,41.58,2.32,65.69,5.28,25.42,0
13.7,33.59,42.11,29.72,10.46,26.43,3.53,22.17,0
17.96,29.64,76.87,31.9,3.17,148.72,3.52,35.21,1
0.0,29.52,89.33,42.38,8.55,147.25,1.64,24.51,0
7.95,23.22,28.34,23.84,4.32,97.72,2.39,35.61,0
23.51,26.23,172.88,54.29,12.22,92.83,5.3,32.69,1
10.21,81.97,144.13,46.14,3.59,47.1,5.5,27.42,1
0.1,19.92,35.02,35.83,0.59,36.22,2.96,22.92,0
17.18,22.24,155.42,56.37,1.23,62.68,5.54,22.27,1
11.04,34.92,59.33,42.77,11.25,113.56,0.6,23.51,0
9.86,27.11,80.49,36.8,7.11,74.19,1.96,28.64,0
3.82,11.22,23.21,36.92,11.3,21.76,3.34,29.8,0
9.17,64.73,103.4,52.59,6.21,69.71,1.15,27.3,0
60.13,61.07,151.66,37.88,1.79,84.89,5.59,18.47,1
0.0,10.96,32.28,33.26,4.29,32.63,1.69,29.42,0
2.52,20.77,41.91,17.97,14.12,75.73,2.17,36.42,0
3.07,17.6,45.01,42.31,1.27,14.28,3.24,32.74,0
38.88,45.42,117.61,64.69,4.01,259.95,5.25,37.23,1
0.0,62.98,123.89,46.97,26.34,31.04,5.6,27.01,1
0.0,1.44,12.23,23.72,6.25,323.69,3.08,30.97,0
0.0,27.25,67.16,36.26,16.51,18.07,3.76,30.97,0
2.46,3.46,35.48,26.12,17.36,120.91,0.2,31.52,0
9.81,20.06,34.23,19.62,4.17,59.26,1.43,33.23,0
5.14,17.05,28.51,9.62,4.61,97.16,3.97,27.73,0
0.29,19.43,33.58,22.87,3.78,324.89,1.41,33.29,0
9.19,14.1,43.21,28.74,3.36,36.16,4.2,25.07,0
5.24,51.23,70.82,31.25,1.39,93.63,3.02,35.73,0
20.98,30.07,34.74,30.21,8.6,33.11,1.27,35.77,0
1.34,6.93,110.14,42.92,6.31,22.98,5.09,26.5,0
0.95,12.95,38.06,23.73,13.64,67.01,4.2,29.22,0
14.4,43.76,129.61,45.1,4.22,46.42,6.12,20.05,1
0.0,16.83,28.05,29.66,11.53,39.3,2.02,33.66,0
0.0,39.02,49.82,30.25,6.82,48.23,1.81,12.7,0
4.99,24.19,32.3,36.37,3.86,42.02,2.9,22.64,0
10.18,30.98,50.57,56.42,12.24,107.18,2.75,21.02,0
0.0,42.21,60.97,42.11,6.94,241.57,2.31,36.74,0
16.08,37.83,48.16,30.88,13.64,126.62,3.19,25.05,0
0.0,6.51,71.57,28.03,10.42,46.06,3.62,29.95,0
1.58,22.08,29.96,52.69,11.96,159.71,2.84,36.6,0
5.2,20.51,43.22,37.49,9.19,27.96,0.73,33.35,0
22.95,32.09,59.35,34.1,19.62,38.92,3.63,31.45,1
24.27,47.9,128.16,52.42,2.61,59.55,5.29,20.27,1
6.75,22.96,27.63,32.03,11.57,25.11,2.08,27.93,0
2.39,13.61,66.35,42.59,7.87,52.73,1.86,36.4,0
2.73,5.47,47.37,33.87,2.56,57.15,1.79,31.12,0
35.64,65.0,90.04,31.13,4.27,14.77,4.06,24.52,1
19.38,63.66,98.44,38.63,18.28,206.89,3.08,27.28,1
8.71,23.6,110.51,30.87,13.15,26.2,3.54,22.52,0
7.04,21.94,44.29,37.55,14.59,15.71,2.8,32.8,0
6.2,18.84,41.37,36.62,10.11,58.08,2.36,28.01,0
0.0,20.05,46.55,39.68,9.85,85.17,3.89,19.85,0
3.6,21.61,99.23,50.14,5.14,32.75,5.26,26.94,0
0.0,41.12,95.7,17.33,14.97,93.39,4.08,28.58,0
7.16,37.35,55.51,31.26,15.67,431.57,2.26,28.03,0
6.46,17.23,53.28,31.25,16.84,81.82,1.4,30.91,0
0.0,1.46,24.91,24.21,3.61,39.55,2.19,20.57,0
7.35,36.99,78.8,37.73,6.35,195.42,4.53,24.7,1
7.91,36.42,69.53,26.06,1.92,29.92,3.87,33.69,0
7.63,9.53,23.38,39.56,4.23,28.12,1.98,36.23,0
1.39,14.62,23.21,12.18,3.44,69.75,3.04,19.08,0
9.62,28.78,49.14,20.04,4.56,39.54,2.63,29.95,1
10.38,13.09,42.15,21.23,8.65,35.81,2.41,33.12,0
9.52,19.62,55.76,38.95,2.27,17.01,1.18,28.75,0
3.29,5.32,44.15,25.28,10.32,13.12,3.62,31.48,0
25.92,42.06,54.2,43.33,0.91,66.58,3.37,38.16,1
21.12,29.21,44.09,20.84,3.28,21.82,3.04,22.64,0
5.74,32.88,53.26,32.52,7.44,48.92,4.64,24.9,0
1.0,31.48,52.61,35.99,13.34,27.75,1.93,28.85,0
0.54,71.84,108.53,45.66,1.68,49.12,4.71,27.38,1
10.64,36.8,60.04,24.47,6.68,37.46,2.33,26.71,0
0.0,40.27,66.23,36.04,5.39,122.52,3.33,30.11,0
11.53,24.16,42.39,12.63,3.45,86.05,2.96,29.85,0
0.0,11.74,62.33,58.26,2.64,54.67,5.91,16.84,0
4.42,20.49,77.42,46.64,5.65,237.36,2.55,36.1,0
10.55,20.34,38.07,39.33,6.08,121.55,2.84,30.57,0
0.71,27.58,46.21,29.73,4.09,27.86,2.16,31.95,0
15.77,23.21,54.67,32.43,8.63,103.82,3.34,34.51,0
2.58,9.6,106.27,47.61,9.3,32.22,4.68,34.36,0
5.12,11.55,76.97,34.94,4.64,33.88,3.1,35.19,0
0.0,23.47,39.17,36.22,17.57,82.08,3.05,36.56,0
12.87,19.92,34.99,43.63,7.19,196.94,1.87,27.85,0
2.32,9.33,37.26,21.24,3.88,100.06,3.01,27.43,0
17.42,24.56,105.11,50.61,2.18,145.4,5.46,25.3,1
0.0,1.14,27.78,21.1,4.31,66.11,2.36,35.77,0
9.11,20.29,83.16,29.77,5.1,33.25,5.09,35.85,0
0.0,27.5,94.77,39.78,7.78,81.55,6.51,30.57,0
0.28,25.45,52.66,37.43,8.13,38.24,3.64,31.38,0
4.3,30.08,37.92,15.9,14.36,109.61,2.09,29.84,0
2.15,32.38,38.26,42.15,5.57,76.07,1.71,31.91,0
7.63,35.58,49.78,23.18,5.99,183.3,3.25,30.42,0
1.36,14.0,67.79,13.03,15.2,86.88,3.59,32.12,0
3.52,32.04,71.77,31.22,9.67,38.54,2.85,26.59,0
0.0,6.12,8.47,15.7,4.79,150.41,2.2,29.45,0
11.21,29.86,69.37,36.16,7.26,56.35,4.07,23.92,0
6.07,12.49,18.61,29.74,5.52,36.46,2.52,32.31,0
8.99,19.01,20.8,16.02,11.25,45.23,1.81,37.2,1
4.86,47.17,88.93,37.13,5.31,53.59,4.07,37.51,1
13.55,26.43,56.93,43.3,2.59,16.22,3.99,32.71,0
1.45,11.43,92.97,58.7,3.43,69.89,3.67,31.23,0
5.62,38.85,64.38,32.49,14.23,40.9,2.4,24.62,0
66.19,75.29,108.61,44.91,5.75,62.21,4.57,24.74,1
0.0,24.57,47.14,24.49,1.36,44.01,2.96,23.21,0
18.4,38.57,65.36,33.24,4.09,108.67,3.58,19.62,0
43.64,59.21,111.97,53.27,13.23,80.64,3.97,24.18,1
10.08,18.25,30.47,25.85,1.8,40.84,2.48,34.5,0
0.0,50.89,75.01,29.72,12.29,31.54,3.12,28.24,0
7.75,17.33,68.38,34.54,4.11,37.91,4.29,28.17,0
4.97,48.95,122.56,37.14,3.28,257.86,4.66,23.51,0
26.93,52.79,103.91,34.92,6.39,65.35,5.72,30.39,1
27.75,60.62,83.25,39.97,4.08,26.69,5.1,26.75,1
4.39,24.29,31.39,21.84,20.96,175.92,2.49,33.69,0
4.95,57.08,75.91,14.34,6.81,154.25,2.84,22.68,0
1.75,63.62,111.88,37.44,6.81,206.34,4.37,28.49,0
9.51,23.67,30.49,23.93,11.48,71.94,1.71,39.09,0
0.1,10.2,64.93,35.48,7.07,45.07,2.09,19.47,0
4.1,22.46,29.23,34.15,13.84,31.68,2.45,30.04,0
0.34,13.98,60.55,34.99,6.53,45.37,4.14,31.07,0
7.07,46.29,95.22,33.3,13.13,28.88,7.87,27.59,1
17.25,44.1,76.36,39.1,10.84,120.94,4.11,30.33,1
0.0,5.57,63.34,41.09,5.07,189.25,2.87,30.25,0
3.64,9.04,30.02,23.27,3.52,173.39,4.31,28.42,0
22.97,43.76,75.24,34.62,3.33,20.96,5.38,23.74,1
29.74,68.77,107.14,58.41,4.72,43.97,4.3,25.77,1
1.79,10.41,69.69,42.06,5.88,84.23,2.55,25.18,0
0.51,25.76,46.81,44.72,2.96,45.83,3.18,30.68,1
1.97,32.35,60.17,36.44,8.15,169.09,2.0,20.53,0
3.09,29.4,157.4,44.27,6.52,41.82,5.7,20.99,0
41.63,45.96,73.21,42.95,3.17,51.53,2.26,29.81,1
19.55,31.73,50.68,29.22,6.78,32.68,2.2,29.97,0
9.13,21.45,34.33,18.72,3.34,50.06,2.2,27.89,0
15.4,45.84,64.41,27.55,6.35,52.45,2.98,31.17,1
5.04,16.29,71.72,39.82,13.29,27.77,3.59,26.64,0
30.03,35.81,69.12,35.11,8.54,43.93,3.61,35.56,1
19.96,48.96,179.28,50.5,11.51,71.49,5.79,31.01,1
32.47,39.94,48.52,29.11,2.57,170.41,3.07,24.03,1
0.37,3.33,49.34,32.16,1.68,49.48,4.05,34.66,0
0.0,11.84,49.28,43.97,7.03,42.41,3.5,33.78,0
26.51,29.87,95.75,23.74,8.78,31.02,4.68,21.88,1
9.13,11.46,26.15,31.38,27.5,91.87,1.77,27.73,0
5.14,6.05,20.6,38.34,3.35,35.69,2.24,20.97,0
3.41,27.36,67.84,37.78,22.29,22.34,5.06,34.58,0
5.93,23.24,61.11,38.99,13.83,73.21,2.17,29.98,0
1.92,71.77,91.02,49.26,6.52,16.39,4.88,25.01,1
27.13,37.28,55.37,26.05,9.16,165.44,2.82,27.39,1
22.59,70.33,141.69,48.96,12.18,37.43,7.0,25.0,1
1.54,26.52,79.19,26.9,11.74,81.45,4.22,35.89,0
2.41,13.2,72.03,43.39,10.34,82.02,4.29,22.75,0
8.64,14.89,56.27,48.38,9.52,21.61,3.48,19.4,0
10.03,30.73,43.6,37.75,4.35,81.99,3.71,25.02,0
6.83,14.04,29.09,20.76,10.54,50.81,0.29,35.13,0
12.31,32.67,113.25,65.94,13.86,44.58,4.78,23.35,1
2.04,9.03,30.04,39.41,1.84,16.78,2.33,30.97,0
3.03,8.16,27.03,22.22,13.43,110.53,1.32,37.59,0
3.85,5.99,29.91,31.32,9.21,191.68,2.72,18.9,0
17.51,36.73,57.79,30.1,11.61,73.79,2.07,22.9,1
2.17,18.07,46.16,32.69,15.66,18.88,1.18,25.02,0
0.13,5.08,27.36,37.11,7.93,78.67,3.27,33.54,0
4.36,18.95,27.19,25.86,1.31,32.15,0.49,32.21,0
0.0,3.45,48.48,22.46,6.51,31.3,3.94,23.66,0
4.91,21.9,56.3,22.08,5.77,29.0,1.62,38.27,0
18.38,33.35,58.63,34.18,7.62,75.38,2.74,22.4,0
44.02,72.0,94.53,47.5,4.5,63.8,3.34,27.14,1
6.64,9.86,34.78,15.55,15.21,53.88,2.52,29.81,0
6.88,7.72,74.75,36.25,9.76,85.43,4.4,22.93,0
0.0,44.84,57.54,34.28,5.2,31.87,2.38,30.22,0
9.07,31.33,54.02,27.35,8.7,43.35,2.42,25.76,1
13.56,22.2,84.23,26.87,2.53,26.0,4.28,23.89,0
17.8,60.07,79.6,39.41,9.1,24.27,4.59,34.81,1
0.43,69.11,75.71,40.06,13.64,35.81,2.95,21.92,0
6.92,30.35,95.85,39.76,4.78,18.43,2.41,29.92,1
0.0,14.6,26.21,29.14,3.28,41.66,3.44,27.23,0
0.0,4.42,20.23,25.11,11.84,77.13,1.51,32.99,0
0.0,11.44,95.98,38.69,12.92,77.44,5.92,30.39,0
9.3,13.71,22.72,45.21,16.12,50.61,2.72,30.69,0
1.76,24.81,51.71,35.33,5.44,38.98,1.39,28.83,0
7.9,91.62,193.82,63.1,2.5,39.28,7.1,29.76,1
6.56,31.65,63.58,27.27,2.62,142.7,1.6,24.68,0
0.0,42.32,65.33,27.56,28.42,107.23,0.88,25.21,0
0.93,15.1,158.47,51.46,7.8,47.93,4.81,28.44,0
12.94,35.43,42.33,25.45,2.55,297.6,4.72,31.22,0
15.56,28.07,55.53,25.09,12.78,55.91,0.2,23.34,0
15.48,18.49,42.13,24.4,14.3,109.4,3.36,25.34,1
18.43,19.76,59.62,29.78,5.54,83.78,1.82,25.45,0
0.0,78.4,99.54,60.79,1.76,17.84,5.7,15.84,1
3.76,13.33,47.17,49.93,4.74,25.9,3.92,25.37,0
8.66,23.08,58.76,45.26,16.48,127.7,5.71,34.97,0
36.78,38.23,78.43,48.1,6.9,37.49,5.48,35.16,1
5.29,17.89,29.88,37.21,8.79,74.85,2.66,31.03,0
0.0,29.21,48.53,19.88,9.95,44.97,2.6,28.66,0
5.58,32.79,41.17,38.82,7.78,104.78,1.98,26.71,0
28.7,45.88,56.97,19.18,7.87,14.03,1.25,20.39,1
4.67,35.29,69.47,50.07,6.71,74.08,5.57,25.65,1
4.04,13.86,49.3,37.51,5.33,57.57,3.1,23.05,0
0.0,43.44,52.19,26.17,6.71,37.84,2.02,33.34,0
6.39,108.42,118.65,47.66,4.01,44.99,2.66,34.64,1
0.54,38.87,98.95,31.7,4.17,161.83,3.97,31.48,0
7.19,21.83,30.89,28.41,11.16,118.59,3.88,20.48,0
1.89,9.69,17.99,27.22,4.12,174.14,0.82,30.31,0
1.0,5.62,15.72,24.54,10.32,42.04,0.2,22.9,0
10.6,27.05,92.81,56.0,10.78,37.42,4.33,34.21,1
2.11,6.75,21.8,34.12,5.18,10.79,1.92,30.98,0
0.0,20.46,47.37,37.82,11.65,19.57,0.2,27.4,0
37.2,52.29,107.51,37.81,4.66,69.52,4.09,33.11,1
0.0,7.66,27.87,27.19,13.32,136.75,2.62,30.57,0
0.74,18.85,64.43,44.36,9.86,33.4,2.87,36.31,0
1.53,21.29,46.51,27.76,3.66,20.64,2.99,33.23,0
0.0,24.95,36.66,26.2,8.89,113.58,2.7,28.64,0
1.07,16.93,33.23,31.48,12.21,56.13,1.51,33.09,0
8.0,31.41,35.65,33.19,5.82,18.68,1.01,26.95,0
12.87,53.63,63.24,32.38,10.39,32.45,3.53,25.68,0
1.72,6.86,59.18,31.1,10.08,247.1,0.87,29.08,0
11.77,16.57,110.94,30.82,9.06,47.4,3.56,25.82,0
10.17,39.9,70.95,43.06,6.76,83.5,3.28,36.0,0
14.91,24.47,36.07,24.62,2.19,11.44,2.06,20.74,1
39.28,80.98,119.55,43.71,3.55,76.94,3.58,23.56,1
13.98,48.46,69.43,13.65,7.37,64.01,3.01,21.79,0
5.81,48.44,131.33,52.36,2.16,13.04,2.97,26.95,0
3.88,6.72,39.63,41.01,9.04,47.19,0.2,26.76,0
0.0,15.2,27.11,35.86,20.49,44.55,1.39,29.48,0
5.29,28.86,81.5,44.89,9.1,56.64,3.22,32.89,0
10.13,16.13,40.22,29.14,20.07,52.33,4.36,33.93,0
5.26,19.8,66.21,52.27,5.15,22.2,0.87,23.8,0
6.02,27.32,35.06,28.54,15.49,107.52,2.13,31.83,0
9.62,17.89,78.38,50.87,9.01,39.07,4.89,16.28,0
9.19,15.07,22.54,24.19,11.66,39.48,2.48,23.34,0
13.61,25.51,80.6,54.44,2.62,100.5,4.32,22.76,1
36.87,81.1,91.35,40.19,15.47,109.08,3.0,27.94,1
11.4,36.16,94.59,32.04,17.1,153.33,3.31,25.16,1
0.0,19.16,44.02,12.9,18.91,51.52,2.31,23.87,0
3.33,36.21,85.92,34.35,5.08,34.26,4.24,22.07,0
7.41,23.1,35.0,39.24,14.31,73.58,1.75,21.98,0
23.11,33.55,46.35,25.33,7.4,157.14,3.35,32.3,1
0.0,6.35,38.69,17.2,16.83,30.38,2.49,43.0,0
20.21,33.61,46.29,30.73,13.62,29.41,2.79,27.03,0
16.34,44.53,59.08,49.51,7.69,46.19,4.5,24.21,0
17.21,17.84,34.37,45.45,6.06,127.28,1.36,24.71,0
9.21,19.76,47.94,5.0,32.1,10.91,2.6,36.68,0
8.45,22.68,31.98,35.4,10.77,146.96,2.66,21.99,0
0.0,10.37,40.88,35.84,15.46,33.16,2.38,28.47,0
7.08,40.84,63.65,22.22,10.77,155.78,1.04,32.81,0
2.57,26.22,36.52,30.54,5.8,17.49,4.85,29.46,0
26.14,37.13,82.34,54.53,8.58,66.58,4.25,28.15,1
48.35,80.16,170.43,55.58,10.03,45.48,7.39,28.85,1
3.24,6.85,20.37,39.79,13.27,54.87,3.04,25.96,0
6.27,30.54,65.06,23.61,14.4,126.89,2.48,31.36,0
0.0,7.17,32.58,38.26,5.28,126.23,3.23,28.51,0
8.69,34.53,102.12,40.57,1.81,308.02,5.72,33.79,0
7.93,27.94,40.1,28.31,6.47,194.01,1.18,30.59,0
10.51,31.0,80.49,30.48,9.4,166.62,4.59,28.56,0
7.88,29.02,58.51,28.96,4.75,65.33,2.06,22.53,0
6.84,21.01,53.25,33.76,19.19,34.38,3.22,26.4,0
2.96,23.04,51.77,28.29,18.23,67.07,0.94,26.87,0
31.76,36.55,80.89,45.89,8.25,66.45,4.13,30.82,1
8.7,23.1,29.79,10.8,10.16,150.28,2.38,36.97,0
10.3,14.85,42.19,40.33,2.99,31.32,1.17,38.41,0
3.61,56.48,62.57,19.49,12.48,101.97,3.06,28.13,1
19.07,26.24,36.49,23.0,16.73,45.08,3.89,26.79,0
0.0,46.45,90.06,47.51,13.49,51.08,4.13,17.13,1
8.91,44.36,73.03,45.11,14.28,69.89,4.4,29.05,1
14.36,26.33,53.6,37.27,9.26,69.93,2.73,20.29,1
1.04,9.82,19.22,36.76,13.58,135.85,2.55,24.18,0
37.62,50.76,76.42,39.82,6.74,12.38,4.01,34.75,1
6.15,71.14,95.37,38.6,12.02,47.15,4.08,25.89,1
0.91,12.0,65.76,32.22,10.96,22.78,2.54,31.68,0
6.47,47.14,79.93,36.76,16.93,60.58,4.66,25.89,0
0.0,46.05,55.67,34.52,7.85,139.09,4.47,21.73,0
0.22,9.75,37.52,28.6,1.01,64.69,5.0,26.66,0
0.0,14.16,29.74,22.23,12.51,48.47,3.06,26.86,0
0.0,2.81,25.32,15.12,11.11,53.74,1.16,36.83,0
3.31,22.74,37.26,22.57,2.36,182.84,4.44,28.87,0
0.0,19.46,42.98,40.99,6.79,25.96,5.59,31.86,0
3.18,18.56,31.28,27.89,11.38,53.3,0.45,29.47,0
0.0,13.43,27.74,24.68,4.67,33.06,1.48,30.52,0
2.61,32.13,45.39,40.71,5.01,56.95,1.41,22.3,0
10.53,46.54,77.91,36.66,8.46,140.73,3.97,29.27,0
0.1,32.11,79.55,41.54,7.97,30.38,3.91,19.68,0
7.84,23.42,64.78,31.93,5.61,43.1,2.93,26.03,0
7.18,34.11,60.99,31.99,9.63,21.2,1.63,31.19,0
1.08,17.64,20.67,18.22,15.85,45.87,0.2,30.4,0
0.0,12.78,13.55,26.98,14.41,21.64,1.34,29.48,0
14.55,32.16,36.43,23.94,9.45,56.08,4.82,26.76,1
1.05,12.08,70.92,28.13,5.16,110.31,5.08,31.92,0
27.14,69.52,174.45,54.19,4.08,58.96,8.22,23.79,1
13.78,43.6,78.33,38.26,9.24,36.09,0.56,28.67,0
11.35,18.62,82.1,31.14,7.47,55.95,3.81,28.15,1
0.0,8.03,26.75,26.62,3.06,24.32,4.91,38.64,0
11.44,31.66,64.26,34.1,11.86,29.03,2.4,31.81,1
18.61,35.05,44.07,42.49,8.06,52.74,2.91,37.4,1
5.82,15.95,67.54,21.67,6.08,297.79,3.04,24.4,0
8.0,19.97,64.03,46.29,16.62,53.54,3.67,31.82,0
10.6,19.61,97.27,49.45,7.84,103.39,4.49,40.49,0
20.74,41.88,46.2,32.54,6.07,52.84,4.25,25.73,1
8.95,43.05,81.22,41.98,6.67,157.72,3.19,20.79,0
10.21,27.68,54.41,38.34,6.53,66.38,3.07,24.61,0
7.49,21.34,29.27,17.13,6.73,65.82,0.4,22.07,0
27.88,34.18,52.17,35.6,16.54,147.58,2.09,32.64,1
6.05,9.7,21.3,24.75,5.59,18.53,2.08,42.14,0
10.13,14.9,31.22,13.13,18.86,132.3,2.54,30.03,0
2.25,23.61,40.23,24.29,15.98,101.24,2.75,27.2,0
32.65,54.51,62.83,44.89,11.41,71.94,3.47,28.11,1
1.73,4.04,23.3,26.95,17.5,81.49,0.95,29.23,0
0.15,4.7,7.53,34.38,6.0,70.08,1.66,42.37,0
10.49,21.26,73.89,39.19,12.47,22.61,3.75,28.67,1
1.49,13.04,62.47,22.85,19.4,10.03,3.41,34.8,0
26.72,101.43,181.81,61.09,11.79,77.03,7.56,30.15,1
42.08,43.62,58.14,41.82,0.2,190.65,2.76,28.7,1
0.27,13.21,14.91,22.85,14.41,67.03,1.41,31.4,0
0.0,3.89,92.6,26.46,29.15,17.02,4.84,22.98,0
0.0,20.36,41.42,30.09,6.62,25.42,2.67,33.83,0
0.0,9.71,28.49,24.03,11.61,56.44,1.6,28.24,0
1.36,12.72,25.06,27.97,7.05,222.11,1.25,30.07,0
17.82,18.33,172.21,63.73,13.56,57.76,7.68,29.23,1
11.11,39.17,57.04,43.71,11.15,72.84,3.96,18.13,0
3.79,71.07,143.68,55.37,0.84,36.22,5.17,28.01,1
9.67,24.81,33.22,35.22,3.66,37.62,2.25,26.33,0
0.0,17.17,28.48,28.16,9.72,27.14,2.68,37.25,0
6.01,36.75,90.72,50.46,9.59,173.28,2.59,22.43,0
7.66,23.9,54.56,25.74,4.6,66.75,4.99,26.8,0
7.05,22.97,61.8,28.85,15.7,87.71,1.58,22.61,0
1.22,29.08,54.05,38.1,5.1,18.29,4.6,35.17,0
1.06,2.91,36.5,50.32,20.52,35.17,2.44,20.4,0
12.32,32.35,69.38,34.66,25.54,33.55,4.32,29.65,1
11.46,20.93,54.27,43.71,17.04,84.77,2.96,31.98,0
0.0,41.33,52.55,23.68,6.65,31.84,1.53,30.78,0
39.34,59.3,88.41,41.51,13.79,20.88,3.98,30.94,1
7.98,17.43,56.99,39.94,8.19,127.61,3.97,32.59,0
7.08,31.72,52.04,40.9,12.0,36.72,4.25,28.46,0
0.4,31.35,56.08,31.69,2.69,135.07,3.58,33.57,0
3.0,19.39,52.92,28.0,4.03,37.58,2.36,32.37,0
1.59,47.69,98.17,30.76,0.99,75.77,3.04,26.15,0
17.96,57.3,74.53,35.56,18.79,65.22,2.15,28.62,1
17.13,36.62,72.51,51.77,11.39,51.87,2.8,35.68,0
8.15,18.62,54.23,31.11,3.09,17.04,4.72,34.3,0
6.61,8.61,48.93,55.29,23.05,41.51,4.36,34.92,0
10.02,22.83,85.64,38.99,18.77,79.85,2.4,31.63,0
6.48,16.09,60.37,42.32,13.9,31.18,0.76,36.97,0
12.33,31.47,46.13,52.15,4.9,52.54,1.14,39.84,0
23.95,38.82,57.39,35.55,12.76,85.61,2.94,19.66,1
4.82,21.51,43.21,49.09,2.16,71.74,4.3,34.72,0
0.47,19.72,64.43,36.09,1.99,87.96,4.19,28.94,0
6.71,42.86,67.45,34.19,23.24,60.66,3.41,29.69,0
1.8,12.78,36.22,32.11,8.59,11.99,0.97,29.44,0
0.0,11.63,41.91,18.3,7.99,41.27,2.58,29.03,0
20.86,48.26,133.07,38.63,5.09,18.06,5.1,30.89,1
6.21,53.96,64.86,26.04,8.38,56.47,3.89,26.92,0
2.95,25.56,41.77,31.82,18.11,93.64,2.9,27.31,0
7.58,81.7,118.49,49.4,13.12,139.05,2.38,22.81,1
2.18,17.92,19.91,23.26,8.27,109.14,0.2,24.75,0
21.49,45.32,65.76,58.09,7.58,95.51,4.12,26.74,0
38.96,50.09,97.17,26.45,10.51,49.8,1.74,26.09,1
2.47,34.04,65.09,24.66,3.34,65.13,3.1,20.65,1
4.46,25.81,57.54,40.85,3.48,121.24,0.2,25.03,0
8.93,100.24,133.27,43.13,4.23,182.22,5.85,36.42,1
0.0,10.18,24.41,10.78,7.42,77.72,3.4,20.03,0
19.22,20.49,50.93,37.36,3.36,70.64,4.01,28.96,1
2.81,10.04,94.8,43.31,2.97,106.77,4.28,25.74,0
2.32,11.64,45.82,34.32,2.19,119.09,3.32,34.35,0
9.68,32.18,77.87,37.09,15.35,196.78,2.69,34.31,1
0.45,30.62,88.26,38.99,16.32,40.53,4.02,29.62,0
2.2,6.04,35.69,45.8,13.97,43.81,1.29,27.75,0
0.0,24.78,54.44,43.07,9.94,106.07,2.04,28.3,0
0.0,1.67,34.73,37.3,1.99,26.43,3.55,23.19,0
2.12,8.11,40.32,41.36,36.84,120.18,2.98,39.57,0
0.41,34.41,48.73,32.22,3.8,113.04,0.45,35.3,0
0.0,47.93,70.55,39.3,7.72,34.75,3.66,20.76,0
5.71,40.42,44.48,5.0,7.81,116.23,2.44,32.61,0
13.84,26.37,73.01,59.59,11.61,49.12,4.64,29.44,1
14.11,22.51,30.96,30.4,8.56,77.69,0.99,27.31,0
13.51,51.61,70.84,47.01,5.48,171.04,3.44,25.56,0
0.96,8.13,36.24,39.05,4.41,50.38,3.85,33.14,0
4.9,29.88,40.5,38.75,4.77,53.13,3.66,30.15,0
1.91,12.36,40.69,28.77,17.65,123.62,1.41,32.84,0
1.01,24.27,67.06,47.67,12.23,155.68,2.62,24.06,0
1.26,4.87,37.97,38.59,3.76,43.85,2.82,27.82,0
0.0,50.59,139.95,37.15,20.57,22.18,5.3,33.27,1
7.7,11.94,42.42,33.48,4.14,257.23,2.58,30.0,0
18.23,24.9,47.68,33.73,1.48,173.31,4.78,27.7,0
1.79,20.93,37.96,27.24,2.34,20.5,3.9,25.15,0
1.29,46.36,65.12,25.47,0.2,61.0,4.45,31.35,1
11.34,16.92,86.32,30.31,9.96,214.65,3.58,38.75,0
6.1,18.81,85.02,44.53,10.48,146.36,3.73,26.19,0
0.62,16.83,63.95,31.82,15.89,240.14,4.03,30.34,0
3.5,38.6,44.1,36.75,4.12,45.68,2.57,25.9,0
6.59,11.35,26.96,28.11,12.32,64.7,2.06,19.39,0
6.06,33.37,56.55,33.09,8.39,11.18,2.11,24.24,0
16.1,57.31,75.33,28.84,5.83,103.0,2.37,31.11,0
0.0,20.65,54.69,28.38,12.87,85.47,2.65,28.92,0
14.18,17.01,55.02,33.15,8.48,172.74,3.38,32.49,0
6.97,36.01,73.32,22.0,6.44,119.79,4.8,23.32,0
17.82,61.3,65.43,37.63,17.23,121.28,4.65,37.08,0
5.51,18.05,21.73,27.82,9.08,60.09,0.9,29.06,0
0.0,3.78,32.54,16.42,8.98,42.8,1.73,28.82,0
4.4,25.52,59.03,33.53,3.66,63.5,4.78,29.77,0
10.96,26.71,37.09,6.25,16.45,55.97,3.09,34.36,0
13.23,18.46,60.21,30.5,12.33,102.84,4.22,25.36,0
4.65,32.96,49.95,33.78,5.68,33.45,1.67,26.02,0
3.79,25.43,49.9,41.24,3.71,89.99,3.26,27.75,0
6.82,22.17,29.26,53.5,5.54,182.63,3.09,22.77,0
15.59,29.44,40.91,33.28,8.47,42.41,2.91,31.92,1
2.24,23.53,34.32,33.19,10.33,58.9,3.58,23.54,0
9.0,14.95,54.15,19.32,21.29,37.63,1.22,22.79,1
48.6,83.57,144.58,46.52,8.57,35.24,5.01,38.6,1
15.5,56.92,153.39,45.4,21.84,42.06,4.99,15.98,0
3.59,17.57,32.89,14.97,4.92,35.11,3.61,23.47,0
0.0,11.8,64.21,50.9,20.76,70.98,3.99,24.95,0
8.43,15.86,20.34,32.27,5.58,33.75,3.24,34.53,0
24.41,28.52,80.07,42.73,0.63,27.42,2.94,40.14,1
4.67,15.3,33.83,45.5,2.48,128.35,1.0,13.04,0
17.37,34.97,81.72,25.41,2.1,67.83,2.19,32.99,0
16.02,45.19,64.38,23.84,3.91,32.8,4.47,26.22,0
5.49,10.32,42.66,44.49,7.45,70.03,4.12,28.99,0
14.59,29.13,52.41,24.57,10.06,202.12,3.33,24.14,1
3.92,19.3,41.52,37.87,5.82,259.28,3.34,22.15,0
9.65,33.88,66.46,38.3,4.5,156.78,3.27,24.27,0
5.29,14.82,27.8,47.57,8.11,166.55,1.88,23.72,0
0.0,45.88,54.88,47.32,5.76,153.77,3.3,37.23,0
14.61,48.51,87.15,52.87,15.18,46.83,2.29,35.35,1
9.51,28.5,51.59,18.24,11.37,230.4,2.1,21.97,0
6.91,49.33,66.64,41.83,0.87,74.33,6.48,32.5,1
21.09,46.44,70.28,45.78,12.86,34.16,3.49,20.0,1
14.92,53.5,86.75,38.82,6.14,34.92,3.72,34.14,1
7.07,38.67,61.36,29.37,10.08,50.42,3.56,26.98,0
6.78,29.53,74.9,35.86,8.29,93.08,2.61,26.8,0
3.02,26.46,67.78,43.72,8.89,74.69,2.24,25.57,0
0.0,19.54,64.67,24.07,4.7,33.15,3.49,35.41,0
0.8,77.58,102.65,57.44,11.28,13.92,4.86,25.52,1
39.63,75.01,102.42,24.65,5.41,275.09,3.54,27.75,1
5.33,23.51,37.36,24.89,3.1,91.93,0.2,19.52,0
10.26,54.91,66.2,24.69,9.16,169.62,5.77,23.03,0
0.0,9.43,40.84,31.78,14.52,52.5,4.95,30.97,0
2.6,22.94,37.22,26.45,6.17,47.96,4.08,24.34,0
1.85,11.5,25.99,40.97,2.98,103.78,1.3,34.71,0
7.57,24.62,70.0,34.26,4.61,54.52,2.26,28.73,1
2.86,15.19,47.64,35.46,8.51,52.5,2.37,22.22,0
47.16,65.13,86.46,37.75,4.52,88.21,2.94,37.29,1
18.14,27.61,83.36,35.54,16.26,14.18,1.26,26.26,1
26.33,47.11,85.46,40.5,3.51,137.83,3.38,29.95,0
5.38,9.77,64.94,23.62,13.5,29.84,3.01,34.47,1
7.38,20.77,60.64,26.14,6.6,39.43,1.47,21.52,0
24.16,34.62,67.76,25.89,20.92,32.47,3.36,26.96,1
2.41,2.89,10.11,29.44,2.62,33.73,1.9,26.46,0
9.66,46.59,91.61,40.97,3.88,48.17,5.3,24.67,1
2.86,58.41,79.01,39.64,5.48,100.71,3.34,25.77,0
10.31,34.45,89.78,39.71,9.04,113.67,6.22,25.85,0
0.0,16.44,125.76,48.84,3.02,73.86,5.36,30.25,0
1.61,12.08,52.06,29.53,8.06,74.32,2.57,29.87,0
7.59,27.76,41.89,30.46,2.63,33.61,4.35,26.64,0
8.79,37.69,43.37,35.44,12.11,49.3,3.23,26.83,0
13.17,49.01,53.72,26.95,5.42,117.28,2.22,27.99,0
0.0,29.33,47.21,37.0,17.42,56.06,2.87,26.96,0
7.21,16.36,47.77,43.1,3.46,191.84,4.24,29.27,0
0.0,11.49,16.73,29.53,4.25,21.37,2.47,21.73,0
3.19,9.23,38.05,44.18,10.32,329.11,3.39,29.39,0
5.65,13.77,46.21,31.48,11.25,73.64,4.0,31.44,0
4.46,33.06,93.85,49.97,10.76,38.69,3.13,22.21,0
29.47,45.66,52.76,26.23,10.72,43.6,2.33,14.71,1
5.72,35.24,80.41,40.79,7.52,29.04,4.5,34.23,1
11.21,44.53,133.2,51.48,7.32,36.67,7.11,40.69,1
7.62,26.27,64.14,44.25,37.19,73.46,3.75,30.67,0
5.2,35.89,69.66,40.85,6.39,105.98,4.93,26.21,0
10.3,23.96,44.25,46.22,26.86,72.18,3.04,28.73,1
6.76,25.82,58.14,41.17,16.71,151.51,4.31,18.07,0
5.98,10.22,17.64,28.67,10.56,21.91,1.5,34.82,0
3.77,16.72,91.5,40.75,18.51,87.38,5.23,22.9,0
2.41,10.74,48.09,27.19,5.77,94.87,2.12,21.06,0
1.69,4.9,22.17,26.36,1.57,126.31,2.77,22.61,0
6.0,27.95,87.31,37.69,6.07,18.12,2.05,31.11,0
5.41,20.2,29.04,31.84,6.43,49.25,1.51,30.34,0
23.49,35.33,51.78,32.08,8.85,41.45,3.6,25.48,0
0.0,12.37,27.84,17.19,5.37,65.74,0.25,31.71,0
31.55,36.29,45.26,43.42,2.44,40.89,1.43,25.81,0
0.0,26.42,39.42,12.13,3.7,49.98,1.33,29.38,0
5.1,31.47,54.44,26.03,8.84,47.72,2.21,31.62,0
8.9,17.97,28.49,41.11,11.91,27.6,1.67,34.7,0
0.13,5.83,22.97,21.57,9.0,52.03,1.1,18.81,0
0.0,22.15,63.8,44.31,10.03,49.66,3.27,35.48,0
4.25,51.73,60.08,36.92,5.08,58.23,3.67,28.31,0
11.54,28.68,73.61,41.67,5.65,27.37,2.61,28.41,0
15.13,44.14,55.18,30.23,7.51,118.56,4.22,18.45,0
0.0,11.27,26.51,26.93,3.93,89.35,1.48,17.35,0
3.96,23.63,44.41,38.13,14.01,186.45,3.3,25.38,0
0.0,1.55,32.63,30.98,2.93,20.61,1.19,25.65,0
0.21,10.63,95.17,36.11,17.34,70.51,2.77,29.48,0
19.63,25.16,49.87,32.78,5.53,409.24,2.71,32.77,1
8.3,71.53,82.86,35.68,7.08,100.24,1.8,28.2,0
0.5,16.75,147.12,37.19,4.17,62.62,6.06,22.23,0
17.86,103.72,126.89,46.16,4.45,30.75,4.38,32.66,1
1.04,17.14,80.11,44.16,23.7,26.17,4.8,36.84,0
4.93,26.83,74.69,36.89,9.55,21.64,2.94,31.65,0
0.0,14.67,26.94,28.11,7.12,75.48,3.01,20.39,0
0.51,12.3,40.69,34.48,9.95,40.01,1.96,23.4,0
7.36,28.69,99.03,31.7,5.18,27.22,5.26,31.96,0
6.91,34.94,84.03,20.74,3.9,47.57,3.95,22.22,0
2.4,9.6,23.63,37.35,9.67,81.22,2.57,27.46,0
4.19,15.75,119.84,49.65,8.24,37.86,6.23,29.77,0
12.52,16.54,44.11,14.07,9.42,14.32,4.22,29.12,0
3.66,6.15,21.19,26.94,12.95,33.22,3.64,36.65,0
8.93,36.93,158.89,50.36,4.42,179.58,7.34,28.93,0
1.55,27.34,123.7,40.86,8.1,90.67,5.57,35.7,1
4.83,18.55,56.91,26.24,9.24,46.35,3.68,24.76,0
0.0,25.82,78.74,37.09,2.78,60.54,4.1,22.86,0
1.9,30.86,87.94,32.16,9.33,75.14,3.53,29.55,0
5.71,42.42,65.62,35.05,11.01,67.02,3.81,25.06,0
4.4,6.04,53.38,21.18,9.78,110.25,4.26,30.7,0
1.55,18.21,24.02,33.5,6.53,178.98,2.5,23.86,0
0.0,5.6,27.45,43.84,4.08,71.47,2.29,34.14,0
5.98,14.16,66.29,35.98,7.14,83.89,4.92,25.58,0
4.16,11.7,37.38,37.45,9.7,44.81,0.93,27.68,0
7.88,28.52,33.62,28.26,25.02,143.29,2.02,36.46,0
0.91,10.87,15.2,41.42,15.58,154.2,2.32,34.26,0
10.48,12.09,54.91,27.75,18.83,43.28,4.53,24.94,0
0.0,23.45,69.15,21.77,12.63,123.47,1.66,31.11,0
0.0,5.46,58.29,21.35,3.4,209.46,3.25,29.86,0
19.79,25.54,67.74,27.86,10.62,106.64,3.13,25.02,1
0.0,94.12,201.69,58.78,6.62,125.97,6.39,34.93,1
6.06,49.58,96.31,37.65,7.95,19.99,2.3,33.33,0
2.96,12.96,43.71,50.0,0.31,92.1,4.27,30.28,0
20.25,26.9,42.85,34.11,4.83,61.5,1.85,23.02,0
10.95,38.09,86.62,39.81,20.98,88.08,5.89,17.38,1
0.0,110.08,119.44,45.36,14.94,15.28,4.94,31.46,0
26.17,77.35,132.15,57.88,12.8,18.44,4.72,20.65,1
15.45,44.52,68.35,20.73,13.1,8.58,2.8,38.37,0
2.27,53.17,72.22,42.23,2.64,69.54,2.95,33.18,0
0.0,24.43,29.01,21.28,4.47,36.85,2.67,30.77,0
6.65,55.13,71.33,39.32,6.16,31.36,3.78,23.03,0
7.16,15.89,89.44,36.26,3.55,58.88,3.84,22.4,0
0.0,36.05,44.36,32.96,7.36,45.57,4.13,28.05,0
6.03,21.46,32.49,34.69,7.41,73.59,1.61,24.98,0
14.18,42.57,53.67,41.63,3.03,56.1,2.43,29.35,1
5.58,58.22,70.48,40.76,3.48,40.49,3.92,18.92,0
4.33,17.15,53.69,34.87,5.09,44.81,3.2,25.09,0
3.51,11.69,37.39,35.44,7.68,280.17,4.04,32.33,0
0.45,38.92,89.35,38.87,16.4,355.3,3.14,37.74,0
17.25,37.57,53.69,38.59,20.19,78.83,3.45,27.48,0
2.57,24.47,41.2,42.14,6.83,64.8,4.85,31.35,0
6.65,14.51,145.06,64.55,1.7,47.23,5.18,17.52,1
0.0,26.95,55.99,44.56,7.01,61.41,1.14,24.95,0
4.08,37.39,114.98,56.41,3.13,119.96,5.32,26.26,1
9.45,19.48,23.41,21.04,12.59,121.4,1.35,27.2,0
2.44,17.69,44.26,40.46,7.94,161.59,4.59,27.35,0
2.6,12.75,31.65,32.19,7.76,33.83,2.02,35.84,0
4.81,29.93,39.42,23.99,4.62,56.61,2.07,23.93,0
9.01,52.27,101.5,35.55,7.21,52.97,5.57,26.09,1
5.97,6.1,20.23,38.15,4.98,148.73,2.8,25.9,0
35.18,46.23,107.13,50.95,6.22,33.59,2.86,29.05,1
19.81,81.86,100.75,31.12,5.86,121.65,5.34,30.54,1
1.47,15.75,49.8,31.87,1.68,29.14,3.9,28.01,0
16.32,36.76,57.74,22.55,15.38,21.27,3.08,29.49,0
0.0,87.83,121.37,41.0,4.0,32.17,4.27,18.75,1
2.93,60.03,102.27,35.2,4.12,42.22,2.8,33.22,1
10.23,36.32,125.56,44.84,4.27,75.88,5.78,34.88,1
2.45,17.18,62.57,42.06,8.3,29.77,2.25,32.78,0
0.0,32.64,45.2,25.08,9.41,47.96,2.46,39.2,0
12.75,22.78,60.15,25.53,5.74,76.29,0.84,31.4,0
0.0,10.64,41.38,31.7,1.51,210.63,1.9,35.29,0
11.45,16.91,37.8,30.97,4.12,222.92,4.04,34.2,0
6.93,15.94,31.36,18.87,3.04,16.74,2.77,24.14,0
3.48,17.96,60.73,39.68,9.13,66.42,4.52,28.93,0
14.6,39.09,45.94,24.25,4.32,32.87,2.13,24.53,0
0.09,26.53,37.58,43.27,1.04,20.05,3.46,14.03,0
0.0,13.1,85.92,45.51,13.21,93.0,4.4,33.66,0
0.0,20.82,69.03,47.31,11.79,22.04,0.91,38.69,0
34.79,80.62,97.99,38.64,1.65,176.66,2.75,22.01,1
0.5,31.76,56.79,47.92,9.76,78.57,2.32,34.86,0
2.15,10.14,31.54,34.68,3.64,142.45,1.86,41.19,0
24.19,41.14,82.8,46.75,16.38,53.52,4.21,30.0,1
2.16,43.5,102.87,51.06,6.72,226.79,4.13,33.8,0
10.57,19.8,24.75,36.17,3.85,234.67,1.98,22.05,1
26.77,34.21,56.25,23.6,6.46,56.57,2.33,42.66,1
8.69,18.72,55.02,30.99,13.0,51.64,0.31,28.68,0
4.63,19.46,64.57,37.34,2.78,113.67,4.06,30.4,0
13.2,21.06,58.62,27.5,8.32,32.53,1.9,25.47,0
0.0,10.41,15.62,31.65,3.96,139.03,1.3,33.44,0
2.09,49.06,62.3,27.88,8.0,73.45,5.07,32.83,0
0.54,42.72,61.24,40.46,6.49,53.88,3.34,35.72,0
5.93,7.31,58.58,44.74,9.69,22.82,3.62,30.46,0
10.71,13.79,37.7,50.01,11.64,71.32,1.11,27.27,0
2.78,34.02,61.56,33.35,15.05,20.92,2.44,39.24,0
10.87,20.52,77.17,39.92,4.29,180.23,1.75,39.29,0
6.99,14.04,49.16,30.62,16.41,34.29,3.29,31.22,0
13.46,36.54,48.35,39.97,13.51,64.15,3.94,29.37,0
7.0,35.19,79.54,37.7,5.69,70.91,3.94,27.04,0
0.0,30.92,128.65,42.56,4.51,39.27,5.21,32.83,1
0.85,29.97,41.01,49.88,5.16,210.18,4.65,26.08,0
0.0,24.27,95.78,48.36,4.48,105.79,3.3,22.23,1
23.58,37.45,56.97,22.37,7.49,49.98,3.46,36.04,0
0.0,34.97,57.43,30.33,2.32,38.81,2.27,28.75,0
2.69,35.92,57.64,36.67,1.47,38.41,5.23,37.83,0
8.11,46.51,92.03,42.91,1.91,154.35,4.02,26.64,1
1.59,9.08,38.66,16.06,8.49,171.37,0.98,28.12,0
2.38,9.52,20.71,26.58,16.27,44.94,2.88,21.74,0
7.0,97.03,213.2,73.47,10.65,87.75,9.33,36.36,1
0.54,39.08,76.99,45.47,15.98,90.55,4.25,22.12,1
5.89,15.8,44.34,39.43,3.6,177.66,2.61,18.55,0
12.73,26.36,66.98,16.97,11.47,167.09,3.83,24.0,0
1.12,29.71,37.78,14.06,11.63,52.21,3.77,28.7,0
0.0,31.58,67.47,34.58,23.75,138.9,2.02,26.17,0
28.47,30.75,58.23,26.48,11.08,129.71,2.79,33.16,1
28.84,51.3,60.31,30.38,8.13,62.62,0.74,19.62,1
4.31,37.56,48.88,27.68,10.02,39.15,3.92,22.79,0
5.64,16.08,42.18,32.92,12.25,23.3,0.53,23.35,0
5.56,7.92,39.42,26.99,1.31,267.35,2.12,37.21,0
2.04,31.98,77.46,51.07,3.69,100.03,3.56,32.29,0
4.13,8.55,13.72,5.07,10.57,153.27,2.98,26.5,0
0.0,43.91,67.77,40.11,5.32,20.04,4.82,33.17,0
0.0,6.45,29.99,27.8,7.63,58.74,1.46,25.12,0
2.42,23.08,40.85,34.61,2.25,86.61,3.1,19.41,0
1.15,3.92,20.25,31.65,10.25,63.7,2.39,35.94,0
0.0,20.04,75.41,29.94,0.52,47.5,2.9,31.64,0
4.11,21.11,30.85,28.85,20.86,82.77,1.62,41.7,0
11.24,24.66,49.33,37.86,7.06,30.65,3.02,39.86,0
0.55,10.88,82.57,32.36,13.57,66.87,2.99,29.57,0
7.01,20.91,33.35,35.87,1.34,48.6,1.55,32.46,0
2.56,13.3,44.69,40.54,7.39,319.8,2.55,24.79,0
13.41,41.7,81.04,25.12,7.02,40.75,3.38,21.56,0
0.0,21.04,64.64,26.88,11.37,118.74,4.56,25.56,0
0.0,19.15,31.75,8.63,7.75,47.23,3.83,31.18,0
2.24,22.44,31.46,41.91,8.93,60.31,1.42,21.52,0
0.0,11.91,64.66,28.66,8.4,30.91,2.99,39.84,0
18.01,41.5,64.85,52.18,3.88,98.68,2.64,22.31,1
0.0,33.49,84.02,35.56,10.07,32.85,0.2,28.81,0
2.06,28.02,134.56,64.98,13.55,14.18,4.35,32.41,1
34.38,67.22,84.43,36.99,9.75,130.65,2.26,16.91,1
0.0,27.82,96.91,29.6,9.94,38.63,2.29,37.4,0
4.81,27.66,49.64,33.25,7.84,182.62,2.01,35.74,0
2.67,8.12,16.99,23.34,2.98,44.8,0.22,18.65,0
8.43,17.32,35.44,27.99,3.88,43.39,2.03,41.5,0
7.38,10.11,77.04,46.82,4.94,31.72,3.96,29.4,0
6.77,40.22,104.5,48.47,24.12,83.29,3.74,29.25,0
14.42,20.01,51.76,35.62,4.83,32.2,1.39,41.07,0
14.02,22.07,60.53,31.71,11.93,89.41,3.36,32.52,0
1.1,13.68,36.59,27.88,17.52,83.72,3.85,26.22,0
0.94,13.6,101.99,46.82,22.14,38.96,3.96,32.95,0
10.67,25.32,49.25,48.38,15.92,63.65,2.21,32.36,1
5.95,40.05,88.1,48.97,7.17,39.73,5.05,27.6,1
7.6,30.17,46.33,19.78,8.82,70.35,2.47,25.03,0
4.93,31.58,60.15,43.1,18.67,128.43,4.38,29.22,0
1.71,8.98,10.8,22.1,1.86,99.53,1.51,29.61,0
10.05,37.14,59.2,33.31,35.19,28.71,1.41,35.57,0
0.38,7.25,43.45,40.75,13.99,24.52,4.12,36.15,0
35.04,49.27,91.74,40.55,3.55,65.04,2.52,33.65,1
32.1,42.13,90.23,47.61,7.72,147.44,5.03,28.13,1
42.19,52.78,86.57,36.69,8.16,61.56,3.69,25.17,1
6.52,81.33,118.36,29.08,1.97,96.67,7.1,34.05,1
2.36,13.7,43.47,26.54,18.85,25.89,1.97,30.71,0
22.35,24.37,81.28,21.82,4.41,32.64,2.45,22.14,0
5.1,37.54,71.46,40.2,3.76,53.93,3.3,29.94,0
13.4,28.68,80.79,33.92,12.98,41.02,4.02,19.79,0
13.29,39.15,49.39,29.95,4.74,27.7,2.8,33.13,1
0.48,8.52,46.99,30.04,10.0,160.93,0.72,19.16,0
9.77,24.45,48.35,40.72,9.95,91.19,4.81,17.47,0
12.66,29.29,33.33,34.58,4.85,79.16,3.35,37.85,0
4.19,20.72,26.6,5.0,16.33,97.76,2.0,27.31,0
0.0,15.3,23.42,7.55,11.82,43.94,1.5,31.86,0
22.85,53.78,77.96,46.77,3.35,21.34,4.4,28.95,1
34.35,68.73,86.3,41.3,14.39,39.18,2.87,34.8,1
5.61,13.35,59.85,32.73,5.68,78.44,2.86,28.46,0
2.87,35.77,91.56,39.93,3.92,37.14,5.31,27.81,0
6.07,14.61,46.03,33.59,8.37,63.37,3.2,25.87,0
1.99,26.59,92.94,40.24,18.48,48.82,2.9,28.61,0
0.0,1.72,19.82,34.64,12.87,49.3,3.23,36.15,0
14.63,45.78,81.44,28.39,8.43,248.12,2.67,32.35,1
10.4,33.13,49.53,29.94,4.13,30.31,2.99,32.7,0
1.35,10.47,48.7,32.14,17.21,38.6,2.97,24.12,0
28.67,46.44,94.57,41.66,1.87,41.44,4.47,33.58,1
4.51,19.77,73.85,35.1,3.18,161.15,4.59,24.58,0
5.76,25.13,53.69,32.01,9.67,33.23,1.1,15.02,0
3.52,23.3,37.97,35.7,7.25,29.72,1.66,30.41,0
16.79,32.25,58.71,43.67,9.81,259.93,2.05,32.05,0
9.97,58.24,92.64,41.93,12.46,59.94,2.82,24.1,0
0.0,11.45,28.85,18.24,11.32,169.62,0.2,29.42,0
5.06,29.24,81.77,34.07,17.25,98.54,4.02,23.31,0
13.16,34.81,47.22,17.78,7.17,18.32,0.2,30.33,1
0.0,12.49,65.02,40.74,5.78,54.06,2.38,39.38,0
13.01,57.23,77.01,35.14,24.68,79.79,4.49,32.18,1
10.24,17.48,28.64,38.59,15.22,111.41,4.49,20.44,1
0.0,27.8,35.48,33.52,18.06,139.9,4.68,29.62,0
3.3,27.33,63.15,39.2,5.15,66.01,4.39,30.37,0
0.0,22.41,35.1,18.94,8.79,40.0,0.58,32.74,0
1.42,19.05,45.5,23.73,5.53,66.47,2.79,25.76,0
3.2,35.93,55.02,31.43,10.88,22.42,3.19,25.7,0
11.34,16.51,39.84,26.92,13.11,33.97,0.2,25.55,0
13.98,22.81,32.34,27.42,9.47,73.88,0.48,31.4,0
6.9,30.04,113.78,34.09,8.84,34.52,7.17,19.88,0
2.93,12.36,47.39,37.47,15.88,54.05,0.73,34.69,0
12.57,20.45,37.25,29.23,6.89,331.67,2.51,30.73,1
5.79,46.18,60.42,43.61,15.99,26.39,6.12,32.93,0
7.95,49.93,95.15,27.24,15.75,95.51,3.29,32.01,0
14.73,39.01,87.07,52.04,6.81,36.51,6.05,15.71,1
11.75,21.39,30.6,28.72,5.96,91.81,2.06,34.96,1
7.89,19.59,31.86,22.45,9.73,146.92,0.81,21.62,0
9.96,30.14,124.78,42.59,1.65,88.22,5.08,25.16,0
1.33,15.91,32.16,22.47,9.0,98.58,0.93,29.42,0
0.76,29.27,53.19,31.05,14.01,47.86,2.71,21.19,0
33.94,40.19,58.15,43.69,18.07,71.16,2.86,21.17,1
0.56,6.98,35.47,27.74,5.8,44.66,3.64,33.38,0
14.89,30.43,39.37,32.29,7.34,41.52,2.64,23.99,0
2.85,44.97,108.25,38.77,8.49,60.64,5.39,35.84,0
11.24,35.02,58.78,32.27,7.33,57.38,3.16,28.75,1
0.0,18.83,25.1,25.37,9.22,89.54,2.68,24.84,0
0.0,18.74,43.77,20.67,15.99,60.48,2.31,34.88,0
15.81,56.58,101.57,57.45,1.69,53.16,3.79,19.48,1
0.0,56.01,68.07,38.88,3.66,39.53,3.86,21.43,1
1.4,7.44,47.84,48.68,1.09,219.46,3.04,24.77,0
23.32,43.83,103.33,47.26,11.81,63.12,4.41,30.2,1
14.0,36.02,47.24,16.53,10.4,26.73,3.24,24.32,0
2.54,14.3,29.35,32.99,9.24,64.05,1.36,27.86,0
0.57,9.06,27.71,29.21,4.46,62.82,0.86,22.95,0
26.75,29.01,113.51,40.93,25.95,100.23,2.78,29.4,1
0.9,18.72,59.65,31.64,11.72,171.02,2.36,29.02,0
7.53,61.39,81.29,49.77,10.37,30.58,2.89,31.94,1
21.44,54.3,96.25,30.3,5.69,63.49,3.52,26.62,1
9.27,27.2,59.87,32.14,2.31,72.89,1.3,30.44,0
21.49,44.74,54.97,38.06,5.25,14.56,3.14,36.26,1
2.32,19.74,81.51,32.21,5.53,133.09,3.36,22.8,0
0.0,17.32,68.98,37.69,20.44,224.18,4.36,31.06,0
11.77,44.71,82.69,48.0,6.48,27.8,6.08,26.1,1
19.22,37.55,52.28,38.88,5.98,131.13,4.56,25.85,1
9.98,15.84,88.88,21.8,6.37,46.9,1.97,26.38,0
0.09,7.42,52.83,26.54,10.56,45.85,0.72,25.62,0
47.4,59.52,131.7,38.12,13.47,44.68,4.2,36.04,1
0.0,22.54,45.83,38.07,2.28,50.67,2.68,30.93,0
6.51,14.31,161.55,46.31,8.68,44.62,6.24,21.45,0
21.34,23.75,51.46,33.59,3.36,45.25,2.81,21.56,1
5.66,18.64,48.49,27.73,13.29,112.69,2.3,32.04,0
11.98,37.32,144.48,46.79,7.68,34.9,4.94,26.51,1
0.0,34.88,146.9,64.63,14.36,56.58,6.31,19.51,1
11.45,20.09,72.87,57.56,7.56,114.44,3.19,21.4,0
0.0,15.18,40.85,33.93,5.63,37.21,1.49,34.54,0
6.66,13.07,61.02,25.67,1.65,26.82,2.84,31.78,0
0.0,11.15,34.88,32.58,4.44,76.94,3.68,26.72,0
12.73,15.66,28.88,43.38,8.25,61.29,2.71,25.67,0
9.79,14.62,42.83,34.18,6.93,25.84,3.29,25.7,0
6.55,11.2,72.85,21.63,3.02,35.13,2.98,32.8,0
16.27,52.47,86.32,37.32,10.51,258.32,3.4,31.66,1
11.0,18.79,25.55,17.23,4.91,90.66,1.68,31.57,0
0.0,29.05,68.15,27.32,10.1,146.23,5.66,36.96,0
15.8,20.7,24.07,27.72,8.94,64.93,2.92,33.48,0
11.2,27.34,73.1,29.12,13.96,74.7,5.95,19.27,0
0.56,21.26,36.67,35.17,18.38,56.49,4.18,31.99,0
5.29,29.25,86.88,47.47,6.22,43.3,5.82,28.71,0
2.1,4.15,41.84,20.24,10.26,37.07,3.48,26.01,0
37.93,62.37,138.76,55.89,14.22,42.91,5.6,38.41,1
0.0,27.24,43.92,39.64,5.56,164.69,3.18,37.44,0
2.35,9.19,33.28,31.09,13.62,75.07,3.26,29.29,0
4.74,30.52,34.62,33.46,10.45,20.76,1.01,31.35,0
6.25,58.1,96.6,45.92,10.53,130.6,3.72,25.88,0
2.54,27.98,57.37,43.52,2.92,50.02,1.05,22.36,0
6.01,6.98,8.89,11.31,8.45,28.45,0.94,32.56,0
10.02,34.35,65.68,43.73,1.59,30.21,4.24,21.82,0
0.94,5.72,15.89,37.63,9.75,54.8,2.88,24.29,0
2.55,23.35,49.14,34.87,16.45,36.8,1.99,20.4,0
30.95,56.91,150.27,56.69,3.05,11.5,4.59,33.14,1
10.08,30.74,68.95,18.21,4.79,27.56,2.86,20.9,0
3.73,34.9,60.83,42.43,6.65,130.72,3.7,30.31,0
28.68,37.07,47.24,21.76,5.6,49.13,4.19,25.34,0
6.49,33.12,53.5,42.46,7.24,46.69,3.8,32.22,0
0.0,12.22,41.45,49.45,6.59,18.95,1.83,24.56,0
2.27,28.39,49.61,48.04,10.23,31.61,1.32,21.11,0
19.92,25.61,43.06,46.08,5.71,130.8,3.41,17.11,1
5.62,14.73,78.82,35.59,2.75,146.67,4.17,27.37,0
24.06,53.38,79.78,47.93,3.89,108.98,4.49,20.03,1
4.25,19.83,47.02,30.57,5.54,103.78,2.41,28.62,0
7.08,15.13,75.77,50.17,9.09,51.31,4.56,17.32,0
11.43,41.72,59.21,38.94,3.84,78.26,2.65,28.08,1
8.18,17.33,52.98,11.98,4.49,30.97,1.84,25.34,0
4.2,27.3,64.48,42.9,3.04,28.22,4.28,16.05,0
0.2,9.83,46.6,18.71,10.87,52.0,3.2,25.07,0
0.27,51.81,87.56,56.0,8.35,103.15,3.21,36.94,0
23.68,42.18,76.52,44.76,0.88,44.7,4.5,27.46,1
0.0,16.14,135.16,45.47,3.81,20.44,3.46,19.22,0
2.31,36.86,87.98,55.09,3.23,202.62,4.07,19.92,0
4.2,12.72,17.11,29.87,14.21,73.39,4.68,28.65,0
4.78,33.22,55.88,25.93,4.93,27.69,1.09,27.74,0
8.15,15.8,31.31,32.52,3.65,57.46,0.7,43.0,0
0.0,15.33,46.81,48.15,7.56,51.39,1.26,28.47,0
18.56,29.0,82.55,42.52,15.73,27.21,5.19,33.46,1
1.24,6.37,39.13,14.13,15.6,80.55,3.27,21.23,0
1.08,6.29,14.17,30.06,6.24,124.69,0.54,28.79,0
0.47,11.03,64.85,39.66,12.03,110.1,2.58,20.88,0
11.84,39.04,50.99,34.45,5.29,58.83,2.21,30.48,1
17.83,107.71,153.81,26.37,2.79,569.68,7.84,25.84,1
0.0,5.31,10.83,19.75,9.5,13.43,2.47,27.42,0
6.33,21.39,113.7,47.82,3.59,69.35,3.23,33.35,0
22.93,35.3,63.03,49.21,7.44,81.41,3.15,25.57,1
1.83,29.86,47.73,24.42,7.81,97.89,3.97,28.12,0
2.52,44.32,52.91,26.2,5.35,19.83,3.57,25.18,0
0.0,19.52,58.14,26.45,5.04,77.64,2.26,25.46,0
0.85,6.53,41.34,36.94,5.85,43.09,2.75,31.96,0
0.0,12.45,46.92,37.85,6.01,70.6,2.92,25.81,0
8.1,32.03,57.06,39.52,7.49,41.6,3.58,34.21,1
5.22,18.19,55.0,29.89,20.95,43.13,4.78,22.89,0
5.95,12.69,102.78,35.82,7.55,100.66,4.49,26.08,0
4.81,21.33,96.51,45.71,6.94,26.96,3.22,35.7,0
1.74,15.28,42.52,44.56,7.78,55.98,2.94,24.51,0
0.07,20.46,30.76,32.23,4.65,119.23,2.4,33.57,0
3.67,32.75,45.96,36.23,4.94,66.93,2.48,31.75,1
6.72,46.92,86.86,31.37,2.58,16.47,3.38,23.73,0
7.43,64.93,70.06,26.22,5.74,128.22,4.12,30.28,1
12.66,87.1,109.37,47.86,13.52,98.54,5.13,22.2,1
25.28,29.36,50.08,29.42,1.49,43.73,1.47,30.86,1
5.7,27.69,42.45,31.9,14.41,32.95,2.61,32.98,0
10.07,12.37,31.96,37.64,3.43,83.74,3.7,36.74,0
0.0,19.63,29.42,34.27,9.38,39.96,3.75,25.92,0
3.6,30.35,79.31,32.64,9.25,129.66,3.6,25.69,0
1.94,6.35,54.76,40.44,5.88,62.51,1.26,21.01,1
5.45,64.92,158.86,59.32,5.06,93.07,6.14,29.62,1
23.05,27.76,68.94,49.01,4.05,43.52,4.47,32.66,1
4.18,10.51,16.84,25.36,9.77,60.82,1.71,22.64,0
21.03,48.05,99.82,39.59,8.24,105.54,5.28,30.25,0
2.89,25.12,68.32,27.65,4.17,42.34,2.55,35.49,0
22.25,44.86,124.22,52.24,10.32,12.01,5.22,26.61,1
0.0,0.53,23.72,37.02,20.89,50.33,3.24,19.01,0
7.77,31.6,63.06,36.29,3.87,35.8,3.58,30.14,1
5.9,27.1,72.35,51.07,15.57,51.67,4.61,20.68,0
17.45,27.62,57.94,37.82,16.95,27.19,0.79,22.58,1
7.16,10.31,71.26,29.68,2.38,45.67,1.68,27.66,0
2.55,18.76,41.76,33.22,10.11,130.42,3.44,24.21,0
3.4,32.96,64.15,33.74,3.89,67.79,3.47,27.56,0
21.86,59.09,74.48,41.78,14.31,28.53,1.6,37.85,1
10.11,22.77,33.18,53.71,36.92,84.47,3.37,26.86,0
18.12,59.45,87.82,52.81,3.09,28.1,3.95,24.57,1
3.3,6.08,12.73,37.62,12.51,16.65,1.13,31.25,0
17.94,47.8,79.57,25.72,10.48,26.9,3.51,33.59,0
4.5,20.19,21.49,41.21,2.74,93.83,2.28,23.67,0
36.05,38.67,87.3,45.93,4.24,54.1,2.78,24.39,1
0.0,36.33,63.69,48.2,1.86,61.47,2.27,38.26,1
1.3,17.22,39.6,16.23,0.24,114.21,2.57,24.16,0
0.9,32.4,51.5,26.99,3.73,65.5,0.69,35.1,0
1.28,15.88,68.83,42.38,4.59,51.17,4.14,35.23,0
11.66,25.91,66.57,21.46,7.35,62.99,0.43,27.98,0
46.46,56.47,75.79,51.04,1.88,41.57,3.48,21.01,1
0.0,16.55,111.86,48.64,15.34,71.99,4.45,30.16,0
21.66,44.76,164.47,52.93,4.36,62.52,5.08,26.71,1
0.0,15.17,79.33,30.04,7.91,182.12,3.56,18.66,0
0.0,4.88,44.24,26.28,4.4,134.62,1.88,29.95,0
4.8,26.53,49.85,23.14,3.2,24.01,1.59,23.39,0
8.73,30.48,36.82,28.94,6.08,35.15,2.11,34.56,0
2.49,7.16,25.6,37.27,11.63,199.48,3.8,26.8,0
6.7,15.73,23.53,25.74,10.68,69.27,1.87,27.97,0
7.61,11.92,45.06,40.48,5.9,146.57,2.18,21.59,0
11.91,28.79,62.9,22.94,10.41,63.34,3.09,29.92,0
2.32,29.03,48.65,16.59,6.87,57.05,2.4,28.17,0
0.0,24.3,78.02,48.11,13.1,29.51,3.42,20.07,0
0.0,3.12,17.03,21.8,6.32,39.0,3.16,35.43,0
0.0,16.11,30.46,28.49,4.84,38.27,5.05,23.71,0
13.02,18.84,35.31,22.92,5.81,324.1,3.9,24.66,0
20.29,24.35,31.13,32.41,0.75,33.64,4.52,29.93,0
0.45,16.6,43.15,47.25,6.7,93.48,1.64,28.88,0
13.8,24.1,27.86,22.52,12.25,45.16,1.16,27.96,0
0.0,53.07,116.06,29.43,12.63,68.61,6.17,31.69,1
0.0,57.08,65.5,24.98,22.7,69.52,2.61,21.15,0
4.54,31.17,47.98,33.12,6.12,9.48,3.52,27.1,0
5.61,15.3,96.66,29.85,4.95,33.42,3.56,31.31,0
9.61,11.56,13.99,19.41,9.45,69.17,2.39,16.4,0
15.88,25.16,37.62,12.17,7.89,23.42,2.26,36.45,0
6.43,36.3,79.72,40.33,6.12,38.8,2.33,28.98,0
0.0,11.19,45.73,39.09,3.5,94.1,2.81,33.52,0
26.95,30.02,47.45,24.64,9.83,152.64,1.03,31.44,0
5.85,52.53,101.88,35.07,11.03,27.9,5.29,26.69,1
21.88,28.71,54.1,35.41,10.96,38.83,3.47,35.78,0
5.6,13.31,19.83,33.02,2.63,75.37,1.93,22.48,1
4.35,43.74,122.18,45.18,6.43,84.57,4.97,27.2,1
18.07,37.18,43.54,32.87,8.12,53.95,2.8,36.34,0
6.21,26.11,60.48,31.34,11.75,104.72,3.3,16.13,0
5.62,25.91,38.54,36.95,10.35,71.78,0.45,33.52,0
1.81,7.79,31.55,34.2,6.32,30.27,1.99,25.68,0
4.2,29.72,55.58,26.12,11.84,39.01,1.53,24.7,0
32.92,66.64,74.25,33.53,8.01,60.85,2.74,30.56,1
0.39,17.64,82.93,43.42,2.43,106.45,4.64,29.9,0
1.09,14.73,77.38,42.37,13.27,47.84,6.13,35.01,0
4.97,46.76,79.21,28.5,4.79,99.13,3.04,13.78,1
3.75,34.69,69.39,35.64,7.46,144.33,3.53,21.32,0
7.64,14.81,62.76,31.34,1.87,33.27,4.24,30.19,0
0.0,28.24,40.98,14.61,7.98,140.82,3.58,33.64,0
7.49,21.64,67.13,49.71,5.5,35.27,3.19,28.93,0
32.69,52.61,86.4,35.53,6.08,11.09,4.94,29.03,1
6.21,61.02,74.4,29.66,14.79,95.12,4.82,28.29,1
3.99,6.99,138.65,46.76,10.73,217.67,6.45,30.84,0
5.17,6.51,8.3,22.2,2.07,18.44,0.35,19.7,0
3.09,12.12,31.92,42.18,7.6,53.03,2.36,26.12,0
14.07,27.86,41.98,42.02,4.97,47.47,2.93,21.94,0
9.14,16.85,33.74,30.12,8.33,18.29,3.13,12.0,0
8.38,34.31,92.16,47.91,3.24,410.32,4.73,19.39,0
21.88,44.92,93.78,40.17,4.57,21.9,4.77,20.31,1
14.23,30.78,58.18,19.16,4.53,91.83,2.33,27.77,0
0.0,21.11,49.99,33.11,28.6,58.71,0.38,30.75,0
2.96,23.23,53.75,28.54,14.15,39.53,2.54,24.0,0
0.0,44.43,77.8,30.86,3.66,27.07,3.85,35.52,0
0.94,7.31,11.37,32.0,8.31,105.39,4.42,31.97,0
1.9,21.18,68.53,54.65,18.57,52.47,3.91,26.0,0
0.81,39.64,111.5,35.85,8.82,75.07,3.57,31.4,0
14.92,27.99,40.36,33.6,6.81,64.12,4.51,33.32,0
12.44,28.65,89.24,40.02,6.48,102.35,4.35,18.18,0
2.93,33.2,41.03,49.06,9.74,14.04,4.87,31.05,0
11.92,13.66,74.17,32.92,10.2,14.54,3.43,16.9,0
10.24,44.25,63.65,50.56,3.49,93.81,4.62,23.12,1
6.94,28.71,63.28,18.59,9.21,17.65,2.99,33.01,0
4.69,32.55,38.16,25.37,10.6,121.77,3.29,33.59,0
16.57,42.98,55.31,41.52,8.07,39.91,3.31,25.7,0
5.61,9.14,61.07,15.62,6.08,28.61,1.21,30.91,0
8.06,12.11,22.55,26.07,18.15,120.95,3.11,21.2,0
7.37,8.3,20.65,15.79,8.48,119.35,1.2,22.44,0
2.09,5.61,44.22,19.66,11.83,76.34,2.83,25.45,0
1.81,7.7,69.99,51.62,13.1,39.02,4.91,24.04,0
4.19,21.08,24.12,37.85,6.2,59.57,0.56,29.3,0
14.64,55.13,58.75,35.89,6.63,46.0,4.07,21.65,0
4.95,17.25,31.53,41.43,4.07,20.13,3.43,20.47,0
0.0,15.6,89.0,43.58,19.19,60.73,4.44,35.81,0
9.09,23.58,43.14,40.61,11.37,80.02,3.45,31.64,0
2.32,25.9,31.31,32.57,8.87,51.88,2.56,36.5,1
0.76,9.75,70.52,32.68,13.21,179.05,2.68,32.43,0
13.21,28.34,71.88,30.04,11.88,28.75,2.02,20.34,1
13.11,44.84,64.72,33.23,9.98,55.78,4.99,19.37,0
7.02,48.47,82.63,23.47,4.31,43.71,3.91,27.34,0
3.7,42.88,99.78,41.99,4.62,54.32,3.47,27.19,1
2.55,37.98,49.43,46.56,12.72,15.89,4.17,31.27,0
0.0,37.56,104.4,34.0,13.44,144.57,4.3,21.96,0
0.0,16.51,31.69,28.98,3.17,142.67,3.21,35.19,0
2.95,11.61,13.33,7.83,11.7,76.39,1.15,27.27,0
3.08,24.2,60.01,35.38,20.98,19.6,3.09,16.94,0
0.5,23.73,119.95,70.73,9.86,105.51,3.12,23.34,0
21.79,34.54,86.7,40.43,2.56,20.46,2.7,20.11,1
2.13,11.31,35.11,39.48,11.39,23.67,2.87,34.85,0
6.91,45.25,70.62,31.89,18.81,40.89,2.22,21.32,0
8.9,24.9,35.23,36.03,4.2,50.58,1.86,38.68,0
10.44,22.51,42.25,26.15,1.4,136.13,2.43,31.7,0
1.5,14.66,43.59,33.85,1.27,114.54,2.3,25.77,0
3.52,22.42,55.31,18.62,18.3,123.54,2.98,15.61,0
6.01,14.83,54.7,43.83,18.71,22.02,3.49,28.62,0
1.53,24.36,54.91,38.23,5.47,100.68,3.89,24.4,0
19.84,20.18,65.22,41.89,17.84,13.32,4.74,27.03,1
45.91,50.52,92.3,35.92,8.83,35.01,4.28,31.11,1
8.6,20.29,135.22,50.94,22.71,90.96,5.7,28.8,1
8.49,32.65,48.99,46.04,14.29,119.54,4.05,18.39,0
18.49,30.29,48.41,25.98,11.6,49.05,2.15,30.01,0
14.73,48.02,55.84,40.77,14.57,39.58,1.35,26.69,0
5.65,46.6,84.78,38.45,21.59,68.4,3.66,22.08,0
30.81,45.38,81.61,52.07,16.78,22.38,4.51,23.34,1
1.76,8.68,28.94,23.1,13.49,53.83,1.31,22.28,0
13.35,28.38,90.55,34.74,2.41,59.2,2.13,27.88,0
3.47,35.94,61.16,43.61,10.93,169.45,1.48,17.88,0
9.87,16.24,61.23,33.33,4.21,131.16,3.87,25.99,0
2.85,28.97,69.31,40.54,4.29,213.81,4.87,22.32,0
29.92,44.11,58.59,41.22,11.08,82.67,5.79,31.03,1
19.39,46.92,55.37,35.77,7.57,28.83,4.04,29.23,0
9.28,31.97,54.65,18.29,9.26,31.75,2.96,24.26,1
14.99,24.71,36.57,36.85,13.58,124.34,2.54,32.11,0
0.52,14.92,26.64,23.37,17.06,113.31,1.28,27.11,0
0.0,23.54,93.18,26.47,12.25,45.6,4.55,13.72,0
1.58,33.02,45.91,47.98,12.13,35.6,3.28,30.8,0
29.16,43.49,74.06,47.31,4.85,56.18,4.99,29.75,1
2.82,35.21,74.51,26.07,10.21,66.89,1.94,27.17,1
16.0,75.16,91.76,18.63,7.74,25.9,3.51,42.77,0
4.06,38.08,75.75,34.99,4.66,17.25,2.65,35.89,0
4.49,20.65,30.11,44.88,13.64,176.92,5.29,22.33,1
2.91,18.62,59.3,25.64,2.13,27.26,3.98,19.64,0
2.52,6.34,28.33,25.52,17.15,33.54,1.84,28.42,0
14.83,28.59,55.69,24.08,4.35,46.73,2.45,30.73,1
2.61,29.0,41.36,34.57,8.76,94.63,2.39,30.38,0
2.45,33.88,66.51,34.7,17.63,129.41,4.7,29.71,0
5.74,11.79,38.72,24.1,3.19,21.42,2.58,28.67,0
3.53,25.91,48.71,19.35,8.91,162.68,1.97,26.03,0
0.83,37.51,104.28,43.82,6.7,21.24,4.5,20.21,1
13.16,18.96,31.78,37.82,6.9,135.36,1.58,21.07,0
7.72,27.85,101.04,36.0,4.01,66.65,3.05,28.2,0
2.26,12.29,37.48,36.75,10.2,207.58,2.1,33.27,0
0.84,5.56,17.32,27.16,2.62,142.97,1.82,25.29,0
18.85,33.44,63.91,53.29,8.8,97.56,1.88,24.41,1
0.0,3.31,44.22,44.38,9.3,63.77,2.63,27.98,0
11.36,21.1,43.91,35.92,4.89,17.45,2.83,28.55,0
0.0,17.01,86.48,39.57,12.54,103.08,5.16,28.19,0
6.59,38.14,86.73,39.88,8.73,55.93,6.71,33.52,1
6.84,13.14,33.44,30.43,3.29,69.12,1.74,17.16,0
0.0,12.99,37.13,30.02,10.55,21.78,3.93,20.86,0
0.0,31.97,51.28,17.19,7.75,22.15,1.98,33.55,0
7.16,15.41,36.21,46.46,5.59,51.3,4.21,25.82,0
0.0,5.03,5.93,15.34,16.39,48.64,1.25,23.87,0
22.85,63.17,140.08,59.39,1.08,37.13,6.25,31.63,1
2.32,17.71,40.98,21.48,22.12,47.88,3.52,19.91,0
26.65,59.68,71.29,32.53,4.74,78.7,2.5,20.28,1
21.55,31.0,67.15,36.6,18.3,174.88,2.25,23.04,0
4.78,31.64,90.56,40.4,8.27,163.7,2.84,36.93,0
7.48,40.04,56.27,20.31,6.01,30.67,1.14,24.6,0
0.0,10.37,17.21,35.38,7.66,80.26,5.19,32.11,0
2.82,28.58,43.81,26.9,5.48,85.7,2.6,36.81,0
15.75,24.55,42.32,36.87,11.2,22.98,2.01,35.82,0
3.88,43.59,103.52,58.86,4.48,71.86,5.2,31.97,1
7.56,16.39,31.79,29.77,4.37,14.32,1.75,30.11,0
1.44,42.95,53.61,35.53,7.19,18.22,0.42,26.11,0
3.32,25.53,70.9,26.13,9.06,106.15,2.62,22.06,0
11.16,24.46,60.39,34.97,13.21,29.22,3.91,16.87,0
3.34,48.59,71.83,25.75,5.92,32.53,2.58,21.95,1
13.21,23.13,56.59,32.43,3.93,42.39,1.9,29.22,1
0.0,58.64,78.44,40.58,11.41,79.79,3.18,30.08,0
11.02,36.92,40.02,20.16,18.71,65.27,2.58,26.9,0
0.25,5.72,63.67,26.97,4.2,110.62,5.32,25.99,0
4.58,16.25,71.68,42.19,2.02,38.99,4.13,32.92,0
1.17,15.03,46.58,30.18,6.98,72.77,2.2,18.85,0
11.05,70.86,113.1,40.86,18.55,24.78,4.59,30.76,1
0.0,38.06,44.16,44.2,1.05,202.51,2.05,31.15,0
13.38,45.09,83.51,27.82,7.93,23.9,4.8,19.7,0
5.66,15.89,41.69,19.49,6.09,35.97,2.58,22.02,0
3.97,18.91,47.42,35.16,6.06,21.55,2.49,27.31,0
1.76,28.21,34.74,49.71,9.82,10.99,3.03,22.43,0
2.71,30.16,58.61,39.4,20.41,66.47,3.79,36.33,0
21.1,36.84,130.01,45.08,1.44,124.45,3.57,27.32,1
1.66,15.89,74.84,39.46,5.34,198.01,2.63,23.05,0
21.24,47.88,70.28,32.45,3.87,126.51,2.47,24.16,1
27.95,73.45,88.25,49.91,9.45,42.51,5.05,22.23,1
3.82,7.25,26.0,21.55,11.03,62.72,2.92,36.67,0
0.0,26.92,56.53,30.99,4.01,69.77,3.52,19.76,0
16.49,27.83,38.64,45.18,6.84,97.9,1.29,30.56,0
16.31,23.98,77.95,38.53,9.07,78.47,5.33,28.26,0
21.53,25.83,32.27,36.87,10.78,55.47,2.9,32.78,0
5.1,13.49,52.51,24.86,6.22,169.38,1.78,24.15,0
8.55,26.31,38.71,25.12,2.15,43.74,1.74,27.84,0
2.64,17.06,24.37,29.14,6.12,96.69,1.02,29.23,0
2.41,18.23,55.45,35.37,11.46,116.59,3.92,21.88,0
8.02,23.36,82.7,35.32,1.65,16.85,2.01,34.98,0
17.92,42.68,50.28,20.13,6.17,64.42,3.06,31.42,1
14.22,40.63,68.66,39.02,8.51,18.6,4.07,24.97,0
6.02,12.11,46.8,33.48,25.33,93.24,2.42,20.41,0
19.39,31.88,49.77,42.23,4.93,83.36,3.67,21.5,0
0.0,56.63,97.79,25.35,9.24,42.36,6.57,22.42,0
49.73,56.1,190.33,45.43,10.85,113.59,4.66,17.61,1
0.0,20.05,59.34,28.01,8.17,44.99,3.12,31.03,0
5.34,34.04,79.17,17.75,13.9,130.01,0.87,20.54,0
7.86,44.65,63.85,39.71,8.64,138.53,0.43,27.75,1
8.24,32.42,71.86,30.89,6.4,34.02,2.5,30.33,0
17.58,30.79,40.41,26.26,10.67,28.07,1.78,28.5,0
0.74,10.67,55.06,33.67,2.75,18.69,4.28,21.49,0
8.93,32.69,165.0,40.47,16.54,33.49,6.82,35.83,0
13.03,43.66,67.39,31.97,3.68,98.86,1.87,20.88,0
20.1,64.03,75.65,44.71,4.75,57.73,4.46,21.06,1
3.74,42.92,94.5,24.61,5.69,88.95,4.4,30.08,0
6.97,39.49,49.46,24.98,6.74,156.86,4.29,29.99,0
5.77,10.41,23.92,31.96,6.94,102.09,3.97,24.88,0
12.37,18.59,39.66,47.2,7.88,46.71,3.7,27.87,0
12.46,90.12,136.83,54.37,13.85,62.33,4.63,34.65,1
3.48,19.2,31.62,30.72,6.85,70.46,0.93,43.0,0
5.62,27.52,46.59,47.38,8.31,16.18,2.09,32.26,0
6.22,7.67,16.66,19.59,21.9,129.3,2.56,30.73,0
0.17,33.98,66.45,44.83,10.98,26.98,4.45,34.99,0
9.52,27.97,31.23,34.61,12.69,129.85,1.99,30.01,0
9.1,26.95,64.75,43.68,15.62,113.03,2.14,28.4,0
0.21,73.44,119.46,62.6,11.35,53.32,5.38,30.21,1
10.28,34.57,56.26,27.87,3.02,213.34,3.47,27.45,0
55.57,70.07,80.92,34.9,5.27,16.25,2.79,24.93,1
1.18,19.21,66.54,34.58,3.78,167.13,2.56,30.79,0
0.17,10.73,38.27,41.41,5.66,79.07,3.37,26.5,0
1.11,8.01,21.89,15.56,0.69,223.8,1.41,34.81,0
5.98,21.46,43.91,41.98,8.85,22.8,1.16,26.09,0
0.0,3.74,23.95,8.52,3.21,50.92,2.9,23.29,0
10.35,22.83,33.04,33.92,5.61,41.25,2.89,23.99,0
9.47,10.53,18.22,18.41,10.37,29.27,0.34,27.63,0
7.02,40.01,83.16,35.5,2.71,198.03,2.57,27.14,0
6.68,68.18,110.93,38.59,6.12,38.07,4.86,31.07,1
0.4,15.77,36.62,32.82,1.84,62.85,0.48,26.51,0
9.96,17.61,60.12,35.96,5.15,56.65,3.64,36.07,0
10.43,30.5,46.42,44.56,5.91,55.89,3.44,28.75,0
3.02,39.43,66.17,24.23,4.92,28.08,4.02,27.89,1
8.89,18.09,62.19,35.41,2.91,30.62,3.95,28.74,0
53.48,80.46,89.62,41.26,4.79,66.79,2.72,30.17,1
75.19,79.38,105.77,38.5,5.6,69.49,5.49,26.85,1
8.95,28.71,50.83,33.61,7.76,49.87,1.76,37.2,0
8.13,36.74,69.14,33.67,6.63,5.55,0.54,21.41,0
5.62,8.84,16.61,41.5,11.08,389.68,1.77,31.13,0
2.41,31.36,52.68,40.33,3.45,78.75,2.04,27.91,0
11.72,25.84,88.11,43.93,13.38,60.95,3.63,15.04,0
2.1,50.49,118.15,64.0,7.54,53.4,4.9,21.27,1
9.18,28.65,65.97,33.88,16.14,79.6,2.35,25.94,0
8.84,39.13,114.53,50.19,9.69,57.37,3.4,33.1,1
38.06,94.99,122.88,38.49,23.47,137.46,4.27,21.51,1
6.75,20.88,29.51,29.22,8.27,70.8,2.33,15.96,0
2.55,4.67,40.88,28.54,27.71,55.8,1.63,20.43,0
14.97,22.52,26.59,29.82,12.18,123.58,3.45,24.5,0
8.75,26.13,32.52,36.86,12.83,35.33,2.82,24.3,0
23.08,104.47,192.85,55.51,12.97,95.05,7.88,30.21,1
18.22,65.8,93.0,42.83,4.58,57.85,5.36,34.87,1
0.75,10.1,40.53,25.64,7.89,45.57,1.78,34.27,0
1.34,15.07,42.3,21.35,12.06,26.53,0.2,37.21,0
0.0,27.78,35.02,28.89,6.43,50.52,3.92,22.4,0
13.43,54.68,67.21,28.87,12.65,74.73,5.41,20.94,1
1.32,4.82,42.57,40.83,5.91,28.56,3.48,32.6,0
22.09,50.14,58.95,36.95,4.4,62.02,2.86,25.63,0
14.21,31.8,39.86,28.46,15.92,95.33,1.25,24.87,0
10.84,13.48,63.2,36.48,6.02,15.79,4.26,25.39,0
40.45,52.51,65.63,35.23,10.54,137.25,1.63,36.42,1
1.14,11.17,14.93,16.55,14.42,22.12,1.2,27.82,0
14.34,24.14,30.44,27.57,5.09,64.6,0.5,24.66,0
8.19,49.35,54.15,32.19,18.18,67.42,3.13,17.61,0
5.36,28.25,46.65,39.43,14.61,67.49,5.49,36.36,0
17.31,29.52,45.26,17.95,0.84,110.1,1.36,22.83,0
4.21,14.1,24.17,24.94,12.01,45.36,3.14,29.55,0
7.35,27.7,34.51,40.36,8.16,62.72,3.09,27.74,0
17.93,29.43,149.49,45.76,9.1,117.35,4.66,34.07,1
1.95,30.86,38.41,38.9,12.33,18.08,3.25,24.94,0
2.3,16.96,50.77,37.04,4.85,88.29,3.44,37.94,0
30.17,32.05,79.86,44.92,2.25,50.02,3.95,28.1,1
1.34,5.06,18.4,25.64,1.89,68.87,2.11,22.44,0
1.29,9.96,26.8,16.22,3.75,59.85,0.42,26.2,0
4.9,19.38,70.04,34.73,12.02,12.96,3.18,25.57,0
6.35,29.19,39.59,35.89,4.96,75.4,2.16,24.04,0
0.0,21.53,33.67,40.55,3.38,74.05,1.74,43.0,0
0.0,51.37,74.03,28.99,14.61,22.82,0.63,29.71,1
10.09,10.67,42.74,28.88,16.09,103.42,1.38,24.0,0
45.8,46.19,91.04,36.15,19.35,78.33,3.26,33.13,1
0.32,3.4,35.2,45.52,11.41,174.09,2.15,34.89,0
33.46,40.22,62.8,33.85,15.12,29.02,2.0,27.39,1
0.0,29.98,82.34,40.86,16.14,131.49,2.94,25.69,0
14.66,34.85,40.95,33.35,15.22,64.03,1.8,33.45,1
11.29,14.4,31.24,10.01,4.08,130.36,4.26,37.14,0
11.18,18.06,37.5,33.57,1.2,32.85,1.77,27.9,0
0.08,7.47,31.79,28.83,3.29,49.26,2.36,24.7,0
16.73,22.48,125.92,35.64,11.25,126.6,4.6,31.19,1
15.73,27.3,56.15,53.31,3.53,72.76,3.05,35.44,0
14.67,23.84,87.36,52.37,3.21,159.51,5.72,26.73,0
5.27,15.16,41.59,34.43,3.53,113.34,4.34,31.36,0
17.15,20.54,32.57,31.6,12.02,195.86,2.33,28.98,0
0.06,22.82,75.24,50.72,5.97,60.73,3.89,32.9,0
17.14,32.19,74.11,47.0,7.43,54.8,3.49,28.63,0
17.72,26.2,57.75,31.58,0.87,134.23,3.35,25.64,0
0.0,4.49,48.06,33.94,4.63,261.5,2.36,29.72,0
0.71,11.39,28.46,35.42,4.01,44.75,2.0,30.66,0
8.75,10.75,58.34,28.24,12.78,23.0,2.86,15.64,1
23.7,44.14,55.62,56.83,4.51,83.97,3.76,19.23,1
13.67,35.5,57.74,41.76,12.72,175.45,2.98,23.0,0
17.17,31.55,36.0,26.76,5.84,25.92,3.85,20.28,1
7.09,56.72,96.99,81.78,14.03,35.73,5.41,29.86,1
12.05,34.46,77.25,33.02,6.53,70.47,3.29,26.13,1
1.4,29.22,80.09,47.28,23.74,23.38,7.35,28.93,0
28.56,49.78,60.45,30.4,3.94,66.25,4.43,32.4,1
12.76,34.17,69.2,31.99,5.32,72.95,3.69,21.0,0
11.13,28.31,116.83,47.73,17.1,201.23,5.3,31.71,0
15.93,42.92,100.42,42.35,6.32,41.53,4.97,30.0,1
2.17,18.14,48.18,33.27,3.27,11.11,4.16,37.06,0
12.41,17.4,20.76,30.56,17.61,246.14,3.8,17.39,0
0.81,30.51,95.29,48.76,2.58,89.78,3.71,25.32,0
6.96,27.77,61.26,46.22,17.27,108.2,1.07,22.5,0
2.14,7.66,59.17,64.37,3.15,58.29,2.72,20.89,0
14.42,28.04,43.6,42.65,5.32,136.91,2.35,20.69,0
6.01,8.63,19.66,26.05,4.73,124.6,2.19,21.38,0
22.66,62.82,138.43,41.42,8.84,45.35,5.58,25.68,1
4.47,24.15,65.23,43.64,7.15,105.44,3.81,23.95,0
10.94,14.89,38.16,29.06,12.93,26.99,4.15,23.12,0
10.77,23.07,52.07,26.48,11.24,3.85,2.02,32.91,0
3.64,8.72,59.77,23.24,7.04,92.76,4.4,39.3,0
3.64,12.7,16.66,25.9,5.78,29.53,1.87,34.55,0
0.0,21.52,49.58,19.42,14.52,10.44,3.47,21.82,0
40.58,69.59,102.04,47.22,6.1,134.3,5.47,19.86,1
9.52,13.8,26.16,18.35,6.53,38.03,1.73,34.12,0
0.0,40.21,50.28,40.88,16.46,137.94,3.42,38.62,0
1.69,35.99,43.19,44.19,2.42,39.98,2.04,20.64,0
16.7,26.94,95.77,38.8,9.62,68.95,2.82,27.69,1
8.36,15.8,42.46,14.02,6.29,21.92,1.87,24.88,0
12.73,38.84,43.85,48.57,3.58,35.68,1.51,27.14,0
18.95,91.81,117.1,44.17,9.05,45.29,4.31,32.5,1
40.92,55.84,89.25,46.94,0.96,12.03,5.02,31.56,1
10.37,19.88,27.72,18.09,3.82,201.7,1.25,26.03,0
0.24,8.72,82.3,52.26,4.96,21.49,4.41,27.84,0
2.11,2.27,8.28,6.71,21.33,32.44,1.06,30.0,0
1.18,7.66,15.24,13.92,9.27,151.49,1.8,29.66,0
11.07,41.3,58.31,46.79,4.9,80.65,5.1,27.87,0
0.0,37.36,119.37,34.03,3.27,120.36,6.85,19.4,1
2.43,12.46,58.54,42.51,6.52,143.35,1.79,31.19,0
19.02,32.53,40.65,37.11,7.02,113.55,3.15,28.48,0
31.1,37.72,56.58,41.0,2.82,86.35,1.14,24.45,0
0.0,7.05,59.37,45.84,18.6,47.28,4.6,28.67,0
28.29,42.28,85.24,29.06,13.42,38.82,3.86,30.65,1
4.81,23.5,44.34,48.16,15.81,260.32,3.28,29.04,0
0.0,51.56,92.15,38.74,4.47,97.83,0.69,37.1,1
4.75,7.56,12.09,33.96,1.41,96.72,1.7,14.59,0
0.0,12.57,35.01,47.31,4.98,61.13,4.79,32.15,0
42.56,60.49,134.44,47.78,8.56,147.13,5.8,28.98,1
5.06,16.32,36.85,54.07,8.63,158.36,3.05,15.05,0
18.28,41.04,65.02,17.39,7.65,35.58,4.46,24.85,1
0.45,32.55,88.47,55.99,5.17,206.37,4.83,33.03,0
1.3,12.79,33.74,26.45,10.07,175.16,0.81,20.57,0
29.17,42.32,53.79,22.86,7.13,10.73,1.8,20.41,1
2.81,11.66,14.67,53.09,14.41,123.27,5.13,19.98,0
1.85,25.6,155.9,38.58,10.58,176.06,6.45,25.29,1
2.03,7.99,87.68,30.28,7.08,32.36,3.54,27.37,0
6.77,36.89,104.3,51.02,2.96,194.17,3.74,31.37,1
5.15,12.84,28.65,38.11,5.41,33.82,2.97,25.32,0
1.51,21.2,110.27,40.74,10.21,41.6,4.27,25.11,0
3.14,22.55,95.79,29.23,5.28,80.44,6.36,28.21,0
14.8,56.57,65.56,33.08,8.09,62.09,3.28,30.35,1
7.97,10.12,83.93,35.66,15.91,66.53,5.96,29.11,0
23.05,55.58,59.08,24.14,9.79,44.12,3.04,27.37,0
3.77,9.87,24.22,24.04,15.76,22.31,1.63,25.74,0
14.75,46.5,159.93,62.16,8.42,59.46,4.5,18.69,1
15.28,20.52,39.19,37.33,2.69,120.3,4.68,24.89,0
1.24,16.83,66.12,42.84,13.56,23.4,3.5,32.22,0
9.31,18.86,30.64,25.75,6.65,59.07,3.37,22.46,0
6.15,35.82,55.08,25.23,5.03,56.73,3.77,20.41,1
0.0,4.88,14.65,42.52,1.97,36.83,2.1,18.74,0
0.0,3.02,51.25,27.12,7.54,80.62,5.04,32.2,0
7.12,25.1,58.69,23.44,3.95,83.76,2.83,27.84,0
0.0,5.58,21.43,31.52,7.35,30.39,0.2,24.84,0
5.95,27.51,71.6,36.3,1.12,62.3,2.66,29.12,0
0.0,19.67,33.42,24.27,4.01,101.04,5.58,29.57,0
0.0,14.67,42.26,22.01,15.02,158.87,2.3,28.21,0
5.91,21.27,37.35,20.74,8.38,13.76,3.36,19.86,0
4.56,25.96,57.12,37.55,8.61,126.92,4.19,12.0,0
4.56,18.07,36.46,22.99,14.01,145.85,0.89,25.66,0
11.44,19.87,42.01,44.34,11.4,50.08,2.8,31.8,0
17.03,29.82,35.98,39.25,2.99,85.41,3.78,27.64,0
18.78,31.51,57.17,36.01,7.5,34.33,4.44,28.79,0
31.48,47.34,74.25,37.78,6.18,72.25,2.47,20.79,1
0.96,62.84,152.61,63.18,1.42,121.03,6.09,29.39,1
0.0,12.61,23.82,41.7,1.63,227.87,1.11,34.06,0
32.35,73.21,110.77,55.49,11.63,154.91,3.53,24.6,1
6.09,38.67,119.31,54.06,2.75,66.06,2.97,36.44,0
4.93,11.05,21.05,25.97,12.95,103.9,3.54,23.02,0
2.49,7.33,125.02,63.31,11.57,16.47,5.4,29.74,1
2.2,19.91,29.83,30.92,11.92,64.49,1.13,32.17,0
2.17,34.02,52.83,34.11,3.01,119.81,5.0,32.81,0
2.62,16.46,40.46,28.14,12.05,72.24,1.44,30.93,0
2.09,20.08,48.22,26.73,11.1,40.12,1.57,37.11,0
25.91,43.01,61.77,36.28,5.92,26.2,1.84,32.47,1
42.18,90.3,121.35,37.94,9.56,49.78,4.87,25.78,1
40.06,69.95,89.18,34.82,20.85,23.3,4.79,22.34,1
0.0,9.84,21.03,40.61,11.1,218.6,1.07,18.25,0
1.45,4.62,95.78,46.01,3.83,12.51,3.99,29.73,0
0.0,14.81,43.96,37.25,6.96,35.49,2.71,32.46,0
41.31,55.26,64.09,22.29,5.36,93.38,2.07,24.05,1
8.97,91.83,97.44,62.44,9.6,25.08,5.21,28.97,1
14.34,30.2,47.23,26.26,6.53,198.69,0.33,28.7,0
4.33,20.46,48.32,31.72,4.67,56.79,1.59,20.73,0
4.96,16.46,74.64,37.88,7.16,109.1,2.56,30.61,0
20.78,31.7,41.82,34.91,11.57,25.19,2.07,31.21,0
6.01,35.76,65.91,36.72,0.79,113.49,5.19,37.15,0
6.37,33.99,63.99,31.27,7.64,104.12,3.95,12.32,0
13.08,25.84,38.02,23.98,2.54,107.49,1.38,25.06,0
11.42,35.72,38.94,26.82,10.42,74.9,1.69,23.05,1
5.72,22.75,55.46,10.38,4.27,62.41,3.09,23.34,0
2.35,20.53,40.99,45.92,11.28,49.81,2.36,23.37,0
1.96,8.61,46.56,55.08,10.13,40.67,1.71,25.97,0
19.07,44.99,60.03,51.35,20.83,135.06,4.72,24.29,1
6.56,19.24,24.29,36.63,13.36,86.62,2.16,29.52,0
0.87,38.49,105.2,48.77,7.65,20.21,4.1,27.8,1
16.08,19.97,80.96,41.08,15.64,29.98,2.13,31.3,0
5.56,17.31,62.07,37.64,12.77,157.06,3.92,29.87,0
0.0,4.18,16.69,25.22,5.65,111.87,2.09,23.08,0
1.11,32.26,60.86,29.77,4.36,115.65,4.63,29.67,0
5.59,25.79,37.69,11.71,20.79,32.64,2.48,33.82,0
0.0,3.9,66.17,35.96,19.62,231.2,4.94,25.72,0
8.44,25.57,204.6,56.51,0.8,56.06,5.89,29.6,1
10.33,23.2,70.54,37.73,6.93,72.12,2.84,31.09,0
17.59,29.02,67.69,40.87,15.63,63.6,4.1,23.4,0
7.41,22.88,89.73,41.71,17.69,28.83,4.21,27.52,0
1.34,57.16,73.03,38.71,17.14,83.12,2.31,25.77,0
0.0,56.53,136.64,41.53,7.3,39.33,4.87,26.44,0
0.0,17.43,45.07,32.99,2.78,29.6,2.52,33.38,0
4.16,17.7,27.06,32.4,8.07,219.01,2.44,24.44,0
4.16,7.61,10.72,21.39,4.59,21.92,1.21,38.63,0
0.0,17.99,56.82,31.56,4.91,20.75,1.08,30.0,0
8.17,65.76,157.6,33.62,2.06,20.51,4.32,27.65,1
2.44,24.14,50.47,51.63,3.83,178.46,1.43,20.85,0
0.01,12.11,30.21,18.63,4.64,30.82,3.15,26.29,0
0.0,6.16,24.47,35.86,9.53,133.47,0.6,27.17,0
26.13,42.07,49.33,38.95,9.54,73.85,4.99,30.11,0
0.0,52.9,115.64,36.37,17.57,95.09,3.85,25.0,0
32.91,45.72,68.17,44.64,1.63,67.89,4.4,33.56,1
0.2,36.47,89.58,44.02,7.97,22.26,5.21,33.42,0
35.7,49.58,89.85,28.82,6.48,59.55,5.37,31.03,1
0.0,1.88,19.61,24.74,7.96,64.92,2.77,24.91,0
9.15,12.03,41.9,27.83,10.26,131.37,2.62,27.28,0
21.61,47.69,58.25,39.28,6.88,33.48,0.58,18.84,1
22.07,39.16,71.88,42.45,7.27,125.9,4.52,22.36,1
9.09,42.56,94.46,35.07,16.47,88.96,3.13,33.47,1
7.55,22.34,34.64,35.49,5.61,109.2,2.72,25.53,0
0.0,35.46,89.85,37.32,8.01,41.21,3.0,27.85,0
16.18,40.85,61.24,37.27,10.49,32.82,3.39,26.72,1
19.58,23.87,87.61,44.04,15.58,92.45,4.65,26.69,0
5.77,18.32,33.56,37.09,2.31,270.11,2.18,18.07,0
7.2,16.28,31.11,25.82,1.61,116.72,2.71,19.57,0
60.5,66.38,81.77,24.85,6.86,58.26,2.81,32.31,1
0.0,13.95,20.95,26.97,4.43,192.55,0.2,30.84,0
9.42,44.57,51.49,34.13,6.76,104.84,3.68,27.95,0
15.76,25.61,28.6,11.63,22.26,33.37,1.86,26.33,0
0.0,5.33,32.93,27.47,1.44,15.49,1.68,27.39,0
0.0,30.66,43.17,25.84,16.43,38.35,3.51,22.66,0
0.86,18.02,26.22,22.97,5.73,62.26,0.2,26.38,0
1.2,3.44,28.34,21.37,9.51,56.45,2.18,21.32,0
0.57,23.48,36.09,35.81,13.56,59.08,0.2,32.61,0
1.37,24.72,61.0,23.24,10.16,58.98,0.2,29.32,0
1.49,16.32,88.46,44.19,2.17,74.31,4.52,24.73,0
5.64,9.54,16.22,36.5,33.16,40.31,2.79,25.67,0
0.1,8.8,33.96,42.27,0.91,35.27,1.56,26.3,0
3.36,14.66,90.0,41.34,13.58,47.79,3.71,23.2,0
5.22,20.17,49.08,44.26,6.86,45.13,1.09,30.54,0
2.49,7.71,34.48,27.56,15.74,105.31,1.82,28.81,0
9.4,37.03,87.3,38.64,7.12,74.64,5.4,24.91,0
24.74,83.34,93.9,47.69,8.15,53.22,5.88,28.9,1
0.0,6.47,67.63,36.7,6.13,36.7,2.94,38.74,0
0.0,8.64,14.25,20.96,4.86,40.25,0.97,28.25,0
13.61,21.58,39.11,21.23,5.39,164.85,1.85,20.04,0
7.97,98.18,114.3,50.22,14.66,29.29,3.66,18.74,1
14.8,34.17,55.2,35.14,20.89,108.21,2.48,25.29,0
12.64,48.89,87.43,39.09,19.48,39.32,4.0,27.79,0
1.32,22.6,26.33,34.04,4.7,36.39,2.66,24.58,0
26.56,30.9,46.54,23.2,16.69,116.37,1.81,25.57,1
27.18,33.28,65.35,39.06,18.04,30.03,1.98,23.17,0
0.0,7.93,59.17,33.78,2.82,280.03,4.58,22.68,0
23.25,32.12,74.44,27.26,4.52,133.68,2.31,32.69,0
34.72,62.71,78.98,33.21,3.08,485.83,2.31,29.3,1
12.93,89.06,130.69,57.7,7.4,26.1,6.65,30.09,1
2.98,16.0,23.27,23.5,11.2,64.16,4.13,33.85,0
1.02,18.43,77.04,39.56,2.51,37.78,1.93,27.88,0
2.98,18.15,66.88,43.09,4.5,71.21,3.19,28.59,0
0.0,3.37,21.08,23.79,3.27,15.66,1.32,20.45,0
9.65,52.87,88.46,58.16,14.71,95.18,5.24,37.21,1
4.11,29.26,38.06,39.32,16.35,106.67,2.7,29.3,0
0.0,13.75,71.34,32.25,13.21,116.44,3.88,28.21,0
1.12,65.3,70.73,37.3,13.15,45.01,3.28,21.09,0
21.43,23.81,48.53,5.0,14.63,90.76,3.41,24.7,0
9.87,39.2,62.91,38.52,7.61,13.88,2.58,25.47,0
0.64,15.28,88.18,61.64,8.95,14.34,2.91,32.11,0
33.91,44.63,60.79,35.96,2.66,121.56,4.34,30.99,1
8.31,18.29,30.73,25.34,3.26,85.57,2.16,24.55,0
0.0,13.21,73.93,40.53,4.54,153.19,4.85,30.89,0
3.01,14.95,38.43,15.52,11.64,49.05,2.33,30.2,0
0.0,22.56,92.87,51.25,8.53,61.59,4.93,18.99,0
26.52,45.49,74.37,35.25,11.07,34.84,5.25,24.29,1
15.33,56.15,77.67,30.29,6.85,153.92,3.8,36.35,1
0.81,12.67,56.9,28.16,13.03,51.53,0.68,28.03,0
15.06,66.78,126.19,48.66,1.54,53.73,5.57,36.77,1
7.96,55.95,93.16,47.75,10.27,72.58,3.82,31.68,0
22.84,32.75,79.29,37.22,3.59,130.08,6.2,26.34,1
0.0,7.32,44.65,38.38,6.23,61.41,0.92,28.72,0
13.51,43.06,66.77,39.83,7.06,69.58,4.55,33.59,1
4.92,26.64,36.68,19.81,6.84,615.26,2.51,25.99,0
0.0,9.15,17.14,34.74,4.94,19.05,1.86,34.86,0
16.85,38.52,70.46,39.87,1.42,50.76,3.82,35.48,0
13.89,22.92,111.44,41.18,7.09,89.08,3.79,36.19,0
0.0,19.1,49.91,43.48,4.18,132.08,3.51,21.64,0
3.29,20.18,28.15,28.98,8.16,20.4,0.86,30.34,0
11.84,22.22,51.41,39.08,3.83,228.81,4.06,27.84,0
0.83,54.01,90.81,27.45,3.33,35.8,5.83,24.72,1
0.95,56.83,85.75,50.7,11.38,35.29,3.46,36.21,1
18.97,31.39,43.0,45.59,13.49,120.71,3.16,23.13,0
38.2,82.87,104.65,30.7,23.24,143.4,5.98,25.49,1
17.31,25.77,74.18,26.5,6.45,60.3,3.51,26.94,0
0.0,2.28,8.35,28.01,12.86,125.4,3.16,25.49,0
14.3,28.33,33.93,45.48,8.76,82.95,2.79,30.32,1
11.0,24.14,75.82,46.93,13.85,32.01,3.53,23.91,1
18.74,23.47,50.65,33.31,24.8,65.16,3.29,26.14,0
5.81,14.39,26.58,29.99,14.69,23.95,0.2,26.77,0
4.76,50.99,72.4,29.13,1.54,150.72,4.25,12.0,1
3.76,21.74,27.7,35.48,11.32,77.81,1.89,37.79,0
0.62,48.7,79.15,28.78,0.95,182.98,4.68,33.12,0
0.0,22.68,149.85,61.7,7.87,125.31,6.09,20.62,0
14.3,42.54,53.42,37.32,7.69,210.88,3.4,28.63,0
8.69,31.95,67.19,22.93,24.13,114.28,2.88,26.06,0
7.45,28.19,113.64,46.25,5.88,60.84,8.25,34.5,0
0.0,12.54,66.89,35.61,9.04,17.29,3.26,30.7,0
17.64,43.15,63.84,22.78,8.58,66.14,4.59,20.07,1
6.01,32.68,44.75,28.18,12.66,250.5,5.63,25.49,0
0.49,33.12,70.84,43.7,11.49,35.79,2.57,30.79,0
9.15,46.81,51.14,37.27,4.97,71.05,1.37,23.28,1
46.19,96.3,134.22,46.92,1.89,25.37,5.76,26.27,1
0.0,21.37,31.02,28.59,2.56,79.59,1.3,29.94,0
49.2,73.0,128.86,35.66,14.88,58.74,5.03,17.74,1
5.9,25.85,36.92,28.82,5.89,54.64,2.78,33.86,0
12.03,60.76,98.94,44.59,10.41,61.08,3.52,34.58,0
13.13,35.15,68.78,32.73,5.23,213.72,4.14,18.22,1
0.61,22.47,28.23,37.24,3.86,36.32,2.26,28.41,0
2.54,27.28,82.22,28.87,28.69,39.06,4.6,18.93,0
25.2,49.83,149.38,49.86,10.65,67.75,6.5,32.95,1
29.79,49.83,86.57,40.95,18.66,111.28,5.35,25.05,1
4.13,14.52,23.39,37.49,5.46,169.07,3.85,23.56,0
39.59,49.78,51.35,38.66,22.53,71.61,3.93,31.67,1
4.95,9.7,27.55,22.29,2.93,20.01,2.54,18.77,0
15.82,30.18,71.25,45.15,7.48,63.73,5.05,21.89,0
0.94,5.42,13.75,23.28,2.99,43.99,0.2,31.61,0
14.69,16.4,24.97,23.29,6.59,56.23,0.2,39.91,0
3.53,39.15,72.14,33.91,1.97,58.33,0.69,37.88,0
58.02,68.34,157.49,50.66,1.29,47.18,6.24,33.94,1
9.85,48.42,65.4,46.6,5.18,77.56,3.14,30.16,0
7.76,14.51,32.39,34.48,11.99,46.04,1.45,19.52,0
6.07,19.94,67.9,46.19,9.98,31.5,2.71,27.19,0
7.49,42.3,97.28,47.53,7.33,39.61,4.74,20.96,0
43.89,69.93,92.23,50.08,12.44,36.04,2.27,31.68,1
2.27,5.9,71.14,34.83,6.34,86.36,3.27,36.07,0
55.99,61.05,101.49,17.46,1.73,133.09,4.66,24.05,1
18.66,35.53,47.14,47.27,5.77,67.8,2.64,30.81,0
41.92,47.84,80.46,41.61,2.17,37.91,3.65,28.48,1
0.0,22.31,41.08,41.89,7.12,18.1,4.61,25.53,1
15.42,33.86,79.95,15.71,15.01,40.79,2.22,43.0,0
26.24,80.85,90.51,52.38,6.14,181.47,5.75,20.82,1
26.94,45.02,54.12,50.35,3.96,70.61,1.58,20.74,1
15.4,25.12,62.86,53.05,6.0,123.64,2.31,25.84,0
3.01,10.57,48.81,22.27,5.62,29.06,1.17,35.87,0
2.6,12.0,41.45,13.45,4.68,64.61,3.63,34.34,0
2.23,41.42,59.53,25.84,2.5,44.18,2.78,28.84,0
9.13,26.51,48.14,33.58,6.65,83.06,2.41,38.26,0
7.31,21.09,38.39,37.16,8.35,187.25,4.03,27.87,0
3.29,24.23,79.93,32.99,19.73,102.03,3.88,30.81,0
4.42,8.65,36.48,37.74,1.42,143.23,2.59,26.87,0
6.19,27.88,46.38,29.23,14.67,37.94,2.54,25.26,0
3.62,17.95,38.25,29.79,1.76,46.71,2.52,27.15,0
1.84,14.84,54.82,33.18,4.53,28.86,4.02,21.7,0
0.0,48.5,98.67,28.74,8.59,51.39,4.99,24.97,0
0.0,13.16,91.16,36.28,17.23,123.6,6.1,24.7,0
3.5,18.76,77.57,36.66,24.45,17.52,4.66,24.23,0
9.66,18.54,25.43,23.99,17.97,186.32,1.79,28.12,0
10.42,38.59,85.01,33.08,19.04,53.91,2.8,25.29,1
12.23,17.81,35.17,32.52,12.53,20.58,3.23,27.66,0
10.43,25.86,53.59,18.46,7.22,73.7,2.61,25.47,0
2.45,10.66,15.01,37.06,2.67,56.64,1.05,15.98,0
0.0,36.2,48.92,45.68,27.53,156.51,4.15,23.98,0
0.26,37.3,72.48,33.97,5.05,25.41,2.98,26.91,0
5.16,15.84,78.1,41.61,11.09,14.09,2.99,38.55,0
7.45,28.35,58.78,40.81,17.73,21.62,3.93,24.85,0
16.76,33.06,43.9,41.98,4.64,41.12,2.94,31.58,0
27.17,38.93,62.6,34.94,13.74,56.09,4.4,17.24,1
2.86,34.08,72.45,45.2,7.21,53.71,2.68,29.74,0
7.81,17.95,85.3,44.72,7.74,35.18,2.75,30.98,1
12.9,35.7,54.39,28.42,1.78,33.47,1.73,23.77,1
6.22,12.99,57.02,25.93,3.3,117.1,5.38,22.46,0
0.37,71.54,163.32,41.56,9.17,152.7,7.96,22.88,1
1.03,17.49,21.16,15.1,24.25,65.3,0.2,31.19,0
18.19,28.86,58.41,31.33,9.61,176.06,1.92,31.72,1
3.3,14.66,38.19,32.65,16.93,49.17,2.39,32.47,0
3.98,18.95,53.01,26.66,2.9,19.28,2.66,34.83,0
23.16,37.83,48.64,27.2,8.26,30.81,3.35,19.54,1
13.35,17.16,80.82,28.08,10.99,32.74,4.07,12.0,0
0.0,37.12,58.07,41.97,10.18,87.53,2.77,15.23,0
11.53,22.13,64.87,37.34,17.2,51.12,3.65,22.84,0
12.5,72.77,119.48,48.58,2.85,26.73,4.22,20.58,1
35.18,56.75,114.33,40.15,6.01,40.58,6.01,27.14,1
0.66,10.51,24.46,25.94,4.85,49.06,3.6,30.79,0
10.78,37.91,67.58,35.93,6.7,87.04,0.71,35.77,0
2.01,18.73,47.03,20.1,4.44,91.76,1.21,33.21,0
1.76,63.08,98.62,40.85,17.7,136.34,5.38,23.12,0
29.46,50.71,56.77,31.42,1.59,55.25,2.25,32.31,1
18.33,54.78,83.09,25.85,8.12,332.15,3.3,31.68,1
0.0,27.18,49.2,28.06,6.34,263.2,2.0,26.93,0
0.0,7.17,12.27,23.1,7.65,73.48,0.2,18.03,0
12.05,71.0,273.19,61.64,20.4,55.66,9.02,20.28,1
4.62,9.07,39.23,43.45,11.68,179.34,3.02,25.58,0
0.18,15.46,90.71,48.95,11.14,49.5,5.21,29.56,0
12.31,34.66,37.58,29.17,12.16,81.09,2.72,27.92,0
10.56,12.15,40.09,34.67,13.0,26.27,3.01,21.61,0
6.01,15.55,41.53,28.72,8.74,40.8,3.67,17.98,0
6.89,26.99,75.28,36.52,11.43,103.64,2.59,27.73,0
0.46,21.41,53.36,40.11,9.08,61.17,2.41,25.75,0
10.46,77.22,194.34,47.01,3.71,82.18,7.31,21.12,1
40.36,80.62,136.39,42.63,23.13,53.25,5.58,27.49,1
0.0,11.33,41.48,32.21,14.67,30.26,5.16,24.82,0
17.7,19.28,69.44,26.72,9.23,52.73,2.75,32.1,0
0.0,3.31,28.58,32.49,1.97,155.69,3.74,24.29,0
14.49,30.93,62.34,45.35,4.13,65.04,3.89,38.56,0
4.42,33.94,77.75,43.99,21.49,48.29,4.32,32.64,0
13.25,22.01,38.36,37.97,6.57,23.9,5.16,22.26,0
0.39,65.5,80.1,30.76,4.57,99.3,1.53,31.58,1
0.33,17.57,26.29,28.92,3.45,81.45,1.39,25.96,0
3.0,16.9,73.35,46.01,6.31,31.76,1.97,33.84,0
0.0,71.46,94.11,30.45,10.7,53.95,4.25,34.74,0
6.22,68.12,104.18,30.14,10.18,97.18,4.04,23.88,1
2.54,40.11,80.55,38.04,4.4,28.51,4.41,24.99,0
21.64,34.17,42.97,30.29,9.23,20.49,2.14,30.37,1
13.44,79.98,95.19,51.09,3.74,52.49,5.03,31.02,1
9.3,50.77,65.64,45.24,14.24,46.85,2.09,22.76,1
0.88,17.51,46.71,32.89,21.66,48.39,3.77,28.63,0
16.14,70.18,114.01,41.21,9.94,33.58,1.42,32.0,1
12.96,24.7,76.72,34.52,12.85,63.81,5.23,25.68,0
1.02,5.53,52.03,23.99,6.63,46.02,2.85,28.47,0
32.08,45.16,99.22,35.66,16.0,97.6,3.8,25.94,1
0.0,3.99,82.83,26.83,16.05,28.14,4.01,18.11,0
9.88,27.48,33.21,28.38,10.75,59.94,2.5,30.74,0
6.24,22.89,36.38,25.84,5.86,31.43,0.98,31.85,0
2.48,12.3,38.93,35.63,9.34,58.36,3.28,25.02,0
2.28,43.34,64.17,44.04,8.71,64.21,2.38,28.86,0
5.46,27.26,57.88,38.4,18.85,75.93,2.49,23.92,0
27.99,39.17,97.53,44.52,18.81,38.5,4.32,29.64,1
8.38,22.43,29.19,37.28,5.28,67.8,2.14,26.3,0
0.0,31.5,121.16,44.73,9.53,134.12,3.82,27.69,1
8.33,47.99,75.51,56.89,2.87,67.63,4.96,35.28,0
19.71,39.98,68.38,41.98,4.2,56.81,0.65,20.7,0
0.58,8.57,37.54,26.52,15.84,43.15,0.2,28.29,0
7.71,22.67,49.25,28.28,3.86,68.56,0.8,33.64,0
20.01,48.8,88.35,31.92,16.0,13.28,3.63,29.83,1
9.38,56.25,83.72,38.6,2.69,55.37,3.3,26.89,1
6.73,19.41,144.92,35.88,34.73,79.46,5.49,25.11,0
3.35,10.3,11.09,24.85,2.57,52.68,0.91,21.51,0
4.45,37.71,45.57,8.69,14.58,24.19,5.05,29.97,0
13.74,59.12,80.86,49.31,5.71,184.87,2.34,31.04,1
15.67,34.79,126.5,44.37,2.52,18.91,5.54,12.44,1
15.36,24.37,81.79,60.48,1.68,106.31,3.92,23.42,1
1.18,14.12,40.57,31.34,8.77,108.72,2.61,32.85,0
0.0,19.99,28.06,28.22,11.94,103.46,2.65,25.01,0
2.63,13.25,77.75,27.76,3.59,99.03,2.3,27.46,0
17.3,22.68,38.69,29.46,11.95,90.32,2.94,21.92,1
34.05,44.52,46.4,49.63,11.39,155.25,1.9,20.92,0
0.0,12.86,88.22,41.24,1.57,68.67,4.53,27.32,0
12.93,25.66,41.91,41.66,7.72,38.61,1.75,25.2,1
1.5,2.7,64.02,35.59,10.56,211.53,3.73,33.65,0
26.14,137.89,153.89,63.3,7.46,32.01,5.46,36.62,1
17.01,27.83,58.66,41.79,11.28,23.61,2.98,25.31,0
9.08,15.45,24.95,22.25,21.8,37.12,1.61,27.33,0
9.94,24.0,37.5,36.33,16.25,75.04,1.21,22.0,0
23.56,66.1,90.38,49.38,9.09,69.02,4.37,37.95,1
0.0,41.09,71.51,17.67,11.12,37.79,1.95,33.86,0
5.09,41.03,84.25,32.43,3.92,122.57,3.06,34.32,1
0.0,56.14,59.06,19.55,2.77,55.04,3.1,26.88,0
9.73,17.72,56.94,42.38,8.74,53.03,2.53,30.21,0
7.4,12.97,42.55,37.5,2.32,61.36,3.94,21.9,0
9.05,37.84,131.02,44.64,5.08,176.57,5.81,34.57,0
0.0,12.2,46.76,31.63,6.02,108.73,3.82,21.35,0
19.9,54.68,57.63,36.4,5.92,60.1,2.8,30.42,1
14.53,54.21,66.1,38.5,10.8,84.48,4.15,28.26,1
2.45,24.76,62.64,56.65,10.3,50.32,3.92,30.39,0
15.78,31.7,54.81,31.76,6.36,37.99,5.32,35.86,1
0.0,50.73,56.23,35.13,4.45,34.14,0.72,26.84,0
0.0,20.83,48.54,38.36,6.7,76.08,2.61,31.02,0
5.41,16.54,29.45,38.26,10.32,129.05,2.84,26.89,0
3.48,19.81,46.75,33.72,25.6,21.01,1.47,29.46,0
24.95,44.29,62.99,38.13,10.71,70.63,2.48,25.29,1
13.47,15.58,43.76,31.8,9.05,18.26,3.39,28.18,0
30.16,89.92,112.68,40.7,12.15,71.41,3.55,25.28,1
0.0,8.98,27.39,55.53,9.68,102.31,2.94,25.15,0
3.42,6.74,55.59,35.16,3.54,30.6,3.59,28.77,0
0.0,20.41,74.97,51.43,13.37,69.74,4.36,25.75,0
9.13,32.25,69.09,33.68,7.17,119.42,4.19,25.31,0
0.0,9.4,29.12,20.56,7.6,20.23,2.01,37.95,0
7.63,20.4,38.91,18.85,12.29,170.61,2.59,28.34,1
0.93,21.32,55.94,31.12,4.04,35.54,5.35,22.19,0
16.0,35.7,47.26,14.55,1.1,87.01,1.91,23.54,1
5.5,39.44,120.32,56.33,12.56,43.91,6.37,33.92,1
0.0,20.67,28.68,28.01,1.59,66.67,2.69,34.44,0
18.76,21.56,29.98,31.36,8.31,46.6,3.18,34.2,0
19.07,34.92,67.59,27.32,15.94,44.69,3.18,33.66,1
15.07,42.49,77.88,24.82,7.48,87.65,3.61,28.71,1
2.34,12.73,26.07,19.62,12.79,41.09,1.89,24.94,0
11.89,27.18,35.52,41.31,4.06,71.64,2.19,31.23,0
20.82,52.51,69.71,44.6,9.54,21.35,4.81,23.7,1
4.67,24.53,53.28,32.61,4.55,76.49,4.16,28.46,0
5.03,32.04,39.74,20.4,8.45,46.64,2.04,32.53,0
6.65,28.93,97.32,41.45,6.97,119.24,4.74,27.86,0
15.31,29.82,50.5,43.93,2.75,19.42,2.16,23.23,0
8.06,81.15,139.79,64.52,11.3,35.81,5.18,25.51,1
12.84,20.08,42.11,52.42,1.14,71.25,0.35,31.48,1
4.29,7.92,28.8,32.87,2.63,38.07,3.99,34.11,0
4.11,22.14,50.79,26.29,14.59,25.56,3.08,37.18,0
13.37,28.09,46.72,34.94,3.07,32.74,2.44,20.15,0
1.62,19.72,76.24,30.73,9.4,38.11,3.85,22.62,0
0.0,36.93,83.44,49.5,13.5,19.34,1.25,27.76,0
1.4,9.82,61.25,47.6,15.95,34.58,3.27,25.25,0
3.8,4.98,26.3,27.65,2.67,473.13,0.2,40.49,0
6.05,104.27,130.99,52.67,9.93,60.83,6.37,24.27,1
2.37,17.35,51.66,44.09,3.89,67.09,4.5,30.92,0
3.01,29.49,105.71,31.32,2.7,52.11,2.48,26.99,0
9.64,25.29,76.45,47.21,5.4,137.18,4.28,23.22,0
0.88,13.56,55.72,35.78,10.6,57.35,2.6,28.72,0
14.79,30.65,30.73,25.63,10.41,38.53,0.36,25.41,0
0.39,28.03,82.5,26.19,2.1,53.4,6.43,32.18,1
5.82,41.44,88.87,42.7,12.05,133.95,2.54,30.78,0
5.27,55.13,92.01,45.93,3.04,108.31,5.37,22.72,1
24.79,54.9,69.72,56.01,19.23,13.38,2.88,26.27,1
4.4,19.6,46.6,24.99,4.66,57.05,0.59,20.41,0
17.06,88.26,110.18,53.41,24.75,86.11,4.63,38.17,1
13.4,40.71,60.33,46.93,16.86,60.69,4.59,33.01,1
2.04,32.84,54.72,30.44,7.61,467.85,1.53,27.42,0
22.8,73.14,77.43,46.57,5.59,86.64,4.14,24.4,1
2.3,20.03,39.66,19.06,16.69,102.39,2.66,16.97,0
3.54,50.8,103.24,59.6,3.81,20.94,4.75,30.53,0
10.58,14.15,104.17,40.19,8.01,20.18,7.19,31.86,1
2.93,19.2,26.41,22.38,12.86,33.24,1.31,32.79,0
0.0,54.51,109.31,41.94,6.7,22.62,5.81,29.2,0
3.64,44.19,50.0,34.16,8.89,70.49,1.9,28.44,0
3.53,27.45,42.36,24.11,17.89,31.92,1.36,34.29,0
0.17,6.19,24.31,40.58,7.46,16.05,2.8,35.37,0
5.72,8.15,31.97,33.52,5.78,122.44,2.87,34.76,0
5.91,22.98,56.99,35.4,1.96,63.05,4.17,19.5,1
9.72,25.37,28.84,20.02,2.55,62.15,2.11,22.99,0
0.0,35.15,83.07,45.39,11.02,33.97,2.14,22.84,0
0.0,20.32,30.71,38.6,4.91,73.72,1.63,22.18,0
15.31,54.37,58.54,39.2,4.33,69.32,3.86,27.37,1
0.3,23.3,125.79,44.67,16.21,81.26,4.24,32.1,0
8.3,15.67,53.94,30.06,4.7,38.59,0.49,31.79,0
4.13,30.03,54.8,36.15,5.39,40.04,3.61,24.37,0
1.12,20.09,25.74,30.98,10.38,34.6,1.89,36.23,0
24.49,41.79,131.54,54.18,1.2,27.87,7.03,28.37,1
6.04,25.78,56.79,38.15,15.47,241.86,4.67,27.52,0
1.78,25.57,50.02,17.47,3.44,7.29,0.2,19.51,0
0.0,18.02,82.59,42.3,21.31,21.55,3.72,35.76,0
12.42,16.42,22.85,24.82,17.46,58.54,3.12,26.16,0
0.27,5.31,30.88,20.06,4.74,28.12,2.73,22.06,0
22.55,35.18,90.95,27.3,6.44,58.53,2.31,35.36,1
5.11,49.59,111.67,36.33,12.61,17.81,4.34,28.33,1
56.4,77.54,139.45,31.2,6.95,11.71,3.62,25.4,1
3.53,21.12,49.72,30.38,3.92,40.11,3.46,22.9,0
0.14,69.75,80.4,48.62,16.38,124.8,3.79,14.88,0
6.21,29.17,58.75,34.46,19.57,66.7,5.3,28.35,0
1.59,19.63,63.04,23.08,18.07,102.39,2.78,31.54,0
0.0,13.73,79.13,28.32,12.89,147.99,3.38,31.72,0
15.97,27.97,86.06,59.82,10.01,94.9,1.11,34.37,1
8.56,11.63,41.99,33.62,9.17,29.63,3.73,36.72,0
0.78,18.54,73.59,39.05,14.8,40.22,2.61,38.57,0
0.0,5.61,39.76,31.95,6.09,24.03,0.74,21.38,0
0.0,8.72,42.43,15.56,2.99,42.44,1.58,19.92,0
5.76,11.12,29.41,14.23,9.44,31.51,1.91,29.77,0
38.14,104.0,130.04,35.87,5.04,68.95,6.97,18.42,1
4.01,26.34,47.27,26.38,0.72,25.41,3.1,20.6,0
0.0,46.55,82.91,29.57,3.41,39.49,4.53,23.64,0
0.24,33.6,36.82,29.74,5.44,121.83,1.73,23.74,0
6.81,21.58,70.8,45.45,6.39,120.43,6.62,28.49,0
0.88,10.97,23.01,40.4,1.02,85.28,1.52,24.24,0
0.0,14.58,16.13,22.93,11.93,22.68,1.31,34.99,0
4.24,11.92,19.31,26.15,9.24,586.29,0.2,26.26,0
0.23,1.51,60.54,38.02,7.83,41.04,2.66,22.16,0
7.36,10.84,36.9,32.93,12.37,72.33,2.64,31.64,0
7.62,36.62,69.92,36.88,15.5,42.05,4.14,27.67,0
10.84,14.81,22.37,34.39,2.91,49.85,2.45,19.42,0
13.07,21.77,89.36,46.36,26.17,8.24,4.97,23.21,1
0.67,14.59,44.08,40.31,8.49,78.38,1.56,24.15,0
15.68,21.41,72.72,37.14,3.92,25.37,2.39,22.99,0
2.85,29.72,45.62,39.96,7.19,149.59,4.37,18.62,0
0.0,38.07,113.41,17.68,8.12,78.51,5.78,22.3,0
13.86,18.05,60.81,36.02,5.74,183.95,4.13,23.28,0
24.15,27.94,60.07,40.62,5.44,36.39,4.01,38.27,1
3.83,14.4,33.17,20.62,2.42,28.87,1.38,27.39,0
16.57,47.22,120.22,54.65,6.08,121.22,6.62,31.79,1
4.35,34.44,71.73,17.16,2.4,82.94,2.85,36.56,1
1.66,5.0,29.98,13.37,4.34,96.48,3.05,30.35,0
4.47,28.53,33.49,30.89,5.19,50.84,1.79,29.74,0
5.26,19.79,81.49,15.11,12.45,25.12,4.21,33.77,0
6.85,48.83,95.7,40.64,15.58,29.38,4.73,23.62,1
3.15,10.21,115.15,55.16,34.18,108.35,5.59,31.98,0
13.23,18.73,29.0,29.54,13.96,89.94,3.69,23.49,0
10.19,41.87,46.97,26.01,2.9,90.84,2.06,23.09,0
0.0,3.43,39.46,40.33,7.29,42.6,1.01,27.04,0
2.03,21.23,50.48,13.14,22.29,23.35,1.64,28.78,0
12.46,28.11,68.11,39.82,8.66,39.07,3.87,34.82,1
4.19,15.1,21.02,28.1,2.87,33.01,2.97,26.25,0
0.9,13.82,43.15,18.03,8.61,202.37,3.26,32.76,0
3.95,23.15,47.38,28.74,0.79,140.67,3.51,32.34,0
0.0,1.6,59.78,34.77,13.21,38.51,2.87,22.39,0
21.14,28.34,34.4,32.9,6.41,293.88,1.02,30.14,0
5.54,7.77,29.74,46.0,5.18,81.48,4.11,31.84,0
1.58,4.66,30.88,27.71,3.62,54.56,1.13,31.92,0
31.59,46.74,84.39,35.6,3.54,46.56,5.24,28.8,1
0.0,27.06,38.72,25.69,11.73,121.46,2.44,29.16,0
8.99,46.91,130.91,39.62,4.45,39.13,3.7,22.33,0
3.19,39.0,120.65,60.99,10.64,142.01,6.19,24.35,1
3.96,23.6,85.16,48.13,2.12,44.14,4.47,38.58,0
4.78,6.03,44.45,18.86,23.48,90.89,1.57,32.86,0
1.79,4.98,11.54,28.94,6.36,118.34,1.33,29.81,0
5.33,31.69,118.97,39.71,7.42,33.93,3.98,31.51,0
6.55,12.78,18.16,29.49,11.86,85.2,1.5,27.24,0
11.6,48.36,54.15,10.95,3.04,155.03,3.48,35.61,1
10.23,18.47,33.69,15.43,13.6,27.91,3.31,22.99,0
0.0,24.8,64.31,33.73,7.46,63.31,4.08,29.79,0
0.59,24.73,59.7,40.91,28.58,193.96,2.47,23.73,0
15.74,59.96,131.98,45.01,5.79,85.1,3.96,26.09,1
2.41,18.57,42.76,20.82,4.35,62.12,2.68,23.04,0
8.36,24.58,68.11,40.17,9.34,118.07,3.21,38.36,0
19.2,37.2,57.34,31.71,7.41,222.65,1.61,37.03,1
5.79,41.57,127.1,42.75,13.15,102.34,5.12,33.24,0
0.0,6.76,55.86,26.08,22.14,214.69,1.51,38.6,0
0.0,13.2,50.92,46.54,5.47,60.1,3.92,26.3,0
3.15,19.8,26.37,26.78,7.7,150.66,1.29,20.53,0
3.18,6.62,21.29,38.12,1.07,36.4,1.27,26.94,0
0.0,11.91,59.89,32.0,2.88,248.75,1.89,22.93,0
0.4,24.38,38.52,15.47,3.52,68.73,2.04,25.36,0
10.38,14.9,28.52,32.85,7.54,69.55,2.31,24.95,0
16.02,46.32,133.36,51.37,9.74,181.45,5.32,35.04,1
2.57,20.51,42.92,18.64,7.0,69.07,1.71,26.92,0
5.87,46.22,55.52,43.28,13.63,55.08,4.4,23.32,0
33.55,73.52,144.22,44.19,2.12,41.63,6.51,27.75,1
2.44,55.12,123.26,55.87,17.71,84.83,4.89,35.05,1
0.0,17.99,38.3,33.36,24.89,52.93,2.72,25.71,0
14.42,41.95,90.96,33.24,4.56,51.01,3.35,27.99,1
1.82,21.44,60.66,30.23,4.38,134.42,3.64,34.19,0
3.86,17.1,59.13,49.73,8.77,115.3,3.62,23.9,0
19.31,34.55,66.57,42.7,13.5,28.9,3.69,32.01,1
18.05,28.05,139.61,49.93,4.07,28.49,6.46,28.82,1
12.09,17.5,31.91,38.2,12.51,14.39,3.17,30.49,0
15.81,32.56,42.13,40.11,7.39,21.03,1.83,29.83,1
3.8,24.65,44.75,42.45,14.28,286.39,2.85,29.54,0
9.57,20.23,80.09,52.52,6.75,51.15,4.79,24.04,0
24.18,35.27,63.23,47.64,8.33,102.48,2.01,29.3,1
3.56,57.23,101.73,59.83,19.4,63.05,6.82,36.29,0
11.65,24.46,82.42,34.42,9.09,117.82,3.95,27.82,0
80.07,83.96,92.98,34.75,0.7,121.31,4.66,30.25,1
8.39,24.85,80.48,56.24,8.92,15.61,3.82,28.73,1
3.06,18.77,68.19,39.18,12.81,59.49,3.72,22.68,0
7.83,23.57,27.91,26.85,2.4,66.26,2.4,36.71,0
7.07,24.73,30.9,25.34,6.61,92.03,2.14,20.43,0
30.84,42.58,75.38,41.4,3.08,41.38,4.33,32.55,1
0.72,8.8,15.43,21.39,13.51,78.98,1.74,33.74,0
5.97,7.65,48.28,24.9,7.64,42.98,2.22,30.71,0
0.0,5.16,21.05,30.01,14.85,30.18,1.24,31.41,0
1.57,26.2,38.61,33.45,4.85,47.79,4.32,22.18,0
13.06,65.55,91.18,42.79,6.23,29.1,2.34,24.16,0
3.69,11.77,27.51,21.43,8.36,126.99,0.72,40.24,0
3.37,14.91,54.79,27.48,10.9,58.42,2.64,29.53,0
7.57,23.73,140.54,55.78,4.05,31.38,4.48,33.19,1
0.42,66.0,82.38,38.57,4.73,58.72,3.63,37.12,0
0.47,16.45,29.38,45.87,1.63,62.81,1.78,18.4,0
0.0,1.66,35.54,32.12,9.66,27.61,3.05,21.56,0
19.11,21.33,59.92,32.64,9.42,111.28,2.54,33.51,0
12.28,59.93,64.36,20.91,7.87,55.17,3.84,16.79,0
2.73,8.4,51.12,25.01,2.88,85.28,1.98,29.57,0
8.07,21.59,67.02,27.51,3.19,46.71,4.87,31.74,0
38.3,51.09,70.77,38.55,6.98,32.15,3.74,22.42,1
19.0,21.88,38.74,17.43,14.33,27.44,2.22,26.81,0
8.17,22.11,51.72,34.08,12.64,111.55,6.05,27.85,0
33.11,67.68,79.64,39.39,7.46,118.49,4.37,27.81,1
3.79,7.38,31.11,17.78,15.46,36.93,2.6,26.89,0
1.71,4.26,14.21,25.21,16.12,35.45,3.3,24.72,0
9.8,35.63,49.3,25.13,9.36,20.62,3.22,30.69,0
0.0,54.94,80.86,39.6,2.72,113.87,2.74,31.77,0
7.9,76.7,111.68,39.48,17.05,82.33,3.61,29.28,1
1.15,24.72,41.96,42.62,6.14,27.6,4.13,26.01,0
27.74,31.28,85.18,20.02,3.21,261.95,5.07,25.88,0
13.7,37.12,42.06,43.05,4.19,84.42,0.53,27.61,1
2.47,8.15,38.87,17.6,1.39,44.22,2.61,28.02,0
0.0,20.89,31.73,37.3,9.1,106.43,1.2,30.8,0
10.14,40.1,86.6,26.57,7.06,54.35,3.08,38.55,1
8.27,16.65,169.97,56.07,12.77,22.41,5.72,36.61,1
1.36,45.76,60.12,43.0,15.59,31.96,2.08,22.69,0
4.64,18.96,34.15,26.54,18.64,66.77,1.94,26.55,0
17.23,30.45,42.92,36.32,21.02,65.09,4.12,23.88,1
2.76,10.82,44.8,25.43,3.38,49.12,4.1,27.36,0
2.32,27.39,47.14,42.51,20.83,124.98,3.24,27.83,0
17.74,46.18,77.05,29.13,8.04,23.47,2.55,31.66,1
0.46,47.01,56.47,26.46,4.73,53.97,3.71,23.96,0
10.7,23.18,53.83,34.04,10.77,44.67,1.94,29.32,1
0.0,20.1,45.34,39.38,1.29,147.96,2.55,34.3,0
0.63,13.97,34.65,23.91,19.03,40.07,3.38,28.83,0
0.0,22.52,89.41,37.56,11.21,104.71,4.1,31.5,0
12.43,43.61,65.81,32.38,10.03,181.04,3.55,19.46,1
7.84,24.31,35.31,40.49,5.46,68.9,0.45,17.78,0
0.78,13.54,45.62,40.4,11.03,110.87,4.09,26.07,0
9.11,24.72,40.2,22.9,12.41,110.2,3.08,28.89,0
15.81,38.73,73.73,10.53,6.08,116.29,2.39,21.39,0
3.36,20.05,35.28,15.26,6.64,29.13,2.24,25.47,0
6.44,28.78,32.9,42.68,9.66,65.96,3.15,29.62,0
12.83,32.33,53.1,48.24,9.05,27.07,2.01,32.21,1
0.0,16.46,25.81,25.52,15.04,134.86,0.34,23.32,0
1.53,17.17,25.53,26.64,8.24,16.9,0.27,41.11,0
2.49,18.25,65.26,35.82,13.02,88.72,3.67,25.46,0
3.59,16.18,28.63,29.56,7.02,55.39,1.87,26.84,0
25.96,34.83,42.56,42.94,4.75,47.16,2.46,35.78,1
0.15,13.51,60.54,45.43,2.04,15.74,2.42,20.71,0
1.93,18.21,41.35,20.51,3.29,56.98,0.49,28.11,0
16.25,44.3,56.35,26.42,9.43,21.78,2.85,33.97,1
15.94,45.59,59.21,35.62,13.21,45.63,2.62,27.8,1
0.32,50.53,64.15,52.89,8.43,65.19,2.85,30.98,1
22.37,44.04,64.53,39.3,7.9,62.92,3.79,27.37,1
10.46,11.68,45.27,34.27,8.36,45.56,4.12,25.7,0
15.32,29.97,74.04,33.37,5.21,24.67,2.79,31.09,0
23.56,38.93,44.8,22.9,3.45,51.75,0.34,29.04,1
10.44,22.49,40.15,23.65,8.2,200.05,2.08,27.88,0
17.17,18.47,29.29,22.55,0.5,33.83,0.2,22.85,0
0.0,28.47,50.06,43.14,4.29,56.36,1.55,40.14,0
0.0,19.54,50.28,44.12,1.83,119.86,4.08,22.47,0
21.18,32.58,60.33,43.48,3.61,74.31,3.8,18.35,1
2.9,8.47,28.4,24.52,0.55,51.22,3.19,23.93,0
10.6,26.6,38.26,30.54,13.51,14.21,4.14,19.35,0
10.41,88.54,89.4,65.64,8.57,36.2,2.94,21.49,1
3.97,23.5,52.54,39.72,12.49,63.06,2.32,28.39,1
0.0,17.2,29.07,26.61,22.81,57.63,4.9,22.73,0
8.29,14.09,60.0,25.2,13.51,88.0,4.22,33.65,0
13.83,37.97,76.41,43.96,2.53,14.24,5.26,24.95,0
0.0,10.21,63.91,38.15,3.78,18.42,3.52,21.88,0
0.0,24.93,45.11,25.22,5.58,73.09,1.12,31.92,0
0.0,2.12,24.85,34.49,4.61,19.95,2.72,24.51,0
0.49,7.17,122.99,35.43,10.77,27.16,5.01,26.78,0
10.49,20.39,54.91,49.34,19.84,44.26,2.5,23.69,1
6.79,19.79,22.14,25.57,16.94,58.77,1.81,24.56,0
9.84,57.81,81.23,45.22,3.8,76.09,4.01,28.58,0
0.32,39.2,90.32,51.64,2.28,474.51,4.21,16.62,0
6.33,28.18,80.59,31.79,19.82,83.42,5.47,42.63,0
11.39,17.19,42.17,35.89,17.07,59.22,1.37,21.99,0
1.72,7.77,57.0,53.59,5.34,45.59,4.77,28.56,0
0.0,35.92,72.82,50.87,12.1,142.14,4.21,20.44,0
1.39,13.66,89.9,20.69,9.89,17.29,5.29,26.14,0
7.46,16.04,45.23,36.79,3.15,35.53,2.26,30.12,0
5.3,16.32,54.43,46.86,2.76,41.25,3.92,41.66,0
7.76,22.43,43.27,41.65,13.34,58.34,1.12,28.96,0
4.67,25.12,122.13,49.58,9.7,56.21,5.84,27.29,0
10.27,24.35,44.14,45.85,1.84,47.58,3.52,25.47,0
4.2,5.61,37.33,32.28,2.17,63.2,3.51,31.51,0
3.12,20.92,58.44,60.39,15.87,97.89,3.2,28.6,0
12.18,33.63,43.6,24.55,4.58,19.0,2.77,20.0,1
2.72,23.63,66.58,39.04,6.27,126.46,5.4,24.06,0
5.27,19.47,77.0,32.63,2.4,16.33,4.47,25.8,0
22.18,27.53,77.92,49.7,12.43,25.44,4.69,25.58,0
31.03,34.51,46.47,33.64,7.72,59.11,1.62,20.83,1
15.73,26.73,43.06,16.09,5.48,41.45,1.74,25.57,0
0.0,28.64,41.14,15.43,19.5,84.43,3.15,31.12,0
2.97,11.74,28.35,14.77,2.56,153.51,1.85,37.33,0
5.61,113.14,158.38,33.75,6.76,18.56,3.75,29.51,1
18.71,51.56,56.09,41.08,21.42,43.08,3.26,28.8,1
7.87,19.59,38.0,26.64,23.03,9.96,1.57,32.19,0
5.28,15.99,42.68,33.59,8.1,57.31,3.45,23.99,0
10.0,22.95,98.09,46.41,16.49,76.45,3.63,25.97,0
8.08,24.29,52.86,19.5,11.91,36.39,2.3,41.66,0
25.2,34.75,59.85,30.44,8.88,80.07,2.86,31.45,1
4.44,52.07,102.63,61.79,30.57,75.45,6.25,18.69,1
9.42,33.31,41.96,43.14,3.8,39.29,3.53,31.44,0
15.16,27.85,66.82,41.26,11.26,80.9,3.41,33.61,0
55.47,76.83,123.88,49.26,5.01,26.45,5.95,25.05,1
0.0,13.37,44.05,31.83,3.18,45.82,0.2,26.46,0
0.0,30.77,77.9,28.44,8.37,77.99,3.49,36.46,1
6.32,66.17,92.51,55.66,9.57,71.49,4.96,26.57,1
28.41,44.44,49.45,17.04,5.63,60.25,2.92,25.15,0
3.36,8.2,21.15,14.86,6.55,70.27,0.88,33.81,0
25.26,31.09,56.46,35.1,11.05,46.53,3.3,25.7,0
0.07,35.75,147.86,49.64,1.92,61.96,5.4,20.86,0
3.16,61.39,71.04,50.59,1.62,35.21,4.98,28.6,1
1.91,10.85,66.11,17.13,7.57,85.15,2.29,28.76,0
35.36,43.94,74.21,41.01,8.88,112.69,5.85,33.33,1
2.29,26.61,54.0,35.64,3.81,42.16,2.52,28.3,0
0.43,4.87,25.91,28.67,9.62,58.42,2.14,43.0,0
0.88,25.19,60.2,22.01,5.33,33.4,2.17,22.84,0
6.65,33.55,64.1,31.24,16.24,114.45,2.04,14.86,0
3.13,11.08,42.18,29.32,2.79,140.94,1.56,29.64,0
2.85,5.12,31.47,51.83,11.13,100.29,3.55,22.87,0
9.31,17.08,85.73,44.4,2.02,150.42,5.23,33.63,0
7.95,36.95,82.14,27.45,18.74,172.33,1.35,29.74,0
2.92,25.45,51.35,48.02,35.65,110.09,2.44,25.67,0
2.8,17.21,55.02,40.64,0.92,287.64,2.55,31.98,0
9.73,46.91,89.13,38.23,22.74,82.55,4.04,18.78,0
9.2,30.29,67.18,35.08,15.35,27.29,2.21,28.7,0
2.02,21.23,33.18,25.59,3.06,72.01,3.4,30.15,0
0.0,3.53,37.53,32.54,0.59,88.96,2.06,26.44,0
7.78,29.92,55.9,38.76,15.54,20.29,4.81,30.38,0
1.47,30.23,41.98,32.52,4.03,263.67,0.47,32.35,0
8.21,65.08,93.96,38.24,17.61,93.99,4.47,29.27,0
21.58,30.91,64.02,37.6,12.7,50.36,4.73,26.43,1
8.36,22.82,54.99,39.87,2.27,108.89,2.17,37.66,0
0.0,42.16,67.41,39.22,2.96,70.99,2.98,22.86,0
3.43,30.0,58.12,40.54,8.07,87.04,0.2,36.03,0
0.0,24.97,41.18,23.84,10.49,116.86,2.3,38.73,0
2.1,8.38,29.2,35.48,3.79,106.85,2.56,20.99,0
14.43,28.99,31.49,19.21,4.42,126.95,1.8,30.32,0
11.23,39.14,59.93,42.58,15.77,92.88,2.39,31.91,0
57.4,65.15,68.95,21.71,9.07,73.01,2.92,32.81,1
8.73,26.52,48.69,43.15,4.94,37.64,2.37,27.65,0
0.0,13.81,49.89,42.94,5.56,79.0,2.13,24.55,1
3.53,29.47,66.21,38.8,6.19,41.43,2.49,28.98,0
0.0,21.15,24.76,22.83,9.93,53.97,3.28,12.26,0
3.78,5.31,21.36,27.65,12.47,89.61,1.46,26.11,0
1.94,16.01,27.07,37.76,1.57,48.9,0.69,32.28,0
0.0,51.9,79.64,43.84,3.47,33.91,2.67,31.5,0
9.85,43.62,65.61,29.96,0.78,135.69,4.9,21.61,0
5.42,18.91,144.56,44.49,4.3,112.61,6.12,28.14,0
1.23,31.57,152.52,72.22,3.12,24.37,5.85,34.19,1
1.22,12.71,40.85,19.99,3.92,49.12,3.19,27.45,0
0.2,26.02,45.12,12.01,13.51,42.76,2.29,30.18,0
10.51,19.46,52.13,14.84,11.76,25.33,1.92,19.8,0
5.91,67.98,76.93,37.1,6.03,40.25,5.19,22.82,1
23.48,37.44,69.45,29.67,4.2,46.54,4.41,29.01,1
7.15,24.56,91.74,38.11,11.01,37.45,3.57,31.85,0
1.28,38.42,95.5,48.63,2.78,36.21,4.9,37.26,0
19.68,36.72,95.39,57.39,14.41,98.86,5.22,33.28,1
20.8,40.33,78.75,39.17,4.79,26.29,4.47,21.63,1
29.49,48.78,106.16,43.32,5.17,74.29,4.01,28.08,1
39.53,61.77,64.9,51.42,5.46,113.34,2.45,22.65,1
2.65,8.72,25.68,34.63,24.54,66.66,3.21,23.87,0
0.54,24.37,68.44,40.63,2.44,64.91,4.43,26.51,0
4.65,15.51,35.22,43.02,3.6,33.36,3.37,23.64,0
21.67,31.3,192.65,54.29,1.77,88.22,6.22,21.89,1
5.94,19.02,30.17,16.62,4.97,17.07,2.51,31.73,0
0.7,5.18,78.55,37.81,8.26,85.36,4.08,23.32,0
0.0,12.96,40.77,23.7,2.05,77.88,0.7,32.83,0
8.97,14.57,54.24,30.16,7.12,41.92,2.46,33.29,0
8.48,9.83,19.07,22.04,10.01,30.76,2.14,32.6,0
6.19,36.25,46.8,32.51,6.29,24.76,3.23,28.56,1
13.07,25.97,49.5,34.81,1.54,275.43,3.06,30.74,0
0.87,21.2,32.91,17.49,11.85,24.0,0.32,23.2,0
0.03,26.39,64.94,48.03,16.72,31.02,4.82,28.9,0
7.07,50.15,64.58,43.18,7.78,33.62,2.94,28.24,0
4.35,17.57,39.3,21.58,4.85,90.6,1.39,21.74,0
9.14,25.84,70.77,38.98,1.79,56.14,4.85,26.93,0
6.51,31.42,49.26,54.55,2.12,59.75,2.09,33.33,0
0.0,3.12,16.61,29.22,5.07,60.3,1.03,28.17,0
0.0,11.68,18.68,28.23,6.57,40.89,2.38,24.71,0
20.0,36.14,126.13,32.43,0.64,204.98,4.02,30.02,1
3.55,13.36,40.86,24.58,2.75,268.67,4.71,20.84,0
17.24,27.12,33.26,31.58,12.09,272.5,1.86,27.81,0
1.64,9.59,45.63,37.87,5.37,35.37,2.36,29.42,0
22.02,119.48,130.69,40.92,10.94,39.74,5.61,21.64,1
0.0,16.1,71.2,37.44,1.79,34.12,1.22,35.82,0
0.0,7.44,32.76,44.54,9.66,70.78,2.65,31.78,0
4.68,18.11,46.94,33.9,7.34,77.94,3.64,28.26,0
0.0,6.91,12.59,37.28,8.65,19.49,0.87,30.85,0
10.84,28.17,75.65,35.93,9.06,53.59,3.46,20.05,1
28.82,49.25,79.41,47.45,4.05,113.89,3.27,24.04,1
0.0,43.66,52.47,38.16,4.59,134.71,2.01,43.0,0
1.86,5.72,17.44,20.55,16.99,37.36,2.25,34.27,0
2.06,35.67,44.58,22.88,13.51,32.95,4.53,17.76,0
2.09,19.0,56.06,45.8,2.89,62.89,2.74,35.36,0
4.12,33.13,53.4,39.15,3.33,46.89,4.76,30.97,0
17.97,52.75,60.93,25.93,12.87,131.18,3.06,28.84,1
5.05,45.09,75.61,36.79,0.43,126.06,4.41,28.19,0
4.38,9.78,41.37,37.05,12.34,171.77,0.88,24.63,0
0.0,26.06,47.63,14.76,16.83,27.39,3.83,16.63,0
0.0,7.61,37.67,33.1,6.94,34.48,1.28,24.72,0
0.0,7.39,36.32,37.06,9.93,61.42,1.87,35.57,0
1.58,24.37,55.18,34.38,6.57,13.87,2.26,24.44,0
7.49,31.15,89.89,46.23,4.97,98.35,1.61,30.39,0
0.0,27.7,47.04,23.48,19.6,75.62,3.27,35.28,0
28.35,39.15,59.78,51.51,5.99,177.15,1.98,31.36,1
0.0,20.72,48.15,6.09,2.81,117.84,4.54,24.34,0
6.27,28.4,73.97,22.76,7.62,99.42,3.62,20.06,0
51.19,64.98,79.16,44.82,39.32,59.62,3.33,23.24,1
5.0,42.31,54.71,35.39,3.95,89.64,3.12,33.58,0
7.4,9.74,75.57,21.51,7.66,261.25,1.16,30.04,0
6.32,13.29,47.51,43.19,3.3,76.38,1.92,30.9,0
0.0,37.04,52.59,23.21,10.16,40.25,3.87,34.39,1
4.24,26.96,68.87,41.6,7.53,66.36,3.9,22.52,0
2.55,74.82,82.48,13.97,2.29,131.55,3.94,19.81,0
16.69,43.68,73.89,22.82,7.95,110.42,3.8,22.82,1
34.06,43.24,164.05,59.66,3.0,107.4,4.22,32.3,1
0.91,35.65,47.02,50.07,7.25,75.3,1.63,21.62,0
27.77,67.41,106.26,43.59,0.95,77.3,4.91,25.41,1
0.0,21.44,61.8,36.02,7.56,163.17,4.07,26.55,0
8.9,15.14,107.84,28.85,4.4,49.95,3.22,34.84,1
9.22,30.19,55.18,27.52,9.97,40.7,3.19,31.71,1
0.66,12.49,14.6,18.54,15.25,40.65,2.45,23.7,0
0.0,9.77,30.0,23.06,5.86,82.08,3.62,32.27,0
0.84,19.96,49.89,19.23,11.4,31.24,3.78,30.1,1
6.23,8.8,75.32,43.83,2.08,60.6,3.1,22.27,0
18.43,33.47,81.62,33.69,12.51,35.79,6.66,34.81,0
25.59,34.9,114.36,56.24,10.44,73.97,5.47,21.86,1
5.93,12.29,123.98,36.36,12.66,16.29,5.36,25.72,0
11.57,24.19,60.94,32.76,15.58,43.38,5.2,31.84,0
14.78,25.93,74.83,37.99,7.85,92.39,2.02,24.44,0
0.88,35.46,59.92,30.05,2.94,145.85,3.81,32.91,1
11.21,27.16,29.5,16.0,13.3,80.15,1.38,33.32,0
2.36,25.31,34.46,32.92,23.6,20.78,2.3,26.43,0
1.55,44.01,71.98,43.75,1.74,30.63,2.97,31.23,0
0.42,9.82,34.4,33.31,3.88,85.83,2.75,39.28,0
0.75,17.4,26.01,38.81,4.18,68.78,0.53,26.99,0
5.82,31.1,49.28,26.05,11.38,155.19,3.07,25.68,0
3.34,21.7,23.87,48.84,10.9,250.63,1.15,32.16,0
3.52,18.17,31.78,28.45,8.24,78.9,4.97,23.79,0
2.31,15.71,37.83,29.54,15.56,31.6,3.07,23.34,0
0.0,21.82,30.82,35.07,7.97,162.77,0.46,26.49,0
1.68,9.48,135.15,64.18,7.13,24.1,3.23,21.47,0
0.0,7.44,17.06,24.94,6.24,42.99,0.74,20.89,0
2.09,50.33,100.34,52.87,7.39,67.41,4.58,29.68,0
1.26,3.53,13.28,28.67,12.15,60.87,1.05,27.75,0
8.74,17.05,29.1,14.08,19.09,77.12,1.74,29.38,0
14.17,41.48,50.55,35.41,8.55,79.22,3.77,30.61,0
3.34,38.27,83.74,37.04,8.33,51.83,2.7,21.15,1
11.61,16.23,138.64,61.38,17.53,41.99,5.66,29.32,1
0.0,37.64,67.07,26.67,4.43,26.7,2.03,31.07,0
53.36,158.83,217.91,54.62,18.7,239.56,8.05,37.45,1
19.56,63.7,79.29,27.21,10.64,40.29,2.97,33.88,1
0.0,15.25,27.02,36.91,2.85,36.19,2.03,17.99,0
3.0,18.25,68.6,35.75,12.56,27.53,2.06,27.24,0
14.16,34.22,136.55,50.49,5.03,21.38,6.9,31.26,1
0.0,6.87,47.03,37.27,5.98,99.9,3.54,26.5,0
5.25,16.5,94.27,20.06,6.21,148.48,1.76,30.79,0
0.0,14.69,59.68,13.14,4.1,58.48,3.91,35.08,0
1.32,30.9,69.03,46.41,26.97,89.86,2.48,17.85,0
2.75,30.73,44.11,25.83,15.5,55.52,1.42,28.71,0
1.64,7.89,24.62,34.63,5.85,48.57,4.06,18.38,0
0.0,13.81,37.92,31.46,11.87,36.48,4.01,25.68,0
6.1,11.06,29.28,46.07,4.58,22.22,1.51,32.98,0
34.44,73.89,106.71,41.01,23.72,35.63,2.98,33.32,1
4.15,17.29,25.57,36.67,6.61,128.51,1.53,29.68,0
39.41,60.65,96.99,40.99,15.81,65.68,2.71,26.57,1
0.27,16.48,32.47,32.15,6.72,28.35,1.71,33.83,0
0.17,27.44,35.59,27.26,5.38,40.49,3.01,35.58,0
6.73,12.8,25.77,30.19,9.66,46.09,0.2,25.9,0
4.31,7.54,105.09,37.8,5.61,91.31,2.82,22.7,1
2.55,6.55,62.03,25.35,6.05,75.66,1.7,27.77,0
14.34,20.55,56.09,29.8,5.39,22.93,3.23,22.6,0
4.56,9.74,47.35,29.69,10.77,84.32,3.42,30.38,0
11.75,20.39,94.29,44.77,4.19,63.03,2.94,37.71,1
30.3,40.26,105.46,30.51,4.7,106.07,3.57,29.7,1
14.81,17.19,41.84,18.72,3.52,227.42,3.82,31.7,0
0.0,16.27,51.21,38.15,3.95,56.46,4.53,30.73,0
46.82,69.41,79.91,36.95,6.01,213.67,4.71,25.22,1
9.59,15.07,60.1,48.97,1.58,103.8,1.37,26.52,0
3.1,20.69,59.08,21.66,3.57,16.23,3.74,28.88,0
0.0,7.0,50.67,28.8,0.71,303.34,1.4,27.54,0
5.04,41.69,84.07,52.0,2.28,79.22,2.86,27.21,0
0.53,22.03,42.95,16.35,4.57,59.09,1.81,17.96,0
0.0,41.54,58.75,39.05,3.57,47.02,4.89,26.92,0
0.0,49.02,120.6,44.74,1.39,136.53,5.46,31.65,0
0.0,1.64,44.37,39.22,2.38,65.22,3.84,32.95,0
2.21,18.37,54.25,41.16,17.13,115.53,2.21,27.56,0
3.69,42.83,48.18,23.63,14.39,33.26,1.99,25.19,1
8.07,40.75,57.59,47.56,3.38,157.84,3.37,30.09,0
9.25,17.58,27.32,30.58,15.44,61.67,3.62,22.47,0
1.37,11.96,15.05,29.8,5.99,15.63,0.34,27.72,0
1.98,17.36,34.3,34.67,7.76,63.93,1.99,19.72,0
6.2,48.95,67.14,41.88,10.27,13.02,3.13,33.76,1
0.0,32.65,53.23,22.54,4.06,71.06,1.08,15.81,0
11.23,57.74,102.53,44.13,4.61,105.28,5.37,19.93,0
2.43,39.55,79.58,40.75,13.04,44.13,1.44,26.81,0
13.45,29.68,45.44,26.13,5.29,49.09,3.79,24.69,0
5.38,69.28,112.93,47.03,7.41,43.41,4.47,30.06,1
3.07,7.45,40.4,32.84,9.43,33.63,2.94,30.32,0
17.72,31.64,58.57,22.36,9.55,190.73,3.83,24.1,0
0.0,14.62,39.23,35.34,8.12,60.41,1.46,24.4,0
7.61,43.65,52.01,27.86,9.37,17.7,2.87,25.14,0
25.54,36.51,44.95,45.18,17.44,96.64,3.73,26.68,1
5.74,61.17,76.0,37.86,11.22,23.56,1.82,22.84,1
4.17,29.83,52.56,23.86,14.96,74.9,3.31,28.23,0
13.82,26.18,54.31,41.19,10.13,61.25,4.3,22.53,1
1.35,7.38,81.21,28.02,9.58,53.75,2.86,30.14,0
2.7,3.92,33.11,35.11,3.68,41.81,3.13,26.33,0
0.0,1.48,25.73,22.45,11.57,105.62,1.46,33.21,0
1.09,15.36,40.85,34.58,8.27,24.86,1.49,32.37,0
10.36,90.22,128.98,29.06,18.56,47.83,3.84,26.91,1
2.85,27.79,103.89,26.11,12.87,123.52,4.6,22.67,0
0.0,30.25,39.92,41.91,15.49,30.05,1.43,24.74,0
18.51,26.5,106.82,50.76,8.32,137.51,3.06,27.84,1
16.09,24.42,40.76,37.1,5.26,21.56,2.36,23.18,0
0.31,2.33,36.41,40.45,2.76,38.39,4.31,27.24,0
15.96,53.53,110.96,38.47,2.23,38.64,5.0,21.79,1
10.04,11.14,144.14,40.96,18.13,94.56,6.18,23.25,1
6.23,24.91,87.77,32.46,4.91,13.41,4.73,13.92,1
27.08,42.66,94.58,36.02,11.16,15.28,4.12,30.24,0
7.53,24.05,77.29,48.03,10.74,135.13,3.16,33.12,0
0.62,43.63,56.96,30.92,11.08,27.05,1.8,32.79,0
2.28,19.99,43.38,24.14,6.41,20.4,0.2,16.57,0
9.65,17.24,45.54,36.83,2.11,41.78,1.26,39.31,0
26.69,59.52,89.34,33.91,9.61,15.63,1.11,33.47,1
7.65,44.08,84.69,39.15,4.7,15.13,4.02,37.37,0
6.25,14.56,35.99,39.43,18.59,160.18,0.64,33.39,0
13.39,20.23,89.52,38.47,3.55,189.73,3.95,31.34,0
11.15,22.12,39.77,33.5,23.28,101.73,2.49,24.1,0
18.98,28.86,72.79,43.84,8.05,146.95,3.0,17.29,0
4.52,29.86,79.15,44.39,2.14,32.07,4.49,27.79,0
8.58,20.33,44.51,25.77,6.03,211.41,2.07,27.99,0
4.13,23.29,85.56,31.72,4.25,18.82,4.76,32.15,0
0.0,77.88,139.59,38.79,13.0,21.22,6.51,22.89,0
0.0,14.31,120.1,46.03,7.55,307.62,2.25,40.34,0
0.88,11.27,48.11,30.96,5.23,72.43,1.12,21.78,0
0.0,45.0,61.0,38.98,4.61,148.42,0.34,29.35,0
5.96,87.94,113.13,31.2,7.25,220.85,5.71,26.79,1
14.37,62.27,130.06,39.31,9.42,67.64,5.57,22.13,1
1.4,16.66,38.03,39.57,43.11,18.17,3.46,38.22,0
0.0,32.16,51.33,31.01,7.11,91.48,2.83,31.84,0
0.49,53.05,66.7,34.03,10.38,89.64,4.29,24.19,0
2.89,13.02,35.02,18.92,4.3,79.47,0.79,36.07,0
13.29,33.06,89.55,47.12,21.42,38.78,2.96,24.24,0
5.17,14.16,39.62,38.84,8.04,53.61,2.84,16.36,0
5.15,10.36,26.56,32.1,5.71,25.28,2.41,23.29,0
9.09,37.3,46.21,21.88,5.72,81.88,2.71,26.92,0
15.63,29.48,64.98,43.31,7.41,54.79,3.08,27.0,0
25.74,32.26,69.42,18.74,8.48,148.26,4.05,30.36,1
1.41,7.95,39.47,30.84,9.81,14.4,0.87,28.34,0
4.52,40.17,47.35,30.02,5.3,24.12,0.86,35.44,0
1.4,29.69,43.61,44.32,10.29,136.99,3.24,25.33,0
8.52,38.15,47.62,41.84,2.85,26.24,1.34,20.94,0
0.0,10.13,23.84,48.81,1.79,64.47,2.13,22.51,0
32.43,75.96,90.35,28.73,3.3,184.01,3.32,19.51,1
9.7,47.8,70.02,43.89,8.62,55.47,4.53,26.15,1
7.94,53.52,64.98,38.74,15.25,141.13,5.72,31.95,1
0.59,5.75,49.96,28.28,2.84,58.3,3.7,33.28,0
2.14,26.25,31.52,26.66,24.09,107.91,1.91,29.7,0
0.0,24.03,45.27,45.65,13.82,215.8,1.61,28.09,0
0.39,9.36,24.35,28.2,3.71,43.73,0.89,22.82,0
15.63,31.03,54.07,24.52,12.3,40.6,2.5,37.58,0
0.0,21.57,58.31,44.77,9.45,40.55,4.1,25.14,0
38.58,82.84,109.49,49.88,5.45,73.34,4.46,34.93,1
18.91,38.04,87.67,41.29,11.87,32.59,3.98,28.08,1
7.73,34.36,65.12,24.94,3.09,51.04,4.34,34.44,0
0.14,3.62,43.07,12.73,14.67,198.65,4.62,26.62,0
11.77,23.91,84.62,59.09,8.01,103.82,5.35,25.16,0
10.51,23.91,80.71,35.23,8.55,57.76,4.74,27.03,1
1.32,41.33,80.57,56.41,6.87,52.53,4.82,36.78,1
9.44,50.15,107.08,45.94,26.05,47.02,5.21,36.75,1
2.87,7.91,22.44,35.04,10.12,62.64,0.29,24.51,0
0.0,9.43,130.99,34.29,6.37,12.0,5.3,24.41,0
0.0,23.01,225.96,79.03,21.32,61.74,7.94,22.58,1
18.24,32.93,97.33,40.2,8.4,225.26,4.01,29.59,0
1.93,14.56,53.23,34.2,2.76,78.79,4.32,33.75,0
0.77,12.23,55.31,41.3,6.06,194.83,5.23,30.41,0
5.92,27.38,38.16,21.32,8.27,78.22,1.29,32.34,0
0.0,21.53,62.81,49.66,3.01,19.55,2.29,37.38,0
5.0,15.34,29.89,19.57,18.78,58.45,1.4,35.02,0
6.49,18.14,33.05,32.87,15.36,76.98,2.22,25.77,0
11.4,26.78,62.89,36.53,4.36,81.02,3.65,23.32,0
0.0,18.17,28.81,42.72,9.42,21.45,1.67,26.1,0
1.24,2.18,90.81,25.42,2.99,60.79,2.3,31.87,0
6.27,14.79,67.12,26.27,12.43,76.28,2.05,23.23,0
0.0,9.81,18.0,30.69,7.4,66.41,3.09,26.47,0
7.03,21.8,36.98,12.75,8.04,121.44,1.53,19.33,0
5.89,27.08,40.12,13.44,24.01,32.44,1.96,31.51,0
0.0,9.1,30.01,21.43,12.03,54.33,1.18,30.28,0
15.26,29.21,101.16,40.39,11.79,97.92,5.45,32.63,1
0.0,2.04,66.29,21.64,10.36,37.93,3.27,22.69,0
5.21,51.03,95.08,43.71,2.45,45.25,4.1,29.86,0
32.85,37.26,85.18,45.65,1.85,144.82,4.5,27.59,1
0.18,60.98,78.4,23.04,10.26,53.07,3.11,34.15,1
9.17,29.13,39.29,38.61,5.57,37.76,1.14,24.65,0
40.44,72.73,129.4,51.35,28.0,103.56,4.64,36.61,1
10.91,26.89,78.83,39.66,2.63,158.28,4.45,24.28,0
18.77,40.5,73.21,49.89,7.81,109.64,4.76,35.24,1
0.0,21.53,83.35,45.74,10.76,59.47,7.59,31.01,0
25.56,60.27,112.67,44.66,6.0,74.76,5.24,16.36,1
0.0,23.98,54.16,33.7,4.42,34.88,1.51,30.8,0
10.05,13.98,53.66,39.38,2.98,36.91,4.08,28.72,0
4.88,7.64,30.08,29.41,0.5,21.37,2.54,29.85,0
2.7,8.99,23.4,36.34,9.18,55.02,0.2,25.85,0
1.73,17.92,45.71,42.57,15.07,34.28,1.2,27.87,0
11.21,47.04,53.94,36.64,9.25,44.03,1.82,29.81,1
0.6,9.6,16.68,24.9,6.98,56.3,3.24,29.49,0
2.0,5.92,20.95,20.38,20.3,56.74,2.77,37.55,0
10.13,16.02,51.29,36.88,10.05,74.77,2.98,23.07,0
18.01,81.6,129.31,58.73,23.48,27.88,5.48,28.31,1
4.04,37.65,66.46,42.62,3.9,68.38,4.58,21.28,0
26.54,32.32,43.59,14.68,9.34,60.3,3.35,26.28,0
6.43,18.77,54.48,43.51,3.13,65.89,2.17,26.74,0
5.57,23.34,35.24,25.97,11.88,17.64,3.19,25.71,0
59.11,82.99,106.51,45.29,12.06,291.32,6.11,26.69,1
8.42,104.99,118.72,36.3,20.17,33.63,5.56,28.84,1
36.07,52.31,152.82,47.48,5.31,40.97,4.47,23.94,1
55.01,62.71,97.71,20.18,12.57,16.11,4.2,27.01,1
0.0,47.23,60.51,31.61,3.04,84.8,1.73,24.26,1
0.54,69.74,116.5,34.17,5.25,132.91,3.34,29.95,0
0.0,14.5,28.81,13.88,7.33,18.17,0.72,23.93,0
12.18,37.24,75.23,52.99,9.98,50.81,5.43,28.89,0
12.39,28.33,47.66,29.71,8.14,66.57,1.85,26.57,0
1.44,26.96,58.21,50.64,15.1,83.66,1.52,32.05,0
0.0,31.04,101.24,39.43,2.81,287.46,3.18,23.02,0
8.97,30.29,59.21,37.93,3.49,190.66,3.59,28.62,1
0.0,42.99,134.29,49.35,18.55,48.13,6.63,25.0,0
3.49,24.48,55.2,27.99,1.61,15.6,2.3,30.19,0
12.96,20.39,36.11,35.35,8.0,47.81,4.26,28.6,0
6.19,46.47,64.23,52.53,32.66,52.06,3.78,34.66,1
17.86,60.61,81.37,41.95,16.64,34.84,3.24,27.0,1
3.12,4.34,19.66,25.16,7.35,34.59,1.36,31.84,0
0.71,74.72,113.14,45.53,13.89,22.23,4.18,22.44,1
0.01,6.72,49.17,39.39,10.35,60.23,2.76,26.02,0
12.58,27.14,43.01,28.95,11.99,61.34,2.52,26.29,0
4.34,16.44,33.32,27.53,13.13,20.57,3.12,33.95,0
0.52,8.94,108.3,39.17,8.09,53.0,3.44,36.49,0
8.43,31.2,46.89,35.64,2.49,365.91,2.71,31.18,0
0.0,4.73,27.93,40.61,4.31,37.11,1.92,31.55,0
5.44,24.2,87.88,40.07,3.49,99.62,5.02,29.25,0
7.4,40.23,86.97,44.18,5.42,68.64,3.76,24.26,0
8.82,25.55,46.14,35.97,8.03,109.15,4.31,18.83,1
26.7,74.25,102.64,21.43,17.45,77.47,5.17,26.83,1
2.78,7.36,64.59,32.91,2.46,23.03,1.09,32.55,1
7.55,19.38,55.85,14.79,9.96,145.23,1.42,24.1,0
9.26,16.8,73.51,27.58,6.51,59.78,2.68,12.0,0
4.43,35.03,76.91,21.45,4.28,12.79,4.31,25.26,0
0.0,17.64,85.94,37.3,8.01,151.28,5.38,29.38,0
13.97,26.52,93.16,33.44,8.68,678.83,3.39,38.67,1
0.0,33.53,72.02,37.96,11.08,172.28,1.5,32.27,0
0.0,56.24,104.85,47.35,5.93,29.5,2.96,39.82,0
2.61,27.61,35.84,26.69,6.63,41.98,2.32,42.55,0
0.0,37.73,81.1,31.93,10.37,151.96,3.2,28.73,0
5.41,6.32,22.61,28.52,10.23,45.87,2.48,29.15,0
19.7,45.49,59.21,38.42,11.06,163.59,3.07,35.1,1
37.25,123.52,168.11,43.03,3.54,48.29,4.99,35.31,1
4.57,30.18,41.61,23.45,20.65,144.07,1.91,27.44,0
8.35,34.77,81.74,46.43,5.25,233.76,3.49,32.71,0
5.37,28.06,115.97,50.37,9.92,69.39,4.34,18.78,1
4.15,19.27,72.04,45.69,2.91,33.07,3.59,23.09,0
4.2,17.21,71.17,41.63,6.14,26.32,5.41,36.2,0
31.27,47.61,83.06,34.57,9.13,79.47,4.19,25.01,0
0.0,24.49,34.72,13.09,12.76,71.19,2.95,27.81,0
15.3,21.82,25.95,29.49,12.62,159.19,0.57,19.71,0
0.14,16.34,19.14,43.06,3.53,55.25,2.01,31.24,0
3.26,40.35,52.86,35.59,4.42,109.46,6.53,24.03,0
0.0,16.4,31.87,25.41,2.22,65.17,2.55,30.28,0
0.0,12.67,52.4,17.56,13.85,20.67,2.92,33.76,0
17.96,42.3,58.79,19.63,16.91,45.78,2.32,23.97,1
0.93,3.97,50.89,30.12,3.88,24.29,3.19,33.99,0
5.1,20.07,51.89,31.83,9.4,52.46,3.26,35.39,0
9.8,15.79,48.2,26.57,27.98,39.73,4.87,36.69,0
26.62,47.0,58.73,40.57,7.01,17.34,4.0,19.18,1
0.0,11.02,24.9,23.81,7.69,42.78,3.0,30.3,0
28.3,53.17,85.3,28.26,10.42,73.1,2.7,25.92,1
7.16,22.43,37.9,40.19,16.58,30.43,2.08,27.23,0
6.73,34.33,49.3,33.91,8.18,54.73,2.08,30.93,0
2.72,21.45,84.7,36.82,14.74,84.38,2.31,26.28,0
1.85,7.38,31.66,22.31,11.71,34.28,1.42,28.42,0
0.0,6.13,15.19,16.95,7.26,97.18,0.56,29.29,0
21.23,25.46,60.78,22.92,1.38,47.91,3.77,27.79,1
0.0,22.16,30.3,30.5,4.75,15.87,1.9,26.7,0
1.22,13.46,41.26,34.46,2.85,41.77,2.1,26.24,0
18.01,30.84,91.34,30.86,15.63,108.28,2.85,25.12,0
4.02,37.81,51.73,27.79,7.22,41.88,2.21,29.77,0
0.0,38.24,48.26,28.91,16.23,137.05,4.65,24.82,0
14.22,33.16,44.66,26.6,3.48,38.87,4.95,35.25,0
1.9,7.39,33.44,22.67,22.88,50.48,3.26,27.11,0
1.16,20.53,47.18,35.59,8.94,38.74,3.1,30.42,0
0.0,41.87,77.51,31.68,10.55,50.26,2.82,28.19,0
1.55,10.12,67.38,37.31,5.6,47.58,3.47,21.7,0
2.56,36.71,64.68,33.08,7.17,40.63,4.54,30.42,0
9.54,48.62,56.4,32.33,8.02,18.14,1.42,28.5,1
0.44,44.32,88.27,33.25,3.47,52.17,2.36,25.46,0
21.85,42.53,56.29,18.58,15.72,22.32,3.23,30.84,0
18.52,43.26,63.84,29.8,1.46,21.27,3.79,16.97,0
18.52,27.79,40.32,28.86,2.74,78.37,3.35,30.44,0
6.46,16.81,68.15,33.4,5.19,93.5,1.53,25.86,1
13.2,28.37,129.2,36.53,6.03,54.68,4.54,15.92,1
11.87,13.19,29.28,21.58,15.19,52.67,2.21,31.65,0
16.51,20.9,44.1,38.32,8.95,61.5,2.33,32.3,0
18.18,42.81,46.49,19.57,2.66,34.62,1.86,28.55,1
12.46,52.89,105.2,49.24,3.91,93.2,3.8,24.39,1
12.76,23.28,46.39,21.87,3.2,59.92,3.41,19.33,0
11.47,15.04,31.74,34.09,13.15,121.12,0.45,28.94,0
12.79,34.69,79.48,38.44,8.56,7.94,4.86,26.61,1
5.63,17.35,35.55,5.0,4.04,78.14,1.36,32.27,0
1.27,15.22,26.7,47.11,18.13,256.11,2.22,32.39,0
0.0,14.54,79.23,52.11,9.59,66.3,3.84,28.58,0
0.0,9.02,68.97,21.91,29.6,13.27,4.23,27.08,0
0.0,6.77,11.58,32.55,5.38,21.64,3.92,28.45,0
17.07,77.9,105.01,35.99,8.17,71.98,5.85,17.39,1
25.01,57.25,72.57,23.45,7.97,43.69,2.38,16.91,1
12.11,41.83,67.79,25.69,4.64,19.57,1.93,16.27,1
7.37,7.66,26.25,29.19,9.59,16.36,0.88,33.63,0
4.23,10.21,114.0,41.47,8.09,113.13,2.37,27.61,1
1.03,29.11,57.25,39.31,7.67,23.27,3.3,32.01,0
1.03,4.55,20.45,32.29,5.53,21.94,3.08,34.57,0
6.17,22.81,23.85,33.0,17.2,73.71,3.68,21.43,0
12.02,29.21,42.33,42.25,6.71,50.64,4.1,24.16,0
5.29,16.29,140.56,48.38,12.9,73.05,4.97,32.81,0
43.35,65.93,98.86,37.28,5.99,27.2,3.67,29.2,1
7.07,16.5,58.65,35.42,8.04,118.58,1.4,25.82,0
0.0,9.43,21.47,45.23,14.6,125.69,1.71,27.43,0
31.48,36.82,47.38,33.16,4.89,48.31,2.36,29.16,1
4.85,48.96,71.59,27.03,11.55,41.41,3.0,29.82,1
24.85,31.19,110.7,38.87,9.26,99.16,4.74,23.53,0
0.0,10.32,18.58,22.97,3.72,118.83,4.31,31.34,0
0.41,15.79,47.82,40.32,13.63,62.62,2.42,23.88,0
0.0,11.79,31.44,22.32,7.46,52.96,3.06,31.31,0
16.61,61.05,93.17,40.91,18.51,137.23,3.05,30.04,0
21.11,54.61,154.19,54.56,4.99,251.35,5.28,34.14,1
10.32,25.15,35.13,42.17,10.5,96.68,1.54,23.43,0
7.84,22.63,32.8,27.34,10.66,89.25,2.4,29.06,0
0.0,7.89,29.1,37.18,9.09,54.22,1.53,30.7,0
0.8,1.63,132.94,53.0,3.31,47.5,6.18,23.85,0
1.4,4.77,11.39,15.41,9.25,127.55,0.2,30.51,0
0.0,43.26,56.36,33.63,1.49,61.98,4.45,28.58,0
4.47,29.37,70.04,36.32,17.74,194.72,3.89,30.6,0
10.63,20.21,44.43,55.67,10.88,88.57,4.46,25.01,0
14.8,37.04,89.96,47.57,17.56,177.5,2.5,30.11,0
11.52,85.3,175.56,58.99,9.21,14.73,5.01,21.69,1
3.08,30.35,61.84,21.67,15.41,67.78,2.05,33.89,0
1.75,6.86,61.75,31.13,9.38,12.37,1.99,28.66,0
3.47,16.84,50.04,14.84,10.15,177.16,3.56,34.94,0
4.26,27.27,29.16,11.87,3.06,115.29,0.29,26.9,0
0.0,40.03,54.3,33.09,7.43,48.67,3.36,26.36,0
2.02,18.64,55.83,25.35,5.88,141.25,2.0,25.64,0
1.16,14.92,66.63,33.13,9.5,21.59,3.25,22.96,0
28.09,37.51,59.32,40.51,10.01,10.5,3.54,29.22,1
16.19,20.02,45.94,22.4,7.19,46.41,5.28,20.91,1
10.5,39.83,54.6,36.62,4.73,99.6,2.13,26.45,0
0.02,13.25,38.41,35.3,6.91,34.91,2.91,25.72,0
13.1,16.79,31.68,33.98,4.03,16.11,2.06,19.08,0
0.67,8.79,22.28,34.82,3.28,55.08,2.94,22.57,0
13.26,32.91,43.01,35.89,9.77,93.47,2.55,19.86,1
3.27,20.24,32.8,31.46,6.26,120.71,1.91,28.86,0
19.21,45.31,114.82,36.41,11.58,67.86,4.78,36.27,1
0.0,10.2,21.29,21.99,2.39,25.09,3.35,26.75,0
12.56,27.85,47.95,9.42,8.2,34.26,3.31,29.19,1
20.9,23.7,47.8,46.22,2.92,56.57,4.57,23.9,0
3.63,12.48,38.93,52.47,7.89,166.14,4.24,21.76,0
3.16,37.13,70.63,32.62,10.49,34.36,4.64,28.15,0
5.18,24.09,29.13,29.69,6.45,24.05,0.78,25.14,0
10.36,22.44,50.65,40.84,25.52,106.3,2.12,15.27,0
1.54,30.08,82.27,40.33,7.69,37.27,3.88,33.08,0
0.87,21.7,85.55,37.67,15.03,95.39,4.5,39.59,0
32.04,67.83,109.73,45.81,5.64,150.49,3.85,28.01,1
2.85,7.7,16.54,44.87,2.53,18.22,0.39,28.61,0
4.71,26.54,49.09,32.31,7.21,105.66,3.14,15.15,1
2.18,20.63,29.9,33.16,5.72,31.98,3.06,26.86,0
11.36,44.3,73.94,32.74,8.07,24.68,2.21,27.2,1
1.15,9.24,32.98,30.38,19.3,71.8,1.88,27.79,0
4.11,27.89,59.23,42.79,6.95,55.15,1.63,26.97,0
17.17,17.35,24.41,28.48,9.07,17.76,2.82,22.46,0
14.92,46.31,74.99,29.19,4.9,84.36,2.83,28.63,1
2.74,28.68,92.15,24.85,8.33,74.5,4.56,29.92,0
5.39,11.45,57.27,25.94,4.67,70.83,4.14,43.0,0
0.18,15.49,37.74,44.37,12.6,59.99,3.6,26.77,0
5.38,10.36,55.45,32.18,6.13,64.53,1.47,29.13,0
37.54,56.01,87.87,23.13,5.77,108.11,2.85,31.06,1
13.86,44.09,75.08,20.59,14.54,69.96,0.31,30.61,1
0.16,28.79,101.14,45.25,1.37,26.33,3.91,27.68,0
0.0,21.7,53.15,17.63,2.61,58.26,3.52,36.24,0
0.24,3.32,20.06,15.56,5.59,84.71,0.68,24.36,0
0.0,24.3,43.11,35.15,3.11,44.31,4.13,26.34,0
4.17,27.34,54.77,46.22,9.13,205.8,4.35,31.59,0
18.7,46.68,59.11,41.22,9.97,85.7,3.44,27.93,1
4.25,11.67,14.47,14.74,2.65,77.27,2.04,25.17,0
1.21,11.3,20.95,34.2,5.2,94.23,1.28,35.16,0
2.87,67.69,98.74,52.03,9.74,54.47,2.92,35.13,0
10.07,14.79,58.54,25.4,6.08,98.53,1.89,35.89,0
6.65,26.37,126.5,48.82,15.76,85.97,6.67,23.6,1
0.32,7.36,21.48,38.72,12.96,62.7,1.06,42.17,0
13.94,27.46,93.17,46.95,7.07,70.1,5.3,37.53,1
0.0,15.14,66.15,18.7,8.9,58.3,4.84,19.7,0
6.02,29.88,51.7,26.43,14.1,108.58,3.52,27.65,0
2.09,19.25,80.15,35.06,8.95,32.44,1.95,23.1,0
3.65,5.08,47.13,30.92,3.79,47.6,5.21,22.32,0
0.0,7.87,8.61,23.8,20.14,15.69,1.67,25.6,0
5.48,17.95,31.96,17.79,9.18,122.27,1.94,30.79,0
0.0,31.03,52.9,26.79,2.79,134.47,1.88,32.5,0
1.72,11.91,28.11,23.03,11.45,35.98,2.66,28.4,0
3.26,19.4,29.69,31.27,10.95,18.83,3.64,21.89,0
0.38,19.64,38.78,26.52,2.86,95.89,3.11,17.89,0
22.08,40.67,73.53,34.91,17.0,76.05,3.54,31.63,1
1.71,18.15,26.11,10.82,2.2,106.59,2.31,28.82,0
2.84,8.97,16.09,33.71,5.09,107.32,1.23,30.97,0
5.2,15.4,47.02,32.46,4.63,27.09,3.06,34.08,0
0.0,29.49,49.84,37.28,3.8,92.44,4.35,26.39,0
0.0,33.92,45.29,25.18,8.15,70.4,3.13,33.65,0
3.26,40.38,53.9,32.9,5.07,154.12,3.9,27.95,1
0.0,8.82,54.71,34.74,18.56,29.85,1.17,23.93,0
7.98,19.44,27.37,26.17,12.38,155.01,2.93,27.97,0
8.47,30.01,137.77,46.73,15.21,65.83,4.6,30.29,0
7.97,61.94,128.77,52.86,19.91,83.52,5.14,29.31,1
12.82,91.66,170.64,51.63,4.11,15.81,5.88,23.63,1
3.24,12.04,26.56,36.46,10.51,40.84,2.52,30.34,0
22.69,30.35,61.69,40.9,4.98,148.3,3.39,31.72,1
6.99,10.84,33.56,15.91,8.83,46.46,1.41,22.98,0
20.98,45.8,78.54,47.01,5.19,129.85,4.4,21.1,0
12.18,15.39,49.74,30.85,2.51,23.69,3.8,23.04,0
3.46,26.27,91.23,45.86,8.66,86.04,4.45,28.59,0
6.92,30.22,39.1,32.75,6.32,33.03,3.05,26.1,0
9.98,58.11,123.59,37.33,8.98,230.12,3.47,29.3,0
0.0,7.42,22.48,5.0,7.03,221.85,0.45,28.01,0
0.0,1.4,10.06,49.78,6.24,133.03,4.69,32.86,0
26.94,31.14,42.02,24.48,2.56,184.8,1.1,23.64,0
9.87,22.49,42.21,28.28,14.9,95.78,2.47,24.42,0
16.66,23.93,70.1,24.18,14.12,583.2,3.42,30.69,1
3.16,13.51,39.47,21.54,6.5,59.72,1.16,13.21,0
21.38,50.54,61.7,32.7,8.21,79.46,2.0,28.47,1
3.53,14.36,53.41,24.99,6.61,70.25,3.18,28.0,0
9.77,21.13,35.24,25.05,3.6,39.53,4.33,32.37,0
24.32,43.56,91.09,37.36,6.9,20.0,2.25,32.45,1
11.27,20.09,33.76,37.77,6.7,48.61,0.56,22.09,0
0.0,23.09,34.83,33.17,8.43,57.9,0.51,29.48,0
4.0,34.11,37.0,18.33,7.13,105.7,2.48,23.91,0
7.3,14.95,34.94,40.56,4.38,64.13,2.49,35.86,0
10.58,56.08,93.69,32.92,15.06,427.42,2.23,22.43,1
18.99,22.45,56.53,18.41,10.15,19.2,2.4,30.53,1
10.68,15.13,87.36,40.04,7.75,65.8,5.84,25.17,0
4.32,15.79,43.51,26.65,14.71,48.91,2.7,30.15,0
2.89,7.69,39.06,7.17,7.7,148.92,0.2,35.46,0
3.22,22.44,88.73,34.72,11.05,195.89,4.72,35.52,0
1.8,76.1,107.74,50.79,9.62,41.8,6.81,30.31,1
1.57,13.16,72.87,36.95,3.88,124.2,3.11,22.99,0
16.3,27.23,50.92,20.71,8.77,68.81,6.15,31.08,0
5.99,10.45,44.9,36.26,5.4,76.5,1.89,19.49,0
1.9,87.84,112.18,47.88,2.14,70.11,4.52,28.59,1
4.99,49.93,70.93,37.5,5.63,78.81,3.76,32.01,0
2.24,35.68,90.66,54.02,13.22,31.2,2.09,26.47,1
0.0,13.77,30.94,41.55,45.0,79.47,2.06,27.96,0
10.83,47.71,125.91,51.49,6.65,50.51,5.61,19.98,0
17.37,42.49,49.02,22.31,5.53,78.28,1.98,43.0,0
14.39,23.28,66.03,39.1,8.84,98.39,4.9,17.65,0
13.48,97.82,108.78,42.21,1.46,137.06,5.41,25.0,1
0.0,1.8,7.44,22.35,6.36,171.14,0.2,29.51,0
21.28,33.77,97.21,37.83,5.99,57.71,5.25,18.96,1
1.36,9.34,40.69,6.73,4.41,36.11,3.06,35.82,0
0.0,0.57,27.86,30.92,0.6,51.65,2.15,38.19,0
7.09,8.86,24.65,26.93,5.02,174.93,2.0,25.76,0
21.79,75.96,165.88,35.67,11.58,63.34,7.43,18.73,1
18.94,29.23,36.69,22.93,8.8,32.37,0.2,28.46,0
5.25,18.28,64.04,13.15,0.81,66.54,4.07,27.43,0
15.79,26.38,50.34,42.97,2.21,41.13,4.13,32.62,1
38.68,49.73,93.0,58.5,12.66,41.92,5.95,31.15,1
2.57,4.19,40.49,32.16,2.4,36.22,3.13,27.87,0
9.35,30.85,42.43,31.97,2.82,89.58,4.41,23.77,0
22.2,46.06,58.78,22.2,9.28,57.51,2.64,34.28,1
0.0,9.3,38.43,38.28,4.87,128.59,3.89,22.85,0
0.0,30.2,49.74,22.78,17.83,22.32,2.91,30.32,0
25.63,80.55,115.23,36.45,4.39,60.8,3.8,31.87,1
16.25,18.23,68.98,17.07,7.52,39.49,3.17,27.52,1
0.97,14.5,72.36,36.61,11.9,239.74,3.19,26.3,0
0.0,21.33,31.68,21.04,11.41,236.3,3.91,25.59,0
6.79,9.1,32.6,10.54,1.34,16.42,3.08,29.71,0
1.05,46.55,98.05,27.76,6.51,334.31,2.63,23.92,0
1.13,28.73,46.24,48.32,6.71,44.16,3.03,28.92,0
0.0,27.99,59.27,42.11,17.41,54.94,2.29,21.31,0
5.52,51.14,91.37,46.74,2.08,19.05,2.93,23.12,1
0.0,13.21,31.12,10.87,3.86,95.4,2.24,20.91,0
11.06,24.58,27.07,31.05,7.61,16.58,2.77,26.56,0
19.53,36.57,73.24,41.59,21.79,62.3,5.26,27.93,0
7.2,30.16,105.5,49.42,3.07,74.58,4.14,21.11,1
16.17,40.23,66.41,34.17,4.78,75.99,4.46,28.07,0
4.0,10.38,57.22,34.88,11.61,185.17,4.05,26.47,0
0.51,4.79,16.28,29.61,16.36,58.58,2.4,24.03,0
2.63,28.4,52.53,43.08,4.31,77.66,3.01,25.58,0
0.0,24.1,32.56,24.61,3.02,35.56,1.01,33.04,0
1.36,38.88,62.83,36.36,2.87,63.7,5.69,20.55,1
3.67,36.07,57.5,52.1,7.42,172.05,3.99,22.61,0
5.18,8.36,23.45,30.17,4.9,119.82,3.5,28.51,0
16.69,21.07,62.43,34.23,6.44,197.83,3.39,28.48,1
22.99,30.27,39.61,48.21,11.36,133.0,3.39,26.25,1
6.82,25.84,29.3,29.69,13.1,51.94,2.24,21.18,0
0.0,42.98,85.54,48.69,7.94,209.02,3.13,26.54,1
0.0,19.01,28.82,42.27,7.74,83.75,2.74,26.58,0
1.44,16.42,34.23,26.55,3.69,89.49,2.55,26.88,0
0.72,5.39,16.38,31.22,1.18,33.5,0.66,32.03,0
7.02,21.4,46.83,31.61,12.25,238.36,4.48,26.11,0
0.0,27.58,36.96,20.66,19.33,24.91,0.3,16.96,0
23.52,34.84,92.25,29.88,6.42,10.16,4.32,31.1,1
14.1,23.89,67.49,41.56,10.45,36.73,4.31,24.18,0
17.31,52.48,144.76,53.74,3.16,108.97,5.32,14.38,1
1.23,24.5,112.37,47.88,14.35,68.28,4.6,27.68,0
0.0,32.27,43.39,30.77,0.68,26.44,3.04,20.76,0
0.99,8.62,21.54,19.03,7.56,39.98,5.0,31.38,0
5.77,58.09,99.53,59.24,13.62,109.18,4.41,25.96,1
4.9,14.25,103.52,33.9,21.63,20.42,3.49,32.26,0
21.32,34.21,61.67,38.4,6.12,33.73,3.17,29.69,0
25.14,50.81,96.84,33.75,8.87,179.7,3.26,33.74,1
6.22,15.66,60.82,30.1,3.93,37.08,0.2,31.4,0
0.0,20.68,52.83,28.37,5.43,124.13,1.61,18.45,0
3.0,24.25,91.94,39.65,4.57,20.25,4.33,28.45,0
54.58,68.29,76.61,41.34,3.49,60.92,5.55,15.82,1
0.0,22.11,39.22,37.95,3.81,82.31,2.65,30.26,0
7.4,18.37,31.28,16.27,9.73,23.1,1.74,32.92,0
0.97,24.22,74.44,23.38,9.24,78.7,2.82,25.19,0
35.24,62.91,68.83,31.41,17.03,59.99,5.03,28.18,1
8.28,24.85,30.26,28.83,17.93,59.98,3.93,37.29,0
1.01,31.41,49.57,25.35,4.92,127.07,0.93,30.24,0
2.15,10.0,26.12,31.46,10.32,49.6,1.22,34.43,0
7.26,24.28,68.16,34.31,15.38,27.38,2.24,27.1,0
7.55,65.14,124.46,36.96,9.76,230.38,4.8,29.15,1
0.0,16.71,35.98,38.18,12.53,182.42,1.44,28.27,0
10.89,24.75,26.58,32.94,37.6,59.98,1.93,16.92,0
24.83,30.31,60.8,37.09,6.63,114.5,2.22,17.43,1
0.0,8.45,19.42,24.61,5.06,54.15,0.87,31.73,0
10.61,26.2,33.67,23.72,5.71,55.72,4.5,39.79,0
10.92,46.49,113.16,52.77,25.7,59.39,1.91,30.57,0
6.27,35.44,58.64,34.48,12.26,83.21,4.14,39.3,0
6.86,13.72,23.98,17.42,31.02,54.06,1.77,24.67,0
1.96,23.28,43.46,38.54,17.9,147.63,3.04,33.04,0
8.05,24.81,44.26,50.56,9.08,35.55,2.79,36.91,0
13.87,31.71,103.09,34.22,12.59,80.45,6.22,28.65,1
0.06,27.69,37.14,31.08,6.76,95.73,3.46,30.62,0
1.05,26.49,36.33,29.53,6.73,77.63,3.05,28.25,0
0.59,24.75,79.58,43.74,4.12,82.34,6.32,19.32,0
8.8,34.27,136.4,46.29,8.32,25.77,4.91,27.77,0
7.34,9.19,25.44,23.76,10.06,61.76,2.33,23.89,0
0.26,59.35,62.59,40.9,8.22,108.36,3.54,28.85,0
4.71,22.11,41.3,35.16,7.63,23.41,1.3,27.39,0
4.95,33.72,99.04,52.7,4.49,43.24,5.26,24.25,0
8.23,43.84,60.79,46.49,24.82,138.78,4.18,25.76,0
2.52,12.38,42.16,29.79,9.23,28.45,3.81,37.01,0
18.13,33.04,64.04,42.92,12.38,71.37,4.43,28.04,1
8.36,44.15,58.55,41.6,13.84,85.23,2.92,26.08,1
17.82,61.03,74.08,47.13,5.7,36.09,3.68,19.4,1
8.1,25.07,61.86,35.96,3.28,111.75,2.73,17.99,0
9.01,11.97,23.56,14.59,9.55,450.7,4.18,29.32,0
7.33,14.79,17.3,17.71,5.59,62.81,1.24,31.54,0
4.53,15.68,148.88,43.97,1.31,108.61,5.97,25.12,0
19.7,40.51,55.42,28.4,12.46,74.22,3.28,28.35,0
17.05,39.46,48.7,39.18,11.66,53.11,0.41,32.83,0
21.73,51.2,93.64,43.39,9.3,57.17,1.7,28.51,1
1.15,35.44,107.57,44.41,16.91,15.66,6.57,21.28,0
5.08,17.51,36.55,32.3,37.46,163.3,1.69,28.46,0
23.71,57.67,110.05,37.04,3.02,89.53,5.29,27.0,1
1.05,49.43,63.63,51.15,12.13,180.45,3.51,40.63,0
19.83,43.65,46.13,34.6,9.81,86.68,1.79,30.4,1
17.76,23.64,56.57,35.18,24.86,59.66,2.7,24.12,0
4.83,23.61,49.76,32.34,9.42,83.8,4.09,31.28,0
29.45,68.46,73.85,24.87,2.56,20.6,3.37,23.2,1
18.52,22.47,28.47,40.27,3.96,174.3,6.39,30.29,0
0.0,6.17,22.78,34.61,11.85,74.6,1.37,29.37,0
25.48,31.85,81.69,56.84,10.55,44.41,5.07,27.56,1
4.84,30.16,45.43,38.89,9.22,83.82,3.57,33.04,0
8.78,16.94,49.48,39.62,3.21,69.52,2.03,30.25,0
8.84,9.13,68.08,31.17,9.53,41.34,2.51,29.67,0
11.54,50.81,102.66,44.35,4.84,70.62,3.07,25.48,0
24.19,40.22,86.92,44.31,7.92,88.59,2.61,37.33,0
8.64,68.42,98.08,23.27,8.51,105.59,2.66,33.94,1
4.33,32.66,153.76,66.0,3.0,51.83,6.01,28.3,1
0.16,16.59,28.45,34.06,25.5,33.75,0.2,20.58,0
2.22,33.43,38.12,42.03,5.27,91.99,1.68,34.54,0
17.3,24.62,37.53,41.15,9.87,57.12,2.7,20.77,0
21.12,42.78,89.97,30.67,2.84,32.0,3.7,28.39,1
2.83,24.17,88.38,32.4,5.27,83.87,3.47,24.19,0
14.11,29.06,34.81,29.25,6.3,99.22,2.48,21.69,0
1.78,6.41,37.94,28.29,3.75,23.98,1.2,19.02,0
0.0,20.68,39.96,34.22,8.21,23.8,2.4,26.41,0
0.0,19.92,21.75,37.37,6.64,145.84,4.38,34.64,0
18.89,28.27,42.91,16.76,6.27,79.72,3.0,32.87,1
0.0,4.15,32.17,27.44,4.41,7.75,1.27,25.19,0
12.86,21.04,29.77,38.29,2.11,61.12,1.85,35.58,0
7.83,59.07,99.22,26.45,4.65,179.82,4.96,30.32,1
20.03,30.13,61.29,40.26,3.29,74.69,3.2,27.04,0
6.76,27.32,55.75,43.7,5.99,37.62,2.48,25.84,0
10.25,29.9,38.31,22.29,2.91,180.14,2.26,18.63,0
7.58,22.1,46.2,35.12,10.82,437.3,2.69,31.13,0
8.91,62.01,69.48,42.45,8.18,57.81,3.28,30.23,1
5.35,32.23,43.17,36.26,11.67,22.37,2.07,30.18,0
10.48,35.04,69.24,42.86,4.79,113.07,2.06,25.11,0
3.5,20.23,134.67,50.0,5.67,27.96,5.11,28.08,0
16.12,26.13,30.5,32.62,4.44,78.9,2.71,32.25,0
6.6,23.86,47.03,35.02,19.98,91.46,3.0,28.77,0
14.9,42.28,64.5,44.58,27.7,55.69,3.05,22.16,1
1.12,32.9,61.31,29.79,10.29,98.09,4.71,29.24,0
2.96,30.45,66.47,42.5,9.61,20.79,2.16,33.7,0
0.0,1.46,19.86,16.67,9.68,107.76,0.2,23.54,0
9.11,12.06,63.64,22.83,11.33,19.91,0.72,30.02,1
8.62,21.94,45.72,9.33,9.33,39.83,0.6,25.16,0
2.1,4.97,20.9,23.38,8.23,31.91,2.83,27.78,0
5.75,12.69,65.0,27.12,14.73,25.23,2.72,24.3,0
0.09,5.14,24.89,27.23,16.61,107.19,1.75,27.16,0
17.75,31.63,78.71,38.77,13.19,220.35,3.53,19.06,0
17.18,34.07,87.83,32.41,4.97,226.82,2.99,12.0,0
5.36,9.8,32.79,37.41,4.78,110.29,1.64,23.03,0
4.0,46.59,49.57,37.43,3.97,24.64,3.5,28.52,0
0.0,21.83,54.39,23.19,7.18,150.83,2.43,27.76,0
14.46,30.61,96.07,21.86,17.18,68.46,2.5,34.48,1
0.68,31.06,61.78,34.24,6.57,456.42,2.66,31.96,0
15.76,31.54,74.76,27.84,1.49,55.78,4.18,19.27,1
0.0,23.02,37.84,40.23,22.05,35.1,2.74,33.35,0
0.0,10.32,38.04,36.11,17.89,63.85,4.0,18.26,0
0.0,7.47,33.76,25.42,11.55,62.79,2.82,31.68,0
0.52,5.75,34.24,33.86,10.11,37.87,2.27,34.79,0
46.49,64.09,115.05,44.87,14.63,18.16,5.0,25.99,1
4.45,25.57,27.82,38.72,5.85,318.85,1.79,31.73,0
12.24,78.72,88.21,32.5,13.77,36.58,3.95,28.87,1
0.0,1.37,62.8,58.98,2.52,18.34,4.04,17.61,0
1.15,17.06,48.9,37.85,3.87,63.13,2.12,28.7,0
32.46,63.48,118.33,45.49,11.34,17.48,4.9,26.97,1
4.72,11.72,31.83,34.95,8.69,54.67,3.91,39.17,0
6.99,43.53,76.67,33.34,18.31,66.51,3.63,26.36,0
9.82,40.85,73.44,35.43,5.33,27.75,2.91,24.66,0
28.89,67.31,120.9,35.71,7.05,36.32,6.55,30.14,1
18.87,42.91,53.12,42.49,11.05,89.87,2.99,24.16,1
22.69,30.29,82.02,36.33,0.68,26.43,6.07,26.88,1
11.02,27.62,37.21,30.39,5.71,27.14,2.87,27.87,1
3.45,36.98,124.1,42.42,12.74,111.57,4.96,32.26,0
8.24,16.6,29.06,27.48,13.39,28.55,2.74,19.97,0
0.0,3.03,55.26,27.25,10.47,25.65,4.6,26.95,0
0.0,4.48,36.57,29.14,4.07,94.74,0.73,32.56,0
7.07,34.52,111.44,19.46,14.01,51.42,1.34,27.8,0
1.96,10.99,36.22,41.82,9.66,81.66,0.76,18.87,0
0.04,21.66,44.73,29.71,3.84,62.54,1.83,30.11,0
3.41,33.6,55.4,28.55,9.13,66.67,2.73,32.01,0
3.93,15.06,37.41,40.3,4.2,39.18,3.22,31.82,0
0.0,5.8,37.43,47.21,4.5,53.94,1.7,20.84,0
10.36,16.84,81.57,26.07,11.48,129.28,3.34,20.65,0
21.39,81.87,122.15,56.1,12.9,50.25,5.35,30.13,1
0.0,6.96,37.54,19.82,4.99,23.51,2.0,36.94,0
0.0,22.86,48.78,33.9,2.41,21.77,2.6,31.96,0
4.98,37.19,103.39,54.76,16.42,40.36,4.23,32.5,1
0.0,21.75,65.09,26.48,4.85,311.99,6.08,27.11,0
5.17,19.06,59.65,26.74,6.94,73.74,2.64,20.7,0
18.84,34.53,87.84,50.61,4.78,24.69,6.83,29.66,1
0.0,19.04,56.1,9.82,5.67,47.26,3.75,30.35,0
27.2,30.48,46.99,45.36,13.95,20.44,3.65,27.59,1
2.51,27.98,54.89,21.86,3.33,37.39,2.42,21.76,0
3.34,57.61,171.94,55.49,10.56,30.65,7.0,28.85,1
1.5,1.61,19.46,15.96,12.61,37.33,0.2,28.3,0
13.83,22.06,36.16,29.95,10.1,65.8,1.73,40.13,0
6.27,22.18,33.03,24.51,8.11,89.81,1.01,27.36,0
2.83,44.21,58.81,30.04,8.75,211.49,4.54,35.44,1
0.64,51.37,115.93,35.57,5.33,69.39,5.94,21.83,0
7.75,8.84,24.7,31.54,0.51,41.74,2.47,38.72,0
22.85,52.68,144.1,43.74,13.37,12.98,4.67,18.31,0
3.36,51.01,82.77,43.57,15.94,28.05,2.47,22.62,0
6.02,8.07,64.82,37.68,7.45,87.72,4.4,32.78,0
0.0,23.17,29.03,29.06,4.27,48.03,2.02,30.46,0
5.92,53.79,62.66,39.28,8.59,29.78,3.79,21.4,0
47.01,59.3,129.51,46.42,9.49,95.65,5.23,31.04,1
0.0,20.82,34.74,12.84,8.33,61.43,1.26,21.88,0
8.6,20.07,31.77,33.39,5.03,25.39,1.91,28.02,0
1.78,25.05,101.86,36.55,6.18,177.55,5.86,20.7,1
0.0,35.07,93.42,30.93,2.15,59.48,2.34,25.52,0
2.46,42.46,79.2,26.71,2.83,38.36,1.66,29.35,1
38.19,46.98,69.02,28.33,7.11,72.93,2.68,23.96,1
8.43,12.93,94.37,45.29,9.33,103.57,5.03,25.64,0
7.32,30.46,66.71,17.53,17.46,77.51,2.75,28.37,0
0.0,27.56,67.49,40.93,6.6,188.64,4.19,32.88,0
17.3,21.31,40.25,18.98,4.71,34.75,2.98,20.2,0
24.37,37.35,70.63,36.09,21.34,41.98,2.62,33.99,1
23.49,69.57,90.4,55.99,8.38,177.63,3.06,41.56,1
16.13,28.84,66.56,38.82,10.08,32.74,2.67,29.4,1
0.3,37.98,135.43,41.75,0.26,34.65,7.72,24.78,0
0.0,9.62,29.51,14.23,3.15,19.41,3.2,31.41,0
0.0,37.65,56.9,36.48,7.78,31.85,2.09,20.01,0
0.0,16.2,44.69,24.81,8.17,24.77,3.02,29.57,0
8.07,21.63,42.37,25.15,13.93,29.28,3.74,29.75,0
0.0,17.06,37.44,50.28,5.67,71.32,1.88,23.94,0
18.15,26.05,41.58,30.75,3.1,27.8,3.92,29.11,0
21.03,25.15,63.89,26.44,8.3,39.28,3.57,26.96,1
19.89,32.18,49.28,30.21,9.19,25.55,3.61,29.07,1
0.0,27.58,89.61,31.09,6.32,39.65,4.39,26.52,0
7.34,9.67,18.3,25.16,17.88,93.52,2.2,24.37,0
6.25,46.73,64.81,30.26,15.16,90.8,3.37,28.11,0
19.36,32.88,47.43,34.65,4.49,33.84,3.8,21.41,0
0.0,28.2,44.61,28.38,6.61,139.36,4.62,29.14,0
6.14,18.24,54.72,46.76,12.53,226.24,2.46,31.76,0
1.42,27.43,47.64,42.23,18.36,120.53,1.92,28.69,0
0.0,27.3,55.11,26.11,6.16,20.11,4.56,28.94,0
4.14,49.67,60.59,29.52,31.47,32.85,3.79,28.93,0
26.89,29.3,57.74,26.1,7.34,121.46,2.73,23.51,0
34.83,50.03,86.59,39.71,5.44,115.77,4.44,33.3,1
5.09,40.2,78.62,44.68,11.96,47.78,4.04,25.95,0
0.0,15.69,62.86,33.04,3.65,302.03,2.0,29.3,0
11.32,24.98,75.37,49.18,1.95,118.25,4.3,33.75,0
6.01,18.54,33.24,36.61,6.87,23.81,1.89,29.23,0
22.84,40.46,60.11,40.79,4.55,151.66,2.54,31.96,0
1.7,28.6,78.52,49.97,6.94,43.98,6.43,23.28,0
37.75,51.44,55.89,35.96,13.78,99.86,3.86,26.89,1
2.61,38.18,72.98,40.65,1.77,91.87,3.93,27.16,0
9.8,30.23,120.93,47.55,7.09,33.68,3.68,32.43,0
1.94,16.45,26.95,28.55,9.32,111.23,1.61,22.97,0
25.92,43.58,73.54,30.51,7.07,98.69,4.65,31.43,1
2.5,37.35,40.52,40.3,16.04,53.94,1.52,33.87,0
5.42,14.48,77.52,32.03,3.1,141.51,4.27,26.52,1
7.61,20.31,36.54,29.67,4.46,104.53,2.03,43.0,0
7.35,17.1,74.61,47.23,2.82,329.9,5.43,39.5,1
0.0,12.9,42.3,48.8,5.16,161.65,3.42,31.93,0
15.73,32.49,82.7,54.52,6.93,47.09,6.34,25.61,0
13.58,48.25,53.9,39.77,11.69,80.03,0.66,28.8,0
0.12,26.99,61.71,37.13,8.43,56.45,4.35,26.33,0
11.22,27.67,41.96,40.54,11.44,161.82,2.6,32.94,1
5.84,21.76,80.82,32.46,6.72,169.69,4.27,30.97,0
0.78,24.43,51.57,33.54,0.7,13.92,4.98,34.39,0
10.97,23.07,67.48,51.6,5.33,61.29,3.04,33.09,0
26.16,34.9,38.54,32.62,8.46,146.78,3.05,26.85,0
2.21,26.06,28.26,30.18,6.87,97.12,2.73,20.69,0
8.66,17.68,64.67,34.95,11.81,40.19,0.57,33.99,0
0.0,7.08,51.81,46.76,4.11,58.95,3.02,28.47,0
1.17,71.78,82.32,40.75,3.66,71.32,5.51,26.26,0
5.37,7.18,32.27,22.89,7.57,105.37,3.41,27.54,0
0.61,1.92,45.65,28.67,2.86,75.81,2.87,28.54,0
0.36,15.77,70.47,37.84,15.5,116.51,4.93,29.58,0
0.0,25.6,59.23,24.2,6.89,73.23,0.61,24.62,0
20.93,35.05,71.55,35.73,14.36,117.39,2.52,37.65,1
14.15,26.27,100.85,36.18,0.78,108.02,4.3,28.65,0
5.13,62.28,71.01,24.07,8.32,25.45,2.78,28.34,0
15.24,24.91,40.68,34.17,16.74,83.12,2.16,32.78,1
16.54,33.45,79.86,44.53,17.39,148.76,3.44,14.51,0
3.9,16.98,26.39,39.36,12.24,12.94,3.17,32.29,0
0.0,19.07,60.18,34.53,12.29,24.99,3.83,29.52,0
8.76,22.22,65.13,31.74,8.47,81.53,3.66,32.58,0
21.14,44.02,49.62,31.07,1.9,97.93,2.51,22.46,1
12.9,30.02,38.49,46.42,16.27,47.04,4.63,23.68,0
25.11,36.83,75.14,28.88,8.12,121.46,2.62,25.45,1
16.32,20.99,34.29,29.9,8.11,127.54,4.52,24.79,0
41.21,41.59,75.68,30.65,4.13,40.28,5.5,29.18,1
9.44,34.16,118.57,52.53,6.55,43.14,4.44,21.34,1
3.16,10.33,43.86,27.27,9.93,43.8,1.49,40.33,0
13.91,31.02,52.2,18.73,5.33,55.51,2.74,37.2,0
21.99,26.64,57.05,30.01,4.62,40.88,1.38,25.51,0
7.43,38.17,58.97,36.12,7.93,91.01,3.64,22.35,0
16.69,46.43,69.16,43.91,18.43,125.68,3.65,32.67,1
2.53,10.29,42.29,41.41,3.71,61.04,3.04,37.75,0
16.23,43.05,198.96,48.82,8.05,31.36,7.48,34.74,1
58.26,88.83,148.65,44.89,6.73,62.49,4.59,28.09,1
2.58,44.8,83.67,37.45,7.86,5.82,2.81,21.61,1
8.09,13.14,52.79,32.4,19.5,67.18,1.32,27.59,0
12.01,24.0,40.22,16.97,12.25,27.56,2.87,34.83,0
4.74,20.14,26.29,28.01,6.82,29.87,0.2,33.35,1
2.96,15.88,48.99,25.86,19.94,66.61,1.74,29.41,0
6.17,53.6,71.74,42.35,6.84,86.99,3.6,18.98,0
19.25,42.55,87.77,53.87,15.09,40.76,3.58,29.86,1
0.0,6.84,48.12,37.84,22.13,107.28,4.99,25.89,0
0.47,57.51,60.91,31.02,5.74,143.61,0.94,31.29,0
4.52,29.89,45.69,31.09,10.31,52.36,0.95,28.94,0
17.17,29.54,89.14,53.71,4.1,39.82,3.48,38.08,1
6.09,9.13,31.44,15.04,1.56,65.77,1.45,31.43,0
1.6,15.26,23.68,30.6,17.85,22.18,2.82,24.03,0
7.8,48.22,83.59,44.92,4.74,28.41,4.67,25.5,0
2.85,19.47,92.77,50.87,4.69,56.75,6.38,28.69,0
11.81,24.7,140.55,30.12,2.98,43.16,5.48,24.31,1
11.18,34.51,79.72,29.99,3.8,57.58,1.99,19.75,1
8.07,22.63,42.75,27.78,12.24,91.01,0.82,40.84,0
1.32,29.36,41.84,29.48,9.68,11.45,4.19,23.4,0
16.83,48.76,61.86,29.86,5.83,35.95,4.36,42.61,1
31.96,39.61,75.55,34.14,9.14,51.65,2.69,26.87,1
9.78,46.28,62.94,33.28,12.83,21.62,1.96,20.87,0
0.0,7.64,11.38,25.78,11.11,129.82,1.32,28.48,0
46.68,65.48,149.63,47.08,16.75,320.74,2.81,27.22,1
11.7,60.63,69.5,40.79,7.07,75.49,4.7,31.23,1
0.07,18.15,42.32,42.29,17.11,24.06,3.6,28.75,0
15.97,19.06,32.91,44.97,4.72,171.34,2.7,22.11,1
21.23,41.12,85.08,37.0,7.9,96.95,1.87,28.32,1
6.44,35.35,49.44,43.42,19.11,40.88,3.18,24.0,0
0.0,29.38,39.77,33.18,18.44,14.92,5.12,26.46,0
8.58,44.46,58.05,24.26,17.07,22.08,0.38,27.96,0
0.0,19.36,64.82,28.18,5.27,67.55,3.39,29.03,0
12.13,44.28,73.24,45.52,3.54,30.23,1.73,19.21,0
1.51,8.38,67.22,43.12,5.24,31.42,1.78,20.77,0
10.62,38.21,45.58,43.22,4.33,97.5,4.04,31.56,0
3.06,14.66,47.48,34.77,3.25,77.86,2.02,30.33,0
9.08,51.13,117.11,32.75,5.37,117.91,3.75,34.34,1
16.44,35.47,62.78,51.45,10.39,151.88,4.95,22.97,0
16.91,29.62,97.01,40.99,10.79,61.76,4.24,39.07,0
0.91,33.34,43.17,28.01,13.45,83.48,1.23,17.3,0
3.82,21.57,90.82,28.99,18.08,68.3,3.27,32.18,0
4.14,7.11,29.11,22.39,2.7,25.67,2.02,35.42,0
8.4,14.65,53.27,39.21,6.06,73.65,3.65,26.38,0
22.68,86.0,115.71,42.56,3.55,77.4,3.82,23.9,1
5.0,27.55,33.59,13.39,19.27,102.15,3.1,28.91,0
10.82,30.57,36.16,24.79,3.13,146.39,2.05,27.8,0
4.63,19.11,20.73,20.19,12.81,54.73,2.58,26.16,0
1.54,23.73,31.48,23.74,13.92,43.36,2.39,30.78,0
0.0,24.51,47.0,33.79,12.24,37.71,1.65,38.12,0
2.71,6.73,68.56,20.4,5.85,157.27,3.26,27.31,0
0.0,12.53,31.47,30.61,14.73,74.71,2.95,30.71,0
0.0,8.37,18.25,49.4,3.83,31.28,5.76,38.34,0
9.31,13.72,82.06,31.33,5.04,29.99,4.3,31.81,0
10.67,12.38,108.5,53.98,0.66,76.52,3.72,39.97,1
17.69,85.27,115.42,38.56,10.58,45.64,3.01,21.89,1
14.8,104.38,154.42,37.85,19.11,38.69,5.58,21.23,1
1.56,68.05,96.11,18.53,7.07,36.17,5.38,19.69,1
4.65,37.09,50.03,42.6,10.0,32.7,4.04,32.64,0
1.54,22.36,40.11,34.1,15.02,146.36,2.34,24.93,0
5.82,16.7,33.7,6.64,15.75,48.47,0.2,33.05,0
7.71,20.48,56.68,34.25,7.96,107.99,3.9,26.66,0
11.07,16.04,52.38,19.33,17.32,106.81,2.26,29.85,0
2.31,17.83,52.17,53.17,14.05,16.26,3.95,22.41,0
14.23,16.9,45.4,32.01,3.85,61.04,3.14,35.01,0
14.79,33.79,99.92,37.32,12.33,41.81,3.53,24.07,1
6.8,12.12,17.03,23.94,14.89,82.75,2.46,36.81,0
16.89,50.98,118.98,47.17,10.68,81.07,5.03,25.93,1
0.54,12.32,38.32,27.49,6.24,99.94,0.2,26.99,0
1.64,42.53,58.19,24.18,5.91,58.66,4.0,29.16,0
0.0,41.29,63.29,39.73,2.25,56.42,2.51,30.82,0
11.52,38.04,40.59,23.13,7.63,83.97,0.92,33.27,0
5.98,52.09,99.97,49.1,1.63,232.26,4.63,25.09,1
4.57,22.75,133.65,57.73,5.44,40.34,5.02,25.82,1
4.1,43.16,74.81,33.62,13.36,93.98,4.2,26.2,0
3.11,25.61,44.04,16.69,6.0,127.7,1.69,23.67,0
0.0,41.04,45.75,29.5,15.67,37.83,2.9,30.25,0
0.0,20.28,61.79,34.47,2.34,127.33,3.24,23.78,0
32.16,69.86,91.63,26.8,6.83,30.51,3.12,27.68,1
10.32,46.15,121.51,25.76,8.79,166.99,5.01,33.26,0
4.36,24.44,108.35,23.98,14.18,15.17,4.84,30.81,0
3.47,11.53,15.6,37.85,1.64,82.22,2.46,26.16,0
9.0,46.97,69.42,43.29,10.36,254.37,5.57,35.84,0
20.4,40.48,54.87,21.58,16.42,29.13,3.84,26.17,0
7.02,46.64,90.02,48.79,5.15,106.74,6.09,26.45,1
12.03,23.1,43.5,33.64,15.08,264.34,2.29,35.9,0
2.33,5.04,25.42,32.27,1.34,13.67,1.41,38.06,0
0.0,2.07,20.68,5.0,3.47,76.04,2.22,22.28,0
19.39,27.24,55.49,26.97,9.73,29.05,0.79,41.35,0
0.13,39.09,78.07,47.11,34.75,50.23,1.51,28.42,0
14.29,26.57,41.33,11.08,12.75,26.62,3.13,29.55,0
9.23,34.92,141.43,62.29,3.08,147.55,5.49,31.48,1
0.0,24.88,86.33,44.87,1.76,98.54,3.0,26.37,0
8.73,10.1,38.9,28.86,1.83,67.61,2.28,22.13,0
10.88,38.13,41.76,22.26,14.26,62.06,5.02,34.51,0
3.2,29.67,43.14,38.77,6.23,58.78,2.91,18.24,0
2.83,10.98,46.33,34.91,8.75,129.5,2.0,26.36,0
3.58,25.96,38.32,27.89,6.42,209.34,0.49,26.51,0
18.91,64.91,122.84,49.45,11.32,125.1,3.81,29.4,1
2.51,20.51,42.7,21.66,11.79,188.4,3.26,32.69,0
6.02,39.11,73.44,31.05,2.27,29.7,2.6,34.58,0
0.0,15.23,31.81,26.67,9.04,61.23,2.16,21.85,0
8.4,73.87,114.76,37.6,2.81,35.21,4.6,35.29,0
0.0,6.88,62.43,35.49,2.54,133.88,2.63,20.42,0
3.99,24.33,75.93,35.35,2.64,218.34,2.86,25.12,0
0.0,3.61,65.31,40.67,9.88,50.36,1.83,43.0,0
25.74,50.21,78.42,40.63,1.37,43.21,4.32,33.2,1
9.15,11.11,70.54,45.86,11.25,46.89,3.9,34.22,0
0.0,16.23,67.91,21.03,17.51,14.22,3.2,31.6,0
6.95,58.64,62.49,44.53,3.27,86.74,3.43,40.82,0
0.0,32.91,67.64,30.76,7.25,53.13,2.48,39.09,0
3.89,8.34,26.18,21.93,6.01,110.67,2.62,31.51,0
20.37,63.22,125.54,37.69,11.77,25.68,6.87,27.37,1
9.35,25.3,89.72,30.79,6.22,90.33,2.6,24.6,0
0.12,14.42,70.7,29.93,7.63,77.57,3.89,25.64,0
0.0,13.27,54.23,36.4,7.28,14.78,4.45,29.41,0
10.97,23.29,38.04,44.03,4.76,25.35,0.95,25.13,0
30.25,36.64,54.7,36.88,6.37,33.64,2.32,30.74,0
4.29,16.03,33.72,22.65,23.84,91.92,2.57,34.71,0
19.4,34.89,46.77,19.89,8.27,88.98,1.63,31.63,0
9.55,11.16,38.39,27.16,8.46,177.47,2.52,25.03,0
10.78,19.81,49.13,31.15,14.82,26.06,0.21,32.16,0
0.0,29.19,156.25,42.73,6.07,140.47,4.37,29.2,0
3.83,19.3,23.55,26.68,8.54,48.2,2.49,29.32,0
4.33,37.33,87.42,36.12,10.91,94.62,4.04,19.97,0
0.0,3.11,10.88,39.1,4.68,218.06,1.83,25.59,0
1.17,4.12,22.76,13.96,6.99,20.11,2.89,26.53,0
1.68,22.63,50.61,33.37,0.41,114.14,3.0,22.46,0
0.05,7.85,23.74,26.8,3.82,46.71,2.68,23.88,0
3.57,12.21,36.75,34.39,14.12,274.86,2.6,25.98,0
13.55,25.23,29.58,33.51,5.3,155.72,4.34,29.38,1
13.99,23.21,44.19,43.6,10.49,401.55,3.62,27.07,0
22.96,35.84,92.16,38.97,3.85,17.26,3.21,35.68,1
16.2,39.94,184.87,50.46,8.12,23.11,6.7,27.43,1
7.71,95.35,147.27,51.53,13.21,15.48,5.63,26.63,1
23.65,32.95,53.0,15.41,10.56,75.66,3.96,36.39,0
2.07,41.21,102.61,41.44,10.33,340.37,3.08,33.8,1
5.06,6.02,61.85,37.36,6.43,35.9,3.15,32.99,0
32.37,46.63,74.8,37.54,16.01,35.53,2.19,26.74,1
1.91,19.77,31.04,25.59,3.25,56.04,0.86,27.66,0
0.0,9.01,67.9,38.37,22.72,36.23,3.51,29.21,0
4.23,17.37,38.22,32.81,4.8,51.2,3.75,32.74,0
0.02,16.06,22.53,33.75,2.42,136.36,1.45,23.49,0
0.0,6.42,56.37,38.23,7.71,94.12,2.21,36.73,0
14.38,36.37,45.5,34.27,2.76,217.31,4.48,19.32,1
9.58,29.84,47.04,33.24,21.19,37.45,4.42,27.17,0
17.58,32.39,125.1,40.99,2.5,105.49,4.5,38.95,0
40.24,54.18,72.34,40.93,15.78,67.27,4.39,27.16,1
1.09,30.52,43.17,49.32,3.79,32.86,3.15,30.21,0
9.81,36.41,41.87,40.56,12.88,85.84,3.24,25.61,0
0.0,9.3,29.6,25.74,5.48,69.66,1.32,34.28,0
6.49,46.38,83.01,28.77,5.46,107.19,4.81,38.66,1
10.2,30.99,52.7,36.42,4.99,84.83,3.62,28.94,1
4.27,17.66,71.61,44.75,16.33,69.25,5.22,24.92,0
0.49,40.64,48.57,30.12,6.85,82.39,2.35,38.52,0
1.85,4.47,20.48,26.55,2.65,32.93,2.47,38.4,0
0.0,8.81,46.53,28.77,9.89,42.45,3.13,29.94,0
5.5,47.26,82.61,57.17,3.83,27.5,3.36,35.51,1
27.9,49.36,65.9,37.02,17.25,22.43,4.17,18.26,1
0.0,23.83,31.54,36.79,9.03,37.85,1.42,25.63,0
22.79,38.4,92.38,30.29,4.04,56.76,3.83,25.97,1
3.02,10.6,22.48,25.88,2.36,21.23,4.2,27.16,0
0.0,14.99,31.95,49.23,18.3,133.13,2.14,22.27,0
14.59,42.62,85.72,38.16,4.11,60.17,3.33,33.17,0
5.62,20.9,31.9,36.5,19.49,182.67,3.25,24.25,0
0.0,27.91,66.5,24.77,5.98,66.57,4.16,30.22,0
0.69,23.0,117.82,43.98,22.11,70.09,4.77,26.21,0
1.59,10.08,21.5,10.32,17.6,17.11,3.08,27.98,0
3.89,26.2,59.32,29.87,18.02,33.12,4.44,30.96,0
6.46,37.5,96.96,40.26,4.37,63.01,5.31,29.09,0
6.79,12.96,27.96,38.53,13.15,58.12,1.1,18.08,0
13.06,25.19,32.99,28.74,0.73,26.09,3.3,28.12,0
5.3,19.3,46.96,31.74,9.18,117.68,3.33,31.64,0
8.18,28.02,69.33,27.59,12.55,59.22,3.39,19.82,0
5.63,60.04,76.55,35.8,7.19,32.95,4.2,27.71,0
0.0,7.96,40.04,38.06,10.87,31.61,3.77,31.48,0
0.0,13.5,50.0,9.45,3.25,64.8,1.99,30.13,0
4.96,13.49,32.21,37.81,8.36,49.31,2.76,20.11,0
5.68,8.32,10.62,23.32,6.01,45.64,1.65,23.37,0
3.16,29.08,37.67,29.39,5.94,34.45,2.51,34.0,0
9.88,62.36,103.07,37.54,4.32,56.73,3.03,27.93,0
11.62,39.54,61.41,29.04,4.07,144.73,3.5,31.66,1
3.82,10.66,17.93,16.83,6.05,51.51,3.14,29.96,0
13.31,20.2,42.38,23.61,14.51,52.08,1.35,31.38,0
2.85,16.05,28.55,19.5,8.65,15.83,1.13,32.19,0
7.56,16.83,54.23,39.09,10.33,9.95,4.72,30.06,0
3.93,11.5,45.03,45.41,20.33,75.44,1.32,36.74,0
13.9,46.72,63.39,31.42,19.14,102.68,1.0,23.39,1
5.05,39.29,46.58,27.28,5.83,26.76,3.99,29.71,0
0.0,11.81,27.05,28.03,14.16,78.32,3.08,23.39,0
6.89,40.76,74.8,26.66,13.14,68.21,2.47,30.81,1
3.13,36.71,44.44,35.28,2.62,211.21,1.21,28.09,0
7.95,14.3,33.95,29.17,5.91,53.35,4.36,23.14,0
0.49,15.93,23.64,9.31,1.82,101.05,1.16,30.3,0
3.59,7.04,32.9,35.23,11.2,24.44,4.44,31.06,0
0.0,8.16,57.3,22.03,8.9,41.63,2.28,28.92,0
1.6,42.86,57.69,32.05,1.79,33.87,2.73,18.72,0
6.15,57.07,94.6,36.49,6.14,66.28,3.17,34.36,0
0.0,22.43,78.2,43.63,13.67,68.29,2.96,24.59,0
3.91,37.88,50.0,28.31,6.33,44.05,1.42,31.71,0
0.0,9.99,37.94,43.34,4.04,198.38,2.59,17.32,0
2.7,12.37,39.83,41.25,7.03,21.48,4.11,22.64,0
0.0,25.2,29.58,28.96,10.41,56.36,1.39,32.12,0
35.88,49.4,98.46,59.11,18.48,88.94,5.16,23.44,1
13.82,15.45,88.57,35.36,8.98,110.9,3.48,24.22,0
3.09,16.01,38.94,24.17,7.31,61.98,1.19,27.99,0
22.63,60.94,95.55,56.55,10.15,107.84,2.52,24.24,1
0.62,16.0,43.3,39.11,5.71,53.39,1.92,35.23,0
18.03,52.91,64.82,43.39,12.57,67.69,4.1,30.03,1
8.18,10.65,49.56,39.73,4.55,82.56,2.49,33.15,0
0.78,17.31,29.14,36.72,13.9,51.06,4.97,24.29,0
10.24,21.97,52.71,35.59,3.67,73.38,2.81,28.72,0
14.54,30.25,100.83,33.89,14.06,31.68,4.23,32.66,0
4.17,16.83,34.06,16.94,4.52,42.98,1.14,30.24,0
12.73,58.83,110.05,38.31,6.0,41.37,1.4,23.42,1
11.51,50.69,92.41,42.01,4.47,33.25,5.02,30.53,0
7.04,20.64,81.93,48.08,7.0,65.55,3.46,33.31,1
0.0,14.54,49.86,29.01,12.84,63.59,2.47,31.33,0
6.67,15.53,66.17,19.77,13.53,33.7,1.19,23.57,0
3.98,9.39,41.39,44.18,17.58,54.94,1.7,30.39,0
9.42,28.23,34.7,41.64,6.51,23.24,2.81,27.78,0
0.0,2.06,16.42,24.2,8.14,23.03,0.87,31.49,0
13.15,24.14,107.77,45.22,5.39,293.74,4.89,16.08,1
1.37,6.56,38.48,27.41,17.43,34.75,2.41,35.72,0
11.08,34.33,76.84,27.04,9.77,48.84,3.85,18.17,0
23.2,53.76,59.52,33.25,4.49,131.38,0.95,31.19,1
5.61,20.54,55.41,19.58,15.55,72.1,3.05,20.89,0
21.6,34.17,93.55,41.67,4.64,39.58,2.03,22.79,0
0.79,33.6,66.65,38.79,6.4,70.93,3.85,34.87,0
0.06,9.07,10.53,19.03,19.02,112.17,0.42,38.74,0
16.74,48.52,62.13,42.85,20.17,22.58,3.07,25.18,0
9.49,30.84,52.77,20.57,16.07,44.1,3.02,28.83,0
0.0,15.7,58.58,24.05,14.01,49.56,4.45,31.46,0
25.22,69.83,79.28,44.41,17.67,430.24,4.96,31.64,0
3.98,36.24,43.41,35.58,6.22,30.46,2.53,34.8,0
4.6,8.77,67.41,30.9,12.71,88.24,4.03,22.98,0
28.58,39.88,42.33,32.72,5.3,166.23,2.38,27.65,0
22.19,27.94,90.6,34.73,8.37,80.84,4.72,26.96,1
20.55,33.51,49.91,27.81,1.07,66.03,3.78,19.7,0
0.8,37.27,89.18,41.61,3.63,200.74,2.84,28.07,0
7.01,35.57,73.64,34.58,9.89,27.02,4.28,27.36,1
8.91,13.47,50.65,29.15,9.37,44.53,3.44,32.64,0
0.0,9.44,71.86,32.97,5.88,33.72,4.94,26.99,1
0.0,11.76,57.7,55.8,17.06,45.11,2.09,34.83,0
3.54,24.55,40.63,37.68,9.18,63.32,0.5,30.01,0
12.99,35.9,101.65,36.34,9.18,83.81,4.02,32.65,1
0.0,38.29,59.99,25.44,7.2,165.1,2.21,35.1,0
5.21,17.59,122.72,43.69,15.41,24.65,3.2,15.44,0
0.0,34.33,127.66,29.91,31.08,89.94,5.47,32.78,0
14.36,18.69,47.45,44.36,7.7,66.49,4.44,33.37,0
7.42,10.51,30.07,23.71,1.06,26.41,1.07,36.92,0
14.68,36.74,48.31,31.8,7.78,18.86,3.89,15.06,1
7.35,17.74,41.13,40.0,6.72,249.43,2.67,34.21,0
3.03,16.4,61.24,48.61,4.43,115.43,2.87,20.96,0
36.29,49.0,76.22,31.33,8.3,85.69,1.96,31.56,1
3.68,24.35,76.43,43.26,10.66,47.52,5.41,36.27,0
1.41,20.77,51.72,51.32,0.96,95.5,3.85,20.8,0
10.29,35.82,86.28,24.57,6.24,93.73,6.16,28.81,0
26.54,68.84,84.4,31.72,3.2,52.43,4.32,32.44,1
0.0,63.64,118.31,46.61,9.61,312.62,7.22,39.56,0
17.85,52.65,121.02,36.53,8.73,87.52,6.81,25.43,1
10.84,40.3,48.11,27.72,8.61,22.24,3.06,25.68,1
22.75,38.53,43.23,37.12,11.03,111.09,2.05,26.91,0
19.03,19.65,52.3,45.87,27.4,30.78,2.91,28.19,1
8.51,18.46,40.61,42.81,1.45,40.69,2.06,20.97,0
10.53,32.98,70.17,29.17,11.96,209.35,2.53,37.52,1
5.65,8.02,27.6,27.77,7.09,35.9,1.6,33.06,0
23.68,48.22,97.6,30.83,15.32,34.67,3.84,18.93,1
0.71,4.2,14.31,42.05,7.54,83.75,2.98,21.94,0
5.54,14.67,26.19,33.04,45.0,23.05,0.28,30.57,0
13.04,25.32,27.99,28.4,5.91,32.26,1.16,25.47,0
14.71,21.65,37.37,31.0,0.94,127.66,2.16,22.02,0
14.76,24.01,43.89,30.55,21.12,106.12,3.22,25.75,0
9.52,33.36,47.47,27.79,17.78,29.55,2.59,26.15,0
14.87,41.67,119.96,41.75,8.16,81.83,3.65,28.32,0
10.48,37.9,103.98,36.62,18.61,53.81,3.9,29.74,1
28.74,55.15,113.44,47.68,21.2,100.46,4.66,35.04,1
0.57,34.5,84.87,28.09,9.26,35.45,2.13,25.19,0
14.81,47.62,105.37,44.33,4.31,48.3,4.78,35.84,0
4.39,42.03,64.89,19.47,7.16,49.6,1.14,22.24,0
6.25,29.2,115.41,49.33,3.33,133.75,4.31,26.14,0
30.72,65.88,97.6,31.09,2.81,75.89,3.81,19.38,1
30.34,80.1,105.09,36.72,5.51,86.32,5.35,33.54,1
23.67,29.41,55.97,31.24,4.34,122.71,2.54,36.06,0
2.03,29.01,63.49,31.23,16.79,62.99,4.29,22.93,0
1.53,5.69,40.85,54.15,2.64,60.36,4.22,25.85,0
0.0,20.79,33.69,22.84,17.95,93.4,2.85,34.8,0
25.61,34.0,47.79,31.04,10.49,45.93,2.5,28.08,1
0.0,34.88,79.54,26.45,0.59,238.17,4.11,31.26,0
3.15,28.35,95.29,56.83,3.18,56.43,5.75,32.07,0
2.05,30.7,63.39,33.58,4.5,70.04,2.68,31.59,0
1.44,13.37,39.63,19.98,16.37,34.53,0.99,24.13,0
0.0,46.02,93.07,53.63,6.22,39.36,3.89,26.59,0
2.6,16.76,119.23,49.77,1.6,52.72,5.91,32.38,0
6.99,14.81,94.69,39.87,12.57,66.69,6.67,20.46,1
0.0,11.66,44.92,32.04,11.97,16.78,2.96,27.57,0
0.83,8.16,91.53,40.04,5.73,145.06,3.4,34.1,0
22.27,32.84,54.8,43.5,9.65,81.33,2.63,35.8,1
0.19,14.08,63.52,46.52,2.94,54.24,0.93,22.35,0
4.71,46.62,78.14,14.69,13.62,27.47,2.33,34.67,1
5.23,8.95,23.03,23.06,4.61,20.67,1.34,36.8,0
0.91,10.95,37.67,31.38,23.7,165.89,3.57,26.51,0
16.58,43.67,65.81,28.63,8.76,39.53,3.61,33.85,0
21.43,39.33,78.65,29.7,6.6,99.05,4.95,30.76,1
0.0,27.49,125.51,49.57,11.91,76.22,5.53,32.23,0
1.94,54.76,69.22,49.94,7.69,53.99,3.54,38.18,0
0.62,16.64,57.49,34.29,2.35,38.93,3.01,23.99,0
3.21,10.33,78.67,34.5,16.71,92.49,2.41,26.88,0
5.24,20.85,58.23,23.11,8.82,24.77,3.08,27.76,0
5.2,16.79,71.5,49.84,8.03,104.51,5.0,28.2,0
30.56,41.86,91.0,42.99,2.81,177.95,2.86,22.62,1
19.54,26.84,50.85,35.38,12.68,21.32,3.32,26.98,1
6.9,44.24,78.95,39.74,12.51,78.81,3.02,32.77,0
0.0,3.57,9.6,35.52,19.44,26.06,1.4,34.57,0
14.29,46.44,58.51,31.22,10.73,84.35,2.02,25.17,1
2.48,29.71,47.17,38.4,10.77,76.02,3.28,28.52,0
17.98,20.44,176.36,50.42,17.15,62.84,7.03,35.44,1
15.25,36.57,89.9,33.26,5.94,21.44,3.74,23.39,0
3.14,7.96,9.63,18.49,27.34,218.63,1.83,29.31,0
4.61,19.99,28.22,20.33,2.62,80.18,3.03,26.59,0
0.72,15.79,21.39,13.36,20.18,23.33,4.09,22.41,0
0.0,8.73,32.26,44.61,3.24,27.41,2.93,32.1,0
5.06,19.62,45.51,42.22,5.27,61.63,2.22,22.23,0
12.1,54.93,56.14,31.28,10.49,320.27,3.43,28.64,1
6.0,9.87,69.72,36.0,3.99,141.64,1.31,27.43,0
4.23,17.67,23.17,29.56,7.98,97.1,2.46,21.6,0
10.44,14.41,46.06,37.93,9.7,49.45,2.02,28.35,0
4.01,68.29,109.81,51.52,7.63,68.43,6.16,30.72,1
6.91,16.06,29.55,35.18,3.9,24.67,2.4,25.37,0
2.92,11.23,27.3,19.69,13.35,30.95,1.52,33.13,0
4.88,76.29,102.34,38.32,8.13,87.35,3.4,38.15,1
0.0,24.2,46.15,28.53,1.51,46.65,2.22,25.96,0
1.21,35.07,46.9,5.0,21.97,23.6,1.29,29.64,0
29.76,31.09,37.42,32.19,2.65,52.6,1.88,30.09,0
0.0,31.26,49.83,10.07,5.01,45.0,0.53,23.94,0
31.62,41.76,78.8,51.61,3.69,59.83,6.35,29.73,0
6.55,33.59,89.31,26.01,12.81,83.38,3.78,32.59,1
0.0,29.05,58.32,33.57,5.41,172.7,3.35,27.15,0
14.71,17.28,39.85,42.98,8.03,44.82,2.01,30.55,0
0.0,5.62,36.16,22.09,4.47,88.2,0.23,27.58,0
13.27,42.59,58.93,36.78,5.92,176.33,1.44,39.18,0
9.12,13.53,23.56,19.31,2.75,112.61,1.23,29.75,0
5.94,8.61,64.62,33.04,22.68,79.4,2.97,27.79,0
7.79,14.19,35.19,24.07,4.06,93.17,2.47,22.93,0
8.34,10.08,27.21,34.8,4.0,113.63,2.48,23.28,0
3.77,19.38,35.09,33.25,1.74,121.16,1.98,29.94,0
33.7,42.57,72.18,40.73,3.6,8.54,2.34,27.67,1
23.02,29.51,47.65,33.06,3.85,21.95,1.64,22.58,1
14.1,54.57,79.24,31.46,11.09,47.5,2.71,25.9,1
2.93,18.35,23.19,33.62,1.09,117.72,0.2,28.59,0
2.38,20.94,58.57,36.99,3.33,58.55,2.08,26.44,0
8.29,22.7,38.94,19.84,12.5,56.58,0.2,28.29,0
2.44,24.87,63.72,42.54,9.16,82.98,0.76,33.39,0
3.84,40.62,84.07,44.8,14.58,66.57,5.08,36.39,0
14.39,30.58,77.55,46.03,4.07,145.91,5.16,31.99,0
23.86,50.21,149.03,52.69,2.04,98.93,7.25,23.39,1
8.54,24.85,55.54,25.65,0.99,158.83,2.85,23.48,0
7.18,17.27,48.61,33.0,9.23,13.22,3.9,27.73,0
0.0,21.61,53.16,21.25,4.72,121.11,3.45,25.89,0
13.65,60.22,132.58,51.85,13.7,39.78,3.38,27.76,1
15.32,47.43,91.63,51.0,17.05,56.35,1.98,27.88,1
19.22,23.35,35.93,49.27,6.84,14.74,2.94,31.98,1
53.7,76.25,113.06,39.41,6.0,30.0,3.82,25.54,1
2.21,8.7,34.84,14.31,11.63,54.37,1.15,30.08,0
27.01,46.5,101.56,34.11,14.75,95.06,3.3,38.09,1
24.53,27.82,51.96,26.27,23.51,125.19,1.58,24.19,1
7.36,25.65,110.19,37.03,6.74,44.23,4.31,33.15,0
0.0,7.59,26.24,44.8,9.69,254.9,3.52,29.96,0
21.86,38.67,53.39,35.42,8.78,41.18,2.2,34.13,0
27.81,39.32,51.67,45.97,11.57,12.28,2.61,28.88,1
0.0,13.18,61.36,43.11,11.06,200.9,3.65,31.19,0
12.37,60.27,70.47,43.67,18.6,34.84,3.24,32.47,0
6.65,26.15,51.88,38.11,8.02,74.01,2.73,18.98,0
6.15,20.13,38.22,26.86,8.64,177.1,3.1,21.62,0
0.0,40.34,66.76,40.6,10.99,122.45,3.13,32.21,0
21.34,54.21,107.63,61.39,2.66,758.93,4.53,19.58,0
2.99,11.15,24.2,29.79,6.69,41.48,0.66,28.25,0
37.91,83.62,131.55,49.37,8.06,108.09,6.59,32.98,1
4.29,7.85,12.59,19.01,12.87,48.05,0.94,26.41,0
2.23,9.82,55.58,31.25,9.09,85.18,1.74,25.83,0
2.85,23.62,45.16,28.4,0.97,61.74,3.71,29.72,0
4.66,26.65,77.52,52.84,4.25,35.32,3.77,32.02,0
4.44,48.06,82.81,36.85,5.25,132.63,2.37,21.27,0
21.41,35.68,57.09,36.31,14.01,56.32,1.99,31.95,1
4.37,49.59,68.07,50.57,12.83,39.55,2.7,18.62,0
24.9,100.53,140.2,54.07,1.53,38.97,4.7,32.6,1
20.92,30.6,52.85,34.99,6.76,69.81,1.17,31.24,1
18.25,34.17,65.02,38.04,6.83,117.61,1.12,24.17,0
15.12,22.97,25.64,30.47,11.52,38.46,1.88,32.16,0
0.04,8.52,32.09,40.11,8.67,12.68,2.94,22.08,0
16.21,33.84,65.83,31.89,12.79,38.39,3.99,25.13,1
20.98,32.18,52.33,31.5,3.47,16.63,5.23,18.32,0
26.34,34.81,69.67,31.88,11.04,22.56,4.77,24.65,1
0.0,10.24,75.51,47.27,9.94,112.89,3.87,29.84,0
20.0,29.57,38.77,42.35,15.49,58.55,2.53,28.37,0
0.0,19.66,81.58,38.88,1.94,34.97,2.78,28.48,0
13.11,18.49,48.38,35.25,8.11,64.78,1.76,28.24,0
10.78,40.09,47.17,47.3,17.46,21.68,2.18,25.43,0
0.7,32.89,87.27,44.89,13.8,26.53,2.1,30.03,0
7.16,37.57,122.84,37.92,14.95,155.86,4.61,28.47,1
5.31,16.0,20.02,22.35,8.05,18.03,2.23,25.79,0
11.54,22.35,28.84,32.34,24.58,38.5,1.76,37.73,0
6.77,27.43,84.88,51.64,9.56,39.72,5.01,20.14,0
9.83,20.53,67.94,40.98,10.03,9.95,2.73,26.68,0
3.97,22.53,35.94,26.15,24.58,142.24,1.84,27.07,0
49.45,67.58,97.11,51.62,9.89,289.97,6.53,27.93,1
10.14,26.2,45.15,28.01,4.81,52.26,3.14,26.27,0
2.91,31.42,39.18,31.29,15.98,77.47,3.4,38.33,0
2.54,20.89,36.35,53.06,4.97,70.48,2.34,35.58,0
15.36,20.09,23.62,24.71,11.39,234.66,2.05,30.95,1
70.78,96.23,167.38,53.23,14.32,57.85,6.24,24.73,1
23.21,26.53,59.37,37.88,3.8,45.6,3.38,20.47,0
6.27,58.05,76.74,26.72,5.31,24.93,2.43,34.38,0
0.0,7.13,31.73,39.48,1.98,35.18,4.13,30.08,0
0.93,8.27,26.21,29.9,1.42,184.1,2.01,24.17,0
2.08,49.67,68.38,39.59,11.8,42.28,4.58,22.48,0
0.0,14.16,33.86,30.45,5.29,97.47,0.85,30.1,0
4.83,17.28,65.45,25.51,4.2,14.01,2.47,34.15,0
13.41,25.11,37.1,38.41,11.21,32.54,3.09,33.62,0
3.39,17.81,84.66,50.54,4.66,45.25,3.43,33.03,0
17.13,61.37,71.84,26.94,6.86,186.73,3.26,32.73,1
2.47,13.18,108.24,43.53,11.4,46.61,4.24,25.51,0
0.0,45.12,100.93,51.05,3.81,172.08,4.12,23.11,1
1.55,21.14,40.98,29.5,5.86,64.74,2.45,19.6,0
1.03,39.35,71.13,35.93,4.34,51.7,4.74,34.83,0
0.0,10.83,43.11,35.42,10.12,30.35,2.61,30.59,0
0.19,35.02,50.53,30.9,9.68,50.59,2.19,24.74,0
0.0,6.66,9.11,30.08,1.95,15.5,0.39,28.64,0
0.0,19.66,34.76,25.47,10.09,52.88,3.62,25.58,0
3.25,9.54,13.74,29.92,15.07,42.01,1.13,27.99,0
1.99,11.47,42.09,29.57,5.71,66.03,2.65,32.26,0
41.01,46.99,56.13,35.87,2.27,33.54,2.3,35.58,1
0.34,36.92,64.99,40.21,15.75,120.15,4.37,28.12,0
2.83,21.76,56.99,28.06,12.23,79.42,3.92,24.86,0
7.95,37.45,61.79,29.91,15.25,66.01,2.64,22.4,0
18.38,48.3,72.01,37.14,3.48,19.38,2.24,28.21,1
25.45,31.0,46.94,21.88,0.92,60.29,3.18,16.85,1
8.08,31.16,42.17,27.2,13.97,273.05,3.05,22.22,0
4.94,62.15,88.44,30.11,6.59,65.4,5.77,26.06,0
1.3,15.68,215.79,59.06,7.24,177.94,7.59,24.39,1
6.8,27.54,56.39,40.08,11.73,95.5,2.71,35.44,0
23.58,62.0,89.39,48.04,2.95,35.14,4.57,23.25,1
6.48,19.16,31.73,42.56,6.18,68.81,4.23,34.68,0
10.43,42.62,54.91,35.54,4.05,44.34,3.19,28.15,0
16.21,41.83,90.53,29.24,2.95,219.33,3.45,28.24,0
9.44,27.01,61.82,24.32,10.97,60.83,3.7,26.2,0
11.58,32.64,89.66,43.24,2.19,49.23,3.1,28.0,1
9.1,15.6,72.11,33.45,10.54,7.15,2.29,31.65,0
0.02,66.61,78.88,30.03,6.32,93.23,1.14,30.21,0
7.02,21.08,30.59,38.39,10.03,44.43,3.98,23.99,0
8.11,29.7,55.3,48.15,18.58,46.56,4.64,32.75,1
1.36,6.25,27.45,33.67,9.85,34.22,3.6,21.16,0
7.63,33.92,72.77,44.92,4.27,155.19,3.51,34.57,0
3.22,19.04,59.36,30.36,3.39,87.93,4.77,27.22,0
30.26,50.39,91.17,35.98,4.76,43.28,4.04,29.09,1
20.59,32.12,80.28,10.75,11.84,44.58,3.14,31.64,1
7.45,33.67,86.13,48.69,21.87,73.51,4.91,27.17,0
21.49,51.26,59.5,41.16,3.87,55.1,5.25,40.11,1
0.0,10.81,115.67,43.78,11.3,15.56,5.41,17.51,0
0.0,7.12,49.29,44.77,8.75,344.2,2.52,36.93,0
17.21,24.74,116.82,47.88,7.19,30.8,6.02,30.31,0
10.97,50.6,82.99,39.12,5.13,16.31,1.48,28.41,0
9.79,19.71,44.17,42.67,6.35,138.92,1.11,32.66,1
1.58,37.14,48.96,28.92,5.08,57.99,1.1,16.82,1
0.0,18.07,53.71,29.64,6.54,110.38,2.73,28.9,0
9.73,22.53,50.49,29.41,15.31,47.2,1.5,23.49,0
0.0,2.48,42.71,21.68,2.01,418.59,3.58,20.23,0
11.88,68.5,82.35,54.77,2.7,46.47,4.12,29.79,1
0.0,16.94,57.4,25.85,3.86,68.87,0.89,28.42,1
7.69,19.74,26.22,27.0,24.27,76.12,0.2,32.3,0
0.0,17.74,46.22,35.54,15.22,514.53,1.8,34.01,0
15.63,35.78,88.92,44.23,5.12,25.06,4.62,28.31,1
9.23,18.82,127.21,51.06,8.64,34.15,4.42,21.24,0
6.8,20.08,45.76,18.86,9.88,237.45,2.32,24.28,0
0.42,6.52,16.62,16.11,1.76,37.1,1.34,22.95,0
0.0,9.94,25.4,32.78,2.66,34.53,2.68,26.69,0
9.81,25.76,47.93,46.8,6.52,175.64,4.36,21.69,0
1.71,6.57,26.71,42.99,10.32,96.68,3.72,30.89,0
6.19,20.57,89.71,49.84,7.23,47.59,3.66,31.16,1
5.66,18.95,46.3,30.88,8.97,38.96,3.29,35.2,0
5.1,15.68,51.88,29.51,15.25,7.59,2.72,21.27,0
5.26,37.01,39.54,20.91,4.81,105.24,1.47,21.33,0
0.0,6.27,30.98,34.97,4.05,27.43,3.0,29.51,0
12.83,30.73,52.75,41.4,7.36,22.05,2.85,18.36,0
12.33,22.31,46.33,34.85,6.68,26.31,3.12,37.42,1
1.19,19.84,85.64,48.72,9.32,21.61,4.82,25.92,0
0.45,18.55,41.97,38.13,23.25,34.85,2.38,25.9,0
9.16,78.15,85.49,42.87,14.87,72.41,3.85,29.74,1
0.0,87.89,104.28,41.71,20.3,43.7,4.26,23.7,0
9.3,18.14,88.35,24.38,5.87,112.64,3.14,27.82,0
26.63,41.97,105.58,42.11,3.94,64.33,3.77,27.13,1
12.65,21.27,43.32,20.11,3.16,519.89,1.52,21.33,0
28.01,45.88,67.42,35.82,12.58,33.98,2.84,24.55,1
6.25,15.3,21.51,5.0,20.63,66.42,3.03,23.45,0
6.22,14.87,42.22,29.66,6.95,19.42,4.71,28.08,0
7.28,19.08,36.53,36.08,15.37,20.72,4.11,30.91,0
10.44,22.6,29.25,15.6,11.76,98.16,0.47,22.33,0
9.71,11.23,37.98,35.96,4.15,106.9,1.17,35.31,0
0.58,13.37,55.85,26.31,10.22,9.44,3.6,32.46,0
5.48,64.06,70.78,39.18,14.54,63.94,3.6,23.6,1
20.15,29.14,114.67,41.7,0.94,106.1,7.34,23.37,1
0.0,31.57,46.64,30.72,17.13,324.39,2.71,18.06,0
5.67,29.18,41.89,42.77,8.06,38.07,4.34,24.65,0
5.27,16.97,41.57,37.99,20.45,86.4,1.47,26.74,0
6.29,14.03,17.98,11.06,4.19,114.94,2.75,29.16,0
1.46,7.33,16.31,20.04,5.49,33.04,2.88,27.27,0
4.98,12.73,43.97,27.36,6.9,72.0,3.06,29.27,1
0.87,5.54,22.78,40.82,3.43,43.12,3.5,27.69,0
26.7,29.3,30.71,26.09,2.61,36.69,1.91,19.27,0
16.21,23.24,44.92,22.33,2.83,64.81,1.24,26.2,0
17.09,50.68,66.82,32.61,13.06,44.1,1.32,13.41,0
35.29,61.06,99.94,36.1,16.74,190.29,4.94,32.38,1
12.29,22.68,55.31,28.67,17.56,71.69,2.64,32.13,0
12.36,49.01,102.4,41.78,5.19,109.37,3.93,31.06,1
0.0,7.79,13.46,33.8,13.5,139.48,0.74,29.86,0
7.6,11.4,46.34,37.53,5.2,36.54,5.01,33.03,0
48.72,103.1,115.0,57.35,2.35,22.18,6.16,28.15,1
13.59,32.73,45.1,36.38,8.78,151.44,3.68,19.16,1
12.5,36.24,55.11,38.96,11.3,36.05,1.41,27.19,0
18.41,26.85,73.25,38.69,10.6,44.05,3.65,26.85,1
0.0,9.31,47.78,27.16,8.61,25.19,1.75,29.73,0
1.73,12.36,31.08,25.23,11.56,63.59,4.13,32.64,0
3.77,29.31,66.46,26.14,8.03,159.07,2.92,24.85,0
14.18,20.14,68.55,20.13,7.3,90.57,4.09,33.03,0
0.0,7.14,117.02,48.71,7.5,21.11,3.02,25.47,0
3.21,31.3,36.99,33.32,10.01,187.26,2.7,35.09,0
5.75,88.75,121.38,33.71,18.92,49.47,3.79,29.31,1
15.7,29.23,36.16,33.59,23.64,89.08,1.18,31.44,0
2.11,7.85,70.1,38.76,6.25,78.48,1.49,29.49,0
4.07,9.38,11.02,32.95,10.4,98.06,0.2,24.7,0
0.0,17.3,38.78,27.74,0.25,217.93,0.61,28.99,0
3.73,45.13,61.04,28.43,3.49,100.81,1.05,21.25,0
6.72,37.86,50.38,27.23,6.23,45.67,3.53,32.17,0
0.0,21.13,69.16,43.23,2.58,89.6,1.57,30.86,0
26.48,31.51,77.75,45.33,0.75,83.95,4.93,25.43,1
4.54,21.99,37.9,23.4,11.96,88.79,2.43,33.49,0
1.9,5.35,17.7,28.01,7.9,87.68,3.43,18.7,0
6.14,52.16,55.39,30.47,8.91,56.4,1.04,21.22,0
20.05,28.52,47.41,27.54,15.16,56.61,2.09,36.73,0
11.41,22.78,59.35,38.12,1.09,83.29,2.77,20.61,0
5.33,42.55,78.63,38.87,18.53,220.5,4.3,36.19,0
8.89,19.84,56.86,12.57,2.82,35.64,4.03,24.16,1
15.3,62.98,84.58,40.45,13.98,107.21,6.84,29.71,1
20.13,27.66,96.4,53.56,11.08,11.49,2.7,33.99,0
6.04,32.25,104.73,41.96,4.75,41.61,5.38,40.59,1
2.56,32.19,82.65,50.91,3.2,43.44,2.26,21.89,0
5.38,13.41,40.11,34.09,16.12,20.35,3.9,30.87,0
15.74,20.22,67.95,53.73,9.76,36.18,2.6,33.14,1
4.81,26.37,36.29,48.81,12.18,156.35,3.88,35.88,0
1.51,15.54,59.21,52.46,8.53,30.74,4.09,26.97,1
0.0,0.77,58.12,40.44,1.67,219.27,3.2,34.86,0
6.7,11.48,47.38,34.76,13.1,102.85,2.36,29.14,0
0.0,26.48,48.87,21.65,4.41,38.28,2.17,15.85,0
0.0,20.61,49.2,20.62,9.83,114.51,2.39,30.64,0
1.8,11.03,39.23,43.84,9.9,86.57,2.9,36.97,0
16.13,20.16,23.48,21.11,14.4,204.43,2.35,24.54,0
0.0,24.22,36.63,44.66,6.44,28.7,1.78,26.28,0
1.57,35.69,62.72,28.36,12.94,132.18,3.56,28.89,0
13.46,34.98,57.24,15.58,20.26,118.22,3.35,27.57,1
2.96,8.97,19.46,20.39,13.02,141.94,2.44,23.89,0
6.32,15.54,62.31,22.27,4.43,61.41,4.29,30.36,0
0.0,59.03,106.2,55.07,25.73,44.57,5.13,29.99,1
0.0,16.27,24.96,26.54,2.95,139.01,2.17,30.28,0
5.12,70.17,88.72,36.46,25.03,15.02,3.48,26.2,0
6.23,15.67,30.67,25.17,5.15,157.62,3.68,20.53,0
7.13,20.74,38.59,30.98,11.52,36.62,3.16,23.08,0
19.49,23.33,94.21,42.65,26.44,57.22,3.0,32.91,1
1.47,6.68,31.19,24.91,4.03,80.17,1.22,19.26,0
0.0,3.92,30.96,15.31,8.48,52.27,0.2,27.55,0
13.87,19.69,34.53,16.36,7.57,89.48,0.78,33.21,0
7.63,31.74,47.72,24.1,8.38,100.4,3.7,25.23,0
12.88,70.43,156.03,36.55,2.56,73.9,4.81,29.93,1
7.6,23.92,92.27,51.4,13.0,43.65,2.89,26.17,0
1.97,3.9,45.5,28.11,5.34,39.95,1.81,18.62,0
1.97,15.06,127.32,29.77,13.46,75.43,2.88,32.3,0
0.97,12.39,28.43,33.3,18.48,11.83,4.14,17.96,0
22.64,50.48,68.88,29.21,5.19,352.65,5.35,23.11,0
43.12,47.79,84.26,47.44,12.6,101.34,6.28,22.03,1
11.26,24.58,58.29,28.09,17.15,32.85,2.35,24.5,0
3.71,42.95,77.59,33.7,2.35,51.18,3.61,29.46,1
1.29,61.25,107.22,62.35,7.49,47.2,7.37,25.51,1
9.32,27.24,41.52,32.52,6.25,353.34,2.32,22.25,0
0.0,22.52,44.86,32.34,8.64,21.32,2.68,21.42,0
10.83,34.12,39.5,32.44,5.09,26.43,1.96,24.97,0
1.04,10.07,30.89,24.21,14.75,60.61,1.39,30.12,0
28.27,55.71,129.79,64.58,13.16,76.51,5.59,25.36,1
14.28,22.32,28.17,21.49,21.22,65.66,0.45,27.84,0
0.0,15.96,41.34,42.96,6.55,94.68,2.68,31.87,0
16.87,18.58,74.33,33.64,18.53,67.88,4.9,29.77,0
0.97,5.47,104.65,37.65,7.95,51.07,5.11,23.41,0
16.51,27.34,35.68,25.23,3.5,115.96,4.42,33.67,0
5.01,17.95,26.69,10.97,7.46,23.28,5.07,20.65,0
5.55,14.3,36.15,27.11,6.15,125.01,3.91,29.19,0
6.25,19.67,29.95,37.2,10.45,11.63,2.79,31.34,0
5.09,7.82,43.36,31.54,5.25,223.18,3.45,29.16,0
0.0,1.79,53.43,23.2,13.51,35.93,4.01,29.93,0
28.34,57.65,78.15,43.02,3.14,111.26,2.59,30.64,1
11.17,40.94,60.82,33.72,3.32,23.7,3.3,40.56,0
0.0,7.53,27.27,26.86,16.16,54.92,2.1,22.03,0
1.58,17.29,39.22,16.89,2.04,24.7,2.97,39.0,0
28.65,37.84,59.57,28.82,8.74,33.13,3.55,33.22,0
10.72,21.4,54.48,32.6,9.71,27.57,3.89,21.28,0
0.0,14.38,54.98,32.52,9.9,64.24,4.14,33.87,0
0.86,12.4,21.24,36.0,6.14,243.67,2.24,30.68,0
5.05,37.24,81.87,20.6,4.15,70.61,2.07,26.0,0
9.62,31.92,66.21,27.57,6.72,43.51,2.51,26.65,0
6.53,17.51,27.12,26.25,2.93,117.35,3.43,32.1,0
27.53,45.71,87.72,42.97,5.98,35.62,2.92,31.12,1
12.64,40.17,57.5,34.69,27.91,16.54,1.81,17.41,0
20.7,28.59,61.44,32.94,2.18,24.07,4.11,25.69,1
4.66,40.98,90.41,48.46,11.15,123.29,4.15,31.93,0
13.62,23.37,66.34,69.0,5.12,83.55,4.15,24.02,1
20.92,73.76,97.13,38.73,3.28,184.5,3.82,29.05,1
8.6,27.13,88.99,52.27,7.7,85.09,1.37,26.15,0
8.27,11.36,38.97,47.38,18.21,64.9,3.23,31.41,0
10.5,16.55,52.45,27.88,21.86,47.07,1.04,22.01,0
10.43,15.38,31.72,31.65,11.88,95.09,0.2,34.19,0
8.86,30.8,57.09,16.56,12.57,37.8,4.06,26.06,0
15.56,22.92,41.7,28.63,23.77,214.29,3.39,23.5,0
4.51,23.0,57.89,39.88,11.79,20.87,1.85,36.12,0
25.77,46.55,72.23,33.46,4.47,50.73,3.62,31.92,1
0.0,13.3,28.0,30.91,2.42,58.43,1.86,15.34,0
13.31,54.56,65.3,39.93,4.82,68.48,3.66,23.81,1
24.39,43.9,66.57,38.22,8.34,34.35,3.84,31.35,0
1.52,3.49,20.07,30.48,13.83,127.8,2.61,23.32,0
2.79,22.44,32.53,32.68,3.43,43.51,3.33,27.57,1
26.26,39.23,44.66,35.47,22.88,27.24,4.07,24.26,1
13.19,48.41,106.33,43.62,4.69,19.66,5.96,36.34,0
14.23,38.05,45.94,26.2,9.53,39.36,4.65,20.85,1
4.11,15.29,71.79,26.05,4.65,32.54,6.4,26.77,0
3.53,11.63,40.53,31.68,11.73,69.76,2.51,35.96,0
4.13,37.12,42.14,25.88,10.31,55.25,3.92,26.66,0
3.37,21.91,48.8,45.63,7.67,81.81,2.77,33.03,0
4.24,52.88,67.35,20.71,2.44,138.45,3.55,29.24,0
11.7,26.68,78.85,33.12,6.96,111.88,4.29,18.22,0
3.13,42.53,113.33,49.58,6.76,37.74,5.37,34.95,0
0.0,15.52,49.84,20.61,12.21,19.87,1.38,22.61,0
23.22,33.18,99.72,34.18,14.42,63.15,4.38,32.18,1
1.47,18.58,65.43,32.21,9.17,84.18,1.17,22.03,0
2.78,59.81,79.12,53.66,4.22,71.75,2.04,29.45,1
0.0,11.98,38.62,27.18,6.5,49.89,1.1,34.3,0
8.41,14.97,38.18,35.11,25.24,286.45,2.66,26.21,0
1.31,17.79,58.24,32.6,8.76,86.18,2.79,23.77,0
0.0,41.69,78.33,33.65,3.6,140.91,2.72,38.43,0
17.09,27.02,42.83,43.71,4.39,17.04,4.03,23.82,0
33.35,128.63,129.51,35.86,9.46,79.51,6.24,28.91,1
2.03,3.67,111.4,43.37,6.76,86.13,3.05,30.24,0
13.37,34.42,49.53,34.41,23.74,106.87,2.98,28.01,0
9.24,24.07,30.95,41.4,5.53,77.55,1.68,28.7,0
7.26,15.36,55.08,31.91,5.66,59.48,4.07,25.51,0
0.0,50.62,58.71,21.41,9.45,45.62,1.56,29.39,1
8.21,27.93,65.51,24.04,23.56,155.29,1.0,25.08,0
13.99,58.55,77.18,28.63,4.46,108.5,2.93,25.97,1
41.76,48.41,64.86,43.05,15.99,114.73,4.22,23.7,1
0.0,14.62,42.02,28.15,8.39,25.19,1.05,23.09,0
13.19,17.49,41.07,36.7,14.42,100.83,3.59,27.94,0
7.24,50.14,143.27,63.35,7.85,119.41,6.18,32.03,1
4.32,12.23,61.78,41.57,6.7,103.71,3.05,31.1,0
23.42,28.72,34.14,38.19,4.9,60.42,3.0,27.76,0
1.93,37.8,43.97,34.66,16.23,69.31,4.12,28.32,0
32.73,77.98,103.24,32.93,10.93,28.81,3.53,28.37,1
0.0,13.97,24.03,47.21,11.81,149.41,0.91,25.46,0
3.28,41.41,60.2,28.77,25.82,237.92,2.36,28.94,0
17.41,37.31,59.01,42.76,24.08,96.72,1.52,25.82,1
7.77,29.79,67.84,44.53,22.67,38.24,6.75,20.25,0
1.31,6.48,30.54,17.94,9.69,43.76,3.17,26.2,0
2.22,8.82,26.2,15.76,22.91,31.63,2.85,28.25,0
10.89,40.88,73.26,41.64,2.8,131.87,3.3,29.07,0
0.75,12.0,31.91,21.15,7.39,34.04,1.01,28.74,0
26.85,28.76,55.94,46.61,4.17,102.46,1.7,30.63,0
5.32,26.34,31.18,24.84,9.42,73.39,3.19,27.33,0
4.55,19.18,52.75,43.79,2.97,148.13,3.33,35.21,0
9.47,18.57,64.84,45.18,8.12,177.49,2.26,33.14,1
0.0,2.52,14.25,29.97,5.51,87.95,0.24,30.37,0
7.82,21.07,52.52,32.74,15.97,25.24,2.61,24.52,1
47.26,61.18,71.05,41.03,10.27,102.05,2.26,28.87,1
5.08,20.81,29.67,28.25,7.14,19.49,2.09,27.97,0
7.46,8.03,52.89,30.95,5.16,49.01,4.32,31.38,1
15.03,41.44,110.7,31.42,1.52,159.74,1.69,26.23,1
7.7,27.62,47.53,40.27,3.1,76.83,2.61,34.99,0
4.18,7.06,24.91,25.25,9.75,22.33,3.42,27.56,0
16.8,41.56,59.01,39.84,10.87,76.85,3.54,28.26,0
0.7,23.66,43.14,36.46,9.61,142.55,5.17,23.89,0
25.58,45.36,80.98,25.64,8.27,57.26,3.49,29.59,1
19.21,28.61,41.0,35.16,9.87,185.79,4.6,24.66,0
16.3,47.38,82.83,44.57,6.98,75.77,4.4,38.83,0
9.99,57.89,84.47,38.76,8.83,85.3,3.29,28.53,0
12.93,26.51,41.32,35.48,8.47,134.84,2.58,30.01,0
12.91,17.32,40.62,34.69,6.89,31.72,3.46,37.94,0
8.79,15.17,42.41,47.23,30.67,56.63,3.01,29.71,0
1.97,7.36,14.48,28.12,21.35,113.02,2.62,37.12,0
13.35,32.57,50.27,42.11,7.16,17.72,1.53,25.49,1
0.0,20.32,33.48,17.25,7.18,129.25,2.73,26.95,0
0.0,7.97,114.26,40.84,10.24,101.12,3.79,30.61,1
26.88,46.66,68.02,41.18,13.71,83.89,2.44,27.13,1
0.0,18.55,37.73,28.9,12.5,164.12,2.81,24.26,0
21.46,30.04,65.98,40.36,5.07,47.22,2.44,29.25,1
0.0,15.83,61.96,39.92,22.57,26.81,5.18,31.98,0
4.67,95.52,101.37,45.83,12.22,211.56,4.08,23.41,1
5.48,21.44,40.26,23.63,0.2,25.41,0.85,29.67,0
0.0,5.41,30.6,34.1,6.08,148.04,0.2,29.1,0
11.66,23.18,39.67,25.19,3.86,66.01,2.12,34.39,0
0.0,35.43,46.39,29.15,3.08,108.69,2.53,32.83,0
0.0,10.51,15.09,43.12,15.96,25.12,0.68,19.04,0
0.0,13.83,70.54,44.42,9.87,36.06,3.81,38.01,0
0.0,43.35,61.94,35.56,11.06,103.28,2.92,20.98,0
15.96,21.46,74.31,36.44,8.91,86.74,2.84,27.18,0
2.18,20.19,65.4,43.12,9.84,33.27,1.62,22.89,0
3.61,15.1,18.73,38.78,13.23,59.62,0.2,25.72,0
4.57,25.81,40.92,35.54,7.8,24.69,2.41,25.5,0
2.45,13.57,50.62,43.51,5.68,33.03,3.66,35.87,0
0.0,3.62,23.55,28.54,16.03,36.69,2.05,25.41,0
1.85,6.65,12.82,32.14,10.19,18.96,2.02,26.35,0
4.52,45.12,88.33,34.0,17.1,54.73,2.95,22.26,0
0.0,17.2,20.17,28.68,15.98,44.21,1.76,31.11,0
2.05,14.98,25.99,14.05,4.16,159.38,0.2,28.99,0
18.39,67.48,80.93,32.22,4.53,24.77,4.91,25.79,1
1.81,23.64,46.52,27.69,5.43,67.2,1.12,23.43,0
9.61,19.93,65.04,34.66,5.48,66.91,4.1,23.6,0
0.0,19.81,89.93,35.86,7.03,19.7,4.05,18.08,0
15.25,55.41,75.72,19.81,1.54,7.02,2.29,31.06,1
12.11,42.08,64.89,45.68,5.41,34.84,4.08,23.98,1
23.54,34.26,109.77,43.25,17.28,176.46,5.3,25.53,1
22.74,40.88,70.05,41.63,11.77,94.5,3.49,27.57,1
9.71,23.23,110.88,48.11,7.98,47.2,3.77,30.72,1
14.24,91.69,124.3,37.22,2.39,40.98,3.58,30.89,1
4.28,33.75,79.76,35.32,9.14,85.95,1.89,32.67,0
23.78,30.65,34.21,32.74,10.03,56.52,1.74,29.44,1
16.35,47.39,72.31,40.54,5.04,185.79,3.42,39.62,0
16.66,19.11,83.41,48.32,9.52,63.01,4.62,26.88,1
12.98,15.12,20.81,39.77,3.59,68.68,3.02,31.03,0
0.0,18.55,37.6,44.48,9.56,44.56,2.26,28.07,0
22.19,40.29,81.51,36.91,2.46,25.77,3.5,31.99,0
0.0,18.88,51.92,18.01,1.83,111.06,3.15,23.47,0
0.0,25.73,69.87,44.37,3.54,55.67,2.61,24.64,0
26.3,38.43,100.59,44.21,3.99,88.63,4.64,23.7,1
5.26,37.38,112.33,33.45,2.42,52.55,5.1,25.61,0
22.62,33.55,74.96,29.05,12.86,28.43,3.21,28.46,1
24.36,43.43,52.44,29.9,5.72,60.93,2.38,21.97,1
3.86,11.58,54.43,32.31,6.23,70.94,4.66,29.27,0
6.6,20.08,38.8,24.13,25.71,23.48,1.53,19.58,1
2.25,12.71,37.88,37.56,10.59,65.81,2.27,36.99,0
1.57,15.23,42.61,37.46,7.48,32.59,3.37,29.05,0
21.51,48.05,116.77,44.98,17.41,9.12,3.54,25.26,0
14.83,46.13,98.68,31.18,3.92,62.88,2.77,34.66,1
8.83,43.17,50.32,36.18,5.52,54.79,3.07,29.18,0
0.92,11.85,39.65,28.7,3.25,49.61,1.76,20.33,0
10.43,31.59,53.51,16.58,12.03,55.92,4.36,23.26,0
0.0,7.74,30.04,34.72,9.14,78.85,3.9,25.74,0
13.36,38.74,69.56,28.16,2.28,236.45,2.93,34.03,1
20.12,23.48,57.7,29.86,5.86,39.24,3.43,35.93,0
3.41,58.71,64.33,33.09,3.77,16.79,2.86,19.98,0
0.0,8.53,16.0,12.51,8.99,51.15,1.66,24.08,0
4.93,27.37,68.14,39.73,9.42,25.85,4.71,42.39,0
6.12,94.66,156.86,50.29,7.71,52.16,5.87,33.11,1
0.0,11.9,35.53,31.89,12.58,15.99,1.91,24.86,0
0.44,23.27,41.14,25.57,23.68,170.76,0.2,25.79,0
6.15,9.9,31.59,32.61,4.62,36.17,0.91,34.25,0
18.52,39.66,78.06,40.44,6.54,53.24,5.39,31.42,1
5.36,10.8,43.64,31.79,6.95,29.69,4.05,30.97,0
6.69,21.7,74.84,41.88,5.16,23.06,2.32,34.01,0
5.16,8.0,11.67,26.14,7.7,86.99,1.17,30.63,0
1.06,21.62,65.56,20.79,0.37,20.01,2.55,28.87,0
3.07,16.11,69.58,31.6,5.02,108.61,2.82,17.89,0
4.64,17.13,32.57,26.44,5.22,166.34,0.95,22.91,0
4.0,6.32,13.5,30.11,2.24,212.95,0.74,28.29,0
9.19,27.6,70.33,31.59,11.88,52.11,3.05,30.75,0
0.0,12.66,37.04,28.29,4.36,46.97,2.46,31.77,0
17.94,26.25,58.05,38.56,13.45,33.07,1.23,26.35,1
10.05,16.37,85.97,45.07,13.5,76.91,5.63,30.51,1
0.82,25.24,59.42,38.07,8.81,26.85,3.34,35.38,0
8.92,28.44,30.54,32.13,3.77,186.63,2.34,30.59,0
5.63,21.85,40.82,34.47,10.36,39.65,3.41,28.98,0
18.87,85.23,178.37,73.7,14.48,77.81,6.05,29.14,1
9.67,43.26,81.18,41.48,5.98,85.01,2.15,22.02,0
1.63,26.47,88.09,37.12,10.76,21.67,1.81,22.15,1
0.0,16.4,40.22,29.88,6.35,13.77,3.38,19.91,0
2.43,25.61,58.62,47.02,10.36,117.74,4.02,23.02,0
5.02,54.89,68.89,29.57,1.43,127.6,4.34,31.04,0
2.55,5.82,13.42,26.9,13.83,308.75,3.29,28.57,0
0.59,20.38,41.72,37.16,22.62,63.5,2.45,30.54,0
14.02,36.56,57.08,41.88,13.11,22.88,5.83,32.12,0
0.9,6.49,15.03,11.82,6.45,78.14,0.97,29.61,0
1.28,18.23,51.57,36.07,2.57,117.08,1.53,26.99,0
0.64,27.84,41.09,20.53,4.78,215.57,1.45,18.25,0
7.43,32.56,66.38,61.38,14.5,97.17,5.48,34.19,1
9.83,25.72,30.92,27.43,2.07,31.87,2.21,32.05,0
1.5,20.82,35.65,27.4,6.88,23.86,3.7,24.06,0
5.32,22.53,152.45,68.27,7.59,32.73,7.66,29.14,1
1.8,5.8,12.94,23.66,5.52,55.66,0.44,29.72,0
14.05,25.37,47.96,25.13,4.69,126.5,2.02,27.69,0
8.32,25.38,44.37,44.61,1.11,30.76,1.73,24.65,0
0.0,10.35,78.15,59.24,11.34,19.92,4.86,23.02,0
9.41,36.22,46.91,32.68,3.59,135.26,3.39,37.53,0
5.88,8.96,56.99,34.38,3.83,58.96,3.55,28.41,0
0.32,11.5,32.33,19.67,4.22,51.71,1.04,37.87,0
0.0,12.54,72.63,50.14,4.13,51.76,4.5,25.33,0
12.39,39.32,75.59,34.02,6.38,53.51,3.07,21.84,0
13.28,30.43,71.59,29.76,4.64,55.0,3.71,22.79,1
6.35,24.19,47.42,42.92,16.62,52.66,2.72,25.8,0
1.59,17.71,19.46,14.86,1.98,92.38,1.09,26.77,0
0.42,7.26,38.37,36.46,16.76,33.84,2.94,36.41,0
0.56,18.59,101.92,22.38,10.94,37.42,4.85,32.43,0
2.69,21.88,102.8,47.99,3.31,173.61,5.63,18.99,0
16.58,29.09,63.03,34.82,6.0,48.09,1.59,26.99,0
0.0,22.95,43.04,39.88,6.63,71.65,1.69,30.23,0
5.09,13.47,33.95,18.83,8.04,91.03,0.93,30.82,0
2.75,14.77,53.36,32.46,5.11,48.81,1.07,16.98,0
8.51,48.02,113.3,34.23,6.66,46.24,5.89,33.03,0
0.0,8.92,30.02,18.14,4.03,84.19,0.36,31.79,0
3.44,14.56,39.64,35.81,4.74,125.81,1.6,29.34,0
12.99,32.91,80.21,46.16,14.91,96.16,3.99,28.74,1
6.45,51.11,109.29,20.27,29.45,83.15,3.87,33.23,0
1.92,31.58,73.66,47.02,6.38,41.78,4.68,27.36,0
0.24,19.37,23.6,42.05,3.17,29.17,2.9,16.15,0
20.69,36.38,41.36,50.52,8.1,33.61,4.45,26.06,0
0.0,2.19,20.79,10.22,9.3,64.02,2.87,29.07,0
6.21,24.46,39.41,43.81,35.1,132.38,2.63,29.52,0
4.07,11.75,24.89,30.78,2.8,103.88,1.75,31.21,0
16.26,23.33,91.48,37.14,5.21,89.31,3.76,27.04,0
17.01,22.13,46.33,49.02,20.96,56.23,1.83,27.62,0
5.6,35.47,53.04,32.66,6.2,38.3,1.79,17.62,0
8.86,18.88,72.99,36.8,4.52,67.85,3.14,26.8,0
0.0,4.59,45.59,16.91,4.78,260.75,0.2,19.9,0
3.47,17.04,25.97,12.37,6.54,18.73,1.75,31.66,0
1.04,42.63,87.78,40.05,9.51,76.29,3.36,25.17,0
21.02,27.16,50.09,50.9,7.24,82.61,3.16,33.8,0
19.13,64.74,84.22,48.28,9.27,154.55,2.92,28.72,1
0.0,21.08,73.25,45.45,9.01,55.01,3.85,18.0,0
0.0,45.17,82.81,25.24,7.39,20.78,1.9,35.37,0
3.79,17.0,68.92,41.36,9.63,37.01,4.73,32.83,0
24.26,52.64,103.44,51.69,4.3,52.82,4.76,15.62,1
2.2,58.26,99.7,44.53,2.26,72.01,3.81,27.42,1
40.59,50.25,60.3,18.64,12.23,141.08,3.68,30.54,1
0.0,14.1,90.88,56.18,9.4,178.77,2.95,36.73,0
0.89,18.8,39.31,34.84,11.36,40.29,3.78,33.23,0
0.0,20.03,24.92,16.54,17.88,48.62,3.36,37.37,0
5.73,6.18,61.86,50.14,7.66,28.77,4.12,31.06,0
2.07,24.66,41.4,29.88,13.14,71.54,0.2,20.49,0
22.23,41.02,102.32,47.75,14.06,50.0,4.22,25.64,1
1.66,12.93,39.86,26.2,5.93,41.88,1.03,20.59,0
13.56,93.08,137.67,39.23,4.13,69.3,4.97,24.02,1
0.0,33.14,87.04,46.62,7.86,161.67,6.03,27.85,0
3.09,49.32,75.8,25.29,2.23,17.66,2.69,27.15,0
0.0,12.21,30.7,45.98,8.6,51.32,1.38,29.77,0
24.64,34.27,39.96,30.71,3.54,98.54,1.72,23.27,1
3.76,27.45,33.4,30.51,7.03,207.28,1.55,34.43,0
13.45,30.89,55.59,33.78,9.09,155.38,1.71,26.14,1
0.0,10.69,20.84,32.88,5.01,282.43,1.09,28.29,0
0.0,10.84,51.93,25.39,3.93,116.82,1.41,30.54,0
0.0,4.09,10.91,26.21,2.59,109.92,0.8,29.89,0
1.22,35.11,53.02,52.09,1.99,117.88,0.75,31.85,0
16.79,46.18,53.44,40.62,8.46,28.03,4.16,27.87,1
1.87,3.09,36.06,26.6,5.31,26.22,2.81,29.68,0
9.52,38.53,81.78,29.69,15.18,26.11,5.35,34.81,0
30.21,89.18,113.94,29.15,18.89,138.03,4.15,20.31,1
2.81,33.17,67.38,42.43,5.38,81.94,3.19,30.26,0
0.0,9.23,39.33,22.77,14.09,56.91,2.41,35.88,0
0.0,19.8,27.33,37.51,11.61,67.63,1.52,36.82,0
10.61,12.94,30.37,30.58,2.91,135.0,0.48,15.66,0
1.07,7.81,120.1,45.92,20.35,42.8,5.84,23.28,0
0.0,28.96,33.19,27.93,10.49,187.82,2.52,32.15,0
55.2,61.63,75.19,31.33,5.77,33.67,3.07,29.78,1
18.14,31.15,93.23,33.43,2.74,57.64,3.62,27.28,1
0.16,14.97,36.64,35.23,10.08,49.98,2.3,39.09,0
38.03,66.28,81.58,29.61,8.69,41.62,4.43,23.79,1
46.26,59.46,106.96,37.3,2.08,54.27,3.57,21.71,1
31.8,38.45,54.98,26.31,15.81,39.69,1.66,26.12,1
3.0,23.42,25.01,43.07,13.02,109.19,2.2,32.34,0
4.48,8.89,26.4,11.28,25.02,38.88,1.99,22.79,0
10.04,52.45,61.82,40.46,16.3,44.35,3.2,18.43,0
0.58,4.7,34.66,49.7,6.76,21.17,1.54,24.6,0
16.72,47.05,101.9,22.75,14.24,202.8,2.44,21.66,1
7.83,31.85,103.52,46.26,25.51,18.64,5.07,27.88,0
16.22,46.3,53.5,25.56,13.98,36.87,2.95,31.7,1
1.94,7.99,24.19,36.4,7.78,160.56,2.31,28.67,0
7.06,15.72,34.3,19.23,11.21,52.49,3.72,35.94,0
0.0,9.69,52.45,42.34,6.64,90.02,2.43,30.01,0
1.45,14.43,41.25,26.44,5.93,33.32,2.98,26.46,0
2.44,6.81,29.06,18.44,7.01,22.09,2.96,22.32,0
10.54,25.69,74.4,36.25,2.8,54.4,3.8,26.72,0
15.09,30.48,45.33,25.61,9.85,142.93,2.49,25.45,0
0.0,29.5,46.91,11.09,15.56,21.43,2.02,30.45,1
20.7,35.07,74.84,25.15,14.01,51.46,3.29,27.73,1
9.06,11.17,37.21,43.48,7.06,37.55,1.65,15.48,0
11.62,14.59,40.2,29.31,7.39,75.5,2.84,28.88,0
14.97,22.47,67.41,41.42,5.81,59.1,4.87,37.04,0
0.02,12.62,28.15,20.88,8.13,56.99,0.39,25.56,0
20.34,68.73,136.49,51.86,5.76,35.49,7.41,32.19,1
1.14,35.65,54.11,34.9,13.23,147.36,0.2,27.42,0
4.12,15.6,34.36,42.59,1.15,139.9,2.41,25.65,0
3.04,11.01,19.73,28.96,1.39,36.93,2.35,27.83,0
38.13,53.63,68.54,33.95,7.95,83.62,1.49,36.95,1
0.14,15.6,44.26,29.63,4.16,45.52,1.76,33.14,0
31.9,46.09,88.1,37.41,0.35,62.44,2.13,43.0,1
24.85,29.0,57.32,38.45,8.16,95.28,2.5,22.82,1
0.0,10.06,22.28,32.79,1.93,61.94,2.83,36.88,0
1.02,10.75,29.74,19.02,18.44,17.4,3.57,21.69,0
1.1,20.48,28.49,42.2,7.21,99.49,1.81,33.87,0
11.89,46.04,76.76,27.3,2.46,87.6,5.55,21.21,0
20.4,30.12,54.83,31.8,5.34,8.54,1.32,21.33,0
1.11,19.51,71.84,35.44,12.49,124.05,4.71,17.06,0
0.0,0.23,9.43,24.94,7.09,89.21,1.46,27.42,0
11.92,29.51,90.17,40.28,11.6,71.17,3.38,28.54,0
5.95,11.56,19.28,19.79,1.48,39.06,2.59,30.15,0
0.0,8.16,47.5,33.59,12.08,42.46,3.92,28.24,0
10.13,29.4,103.16,38.44,13.12,35.42,6.0,28.16,0
5.31,20.81,33.01,43.42,7.22,29.56,3.75,25.14,0
0.0,1.94,22.49,26.33,20.89,24.41,1.96,29.3,0
1.78,21.26,30.91,43.91,22.77,23.62,3.49,31.63,0
30.04,77.37,89.99,42.26,3.52,80.79,3.59,27.12,1
0.0,3.95,7.18,23.03,11.39,43.51,2.01,32.38,0
0.0,9.59,19.78,41.68,14.69,78.31,0.91,35.64,0
3.2,15.68,27.33,45.25,13.81,66.24,0.2,35.76,0
6.64,18.39,87.86,35.24,3.45,107.25,5.52,34.75,0
4.31,32.97,45.49,34.21,5.14,70.57,3.65,24.61,0
5.19,28.81,83.44,45.08,19.29,80.34,3.84,30.96,0
7.27,24.96,37.04,32.1,15.09,49.6,4.71,32.44,0
1.74,14.76,35.06,27.5,3.69,30.92,3.98,22.17,0
48.59,72.35,101.68,37.5,3.43,90.93,4.12,28.74,1
5.86,7.53,47.78,46.27,8.21,32.72,0.94,32.76,0
0.0,52.05,56.68,46.74,4.86,138.58,2.23,31.24,0
4.52,34.23,45.78,28.43,5.11,9.07,3.14,39.48,0
11.99,44.3,90.98,37.52,5.73,37.48,2.2,27.57,0
14.02,77.21,93.26,34.73,1.81,28.58,2.31,24.32,1
10.09,39.12,96.7,54.4,3.93,27.46,4.36,24.34,0
6.41,11.23,33.59,27.53,26.11,173.0,1.98,34.54,0
0.0,16.67,87.11,42.19,7.82,113.14,4.51,31.77,0
8.28,36.69,135.6,57.01,9.7,134.16,6.8,26.94,0
4.35,20.71,93.52,22.46,5.18,121.21,4.7,38.65,0
0.91,18.82,47.08,32.91,12.64,84.32,1.68,33.54,0
5.85,41.22,59.46,19.61,8.62,126.37,4.6,32.76,0
14.88,27.75,57.78,48.66,4.29,25.39,3.51,21.18,0
0.0,41.22,50.09,17.5,2.88,63.72,2.61,27.74,0
0.0,8.66,82.18,19.64,14.69,84.74,4.72,26.0,0
7.07,25.09,31.65,45.83,7.04,10.89,0.91,24.06,0
4.49,6.57,34.64,24.97,5.29,109.66,3.85,43.0,0
35.51,37.6,116.46,32.05,3.85,51.68,3.65,31.26,1
1.82,74.86,108.44,29.07,6.98,24.93,5.17,30.96,0
0.0,16.32,29.65,33.24,4.07,330.45,2.54,30.4,0
0.0,12.74,35.54,33.64,6.81,84.39,2.58,22.63,0
17.25,36.67,59.26,39.74,11.37,54.74,3.71,32.34,1
0.0,23.97,50.22,31.39,5.22,97.03,1.34,35.24,0
5.37,10.89,63.78,53.52,15.43,58.12,3.4,24.11,1
0.08,29.12,73.05,37.83,20.97,28.51,3.4,27.43,0
3.82,14.37,18.97,25.97,6.69,24.83,0.2,24.69,0
0.09,69.53,121.96,34.04,20.15,58.86,4.49,26.69,0
30.95,49.07,63.45,22.08,6.3,136.33,2.83,32.63,1
14.92,24.75,28.63,48.9,18.44,64.97,4.13,34.22,0
0.0,18.02,63.91,21.98,3.07,35.15,3.3,28.88,0
0.0,3.7,40.21,21.05,7.47,18.17,2.87,24.63,0
2.47,24.0,29.69,29.7,8.31,34.61,3.86,36.19,0
3.22,27.51,47.14,46.84,3.49,93.63,3.02,27.11,0
5.4,18.67,35.71,21.31,10.23,167.37,1.69,33.75,0
19.68,20.52,32.88,28.66,11.87,48.3,2.45,30.34,0
20.72,75.16,104.48,45.35,8.97,55.82,4.14,27.5,1
14.54,17.36,55.95,36.12,6.29,57.81,2.45,27.93,0
0.0,10.56,45.64,44.37,5.6,45.43,3.23,26.91,0
27.18,54.71,74.62,41.74,7.07,114.75,3.79,26.6,1
16.65,39.59,56.86,55.67,6.98,25.29,2.61,20.89,0
10.98,18.27,106.15,47.33,4.77,118.03,7.07,31.26,0
3.52,10.68,57.5,37.89,2.65,78.41,3.43,24.52,0
9.95,26.55,35.18,19.24,0.89,76.85,2.46,38.65,0
0.0,5.23,14.19,30.73,5.24,65.05,2.54,26.86,0
9.46,25.82,51.64,25.67,3.71,106.22,5.65,29.32,0
15.85,45.25,70.47,34.65,4.64,49.27,2.25,29.02,0
7.88,17.5,71.65,39.38,42.49,59.94,1.23,24.14,0
3.44,17.17,47.71,37.84,19.77,85.0,3.75,25.32,1
21.48,42.33,62.25,36.56,11.35,80.45,4.64,41.38,1
43.49,83.39,112.53,33.62,7.39,74.13,3.53,38.7,1
10.78,32.93,67.5,26.27,2.17,27.35,2.33,23.91,0
15.52,24.43,69.36,25.48,10.46,113.68,2.18,24.08,1
5.0,37.93,60.71,39.83,19.05,46.7,5.05,29.91,0
2.36,30.41,68.01,34.25,11.46,61.36,4.06,21.92,0
16.84,49.01,54.93,36.5,10.1,176.02,5.25,24.13,0
34.99,46.53,66.17,25.35,1.68,61.31,2.56,37.73,1
1.14,38.01,54.51,27.92,23.84,299.27,3.52,26.52,0
0.0,9.76,36.98,42.38,17.38,78.03,3.73,34.14,0
1.9,9.01,21.16,25.39,5.0,95.02,2.26,38.06,0
0.92,38.28,65.37,50.02,10.3,156.58,2.44,31.42,0
23.03,38.82,68.19,41.88,11.37,29.65,5.81,25.87,0
20.56,36.7,48.43,28.54,8.28,52.89,4.02,34.04,1
1.68,7.0,18.14,38.46,10.44,27.8,2.96,19.2,0
7.32,13.39,27.83,31.99,3.42,194.21,2.83,22.65,0
0.0,7.43,23.35,18.86,3.71,37.42,4.06,28.59,0
4.68,15.39,70.19,36.66,9.61,118.67,3.25,21.38,0
0.0,11.01,60.33,35.25,12.33,114.43,4.33,26.5,0
3.53,5.59,72.82,29.99,8.97,18.32,3.4,25.88,0
0.0,27.61,55.64,29.26,2.85,69.64,0.2,22.01,0
21.31,75.09,126.96,28.5,4.05,88.71,3.57,32.82,1
7.67,12.99,43.81,33.12,31.54,58.89,2.51,26.34,1
9.23,24.01,62.65,30.85,1.44,14.12,2.98,29.73,0
1.1,32.24,154.26,44.95,4.11,57.05,4.28,23.66,0
2.71,38.28,58.2,41.05,8.61,105.34,2.8,32.38,0
6.87,17.14,26.54,55.52,11.36,56.35,2.87,31.44,0
34.82,67.26,101.82,37.52,10.48,55.49,6.04,24.87,1
5.79,9.99,25.75,32.52,4.37,244.53,1.4,30.61,0
25.18,25.66,41.32,41.12,11.28,101.83,1.94,31.77,0
3.17,13.85,19.35,31.91,10.18,64.07,0.83,25.1,0
6.22,63.25,84.56,38.99,13.18,22.87,4.56,22.51,0
19.86,35.32,56.54,37.84,15.22,62.75,4.39,27.84,0
13.75,86.21,145.01,51.1,4.06,33.81,7.25,25.96,1
0.85,5.46,33.99,25.72,7.57,61.5,2.72,24.42,0
9.5,18.41,31.15,36.73,1.3,55.0,3.08,25.51,0
10.23,37.21,60.71,35.82,14.09,137.79,2.56,23.98,1
12.23,49.53,72.95,36.42,2.1,64.98,1.65,31.21,1
1.18,23.82,55.94,31.67,1.46,147.41,2.08,15.8,0
0.0,10.1,25.58,34.59,7.96,61.68,3.24,30.39,0
26.58,97.31,110.83,41.55,30.16,78.65,4.91,28.08,1
44.13,58.08,114.49,56.03,11.06,98.05,5.26,31.32,1
11.94,21.8,72.38,29.38,9.28,70.5,5.01,29.23,0
2.85,23.59,36.84,32.96,12.85,82.44,1.32,30.8,0
22.92,51.77,71.74,56.13,9.44,71.34,3.48,31.33,0
0.42,9.44,31.8,29.1,7.01,35.4,0.2,23.22,0
0.7,6.12,102.56,29.9,6.03,230.19,1.74,27.51,0
28.31,60.08,64.6,41.87,3.23,106.21,2.46,32.42,1
40.86,41.24,66.4,25.78,11.45,44.72,4.76,33.43,1
2.17,7.87,43.49,46.66,10.48,95.65,3.39,25.82,0
1.07,6.72,19.17,26.12,6.61,53.0,1.85,22.67,0
5.96,14.85,62.42,33.37,2.42,20.57,3.47,17.63,0
0.07,30.53,123.86,43.16,9.52,40.89,5.96,26.05,0
0.0,33.86,45.13,28.33,4.93,39.7,3.09,19.73,0
0.0,14.89,96.93,38.9,3.74,50.77,4.37,17.39,0
9.17,50.78,52.05,30.62,2.89,14.11,2.12,19.28,1
5.44,57.36,83.0,37.5,10.54,51.45,3.88,31.83,0
19.66,32.33,76.39,40.95,3.23,19.97,3.7,28.82,1
28.39,53.08,133.16,44.08,0.2,44.94,4.37,33.47,1
11.38,18.85,42.32,59.01,8.23,107.35,2.9,30.26,0
0.08,1.73,47.43,34.03,10.35,207.38,2.44,26.4,0
0.0,14.84,37.72,39.17,1.82,52.32,3.89,21.12,0
3.31,21.35,65.08,28.66,9.86,52.16,3.92,29.77,0
2.51,25.74,59.2,33.14,3.88,73.85,2.06,32.32,0
0.24,14.91,54.38,30.04,3.56,295.92,2.41,31.2,0
11.0,13.77,32.03,47.3,9.38,156.67,2.27,32.27,0
11.97,22.61,26.38,32.77,10.68,22.49,2.58,26.8,0
8.78,44.92,96.86,35.83,3.97,40.59,4.78,23.69,1
42.69,45.93,73.29,22.42,8.48,72.44,2.11,30.47,1
0.0,14.31,47.95,38.53,8.86,57.42,0.81,22.25,0
3.7,13.31,64.78,39.88,1.62,15.89,4.49,30.66,1
5.8,17.36,35.38,41.46,8.25,113.52,2.95,28.31,0
2.86,35.4,102.15,38.89,19.99,96.96,3.36,16.4,0
2.12,63.19,76.58,40.47,8.25,88.28,3.24,24.31,0
14.24,22.48,61.12,41.96,7.95,63.65,3.48,38.21,0
1.24,5.25,25.13,20.64,3.15,12.48,1.2,31.32,0
0.48,6.54,36.27,41.7,6.26,18.02,2.47,24.91,0
11.87,17.58,26.94,14.75,6.23,24.04,1.05,28.11,0
11.51,26.78,46.22,37.31,27.99,56.7,3.49,38.01,1
0.0,32.13,56.74,30.08,0.94,19.48,3.91,31.5,0
19.97,30.73,47.11,30.26,3.85,79.5,3.3,32.59,1
36.7,43.65,63.56,42.31,4.93,44.6,4.31,29.37,1
0.0,32.8,44.47,44.27,9.28,61.72,0.91,24.57,0
14.39,18.23,58.13,37.17,6.55,161.95,3.19,40.08,1
8.19,23.84,89.05,37.26,3.15,24.3,4.55,25.15,0
7.15,30.37,57.69,28.31,14.88,69.0,2.99,31.09,0
21.18,26.23,34.11,17.95,3.54,186.95,1.41,22.43,0
7.99,23.72,27.72,24.15,4.96,47.84,4.14,31.17,0
7.57,40.17,51.22,38.62,7.8,20.95,4.0,21.08,0
2.53,12.84,23.2,32.85,32.37,50.89,1.71,25.51,0
22.18,45.91,74.17,35.44,18.81,123.4,4.6,28.78,1
0.0,2.55,43.86,29.93,6.19,38.01,1.35,30.0,0
17.27,24.55,27.71,39.71,17.4,101.39,2.55,23.69,0
1.03,5.96,63.04,41.43,10.39,15.66,1.38,22.0,0
5.47,17.9,32.76,33.83,10.35,22.08,2.95,32.96,0
0.12,6.88,16.37,16.52,6.44,75.91,0.2,30.92,0
3.18,49.88,59.68,32.37,5.31,48.87,3.22,35.93,0
0.67,20.63,70.61,49.57,1.91,150.95,4.26,34.23,0
3.8,8.52,20.63,32.32,5.58,130.87,4.27,19.69,0
18.52,28.06,51.48,16.18,13.31,21.36,1.38,26.01,0
2.38,12.15,106.8,43.4,8.8,34.31,4.83,19.38,0
10.87,43.87,65.32,42.96,5.46,135.2,0.45,20.99,0
1.8,23.64,48.51,29.61,5.46,30.51,4.52,15.16,0
0.66,15.6,32.37,33.56,4.78,42.05,4.01,33.67,0
6.14,28.61,62.17,56.15,9.17,28.0,2.56,33.5,0
2.08,38.36,72.04,22.92,9.06,23.17,1.61,30.95,0
22.76,91.63,150.32,37.64,17.4,39.98,4.97,33.92,1
10.12,63.39,96.37,34.23,8.6,50.02,4.96,19.79,1
5.65,22.59,83.95,26.13,15.54,110.95,2.67,40.21,1
4.89,16.28,66.72,39.51,12.28,91.31,1.79,29.66,0
18.52,38.44,51.58,36.26,10.48,50.15,3.15,21.19,1
1.83,30.45,59.06,34.02,2.44,149.58,4.42,20.34,0
3.47,11.86,21.92,27.3,10.7,74.53,3.85,32.19,0
0.0,17.91,56.62,34.87,13.03,34.4,2.37,22.85,0
4.96,25.43,25.85,29.58,10.32,38.26,0.85,19.96,0
10.82,58.47,163.06,43.94,1.78,29.89,4.93,23.66,1
2.27,9.05,22.58,29.79,14.69,20.22,3.59,24.37,0
9.14,11.78,25.62,40.01,3.27,98.39,2.13,29.47,0
3.44,5.85,37.6,35.13,9.83,13.11,2.36,30.35,0
9.66,42.82,49.37,25.05,6.86,227.75,2.06,28.64,0
6.77,47.81,57.03,34.44,2.63,113.61,0.2,34.09,0
1.05,11.74,34.8,13.13,7.8,170.58,1.79,23.64,0
3.61,32.24,39.88,11.22,9.71,12.82,2.05,24.31,0
4.99,42.41,57.34,32.68,4.93,56.13,3.9,26.11,0
4.8,25.83,27.44,35.47,5.41,75.38,2.07,28.29,0
28.66,89.63,140.61,54.25,0.92,86.67,5.75,34.62,1
4.59,18.18,96.72,13.89,15.3,33.65,3.22,29.98,0
23.19,50.84,120.96,67.53,10.14,77.51,6.29,19.48,1
0.0,50.94,73.29,33.99,4.59,32.56,4.03,17.18,0
9.26,27.8,62.54,35.76,5.87,44.29,4.03,37.72,0
14.35,34.71,83.8,36.32,10.16,90.68,2.55,26.15,0
0.0,28.27,37.18,37.12,10.42,55.05,3.02,33.73,0
11.17,46.54,80.06,29.11,7.16,102.04,3.89,24.74,1
1.64,16.82,42.49,17.73,2.3,19.52,2.18,14.91,0
5.97,39.21,51.66,53.7,17.61,58.67,2.17,26.8,0
29.14,41.89,72.05,38.3,3.26,43.8,4.69,30.63,0
11.22,53.67,59.82,27.73,20.85,87.26,2.69,30.85,1
1.48,30.88,45.08,33.57,5.15,150.81,3.42,18.95,0
18.11,23.98,65.18,52.54,13.76,273.13,3.84,20.95,1
0.0,5.6,22.59,40.06,6.06,87.55,3.11,31.64,0
0.0,34.94,61.26,43.26,15.85,169.39,3.93,31.67,1
9.09,10.81,41.91,22.33,11.39,97.77,1.65,21.97,0
2.14,14.98,48.85,26.43,7.9,39.18,1.58,28.53,0
6.31,37.33,70.16,38.2,3.76,50.49,3.49,18.78,1
0.0,9.27,30.84,35.3,14.1,113.46,2.35,28.89,0
20.07,38.6,151.77,66.05,27.97,108.64,5.48,22.77,1
18.2,27.08,42.98,26.88,6.89,91.39,3.57,33.45,0
0.0,5.4,86.42,42.03,2.79,83.45,3.9,28.38,0
0.0,40.15,90.16,46.53,8.53,96.39,6.2,23.97,0
23.39,30.16,42.21,33.6,5.05,75.43,4.36,17.98,1
2.05,10.16,30.56,39.83,3.94,15.54,4.81,35.82,0
7.4,19.49,42.87,56.71,25.36,105.91,2.99,27.56,0
2.4,15.08,17.57,35.3,4.58,21.89,1.53,32.27,0
0.0,13.94,28.71,12.74,13.98,120.71,0.96,27.95,0
30.06,68.6,151.88,56.93,19.7,31.11,5.39,27.24,1
0.0,19.43,36.95,40.7,12.4,35.31,3.93,16.42,0
4.21,14.33,51.15,26.62,9.33,31.61,2.84,16.42,0
14.72,28.49,59.79,36.51,1.02,79.18,2.47,29.42,0
21.45,46.22,91.94,31.3,13.2,30.77,6.85,21.85,1
11.49,12.49,19.76,41.99,7.24,112.15,2.93,28.58,0
15.7,28.06,61.6,46.25,5.46,9.35,2.38,24.98,0
13.14,57.95,106.5,39.59,16.07,38.63,3.97,41.24,1
5.96,21.63,28.57,34.91,8.31,104.36,1.56,27.07,0
0.56,17.99,38.69,23.58,14.76,55.23,1.01,26.1,0
2.72,16.27,23.95,13.45,19.32,133.32,1.62,21.79,0
0.0,38.95,88.24,45.92,17.4,62.65,2.59,34.62,0
6.71,55.44,70.01,24.1,4.23,184.75,2.41,28.93,0
0.5,0.84,21.4,18.26,2.97,115.61,0.2,30.03,0
4.43,62.07,84.96,37.06,15.6,37.49,4.4,35.25,1
3.66,7.7,88.84,34.92,16.71,97.25,4.94,30.54,0
8.37,39.87,48.39,13.1,6.91,11.97,3.07,28.7,0
4.4,36.26,75.51,34.06,14.87,30.28,4.18,34.37,0
5.08,10.21,23.19,24.63,16.21,85.32,1.41,34.97,0
0.0,12.7,34.93,37.53,26.98,86.61,2.03,25.06,0
1.5,20.97,29.32,42.81,1.71,38.95,1.66,25.96,0
12.22,71.8,112.89,50.47,23.47,50.76,7.01,22.39,1
9.33,27.97,40.13,23.36,6.12,81.58,1.56,31.84,0
14.16,35.26,58.32,40.15,20.06,45.87,2.2,39.15,0
5.06,41.75,97.72,47.64,8.09,26.85,2.65,24.68,0
24.87,33.73,43.64,29.87,16.96,98.59,3.68,32.68,0
0.0,7.8,24.62,23.53,2.87,39.31,2.89,32.23,0
10.09,37.97,99.66,28.05,11.54,121.05,2.59,24.59,0
4.93,27.53,62.57,23.73,16.88,116.8,1.75,20.05,0
6.17,18.52,37.45,31.8,6.04,131.65,2.5,36.02,0
3.49,39.24,69.59,41.85,10.05,43.15,3.52,30.99,0
16.59,66.29,112.9,45.08,15.0,25.82,2.84,31.14,1
0.0,35.22,91.5,47.98,5.95,65.53,5.19,26.57,1
3.1,14.75,56.19,28.9,1.8,62.36,4.22,22.75,0
6.16,23.78,45.55,24.59,22.78,51.92,1.31,19.88,0
6.14,15.24,50.14,34.3,12.92,47.08,4.34,27.18,0
27.33,72.52,82.92,45.21,9.25,70.37,3.78,23.15,1
7.65,24.72,43.49,27.72,3.44,60.95,2.28,22.48,0
9.52,12.44,65.83,23.7,10.21,69.94,3.14,32.4,0
0.0,27.16,35.32,41.58,11.47,33.99,2.29,32.28,0
0.26,18.05,42.28,26.97,4.32,19.28,3.5,37.06,0
2.17,17.67,49.44,43.31,13.18,86.72,5.43,31.61,0
11.84,15.0,47.82,38.66,2.18,90.74,1.33,31.15,0
6.09,14.92,70.33,32.5,2.53,80.19,3.32,20.89,0
0.0,19.01,51.25,27.4,6.79,86.85,1.44,19.22,0
22.67,53.74,85.33,38.66,0.88,218.38,2.55,36.35,1
24.31,48.23,71.75,14.36,2.32,76.86,2.09,26.18,1
15.62,23.16,50.13,48.56,9.29,63.37,2.75,26.91,1
11.33,21.78,30.62,31.52,9.7,33.09,2.3,26.71,0
0.6,7.31,49.0,39.81,4.38,85.63,2.53,23.71,0
32.94,46.36,75.1,24.58,8.32,63.17,2.94,32.03,1
4.51,34.71,72.09,51.44,7.11,26.73,2.12,33.39,0
0.0,10.9,85.23,33.82,17.26,54.5,4.09,28.26,0
1.82,14.82,100.34,39.1,2.74,122.4,4.5,20.8,0
5.6,21.61,60.99,34.61,11.62,26.02,3.51,22.6,0
10.1,14.08,30.93,21.6,8.36,54.66,1.49,18.52,0
8.31,28.02,56.01,28.16,7.42,77.24,1.03,32.84,0
5.76,23.83,53.28,43.63,1.97,39.14,2.72,28.77,0
7.81,26.43,91.0,47.52,6.34,77.15,3.75,22.27,0
7.9,14.59,29.2,32.01,3.15,81.4,0.35,24.39,0
0.89,57.3,84.99,29.1,2.21,183.75,2.47,22.81,1
29.51,88.47,99.71,36.65,11.06,21.43,6.0,21.02,1
15.83,28.63,69.19,38.19,15.47,207.47,3.7,27.22,0
3.65,5.48,24.98,31.7,4.27,135.12,2.22,27.45,0
10.42,10.77,15.55,34.75,8.19,689.67,1.6,36.25,0
6.85,12.65,27.01,18.55,4.69,74.34,0.39,26.22,0
21.29,27.52,118.65,45.39,5.71,106.99,4.89,26.22,1
2.2,16.14,29.07,43.19,8.34,43.12,0.24,33.76,0
0.05,8.83,30.39,31.49,7.8,94.39,3.34,27.89,0
19.97,30.61,79.18,45.85,9.65,82.59,4.83,24.53,1
16.81,52.62,53.56,24.92,11.25,24.3,3.59,14.28,1
0.0,9.82,14.8,34.0,3.71,29.22,1.51,19.84,0
6.05,51.57,77.59,36.19,7.1,76.56,3.54,25.95,1
10.43,26.92,114.28,25.83,2.16,124.61,4.58,28.7,0
9.92,27.4,72.41,59.96,26.51,100.03,6.32,24.94,1
0.0,31.46,44.49,35.72,4.83,94.98,2.73,28.99,0
2.51,38.37,44.2,45.15,6.83,71.96,2.35,29.08,0
17.19,40.47,54.07,41.34,6.28,224.65,2.76,27.19,0
6.45,22.84,46.13,21.73,1.06,116.42,2.93,31.07,0
15.25,26.27,78.4,33.35,10.77,36.14,3.73,33.36,0
0.01,2.09,26.1,29.59,11.39,81.05,1.85,28.28,0
0.0,33.23,41.88,58.96,5.93,65.92,5.32,25.86,1
3.0,29.63,102.52,44.45,5.95,21.64,3.66,22.31,0
4.9,15.59,75.69,26.18,16.71,60.03,3.72,29.43,0
11.06,20.97,91.01,30.91,6.03,32.48,4.55,36.84,1
2.96,39.97,63.55,48.11,8.74,21.66,3.71,39.51,0
5.11,5.46,12.23,23.52,6.29,26.39,1.89,27.18,0
0.0,16.57,104.6,35.58,5.17,63.67,4.3,17.12,0
0.0,14.21,53.4,34.22,4.74,58.31,3.62,22.45,0
7.38,40.71,78.66,59.95,14.97,56.05,4.68,27.61,1
15.31,41.62,80.61,39.56,7.3,69.53,3.42,28.36,1
15.92,21.1,41.04,42.51,6.88,38.29,1.11,30.1,0
0.0,9.56,41.57,36.48,3.59,60.62,1.64,26.0,0
4.77,23.16,34.86,25.41,6.81,41.58,3.72,24.91,0
0.0,10.02,81.29,35.71,18.14,88.91,5.54,30.65,0
0.0,4.32,8.6,33.01,4.61,68.93,0.48,28.72,0
0.0,6.04,66.91,10.64,8.93,192.17,1.26,23.52,0
31.96,82.66,96.38,32.14,5.28,85.81,4.98,26.88,1
0.0,11.01,57.05,25.01,1.98,67.9,2.3,15.16,0
1.87,23.65,69.83,41.2,10.87,132.73,3.19,25.9,0
4.81,6.19,54.21,27.73,12.84,45.03,0.84,35.89,0
8.07,38.24,70.97,31.6,1.71,157.24,0.93,28.15,0
17.69,40.33,84.73,40.43,4.48,65.67,4.85,23.21,1
3.01,35.17,50.77,15.74,6.0,102.31,2.14,36.43,0
0.0,3.89,54.61,17.72,5.78,24.21,3.53,31.12,0
0.27,58.8,88.63,46.59,27.74,88.88,5.25,31.12,0
9.09,48.53,62.87,29.87,6.83,44.92,2.4,28.87,0
14.95,18.61,53.35,18.15,4.27,129.09,1.92,27.44,0
16.9,26.55,43.67,35.33,6.44,103.17,2.4,36.86,1
11.7,34.37,75.44,34.56,1.51,52.78,4.4,31.19,0
0.8,4.84,26.67,40.75,10.77,120.41,1.43,29.78,0
11.52,60.69,85.7,41.86,11.83,71.72,2.37,39.27,1
0.48,29.29,82.6,27.06,4.48,67.55,3.57,42.37,0
3.4,13.22,44.86,27.13,13.06,76.59,4.2,22.81,0
34.5,60.73,130.07,50.42,18.03,111.23,7.44,24.03,1
6.27,16.58,19.97,34.06,4.94,24.85,2.52,21.38,0
13.4,64.82,100.46,49.64,3.53,118.61,2.33,33.49,1
0.0,18.27,21.43,22.09,16.07,42.92,1.68,40.43,0
5.95,27.63,33.94,37.26,12.26,111.09,2.93,34.07,1
1.87,7.84,9.36,46.9,8.69,25.74,0.93,37.0,0
3.41,15.38,91.22,48.75,8.87,22.38,5.31,19.87,0
1.51,38.12,67.61,41.66,1.48,278.95,2.28,38.45,0
11.11,24.0,27.65,26.05,3.44,164.63,2.35,27.35,0
2.96,8.55,41.95,39.88,12.25,170.28,3.84,27.13,0
12.31,16.02,66.88,22.28,10.21,73.33,2.79,12.96,0
5.12,24.98,72.42,38.11,6.82,44.55,2.32,14.64,0
5.46,7.96,60.65,26.06,9.29,40.12,3.9,32.84,0
8.67,29.2,89.17,34.12,4.05,54.1,3.76,26.33,0
7.28,8.16,73.75,43.61,6.52,30.98,4.06,23.05,0
5.19,23.47,41.9,10.3,2.66,34.89,1.63,28.02,0
8.3,24.31,65.88,23.22,3.87,304.03,1.03,34.13,0
3.61,13.21,17.2,21.85,0.87,95.58,1.88,22.46,0
17.31,32.6,85.44,15.05,14.32,20.73,3.28,22.33,0
6.7,31.26,96.9,41.74,4.92,35.93,2.42,33.51,0
9.46,53.18,57.0,28.85,4.76,67.68,4.86,25.7,0
0.0,13.33,99.76,47.12,9.4,89.66,5.13,24.75,0
12.53,31.1,57.39,36.41,16.75,17.81,2.09,27.16,0
0.0,5.13,19.17,25.58,8.14,56.89,3.15,26.84,0
18.16,36.4,57.83,26.78,13.96,30.83,0.2,35.55,1
21.46,35.29,77.35,48.03,3.89,51.68,4.97,27.86,1
18.54,40.92,61.84,40.09,12.88,246.52,2.68,32.72,0
8.81,13.56,29.34,40.12,6.06,83.53,1.54,30.02,0
0.0,61.29,70.25,34.35,9.41,119.08,2.75,32.15,1
0.0,10.76,19.57,23.77,11.72,29.06,1.11,18.14,0
0.66,20.35,38.71,26.44,4.42,109.29,2.99,25.25,0
14.88,15.28,26.44,45.6,5.3,72.6,3.1,39.78,0
2.37,18.5,26.31,46.13,3.29,137.62,0.44,28.9,0
19.22,39.65,62.26,37.42,3.09,10.9,3.39,26.33,1
1.41,35.59,86.31,25.55,3.82,103.58,3.33,24.33,1
50.52,72.63,79.71,39.66,4.1,21.97,4.61,25.6,1
24.44,71.54,110.51,45.75,5.8,6.45,3.76,32.93,1
1.98,38.11,59.86,43.43,11.74,85.26,2.36,37.12,0
0.21,3.54,47.67,22.31,1.62,31.58,3.03,34.07,0
24.74,73.2,107.47,46.04,6.02,32.04,3.5,28.35,1
0.0,12.12,25.1,59.63,12.49,128.97,3.79,25.05,0
1.6,17.03,54.3,22.5,3.92,136.29,1.69,26.69,0
0.0,2.71,37.16,37.37,12.77,55.8,2.15,34.31,0
7.29,39.9,92.51,46.46,12.5,31.04,5.84,23.48,0
20.54,33.78,57.85,24.09,3.72,18.5,1.86,25.31,1
2.18,16.15,77.87,44.04,2.48,36.3,4.22,21.29,0
16.53,33.46,62.0,34.77,13.68,76.02,3.64,27.44,0
7.99,37.28,46.1,38.28,11.67,45.09,3.31,30.57,0
0.0,44.39,116.35,41.98,5.78,122.81,4.11,22.58,0
1.76,4.23,17.46,30.75,10.69,107.71,4.05,30.49,0
0.0,11.49,42.08,34.81,4.31,66.93,3.19,23.25,0
31.8,37.98,49.76,30.73,2.05,79.54,2.03,28.37,1
6.32,40.15,49.8,30.84,5.61,30.61,1.84,31.08,0
4.97,32.14,74.8,36.22,11.35,53.87,2.43,23.73,0
6.1,28.19,34.86,27.27,5.93,142.13,3.01,31.1,0
0.13,14.48,38.25,28.07,17.5,101.06,3.19,31.51,0
2.42,31.98,61.32,22.19,9.38,84.38,2.82,30.01,0
8.71,27.03,105.75,35.35,3.09,103.37,3.69,25.03,0
0.0,24.31,47.43,18.23,10.84,55.6,0.2,29.94,0
0.0,41.12,73.25,46.12,18.21,29.04,2.23,25.05,1
1.31,25.72,60.06,38.82,4.51,63.61,4.88,27.8,0
0.62,14.48,76.83,41.75,6.08,47.72,3.01,32.49,0
21.87,29.7,45.1,27.69,4.4,31.56,1.46,26.96,0
0.12,7.88,58.85,26.27,3.5,269.92,3.02,28.62,0
8.98,19.35,25.63,24.91,5.92,260.29,2.57,37.02,0
0.61,22.21,31.79,23.21,2.09,211.16,1.09,33.99,0
8.31,52.28,80.82,22.42,11.74,183.75,3.89,27.07,1
6.49,13.32,39.99,31.06,5.09,275.54,3.68,26.44,0
27.41,67.15,100.77,35.21,3.86,440.69,5.22,27.61,1
0.0,9.38,39.89,31.73,19.19,27.8,2.33,23.51,0
0.0,44.46,85.44,29.76,2.9,131.66,3.76,29.23,0
19.8,29.25,50.08,20.51,11.51,55.33,1.25,28.5,1
1.69,10.31,88.42,38.97,8.95,37.41,3.18,27.58,0
0.0,2.99,35.81,11.89,3.33,88.7,4.42,29.06,0
0.0,11.49,21.29,38.23,8.62,14.22,0.93,22.52,0
18.93,29.13,44.84,33.13,5.86,177.7,0.2,21.95,0
0.91,25.47,37.93,26.96,13.95,42.77,3.63,30.1,0
0.22,7.43,39.91,29.86,10.71,58.5,1.65,30.24,0
0.13,18.83,24.9,41.08,15.11,87.89,2.42,34.77,0
10.76,20.91,59.46,33.04,10.67,36.18,1.02,32.86,1
3.21,34.32,41.77,32.06,11.69,53.56,2.32,25.43,0
19.58,47.56,84.04,31.75,13.77,40.98,3.72,23.75,1
38.12,64.0,112.83,55.58,5.25,48.05,5.04,33.2,1
6.51,7.17,51.65,36.65,17.19,71.45,4.1,21.65,0
7.51,14.53,29.34,41.36,5.74,90.21,1.96,22.93,0
2.86,35.99,126.03,26.84,8.67,280.97,3.85,27.48,0
6.11,15.04,37.15,20.8,6.69,16.34,2.31,31.78,0
8.49,39.22,45.99,32.59,11.95,57.41,2.87,28.43,0
15.42,18.87,78.75,44.51,10.22,62.14,3.92,28.53,1
0.0,23.59,46.61,41.76,14.53,38.85,1.34,28.89,0
32.45,53.82,76.93,37.23,10.4,37.11,5.32,35.82,1
1.41,23.33,38.04,23.24,21.34,171.35,4.5,24.25,0
24.85,72.7,94.65,32.46,5.55,28.68,6.77,23.79,1
11.94,18.03,73.1,48.94,4.75,82.58,4.54,22.36,0
0.0,31.29,82.47,43.18,4.28,86.02,2.67,30.78,0
18.47,37.24,87.5,48.06,4.53,52.78,4.68,29.27,1
5.05,61.24,111.94,60.06,13.67,6.59,4.17,27.84,1
9.6,20.37,51.29,5.47,12.72,124.97,3.55,25.49,0
3.02,39.26,58.0,24.98,7.0,22.7,3.36,23.25,0
4.01,56.02,71.92,25.22,21.06,33.34,2.49,21.15,0
0.0,6.5,23.32,9.56,7.2,75.59,2.46,32.81,0
10.53,20.52,57.07,38.3,8.86,154.03,4.77,17.95,0
4.85,36.22,57.4,23.66,8.04,37.69,1.38,21.27,0
7.6,32.52,62.19,28.73,14.44,59.95,2.18,27.62,1
9.93,23.48,62.71,34.73,4.42,34.49,4.24,24.87,0
9.04,28.75,53.15,33.4,4.2,74.22,2.22,19.7,0
11.06,24.14,56.57,47.68,2.82,75.71,0.34,26.85,0
0.0,13.43,19.21,31.81,7.77,20.64,0.29,12.0,0
3.18,12.14,62.3,15.48,1.79,119.95,4.31,31.14,0
0.0,26.92,31.0,23.62,20.12,104.5,3.25,33.03,0
9.38,19.18,31.57,22.4,3.22,84.77,1.2,22.61,0
37.47,40.43,50.6,50.33,4.86,109.14,2.0,30.71,1
10.61,27.33,37.74,44.01,7.61,66.87,3.6,27.23,0
2.5,24.11,66.66,34.74,3.45,71.91,1.35,23.12,0
4.06,9.33,30.92,23.04,15.99,13.55,3.47,25.22,0
10.19,29.29,50.37,36.87,11.14,52.78,3.05,37.98,0
8.5,13.62,38.2,35.41,12.53,20.36,1.78,32.68,0
3.01,10.54,27.16,28.19,6.43,120.55,3.04,28.75,0
1.42,9.79,18.37,5.26,2.98,16.74,1.47,25.93,0
8.63,34.39,74.95,32.55,10.93,30.52,2.62,19.78,0
10.08,15.98,25.16,23.77,6.12,74.14,2.0,32.25,0
2.52,37.64,40.26,24.98,11.56,67.89,4.03,40.32,0
22.6,61.24,111.15,27.14,14.7,74.08,2.56,31.34,1
4.69,12.25,45.39,39.79,8.96,48.81,1.09,24.75,0
21.5,46.37,124.75,44.67,3.66,31.45,5.62,32.7,1
0.0,21.65,35.77,24.03,5.66,32.86,4.14,24.8,0
0.0,20.38,44.63,19.66,0.91,63.15,2.21,34.51,0
0.49,40.82,69.72,29.47,9.95,33.61,5.23,22.26,1
26.61,38.92,55.52,36.27,16.65,80.82,2.3,21.18,1
4.38,23.58,27.17,39.56,8.06,48.07,0.87,22.59,0
1.24,24.71,85.53,49.2,5.81,274.53,5.23,30.4,0
8.43,9.96,49.92,24.5,11.64,104.3,1.6,24.65,0
0.71,30.17,44.78,54.74,3.87,117.27,2.1,35.54,0
8.3,62.55,160.64,71.51,16.31,77.59,7.07,41.32,1
4.34,6.27,88.18,27.08,6.93,53.95,2.87,29.01,0
1.07,21.07,57.98,24.21,7.12,105.2,4.04,29.11,0
4.77,18.85,26.75,27.75,14.3,59.59,1.29,23.81,0
4.78,26.52,87.67,49.14,2.42,24.92,4.84,28.29,0
13.89,43.34,56.9,46.35,18.76,22.27,4.82,30.2,1
0.0,9.07,111.54,46.82,12.67,19.79,4.67,24.35,0
1.81,23.85,45.56,38.94,9.1,253.75,1.99,19.04,0
6.69,47.06,57.23,35.18,1.79,70.12,1.48,28.49,0
0.29,33.02,97.5,44.11,5.73,77.2,5.59,33.9,0
3.47,30.84,39.28,35.34,2.61,43.01,1.51,25.78,0
0.99,13.54,33.77,24.82,2.75,88.27,0.24,30.53,0
2.29,13.53,85.24,58.63,10.49,41.39,5.71,19.27,0
0.0,20.38,58.97,44.54,3.92,90.82,2.05,32.62,0
37.58,58.26,130.24,53.55,15.11,8.06,7.98,29.3,1
0.96,34.01,70.07,34.04,14.96,102.03,2.17,21.89,0
4.65,24.7,34.62,25.1,11.52,73.34,2.66,32.17,0
4.57,34.16,81.72,23.37,6.59,27.23,3.44,25.24,1
19.2,22.04,78.81,35.09,6.76,76.31,3.64,30.95,0
0.0,26.74,67.1,37.89,13.48,60.74,4.77,18.23,0
1.58,29.04,38.48,20.09,12.21,63.22,0.74,31.59,0
4.66,43.23,52.72,29.88,9.75,122.42,3.84,31.62,0
2.67,4.54,60.16,31.27,13.86,168.51,2.22,26.67,0
15.24,61.8,66.42,42.47,16.11,231.25,4.45,29.59,0
0.0,15.09,71.5,42.68,6.83,79.11,3.67,24.49,0
1.13,12.93,18.23,20.64,20.68,83.45,4.02,27.43,0
9.9,40.85,73.01,33.39,14.94,53.18,2.6,38.61,0
4.79,18.28,55.39,29.55,5.86,58.86,4.3,28.19,0
19.6,43.15,72.87,27.36,14.02,28.06,2.62,25.81,0
4.8,28.65,43.13,27.25,12.27,76.51,2.06,29.97,0
0.0,79.73,97.08,42.58,12.18,104.79,3.78,23.55,1
17.24,89.64,127.36,31.41,4.44,23.53,6.52,36.19,1
15.28,51.85,75.79,41.46,5.47,120.06,5.37,33.09,0
8.28,16.77,104.22,32.98,3.64,18.81,4.59,27.63,0
43.65,68.48,74.12,24.14,7.43,46.97,2.07,27.66,1
5.17,11.33,40.76,25.57,1.89,140.51,4.27,25.92,0
5.8,22.48,62.41,33.4,1.09,23.88,3.92,24.06,0
14.87,28.03,96.15,44.33,13.77,219.18,3.39,22.77,1
7.15,64.07,155.82,44.17,8.32,70.7,5.49,23.89,1
5.7,20.42,56.73,38.13,9.1,236.62,2.03,18.87,1
0.0,34.27,53.23,35.1,4.4,71.69,1.66,26.19,0
0.0,18.8,32.79,40.74,4.88,69.22,3.36,35.87,0
0.0,34.64,103.09,39.2,4.37,57.13,2.8,33.86,0
2.4,3.86,53.53,28.39,13.74,90.02,2.3,33.02,0
20.55,36.5,41.11,55.34,14.38,43.95,2.88,35.1,1
31.31,65.22,191.28,64.47,7.14,57.8,9.03,26.24,1
23.3,57.46,91.9,32.77,3.28,114.07,3.96,36.79,1
24.29,52.85,85.64,47.6,23.5,27.22,4.0,16.09,1
0.0,11.63,19.15,46.25,11.34,103.28,3.06,34.8,0
4.78,33.69,38.35,32.64,16.04,72.97,2.01,30.21,0
0.0,25.93,45.12,33.65,7.38,121.9,1.37,27.06,0
7.86,27.77,52.4,26.9,8.86,109.23,2.14,24.33,0
2.46,34.63,64.71,45.49,9.7,93.14,3.52,24.01,0
0.0,7.33,23.0,32.93,5.8,40.03,1.44,29.58,0
9.22,25.11,40.0,17.22,5.22,94.26,2.55,28.73,0
0.6,4.24,21.06,26.99,4.85,58.85,5.28,32.16,0
4.0,8.48,84.59,37.68,24.62,51.67,2.53,16.11,0
1.47,9.59,62.53,32.48,1.05,201.13,2.62,24.53,0
10.79,62.39,166.32,49.34,5.71,80.29,4.82,29.19,1
6.03,39.58,47.92,17.33,22.72,81.39,4.1,28.95,0
4.68,14.29,125.24,64.14,4.4,290.83,5.01,25.5,1
22.53,36.31,56.27,31.9,2.19,48.92,2.68,30.56,0
1.79,13.92,46.68,46.32,7.24,118.94,2.98,16.52,0
8.54,34.51,78.88,33.42,6.26,159.98,3.16,26.81,0
1.97,9.73,27.99,16.45,1.25,9.5,1.11,25.28,0
51.52,109.15,119.33,44.76,13.93,676.56,5.67,27.24,1
17.92,77.94,135.73,55.27,9.04,21.27,4.3,26.99,1
29.7,52.2,81.97,31.86,3.29,40.65,5.67,34.94,1
5.79,18.18,55.88,44.34,18.72,76.31,2.05,23.58,0
18.69,60.92,108.49,37.84,12.3,54.15,3.44,38.43,1
0.0,32.31,38.47,20.33,5.1,45.15,3.03,35.28,0
3.25,9.9,32.58,33.02,15.85,8.69,3.31,28.17,0
7.57,24.68,40.72,44.09,10.97,34.32,2.54,31.07,0
20.71,37.18,80.97,56.62,12.41,43.53,5.0,21.59,1
5.12,6.26,50.33,20.41,11.3,46.6,1.04,25.07,0
3.17,33.6,55.26,27.67,10.03,76.57,1.7,31.14,0
13.37,26.34,69.86,30.97,18.68,131.51,4.07,37.39,0
28.21,49.97,76.07,33.0,13.04,102.23,4.14,32.28,0
14.38,54.17,79.64,39.25,4.18,214.77,3.79,31.77,1
9.32,28.57,60.24,54.77,2.86,60.59,5.12,30.31,0
18.53,50.21,74.89,57.34,20.55,15.82,3.82,21.62,1
17.1,33.04,106.61,66.31,10.3,37.72,2.26,24.99,1
14.45,17.91,98.83,50.03,5.8,59.71,7.35,22.74,0
17.53,65.5,90.17,38.72,3.28,65.46,4.52,28.23,1
7.88,58.01,90.66,28.68,19.49,97.86,3.5,28.88,1
0.0,6.15,33.07,12.32,5.98,18.41,2.62,35.79,0
11.37,72.74,97.56,49.49,22.76,24.06,3.28,33.48,1
0.9,14.99,18.93,28.91,14.18,145.07,3.53,30.38,0
6.87,24.43,75.93,54.02,3.34,62.9,2.98,27.86,0
0.0,29.45,45.49,30.28,8.51,38.86,2.52,32.7,0
2.29,26.34,44.73,44.92,12.76,38.59,2.43,34.54,0
3.06,5.12,69.24,46.35,5.98,40.35,3.55,19.87,0
9.83,52.97,118.95,20.96,19.0,62.87,2.96,29.28,0
1.83,17.5,40.67,34.1,5.03,188.76,1.41,28.24,0
3.59,14.87,66.63,34.51,4.81,113.51,2.77,25.68,0
14.04,42.12,47.41,20.5,7.7,27.08,2.08,35.29,1
21.18,42.87,77.66,55.99,8.95,29.66,3.89,40.63,1
2.79,51.28,87.12,44.02,13.44,68.78,3.41,37.83,0
24.52,70.28,145.63,66.61,13.66,92.47,4.71,22.86,1
13.01,24.12,94.96,42.63,15.04,138.85,5.38,28.74,0
24.2,38.68,43.42,34.67,5.01,170.09,2.0,28.88,1
6.26,12.54,87.65,42.27,4.43,21.5,6.22,24.59,0
3.46,49.37,80.18,39.57,0.52,61.07,3.56,29.68,0
4.93,41.99,51.97,42.86,1.77,33.18,3.61,31.72,0
9.51,20.78,35.39,32.69,14.48,60.34,1.13,43.0,0
6.07,39.97,71.14,22.53,11.87,27.24,4.21,24.24,0
6.33,14.56,41.17,49.11,3.97,21.26,2.48,23.52,0
12.88,35.87,49.11,24.8,14.84,16.09,3.34,22.09,0
1.89,26.76,35.06,27.65,3.46,99.34,1.97,41.25,0
7.24,29.1,65.15,34.72,9.88,53.24,3.35,29.89,0
0.0,4.23,10.81,11.73,6.59,93.46,1.24,25.0,0
5.4,36.59,110.61,40.86,4.21,73.72,3.99,23.44,0
2.95,12.35,16.36,22.04,3.52,73.59,2.09,28.89,0
3.18,8.05,58.08,38.19,12.19,27.84,4.67,34.44,0
0.0,30.44,41.98,41.52,9.81,75.86,4.36,31.63,0
1.61,51.34,62.57,21.27,22.3,21.21,3.16,15.67,0
9.82,14.5,32.82,24.46,12.73,62.94,2.24,31.9,0
0.22,1.28,7.01,23.37,10.57,160.44,1.28,24.97,0
0.0,11.14,46.96,51.19,33.48,44.06,3.73,31.88,0
15.2,38.57,56.35,30.53,1.86,187.11,1.9,21.6,1
15.89,24.21,64.8,13.39,11.72,81.61,2.99,35.45,0
40.96,65.0,113.98,43.79,9.89,93.22,5.06,25.83,1
11.41,21.89,39.93,38.73,13.2,17.36,2.84,20.94,0
0.0,5.7,8.77,18.2,2.19,141.84,1.82,23.33,0
0.3,1.78,24.62,19.66,17.84,36.05,3.33,23.49,0
35.75,77.43,122.44,41.68,5.02,76.73,3.63,14.67,1
6.61,32.33,90.61,41.89,3.01,55.72,3.21,36.29,0
15.4,45.99,55.76,29.33,6.34,38.96,3.47,35.62,1
4.77,5.23,13.68,37.49,3.29,95.76,1.32,37.78,0
5.48,19.14,43.63,29.77,1.29,29.63,3.75,18.55,0
15.51,62.12,82.09,47.48,13.87,40.66,3.79,26.22,1
6.97,90.13,106.18,35.01,2.25,36.69,4.0,22.69,1
5.05,40.71,80.25,48.31,9.3,144.77,1.81,26.57,0
0.0,17.85,26.09,18.88,4.57,339.12,2.96,33.58,0
2.65,11.71,27.6,34.29,14.83,136.47,1.52,27.22,0
1.77,26.56,73.12,34.99,5.69,79.24,1.93,22.57,0
4.68,7.18,60.19,20.5,12.83,125.45,2.41,24.06,0
0.98,7.54,24.18,33.87,3.97,152.17,1.52,25.14,0
2.74,17.74,37.35,36.8,5.8,47.4,0.41,28.11,0
23.14,58.47,85.75,36.88,38.25,54.0,4.41,31.12,1
14.84,34.13,138.65,54.81,5.01,108.31,6.41,33.71,0
0.03,28.94,60.59,42.94,11.73,34.13,5.75,24.71,0
17.38,41.24,126.92,42.89,4.18,79.07,6.62,24.86,1
5.88,17.42,28.86,26.98,2.65,63.15,3.44,22.34,0
8.36,11.8,19.01,39.11,1.0,13.75,2.48,24.32,0
7.76,16.62,54.3,27.01,2.32,17.94,4.17,30.6,0
2.7,24.16,37.68,52.77,14.66,81.82,2.65,29.55,0
12.16,21.11,44.82,27.15,3.34,49.41,2.28,26.85,0
15.08,35.85,43.83,46.74,5.87,35.77,3.97,32.26,1
3.78,61.27,181.61,49.03,6.99,97.09,6.75,27.27,1
14.78,17.69,60.87,25.71,11.31,105.29,2.54,23.95,0
8.25,37.75,53.07,40.67,3.55,248.9,5.59,27.42,0
15.5,18.2,26.6,25.61,10.4,30.01,0.2,24.68,0
7.71,32.75,46.85,10.5,9.04,50.76,2.27,32.7,0
15.95,45.14,47.36,41.45,2.43,373.38,3.42,28.32,0
1.83,11.45,39.88,36.65,4.13,51.69,3.93,31.51,0
0.0,39.85,73.6,21.08,6.15,84.42,4.04,27.34,0
1.65,26.95,59.34,23.46,9.41,158.43,3.28,33.22,0
4.15,68.71,85.59,37.61,6.84,30.34,4.58,36.1,0
0.0,10.94,17.15,23.87,0.53,78.32,0.6,24.26,0
1.65,13.32,51.35,43.0,20.08,36.28,2.48,21.04,0
12.3,16.05,80.3,42.71,20.1,142.15,3.55,28.8,0
0.0,78.94,151.6,45.74,17.1,89.48,5.15,25.3,0
12.55,54.23,104.36,31.83,12.96,38.21,5.4,31.92,0
26.07,31.6,84.77,25.97,24.34,31.88,4.69,24.89,1
9.13,37.95,66.6,43.61,7.81,28.1,4.45,24.69,1
5.76,59.58,128.29,35.37,14.01,9.79,5.44,31.12,1
5.73,17.43,101.17,39.22,4.59,90.14,4.51,28.22,0
1.14,11.25,41.7,31.18,15.62,66.1,3.49,27.32,0
1.12,3.85,7.89,13.88,8.4,89.17,1.26,24.02,0
17.06,54.94,114.75,45.96,4.2,110.23,4.52,32.46,1
12.04,21.11,48.22,41.11,12.26,184.31,3.14,29.84,1
2.31,6.46,73.58,36.43,2.39,41.35,3.33,28.52,0
13.11,40.41,42.8,20.09,16.82,49.38,2.1,22.26,0
4.71,7.79,46.8,39.4,9.81,46.79,2.12,36.93,0
9.79,32.41,65.31,29.34,3.36,106.9,2.01,27.51,0
0.79,5.58,33.04,22.02,5.13,43.26,1.62,32.22,0
63.29,93.24,189.22,74.7,7.51,219.37,6.73,27.99,1
18.37,24.05,43.18,15.75,13.01,72.68,1.95,33.78,0
8.71,18.42,27.54,18.65,14.65,221.44,1.25,26.64,0
2.98,21.3,31.2,33.21,5.63,83.22,3.37,20.77,0
0.0,10.97,47.06,31.15,6.06,82.78,2.88,27.52,0
2.98,84.15,104.39,43.69,22.02,35.21,5.51,32.98,1
9.94,16.85,30.7,31.71,3.22,32.82,4.13,26.97,0
0.44,4.78,47.02,31.21,10.93,83.22,1.59,30.24,0
2.87,15.99,49.64,42.59,3.84,47.38,2.77,32.15,0
10.32,38.36,54.08,41.2,1.74,162.12,4.05,34.67,0
27.6,36.09,43.69,30.14,2.87,196.65,1.26,38.84,0
7.44,19.74,51.12,31.06,10.01,27.0,3.04,30.8,0
1.81,24.24,68.7,38.84,9.97,98.16,3.31,29.33,0
10.12,31.03,32.7,28.64,11.54,83.36,2.66,28.22,0
2.59,44.4,85.55,50.49,5.74,91.34,1.37,23.3,0
5.93,10.01,51.23,41.89,14.1,33.42,5.62,36.25,0
6.31,26.24,33.07,35.24,8.57,108.48,2.37,28.22,0
0.77,2.05,15.64,39.98,4.05,35.06,0.43,27.29,0
1.6,16.12,22.47,33.57,12.58,32.46,2.7,30.12,0
17.56,54.09,81.06,39.31,5.88,30.69,3.35,21.67,0
32.85,138.91,198.18,56.69,2.12,139.19,5.04,24.14,1
0.49,24.41,45.92,34.23,11.44,143.09,4.6,32.12,0
0.93,39.78,50.26,47.02,8.94,11.82,3.49,19.67,0
7.35,18.37,43.95,34.94,7.57,86.72,2.41,18.85,0
5.6,16.71,39.07,19.62,10.1,62.7,2.28,24.39,0
3.64,20.52,38.01,25.12,16.38,101.66,2.64,28.53,0
8.47,25.03,59.3,43.4,8.95,43.04,1.97,28.27,1
0.0,21.65,53.73,27.12,3.52,16.91,3.47,28.51,0
11.4,16.04,54.62,35.89,7.24,31.87,2.98,40.77,0
2.24,51.74,83.19,43.8,12.37,106.05,2.85,29.84,0
15.93,34.6,98.03,42.54,10.38,93.25,6.99,25.74,1
20.4,50.43,82.05,37.19,4.79,19.25,2.83,30.94,1
3.49,43.25,84.77,30.36,4.61,80.56,4.66,25.24,0
8.57,14.58,47.67,38.93,9.33,75.26,3.79,30.77,0
6.27,52.4,61.35,25.67,8.09,84.64,2.76,24.0,0
27.55,52.35,97.09,44.74,2.41,24.95,4.75,24.36,1
0.0,26.57,59.9,16.5,5.86,73.15,2.95,34.56,0
28.72,44.68,71.44,29.47,37.51,62.64,2.25,34.5,1
31.7,89.04,124.77,45.54,4.85,56.28,5.49,32.55,1
0.16,46.37,67.2,34.84,8.83,174.26,2.61,12.67,0
0.0,9.57,43.44,38.6,8.11,18.89,1.91,27.33,0
2.17,16.83,140.42,30.74,10.0,107.48,4.77,29.65,0
4.51,27.02,69.07,29.04,5.29,24.04,4.04,20.82,0
1.74,17.68,36.95,21.51,15.74,69.82,2.67,22.99,0
2.09,44.65,77.53,46.87,15.51,30.69,4.55,38.27,0
4.8,51.16,78.37,29.6,5.91,114.33,6.43,38.98,1
26.6,38.7,81.76,36.32,6.73,45.26,3.49,32.33,1
3.86,13.85,110.11,44.31,7.15,24.76,4.93,27.84,0
11.89,28.51,107.24,36.86,13.19,91.03,4.37,28.49,0
0.0,22.86,62.06,39.59,16.21,100.67,2.86,37.06,0
5.87,28.89,63.01,29.6,4.46,61.1,2.97,24.45,0
2.6,9.41,26.67,13.07,4.36,39.06,0.83,32.41,0
11.45,16.18,39.81,22.56,4.31,13.69,2.17,34.42,0
0.0,39.62,113.73,26.51,11.27,128.98,3.45,23.29,0
21.2,31.61,34.46,31.79,11.43,104.83,0.55,29.81,0
2.37,17.2,59.01,33.27,12.42,71.44,2.92,16.77,1
0.69,35.47,56.05,31.46,14.01,10.98,0.88,30.93,0
31.38,51.34,115.82,48.16,12.58,40.57,5.69,22.03,1
7.36,22.33,64.85,40.59,4.53,43.89,2.96,35.09,0
4.61,10.78,30.31,20.81,3.76,14.94,2.23,18.09,0
0.0,10.61,18.8,30.84,10.3,12.49,0.96,23.46,0
0.12,8.74,26.91,19.66,2.92,42.03,2.44,19.17,0
0.0,13.47,35.59,16.15,3.91,36.07,1.22,33.3,0
5.32,13.16,94.18,50.61,7.79,103.82,4.33,25.82,0
18.81,23.77,47.11,31.3,22.47,17.59,1.6,33.86,0
8.14,24.15,28.23,34.01,6.7,61.42,1.57,25.76,0
5.82,31.38,60.13,23.68,14.51,108.85,3.15,19.32,0
4.82,7.22,22.87,31.82,4.3,54.56,2.89,30.01,0
14.47,21.11,33.69,28.19,4.55,101.94,0.45,30.49,1
3.5,31.97,61.01,34.15,4.08,96.14,3.31,35.07,0
0.0,21.28,54.61,48.36,9.6,57.59,2.86,23.91,0
16.78,39.89,66.05,18.63,16.08,156.55,2.16,28.41,0
0.0,27.83,62.23,39.91,2.83,89.23,4.79,22.43,0
0.0,32.66,74.17,47.34,20.72,55.98,4.32,26.79,0
7.67,21.57,49.43,37.38,25.83,64.54,3.39,30.47,0
0.0,16.64,36.51,40.33,6.92,128.37,1.17,23.95,0
4.96,10.35,11.73,19.7,2.11,265.89,3.18,31.4,0
6.44,21.8,44.8,31.87,27.39,46.36,2.68,27.19,0
9.34,36.11,56.63,41.65,3.18,50.15,2.07,15.27,0
8.21,21.5,46.88,27.13,14.97,92.12,2.0,27.16,0
0.0,13.06,27.13,16.13,5.6,37.39,3.76,18.17,0
14.51,20.56,26.66,50.4,14.09,205.92,4.21,27.43,0
4.71,16.25,29.39,35.67,1.09,60.0,3.98,30.47,0
2.51,17.81,57.73,40.96,10.69,71.13,2.56,26.01,0
0.0,30.63,46.67,32.74,7.34,43.36,2.94,29.69,0
17.82,26.4,43.01,37.29,1.21,38.32,1.37,28.99,1
16.09,26.18,54.27,29.35,28.82,34.79,2.86,38.7,0
1.72,30.76,51.14,34.21,7.47,27.19,1.49,16.59,0
9.4,10.53,22.27,30.24,3.99,68.14,2.69,20.41,0
12.34,45.69,83.09,41.92,11.81,83.45,4.47,32.73,1
3.14,15.13,25.53,25.5,5.07,31.57,1.12,38.41,0
16.28,27.09,35.88,28.2,5.93,14.94,2.23,25.26,0
17.17,49.6,53.8,39.7,9.01,179.8,2.31,41.09,0
0.0,19.78,51.14,36.13,16.89,9.73,1.64,26.77,0
11.83,28.19,53.1,41.44,5.26,48.06,4.57,25.09,0
1.85,13.3,83.25,27.69,16.41,51.55,2.44,28.65,0
0.31,7.52,54.13,39.51,10.16,102.83,3.32,27.31,0
0.0,33.28,41.96,23.02,9.04,118.71,3.75,34.13,0
5.75,28.18,57.99,47.18,5.87,115.36,2.62,28.27,0
2.98,7.53,38.25,31.73,9.76,60.74,2.04,22.91,0
1.61,38.67,65.51,35.11,6.31,36.52,3.95,27.45,0
12.71,14.53,95.67,42.08,8.7,20.94,5.83,18.93,0
72.91,81.06,84.36,41.93,12.6,119.45,2.65,25.95,1
9.52,15.46,27.47,37.7,7.13,10.65,2.99,20.01,0
2.95,5.17,14.53,38.37,14.58,51.1,2.33,20.12,0
16.81,33.15,64.86,19.98,4.64,51.59,3.92,29.47,0
0.0,10.56,21.76,26.44,3.6,35.55,1.67,32.6,0
1.9,13.34,26.07,24.96,16.85,272.62,3.16,28.09,0
6.33,28.85,36.4,24.55,10.97,76.56,5.03,16.48,0
6.43,11.27,28.96,18.2,3.37,30.26,2.82,26.96,0
14.98,35.69,50.59,33.54,23.37,24.34,1.74,25.91,1
25.76,88.66,136.51,35.72,17.95,24.41,5.27,17.36,1
14.6,23.8,35.32,39.27,21.91,24.82,3.87,30.44,0
25.97,96.5,108.36,35.75,10.66,53.66,3.68,15.13,1
27.08,53.05,70.95,39.96,5.1,43.35,2.71,26.43,1
7.65,36.59,50.1,25.99,9.54,301.97,2.77,25.67,0
3.98,20.33,36.77,23.41,7.69,95.34,2.37,29.93,0
11.33,17.0,50.14,29.51,9.81,49.29,5.77,22.71,0
14.91,28.16,43.99,23.36,7.8,24.86,2.58,31.78,0
12.97,38.46,75.86,46.95,8.25,59.36,3.13,25.96,0
0.0,7.17,20.27,31.07,11.38,29.48,3.06,30.99,0
23.61,42.62,103.85,48.36,13.04,62.27,2.82,27.84,1
17.76,52.55,142.12,44.68,5.17,60.75,5.56,38.06,1
10.59,18.93,58.73,43.98,11.07,84.95,2.64,20.09,0
3.88,42.7,83.26,43.39,7.88,34.18,4.19,27.05,0
24.44,32.29,103.61,33.72,13.15,143.16,3.13,17.86,1
0.0,26.17,30.18,31.1,3.79,108.21,3.16,22.38,0
4.68,22.69,53.36,40.29,6.95,129.16,4.17,31.29,0
11.99,52.05,88.78,35.0,12.15,140.46,4.06,29.68,1
19.5,48.84,60.22,41.09,6.97,71.23,1.43,26.82,0
17.26,39.98,52.06,20.41,7.96,48.37,4.44,28.84,1
0.0,8.31,12.49,25.8,4.97,246.33,1.52,33.49,0
9.25,27.95,102.84,37.79,4.75,44.71,4.79,35.88,0
6.56,29.42,52.42,46.47,4.49,45.52,3.81,17.08,0
0.0,31.91,35.36,22.52,1.55,37.74,2.12,29.56,0
0.0,11.4,30.19,30.6,10.17,142.35,2.35,37.96,0
0.0,9.08,36.46,43.41,4.74,101.35,1.85,28.11,0
0.0,10.23,20.72,30.65,0.74,49.87,0.73,24.9,0
4.13,33.68,35.33,23.12,8.55,53.63,1.33,28.71,0
4.53,14.87,27.47,36.17,7.42,85.2,2.74,27.2,0
8.89,38.54,64.63,52.17,13.41,34.42,4.95,22.05,1
1.15,23.38,54.8,34.54,6.23,33.43,3.41,31.75,0
20.53,45.05,78.98,52.45,1.12,115.56,5.89,27.85,1
16.18,70.18,87.57,44.23,3.71,91.91,4.88,43.0,1
8.43,40.93,96.3,58.22,7.53,106.04,4.94,24.74,1
29.63,70.41,151.83,54.41,7.91,186.27,7.11,22.65,1
7.48,17.86,42.34,51.23,13.2,32.81,2.86,30.47,0
0.0,5.55,26.95,25.88,5.52,78.73,3.07,31.85,0
11.59,18.79,22.46,30.31,4.17,52.15,2.22,27.03,0
6.01,11.58,66.3,26.97,5.77,57.75,3.53,30.82,0
2.39,10.6,55.62,41.11,7.73,84.11,3.6,28.16,0
3.2,17.89,26.67,31.45,11.52,153.06,1.36,38.76,0
9.69,22.68,33.26,36.77,2.34,21.96,1.97,28.04,0
8.02,34.62,94.0,45.17,1.88,126.96,6.1,29.02,0
35.37,44.13,88.31,43.75,19.55,13.28,0.95,31.36,1
6.75,18.28,37.74,39.0,2.19,38.01,1.8,26.78,0
7.49,32.45,76.6,46.33,1.66,23.21,5.62,32.72,1
5.9,25.26,64.95,39.47,11.46,14.77,2.24,26.15,0
5.78,18.72,32.6,32.99,3.13,82.2,3.53,30.87,0
0.0,47.75,70.17,29.19,2.89,173.4,2.67,31.87,0
1.7,37.65,76.53,47.16,12.34,40.36,5.29,27.12,0
9.37,74.07,99.79,33.53,1.91,32.1,5.06,32.06,1
0.0,55.59,68.37,34.41,18.54,95.41,4.23,34.2,0
3.48,6.91,40.65,32.32,23.54,9.5,2.88,28.63,0
21.98,43.6,104.43,30.12,2.58,61.63,4.36,24.47,0
3.12,18.22,74.6,25.99,2.15,10.44,2.06,28.98,0
28.08,56.45,89.1,32.83,8.12,30.54,3.46,19.42,1
3.26,64.97,131.42,50.73,13.4,40.66,3.18,32.59,1
17.31,45.5,106.07,45.28,2.58,19.62,3.8,26.12,1
6.2,23.73,40.99,26.69,5.3,43.16,3.43,18.3,0
0.0,15.62,16.76,40.09,7.58,49.51,3.0,26.62,0
34.42,72.14,90.27,36.23,2.11,90.43,1.99,37.03,1
0.0,31.75,58.94,48.5,16.63,22.18,3.33,20.01,0
2.1,16.68,59.87,32.22,2.75,166.54,3.89,40.67,0
38.26,42.62,46.02,26.51,10.44,23.31,0.95,29.26,1
7.43,26.85,65.82,59.56,10.92,300.56,4.97,28.17,0
0.78,10.96,63.68,16.98,9.29,66.98,3.08,38.54,0
5.85,14.56,38.39,34.17,5.07,27.76,3.55,25.08,1
11.29,14.08,24.88,22.36,6.84,38.06,1.9,30.05,0
3.09,54.09,85.48,27.85,5.74,24.78,2.78,28.92,1
24.21,91.92,181.87,53.85,1.43,43.27,5.42,31.71,1
1.08,14.55,39.67,45.83,1.75,61.43,2.6,23.23,0
0.0,15.76,33.44,35.59,15.54,210.87,3.91,24.44,0
15.5,35.67,42.18,17.59,8.69,66.0,4.36,17.96,0
4.41,17.4,42.68,21.38,6.41,21.51,2.13,28.03,0
17.27,40.69,98.37,35.97,6.58,102.68,5.75,26.11,1
2.8,27.93,61.95,26.46,1.21,242.6,4.38,27.42,0
9.39,58.13,95.01,52.84,8.25,94.92,4.41,32.79,1
2.51,8.53,13.54,32.32,23.51,33.44,2.66,35.83,0
3.72,26.53,46.96,28.4,7.86,107.87,1.78,29.7,0
0.0,13.98,50.27,32.61,3.81,101.21,3.42,27.98,0
0.0,12.89,40.61,23.22,5.41,15.74,4.59,35.19,0
8.22,9.89,72.86,32.06,9.8,195.92,2.81,16.24,0
15.5,24.43,48.04,21.94,15.53,20.5,1.67,31.0,0
9.26,35.25,79.33,38.69,16.85,70.4,4.15,20.98,0
0.14,9.55,54.09,30.14,4.39,156.68,3.79,25.4,0
10.38,30.11,43.09,32.03,5.43,79.65,3.75,33.16,1
8.06,22.9,51.41,42.93,17.98,32.91,1.44,22.15,0
1.12,20.05,35.17,29.34,6.23,71.97,0.49,35.67,0
4.15,12.68,42.7,10.1,10.36,70.4,0.61,20.2,0
1.56,15.32,61.92,50.81,9.46,22.69,3.96,26.77,0
10.88,32.58,132.57,48.36,12.73,112.53,5.56,33.54,1
2.32,13.94,52.62,22.41,14.0,118.7,1.39,24.3,0
11.29,36.36,90.63,38.19,23.25,66.63,3.2,27.38,0
0.0,10.34,46.77,40.86,13.16,55.32,1.89,19.36,0
16.36,47.44,69.88,33.2,9.99,59.58,5.17,26.28,0
0.11,3.75,8.42,25.8,3.3,68.03,2.19,28.84,0
26.23,42.35,69.01,34.49,20.01,98.39,2.41,27.74,1
2.72,27.59,108.98,57.22,5.26,74.18,5.57,25.75,1
21.71,38.4,72.8,58.69,12.03,33.11,5.17,23.64,1
0.0,30.73,44.23,40.77,9.02,53.23,1.85,29.58,0
18.75,31.34,92.71,55.21,13.89,134.03,2.87,42.17,0
0.67,13.71,41.97,18.44,4.0,74.37,2.55,21.0,0
18.59,20.96,32.93,27.02,8.3,53.67,0.84,33.17,0
5.3,35.67,64.3,27.8,4.11,12.59,2.6,27.27,0
3.33,38.1,50.01,39.25,7.77,41.18,2.47,20.06,0
22.23,54.56,70.64,47.23,10.37,35.39,3.41,32.43,1
1.83,12.9,46.44,30.66,6.61,13.75,3.07,28.09,0
28.03,31.44,86.02,36.32,5.12,30.58,4.46,26.71,1
3.62,56.84,123.0,45.65,18.78,23.31,6.19,33.8,1
5.97,21.26,70.66,29.68,3.77,26.38,2.79,18.83,0
6.96,11.43,60.49,19.72,3.38,87.68,1.96,28.03,0
0.0,42.35,130.58,54.78,6.2,43.06,5.13,25.03,1
8.76,10.68,12.78,22.54,1.11,24.97,0.2,23.74,0
0.66,50.79,87.04,36.7,9.32,96.72,5.05,27.29,0
0.0,3.57,12.46,33.18,13.11,220.01,2.09,32.71,0
0.0,14.91,144.57,38.63,18.29,83.16,5.55,34.5,0
2.71,17.76,75.63,53.94,8.21,110.34,2.12,23.83,0
23.1,43.46,55.17,38.25,13.43,29.24,1.71,30.88,1
1.14,26.24,57.64,28.01,3.69,123.08,1.98,26.55,0
8.47,18.75,37.64,41.33,5.45,77.8,4.66,29.95,0
21.29,34.44,43.72,46.71,4.56,80.18,3.41,22.52,1
3.65,13.75,40.5,15.54,3.3,87.43,3.05,29.04,0
6.79,44.15,147.09,19.16,3.22,68.33,4.26,27.9,0
24.81,47.66,77.27,35.55,3.73,28.92,4.55,24.32,1
10.61,46.93,106.21,42.24,4.29,119.22,4.17,24.46,0
9.15,21.25,73.14,39.11,5.29,17.68,3.43,27.61,0
5.3,17.4,42.15,45.51,9.35,152.51,3.31,25.78,0
27.29,31.94,63.74,37.9,1.95,137.83,4.65,27.86,0
2.75,32.64,60.17,32.68,8.85,17.29,3.71,28.87,0
2.0,19.73,27.61,37.44,7.98,22.97,4.51,17.57,0
3.06,18.78,26.69,42.64,8.62,63.15,4.42,30.71,0
11.66,22.31,41.67,16.16,13.8,25.59,3.69,24.56,0
7.8,20.46,25.32,40.39,8.97,99.08,2.57,25.93,0
0.26,23.44,41.8,28.85,11.22,415.46,4.23,34.52,0
13.26,41.43,139.01,57.26,2.8,20.95,4.41,35.39,1
10.41,19.09,65.04,28.02,12.14,16.54,1.02,23.68,0
1.17,28.68,62.37,27.15,8.74,102.88,3.66,21.83,0
8.6,24.94,53.51,40.68,6.23,45.56,4.41,22.6,0
16.65,38.34,71.41,46.91,4.29,40.29,2.37,28.86,1
3.39,17.17,45.95,45.69,19.09,27.15,1.82,26.79,0
0.0,12.19,97.98,27.18,9.03,62.99,4.7,26.25,0
4.59,18.3,65.35,39.05,2.5,22.57,3.55,21.31,0
3.01,7.77,54.69,41.6,12.52,137.69,3.24,26.64,0
0.0,11.41,67.07,21.84,13.13,25.82,3.63,26.95,0
2.11,4.44,66.55,21.21,1.8,42.17,4.43,30.51,0
0.0,28.79,38.47,33.86,13.31,46.62,1.98,24.38,0
21.84,26.16,37.39,32.8,2.48,175.15,2.21,36.7,1
22.08,46.53,109.39,45.12,3.66,82.87,4.8,29.63,0
9.58,16.21,33.47,26.45,1.85,45.64,1.61,20.95,0
4.14,45.53,62.48,30.22,8.23,94.56,1.71,26.89,1
2.71,4.58,39.11,48.2,12.4,40.57,3.25,17.16,0
15.4,30.03,109.26,39.07,6.93,83.32,2.13,32.33,1
3.64,46.11,99.07,42.73,4.67,49.91,3.86,26.79,0
4.96,30.15,90.3,29.75,11.39,46.11,3.41,33.81,1
7.44,18.87,30.82,39.25,4.37,82.94,2.27,29.14,0
26.99,86.71,100.49,41.24,14.22,69.84,2.41,25.82,1
0.0,14.11,29.27,34.93,11.45,73.26,1.87,27.69,0
1.31,15.01,28.83,43.11,16.4,57.95,2.32,27.23,0
0.0,33.06,102.14,41.14,7.2,77.28,4.45,27.58,0
9.26,22.29,65.14,58.35,0.22,34.46,3.63,30.07,0
0.0,13.53,20.45,41.73,2.88,52.11,2.45,21.83,0
0.63,10.32,75.7,36.8,11.36,96.75,2.66,32.31,0
6.58,29.92,59.71,28.83,24.72,83.39,2.01,24.73,0
13.15,39.73,89.03,30.21,14.76,34.06,2.63,24.52,0
4.51,13.88,61.94,29.4,6.38,30.96,3.18,27.19,0
0.7,39.11,82.44,25.08,12.74,36.97,4.97,21.69,0
2.94,12.64,53.41,42.44,3.2,50.56,0.55,23.2,0
2.66,10.22,80.18,44.23,3.51,23.89,5.22,31.7,0
15.13,20.76,91.2,40.48,24.05,44.54,5.74,34.3,0
1.11,36.04,51.26,40.9,4.61,87.13,0.57,41.15,0
14.17,20.6,96.69,39.97,10.52,332.01,5.43,42.37,0
4.36,57.83,67.5,32.24,3.01,29.97,3.79,20.54,1
18.01,23.27,43.26,38.84,6.08,50.73,3.19,30.91,0
5.94,20.19,49.03,28.65,5.49,59.91,3.34,22.81,0
1.62,7.85,14.11,37.61,6.66,88.93,0.22,21.25,0
17.69,28.31,74.63,38.6,2.54,30.17,3.27,32.01,0
39.25,54.83,85.07,58.74,16.05,31.45,2.75,23.11,1
6.52,58.27,65.57,38.71,19.16,159.61,3.54,30.61,1
15.31,44.81,79.89,29.55,5.74,1.5,0.2,34.46,0
6.14,7.43,11.35,28.89,7.45,31.41,2.36,20.85,0
0.95,15.86,27.9,32.82,9.14,90.39,2.89,29.73,0
18.79,34.21,47.64,31.81,12.63,223.44,3.23,28.87,0
0.0,11.07,26.75,36.81,9.04,20.24,0.29,31.9,0
0.0,19.49,57.63,45.76,8.43,57.21,3.2,30.14,0
19.01,88.01,142.39,49.79,4.65,91.91,4.58,30.08,1
3.18,12.91,63.54,43.68,1.66,100.45,3.27,25.57,0
0.0,24.75,33.55,31.77,1.47,46.83,0.67,26.36,0
28.16,32.56,42.18,25.96,4.81,26.3,2.85,28.89,1
12.38,14.51,43.85,15.4,7.74,64.39,0.2,25.98,0
4.52,18.84,69.05,51.25,4.21,46.83,5.21,31.32,0
8.25,36.97,69.5,51.16,2.03,20.89,3.46,23.04,1
7.06,20.86,69.24,27.99,11.41,384.93,3.56,34.08,0
12.16,39.54,51.89,18.35,13.21,43.98,3.49,34.73,0
4.23,31.64,42.62,29.48,3.76,53.57,2.75,24.24,0
13.34,109.64,160.91,49.88,2.39,40.56,7.28,30.27,1
6.44,28.93,62.41,24.63,1.77,118.7,3.27,27.43,0
0.0,14.79,45.91,29.01,0.97,89.53,4.5,26.63,0
1.89,25.54,40.53,44.04,1.98,58.21,2.41,36.35,0
10.83,19.62,58.7,35.47,18.74,88.19,1.94,25.07,0
0.0,26.49,58.15,27.68,9.88,22.39,3.34,27.75,0
6.44,30.9,62.03,39.47,10.0,75.21,4.15,25.11,0
3.2,47.42,63.32,32.22,7.07,155.23,2.14,28.42,0
28.66,35.71,42.27,23.3,10.55,91.05,1.31,35.47,1
13.83,32.16,58.9,20.05,14.03,55.54,0.54,16.45,1
0.0,53.24,129.24,51.43,8.24,55.15,6.15,35.45,0
11.45,21.59,64.15,23.11,3.68,29.01,3.53,36.42,0
3.08,3.82,65.23,38.42,10.16,26.64,1.93,20.27,0
5.69,23.23,92.77,58.68,9.13,11.71,3.4,38.95,1
3.15,19.31,44.94,39.86,11.36,84.44,2.89,36.68,0
29.47,45.27,74.46,38.54,18.87,47.13,3.7,37.77,1
27.35,47.84,56.85,47.05,29.12,72.59,4.87,33.82,1
1.08,29.42,34.23,41.66,7.34,53.78,2.99,20.24,0
18.0,122.82,149.51,65.32,5.56,58.2,6.06,25.45,1
1.76,11.8,40.62,26.22,12.63,190.67,0.91,14.45,0
0.84,9.45,33.35,21.93,23.72,24.7,1.54,28.66,0
6.45,34.06,76.46,24.06,3.73,28.67,4.65,30.73,0
5.24,13.05,77.53,45.7,8.26,152.46,2.55,34.57,0
0.22,11.97,36.67,41.15,19.78,121.05,3.32,23.27,0
0.0,12.94,55.74,11.89,7.46,40.4,2.33,25.41,0
5.67,47.65,59.98,45.06,0.55,44.45,3.08,24.75,0
0.22,46.05,130.1,49.75,14.71,56.16,3.8,19.86,0
3.57,5.43,19.76,21.74,8.02,35.13,1.45,34.42,0
19.8,22.37,55.51,43.39,4.1,113.47,3.0,30.15,0
4.04,20.65,30.59,33.09,13.38,32.89,0.49,27.58,0
0.0,35.69,45.05,37.85,23.51,72.67,0.2,32.05,0
17.63,35.2,64.38,26.61,24.12,44.5,2.75,32.22,0
9.79,55.09,84.08,29.93,7.51,39.53,2.57,32.53,0
14.84,23.56,32.85,30.17,2.53,119.15,2.04,26.52,0
5.09,18.05,63.07,32.96,3.89,89.44,2.13,26.35,0
5.04,24.47,36.14,28.78,8.75,99.55,2.23,20.83,0
41.38,52.96,96.5,53.14,12.94,9.35,3.47,25.88,1
9.88,62.2,103.21,45.32,16.91,148.44,2.43,30.27,0
17.34,29.2,51.59,27.32,5.66,111.77,3.04,26.01,0
72.08,93.29,121.31,45.41,4.82,191.5,3.27,36.12,1
40.3,50.56,56.78,51.71,6.37,58.64,4.45,25.03,1
0.0,10.74,39.87,25.4,7.01,17.27,2.27,37.32,0
0.09,6.76,87.08,27.14,10.5,401.76,5.34,30.79,0
0.0,32.74,72.82,35.14,12.86,37.31,5.42,33.17,0
4.93,32.5,46.66,26.77,7.02,13.92,0.2,16.23,0
48.36,77.74,98.01,43.48,7.02,33.24,2.67,24.81,1
11.99,23.08,91.77,39.28,4.77,78.01,3.6,32.65,0
32.28,45.57,57.39,38.46,19.22,50.47,3.53,38.48,1
0.74,25.97,40.96,28.4,7.19,23.76,4.11,43.0,0
11.67,18.39,86.4,34.01,4.44,93.91,5.24,31.54,0
24.92,39.54,68.79,35.57,5.68,154.89,2.79,21.98,1
2.18,27.5,51.49,21.71,6.13,38.18,2.19,28.98,0
0.0,8.94,18.55,35.84,6.25,113.65,1.42,23.48,0
11.83,71.88,113.15,69.06,20.29,134.76,3.88,28.42,1
0.0,23.44,37.06,28.62,8.73,24.34,0.49,37.69,0
19.65,35.16,72.57,50.04,15.56,195.4,3.11,34.95,1
16.9,28.87,36.65,42.21,3.07,79.03,2.94,26.23,0
11.12,37.78,66.27,39.19,2.15,53.66,4.74,20.86,0
0.61,10.2,89.8,26.11,16.09,32.9,3.09,26.27,0
7.41,34.76,68.35,23.63,6.54,57.46,2.82,17.78,0
5.51,11.38,48.12,21.8,28.44,98.62,3.88,28.39,0
0.0,15.48,23.86,15.46,6.82,49.25,2.36,30.84,0
2.66,33.75,59.83,24.99,17.97,63.88,2.9,22.95,0
20.94,29.77,106.19,29.6,8.46,61.13,2.85,19.64,1
0.08,8.92,43.11,29.07,7.29,69.73,3.03,36.82,0
0.0,16.72,48.37,47.38,7.31,34.73,3.42,28.54,0
7.66,26.34,40.69,20.58,7.33,71.6,2.19,43.0,0
17.13,52.58,71.2,32.14,8.37,63.82,3.3,26.14,1
25.0,51.92,94.23,37.29,3.21,46.17,2.23,27.05,1
0.0,13.83,34.84,25.06,5.21,43.62,1.45,33.31,0
6.59,20.88,53.59,30.14,10.82,29.89,5.6,24.21,0
17.09,45.76,114.86,49.61,12.98,131.14,5.3,39.47,0
8.2,13.67,31.16,23.85,2.06,124.5,2.58,23.06,0
7.74,15.12,38.65,24.15,2.3,37.03,3.53,28.17,0
0.0,10.84,39.45,34.31,10.77,41.08,2.4,34.47,0
0.79,4.25,20.32,33.35,14.38,41.52,2.79,31.61,0
1.62,35.59,48.53,35.12,13.26,38.83,3.72,33.6,0
1.47,6.51,22.05,22.68,3.72,31.4,4.24,22.12,0
1.66,26.32,81.07,24.55,9.7,117.78,3.06,28.45,0
11.03,22.05,76.82,23.7,9.03,60.51,4.41,34.01,0
7.17,21.03,78.53,28.86,10.9,143.09,3.24,31.13,0
34.32,82.53,102.68,45.89,19.57,33.61,3.31,29.45,1
4.18,16.56,43.66,37.49,3.1,193.0,3.22,41.06,0
5.36,16.02,55.95,35.7,16.75,71.68,5.31,33.68,0
4.03,17.52,67.65,32.9,12.09,57.18,2.5,23.74,0
3.85,16.72,78.02,30.53,8.84,182.37,3.49,30.33,0
3.56,21.07,57.92,25.09,20.69,49.89,3.6,31.74,0
0.0,12.85,27.15,27.83,6.28,41.5,2.51,31.74,0
8.25,50.95,59.24,35.22,9.25,14.2,4.52,31.32,0
39.79,55.34,86.4,39.81,19.09,29.93,3.15,35.98,1
11.42,19.19,74.62,32.45,4.66,112.42,2.28,33.68,0
13.3,17.64,165.53,48.95,4.15,49.04,7.2,30.09,1
9.88,15.44,51.03,34.61,4.77,45.99,3.05,23.47,0
6.14,35.07,40.23,32.08,10.77,126.56,1.78,17.46,0
5.64,30.1,44.63,28.54,6.56,79.28,5.0,33.37,0
15.38,35.44,74.66,36.83,2.35,21.31,3.55,25.85,0
26.03,54.91,101.98,57.35,0.94,87.91,5.52,31.19,1
1.19,30.3,66.47,22.76,11.64,108.72,3.06,30.67,0
1.78,26.48,53.69,41.31,4.33,72.56,2.69,24.56,0
0.0,3.81,19.68,29.44,20.62,130.76,0.76,34.21,0
10.94,13.92,65.76,33.05,6.27,34.52,4.0,31.34,0
8.79,23.78,99.16,40.32,5.99,79.33,4.12,25.5,1
7.95,45.42,72.48,23.99,3.23,44.25,2.98,27.52,0
0.0,14.64,75.17,25.5,5.43,30.09,3.48,28.68,0
1.02,16.81,119.85,43.36,11.44,40.56,4.95,23.25,0
1.04,27.86,29.58,46.73,6.63,35.25,2.53,37.68,0
8.41,9.15,14.12,19.4,4.45,77.87,1.65,31.12,0
1.73,17.53,33.41,29.14,3.31,72.19,2.4,14.65,0
9.29,22.97,41.01,39.63,16.43,60.9,3.65,35.93,0
8.14,24.65,51.0,23.07,9.53,114.62,2.96,22.08,0
7.75,61.56,78.64,32.44,6.0,77.4,1.57,20.99,0
0.0,11.9,65.51,34.61,10.01,46.52,3.12,30.92,0
4.82,32.2,49.38,30.21,2.02,68.68,3.18,27.68,0
3.2,15.7,35.71,37.84,1.88,47.58,3.66,22.48,0
0.07,8.19,16.21,41.31,12.74,22.4,2.15,29.03,0
0.47,14.33,21.93,19.4,4.11,51.64,3.53,26.32,0
4.89,44.68,61.35,32.19,17.72,119.23,1.4,37.05,0
6.4,39.28,71.38,45.23,12.99,26.36,3.0,22.24,0
0.0,12.14,35.06,50.15,8.35,77.45,3.34,20.43,0
26.44,31.88,56.41,43.05,3.45,102.98,1.14,33.05,1
7.76,38.97,56.43,34.36,8.04,85.52,2.21,26.99,0
20.75,50.76,69.53,44.06,10.44,180.02,3.29,37.62,1
2.33,18.22,35.17,29.08,27.23,37.41,2.23,29.62,0
22.86,28.22,131.11,55.72,10.16,504.25,6.47,26.74,1
15.01,47.87,63.47,34.35,6.33,247.11,3.89,30.46,1
7.79,26.03,27.78,26.12,3.03,64.33,1.81,25.68,0
5.31,23.03,38.83,35.28,12.94,49.27,0.62,34.56,0
8.77,57.93,65.85,31.05,2.69,128.24,2.51,34.9,0
0.0,18.39,31.89,40.84,5.6,49.48,2.97,21.92,0
0.0,31.09,54.63,45.44,4.49,15.78,3.38,22.92,0
0.0,42.58,82.82,41.07,5.13,25.02,3.82,23.77,0
16.19,27.34,55.89,39.43,27.6,137.99,4.18,19.8,0
5.61,12.75,19.34,30.96,5.48,60.19,3.14,19.84,0
6.11,27.8,75.72,25.42,23.3,52.69,3.96,25.0,0
0.0,65.26,90.76,47.09,5.61,106.6,6.19,25.12,0
26.14,42.29,59.53,19.09,8.1,43.08,1.2,22.44,1
7.62,15.08,58.64,45.24,6.73,6.77,2.87,17.06,0
15.04,23.58,54.72,31.93,4.57,52.56,1.33,24.87,1
13.43,26.14,51.76,24.3,9.41,43.72,3.82,23.76,0
0.0,16.05,74.76,37.38,11.69,37.52,3.53,33.25,0
0.11,27.04,61.55,43.28,18.29,87.69,2.74,25.01,0
20.41,44.01,61.93,45.39,9.75,25.62,3.35,27.37,1
5.26,50.09,107.77,52.29,6.36,48.86,3.04,29.25,0
5.87,23.24,51.68,26.54,8.57,52.94,4.77,27.82,0
20.29,45.82,90.05,30.68,18.95,33.3,5.06,28.35,1
4.73,52.55,62.42,32.32,5.84,66.21,0.53,27.73,0
9.43,29.05,98.27,39.74,6.0,26.85,4.97,29.13,0
8.91,10.16,63.88,35.01,5.6,18.34,3.11,32.64,0
0.0,14.81,41.01,19.0,8.85,37.05,2.53,42.88,0
4.24,20.91,30.05,29.89,9.19,154.17,3.35,36.24,0
0.0,7.77,44.77,37.97,11.38,108.47,2.24,19.38,0
16.73,20.82,39.16,27.16,8.9,20.46,4.02,31.23,0
8.28,13.32,43.7,32.34,17.41,113.96,1.72,16.23,0
38.76,87.61,235.44,72.67,8.62,29.62,7.59,33.59,1
7.49,35.57,42.68,20.01,26.96,63.25,3.28,26.01,0
0.0,4.44,29.37,33.21,7.44,26.15,3.24,28.48,0
3.14,15.47,47.4,16.2,9.83,94.97,0.58,25.88,0
3.52,4.3,85.38,27.58,3.04,40.31,4.07,29.34,0
0.0,14.11,55.07,49.09,4.05,73.53,4.14,24.12,0
15.29,18.83,163.97,44.64,5.41,149.6,6.11,21.63,1
1.9,42.05,53.59,35.39,1.6,50.52,1.75,21.9,1
28.33,80.44,93.19,26.61,13.51,130.01,4.36,34.41,1
2.57,56.52,103.51,38.94,10.32,34.3,2.12,25.43,0
10.99,17.54,30.58,33.53,1.1,59.77,2.11,30.47,0
2.65,6.87,59.31,40.86,7.25,46.48,2.76,31.23,0
15.11,28.29,159.53,55.52,3.9,82.41,4.84,38.76,1
17.26,30.12,39.92,29.66,8.61,20.28,2.6,30.4,0
0.19,8.84,72.37,43.95,10.24,24.82,3.32,24.88,0
7.17,21.41,40.47,33.59,9.9,14.88,3.82,29.26,0
8.53,12.08,12.73,12.27,3.89,45.19,0.2,26.5,0
7.41,13.93,34.99,28.44,12.51,59.76,2.94,21.47,0
1.06,21.25,38.34,21.93,6.28,21.26,2.02,31.42,0
0.22,20.04,64.31,25.69,4.71,28.44,5.23,27.99,0
6.77,41.64,82.95,38.14,7.88,221.41,1.47,26.12,0
17.21,18.89,34.2,21.81,5.0,65.37,1.4,17.75,0
0.0,17.6,50.37,37.81,5.05,39.32,2.53,22.78,0
0.28,27.26,62.34,40.8,7.98,58.96,1.72,14.94,0
9.41,59.47,136.25,24.12,9.7,95.63,4.59,20.65,1
7.25,18.82,36.53,39.92,24.04,165.19,3.59,30.5,0
0.81,15.17,61.97,34.62,9.4,56.99,3.38,29.49,0
6.6,18.01,62.55,39.13,15.36,51.73,3.98,26.6,0
0.0,16.33,65.33,44.14,11.31,35.06,3.05,27.25,0
17.74,54.33,78.12,26.7,6.33,51.34,3.05,22.04,0
3.0,35.67,87.95,39.3,8.74,301.94,1.71,25.93,1
5.3,12.92,92.36,45.45,14.27,159.56,3.44,32.61,0
2.32,17.42,29.87,30.77,14.53,79.06,2.86,32.91,0
4.05,15.3,47.32,47.15,14.59,232.26,2.91,27.24,0
26.86,37.62,44.77,24.67,16.21,38.66,4.56,20.18,0
0.0,25.07,69.7,36.39,3.15,43.11,3.59,21.4,0
30.7,42.32,67.92,35.64,12.54,55.5,5.38,32.27,1
2.33,28.03,61.28,50.11,5.48,102.82,3.19,34.96,0
11.2,23.17,38.7,35.2,45.0,34.32,2.62,20.98,0
0.0,9.86,45.12,32.47,8.44,38.3,2.73,26.02,0
4.84,19.46,121.9,63.85,7.07,82.38,5.18,20.7,1
1.56,74.46,107.13,49.85,9.8,64.54,4.47,31.52,0
5.72,12.51,56.21,29.25,5.08,13.99,2.93,33.94,0
4.63,13.15,50.02,32.34,12.74,65.13,2.8,30.32,0
0.0,2.72,146.53,56.29,20.34,7.89,7.4,31.93,1
0.0,9.51,22.19,21.29,2.38,19.08,0.2,30.02,0
1.17,3.27,34.05,38.35,5.73,33.98,0.86,37.2,0
0.0,2.19,85.22,50.2,3.41,62.37,5.1,16.16,0
5.14,26.81,45.47,37.76,6.63,62.78,3.7,26.41,0
35.3,63.49,92.53,34.87,11.6,80.05,2.95,18.64,1
10.67,68.01,74.86,34.25,7.42,141.21,3.34,27.91,1
4.56,11.59,23.8,34.95,1.16,238.57,1.39,32.25,0
0.0,6.73,59.96,38.55,4.48,37.46,1.61,35.47,0
9.66,47.77,71.67,58.55,12.18,59.7,4.24,26.41,1
9.73,27.22,36.56,24.02,7.02,106.92,2.12,30.37,0
6.14,13.43,23.97,34.84,4.37,51.19,2.66,20.57,0
3.71,32.62,74.99,34.95,12.43,26.27,3.59,21.59,0
0.0,15.8,45.97,11.42,4.51,73.0,6.42,28.14,0
15.78,31.15,66.71,47.51,11.2,140.36,4.76,34.06,0
2.19,49.23,63.01,33.2,3.18,87.08,4.21,26.33,0
6.41,29.26,68.7,48.15,6.75,28.15,5.72,31.91,0
1.32,24.76,53.75,41.41,1.81,84.18,3.13,31.93,0
7.4,36.12,81.96,45.78,5.95,58.38,5.71,28.02,0
1.89,17.05,54.11,30.82,7.57,23.57,3.28,26.15,0
7.63,35.97,53.56,29.03,2.4,52.28,3.02,33.21,0
1.51,50.28,55.66,53.49,9.43,29.18,4.66,32.17,0
6.79,22.23,31.84,33.94,2.57,90.76,1.87,31.93,0
1.55,22.67,58.07,53.56,10.1,145.24,3.9,28.63,0
16.11,23.55,53.32,34.28,6.13,48.48,1.81,18.8,0
4.54,13.39,37.0,35.56,8.68,55.03,4.81,34.55,0
1.39,14.78,43.38,38.13,1.63,49.31,4.28,35.64,0
3.18,17.42,21.02,39.43,13.62,51.8,1.02,33.68,0
0.23,3.39,7.98,6.56,4.34,21.14,0.2,29.53,0
3.9,54.89,101.02,38.1,13.94,45.0,5.97,29.02,1
12.94,42.64,136.27,52.69,6.7,127.95,2.18,19.17,1
15.66,35.12,96.8,55.03,4.35,146.08,6.78,31.33,1
23.2,30.25,96.85,49.52,23.34,46.83,4.44,30.98,1
4.99,25.6,103.67,38.71,7.18,21.57,4.34,29.88,1
2.54,14.91,68.63,40.81,7.82,273.79,3.13,34.75,0
3.51,28.44,35.79,55.94,1.4,32.35,2.83,16.68,0
2.56,7.67,30.65,32.91,9.09,87.24,3.45,30.36,0
12.69,52.57,90.93,38.45,4.43,42.68,3.25,34.38,0
29.44,43.52,66.45,43.55,3.77,138.25,3.84,24.94,0
6.7,44.52,65.77,34.92,12.25,86.59,4.52,18.58,0
7.69,86.82,97.7,44.08,5.89,138.86,3.3,22.62,1
3.31,10.31,14.77,32.94,8.76,121.38,2.57,36.83,0
7.54,21.45,30.9,25.76,17.77,91.51,1.69,30.4,0
9.93,15.12,88.12,35.02,4.62,110.05,5.57,25.57,0
13.38,22.39,90.81,57.73,8.44,50.18,3.16,36.26,1
0.0,18.77,23.24,19.85,5.31,148.52,3.46,18.39,0
11.58,15.73,16.94,19.66,14.42,112.53,1.36,27.87,0
8.17,54.02,104.48,43.72,9.15,60.28,5.2,14.8,1
4.94,15.73,29.16,22.34,12.8,137.4,0.35,19.84,0
0.96,25.41,31.97,36.38,18.38,70.1,1.05,26.85,0
26.24,74.96,116.89,47.15,2.74,238.32,3.83,39.03,1
8.68,13.52,26.47,36.92,7.46,68.22,0.58,37.06,0
2.49,28.89,104.95,53.19,27.58,62.32,2.32,35.7,0
6.2,36.91,98.85,45.48,8.92,49.79,5.44,24.35,1
21.34,25.91,31.81,41.53,3.33,46.07,3.4,26.14,0
4.99,10.82,33.13,14.98,1.93,46.7,0.2,31.18,0
8.8,27.9,72.85,37.3,6.14,47.64,1.88,18.05,0
0.0,45.37,73.53,21.32,11.1,23.74,5.52,27.63,0
0.0,33.7,53.53,37.41,4.2,25.77,2.05,16.83,0
4.51,12.66,32.0,43.1,9.62,51.98,2.88,33.05,0
0.0,29.5,52.93,22.68,2.25,54.93,2.33,28.52,0
0.0,47.09,90.32,22.76,14.42,13.73,2.24,19.06,1
2.39,11.86,20.33,22.66,7.83,65.8,1.67,29.35,0
1.12,11.69,23.92,36.97,9.83,20.87,3.53,23.99,0
2.06,5.5,8.9,28.96,1.95,32.77,1.17,31.75,0
3.22,10.14,21.22,24.02,9.24,62.31,1.52,25.77,0
3.55,21.62,36.97,33.61,6.71,36.57,4.44,37.17,0
9.27,18.79,61.41,22.05,15.02,30.68,2.36,30.02,0
0.0,3.21,21.63,30.72,8.58,87.94,2.18,26.33,0
0.52,9.99,32.24,24.48,14.78,285.47,2.24,32.17,0
5.61,71.19,109.43,50.54,3.28,102.15,4.65,22.48,0
9.43,56.02,120.6,32.08,5.54,126.2,3.9,36.86,1
11.7,34.52,43.33,33.28,20.04,63.57,5.7,33.33,0
28.0,49.45,60.84,32.55,7.84,41.09,3.99,24.25,1
0.0,44.56,52.98,43.55,4.23,14.17,5.28,32.62,0
23.99,47.43,53.98,27.25,2.47,54.28,1.44,30.35,1
0.0,18.01,64.72,17.85,17.85,133.6,3.31,25.43,0
15.4,41.81,83.78,44.53,0.41,19.84,5.02,33.76,1
7.75,15.84,51.97,22.42,4.31,48.53,1.8,30.88,0
4.6,22.92,49.84,32.24,6.19,100.28,2.99,29.88,0
45.74,66.61,75.59,41.02,5.25,59.36,3.99,36.63,1
14.24,28.38,100.71,21.26,15.11,76.73,4.92,34.53,1
23.71,42.76,117.94,34.1,21.61,184.5,5.0,23.21,1
1.24,13.03,93.92,50.12,11.0,47.97,5.7,21.35,0
18.85,25.03,131.01,54.93,6.56,65.65,6.15,33.77,1
0.0,10.14,30.0,29.15,1.58,164.79,0.2,28.23,0
6.18,25.87,63.26,25.72,5.8,88.42,4.8,27.85,0
2.01,19.9,58.3,58.41,15.01,34.7,2.65,23.31,0
6.26,26.03,37.25,34.31,7.93,68.71,2.69,18.65,0
5.23,18.68,72.9,44.73,9.77,181.39,3.45,32.58,0
6.41,8.87,15.81,22.08,7.55,84.67,1.69,28.4,0
31.03,55.64,67.08,26.44,5.44,33.06,3.12,36.24,1
1.15,16.97,44.46,41.86,6.34,31.61,2.69,26.39,0
7.64,32.4,42.24,30.34,13.85,60.84,3.61,25.25,0
4.79,23.4,75.76,39.52,4.85,47.82,2.45,26.69,0
10.04,20.23,155.86,48.67,4.76,165.88,4.94,25.19,0
7.46,24.24,45.78,45.72,3.31,98.22,3.47,23.51,0
9.88,81.36,92.29,38.29,11.58,167.69,2.5,34.12,1
0.0,36.1,47.47,37.67,4.9,45.98,5.35,35.4,0
10.78,32.03,41.27,33.27,6.18,56.93,2.29,28.74,1
3.9,94.73,136.11,33.93,3.25,98.45,6.71,29.15,1
4.79,13.55,30.88,22.63,1.74,67.8,2.03,27.06,0
2.58,15.93,30.02,32.67,5.84,135.18,1.29,26.16,0
0.0,17.94,19.01,24.53,2.13,40.86,2.13,25.48,0
1.99,8.68,23.4,26.68,14.97,191.56,2.68,26.12,0
24.2,85.14,118.88,57.54,6.48,43.92,4.61,25.79,1
4.9,69.98,94.65,37.5,12.28,23.81,1.05,33.29,1
9.07,37.7,44.72,51.93,14.08,34.18,2.85,32.53,0
0.0,2.02,31.04,28.04,12.7,76.94,2.12,25.46,0
0.0,3.74,37.48,25.82,0.71,72.38,1.04,24.83,0
0.0,22.14,41.38,45.58,7.92,79.73,4.53,26.59,0
18.79,65.61,153.2,52.33,6.22,141.41,5.92,26.42,1
5.19,16.86,26.07,41.87,2.68,179.39,3.63,36.63,0
0.8,24.77,31.36,19.57,7.37,59.89,3.01,39.19,0
13.77,56.55,95.34,21.97,5.76,60.98,2.58,20.63,1
2.97,11.16,61.76,11.41,7.8,21.07,1.28,20.68,0
15.51,55.49,65.52,22.54,23.5,75.38,2.14,30.24,0
4.77,18.2,32.67,18.03,12.6,79.16,2.75,17.42,0
15.74,30.61,45.47,37.24,7.29,11.46,3.61,24.71,0
0.37,21.5,65.67,33.74,11.3,78.93,5.16,34.24,0
8.69,14.91,42.06,28.82,5.33,189.74,2.9,29.51,0
11.37,36.64,91.36,27.92,12.11,115.74,4.22,18.86,1
0.0,9.44,30.79,37.93,8.74,46.32,1.47,39.09,0
5.2,12.43,45.88,38.69,1.33,286.81,0.82,26.07,0
0.0,12.65,60.67,20.26,5.39,45.95,3.53,30.33,0
0.0,5.56,99.39,37.55,14.78,53.2,2.39,21.66,0
3.4,9.91,23.4,21.45,7.84,42.79,2.97,23.75,0
9.14,40.57,41.93,47.48,4.21,88.02,4.12,24.98,0
0.95,24.64,55.96,35.94,15.73,16.76,3.58,23.78,0
3.71,18.65,59.18,34.37,13.24,48.92,2.74,23.48,0
1.54,8.62,37.56,32.91,10.52,14.0,2.11,18.07,0
14.43,41.64,78.27,39.25,14.44,21.46,3.4,25.38,0
20.1,59.04,65.64,37.96,0.98,26.77,5.4,28.98,1
45.54,139.13,178.89,34.51,4.61,82.96,6.85,16.61,1
17.57,59.09,146.84,48.52,9.49,21.08,6.35,33.04,1
10.12,21.87,73.8,63.18,12.55,96.5,3.96,34.19,1
14.41,20.39,25.08,20.39,7.0,507.53,3.29,25.21,0
4.81,20.66,63.61,43.55,3.75,30.01,1.72,27.63,0
2.69,41.51,57.46,39.68,4.3,89.28,2.15,36.48,0
16.51,28.22,38.65,30.3,8.81,159.09,2.45,32.89,0
1.95,4.93,83.19,29.85,2.45,64.5,3.84,28.88,0
26.2,50.31,73.18,41.58,4.1,21.12,4.15,24.87,1
4.34,16.79,75.22,33.62,7.71,83.2,2.47,31.24,0
1.37,8.28,39.17,30.35,8.64,35.73,0.98,30.84,0
7.4,49.83,75.91,41.11,9.23,62.56,2.18,20.97,1
0.0,7.41,53.72,25.04,3.03,46.18,2.86,27.1,0
2.28,13.66,31.17,26.65,10.37,52.36,1.17,35.06,0
0.0,9.89,54.47,40.13,6.07,8.21,1.56,28.88,0
8.69,11.87,48.65,32.45,6.64,20.17,1.59,32.33,0
4.1,18.68,67.14,19.3,8.38,129.34,3.98,28.32,0
3.9,6.63,123.05,48.21,9.15,19.37,4.16,23.05,0
1.47,7.17,35.73,35.91,4.21,72.04,4.81,37.86,0
19.02,25.91,44.95,38.34,10.98,41.25,4.82,36.51,0
4.36,8.54,44.61,30.24,9.3,78.93,2.42,34.51,0
0.0,22.71,40.29,22.85,11.01,73.96,1.96,28.75,0
9.91,28.68,49.5,21.87,6.56,35.63,3.46,33.02,1
0.0,24.76,47.09,28.99,15.8,133.81,2.61,41.91,0
0.0,33.44,60.23,41.19,16.52,176.38,3.42,36.84,1
1.18,35.73,37.18,24.63,7.07,69.01,1.98,20.37,0
2.77,40.26,85.57,54.95,7.22,26.55,2.55,33.05,1
7.42,24.4,52.87,28.15,4.06,257.93,3.52,21.76,0
6.24,22.2,26.43,41.82,4.03,28.77,3.01,24.12,0
0.2,24.84,89.13,42.86,6.62,90.29,4.9,22.73,0
14.85,56.01,136.76,42.08,8.2,126.44,5.96,27.78,1
2.83,18.61,40.12,20.88,7.07,29.68,1.21,28.18,0
2.77,16.01,30.63,34.48,1.1,258.02,3.14,26.58,0
3.98,23.98,59.37,33.3,9.96,53.58,2.89,28.38,0
0.0,15.93,65.07,28.69,8.23,209.23,3.99,34.46,0
35.0,37.47,52.72,33.92,2.92,13.65,2.1,32.06,1
13.78,27.59,46.9,34.59,7.01,40.39,4.56,30.91,0
0.0,17.45,84.86,30.57,4.42,14.51,5.68,28.95,0
25.88,48.33,120.68,45.25,5.16,25.54,4.08,25.7,1
1.88,24.94,44.05,12.35,3.09,309.07,2.43,26.18,0
2.74,21.77,40.22,19.2,9.03,63.89,2.65,26.81,0
1.82,31.55,42.33,40.0,10.95,115.52,2.84,18.93,0
21.67,80.14,110.94,39.22,5.28,12.18,3.53,23.25,1
18.35,33.7,44.45,37.96,19.86,29.66,0.76,26.93,1
4.18,27.01,80.17,42.61,6.17,131.16,3.99,36.44,0
4.76,49.67,68.22,44.52,16.68,178.82,2.76,23.43,1
13.18,28.33,36.65,36.89,1.41,53.07,2.97,28.28,0
12.79,30.77,36.1,38.56,5.54,63.74,2.4,35.06,1
5.21,7.52,21.95,15.07,7.6,39.24,4.35,20.73,0
5.44,18.62,33.12,44.88,4.48,74.5,2.46,30.69,0
14.03,34.77,52.01,38.58,18.85,48.13,4.56,26.98,0
0.0,19.66,49.12,55.19,16.24,66.36,2.15,25.83,0
8.87,25.02,66.91,34.18,13.25,114.6,4.31,28.66,0
8.21,19.94,84.67,30.81,2.5,130.1,3.86,35.16,0
21.82,42.22,59.65,44.67,9.41,101.97,3.15,28.98,0
9.85,49.61,78.07,45.09,17.81,251.43,3.2,28.0,0
11.11,23.31,65.92,20.04,7.32,87.66,3.78,30.76,0
1.32,7.44,41.36,30.89,7.11,252.7,3.66,30.99,0
1.63,39.45,152.49,43.67,3.22,183.16,5.75,28.04,1
8.63,30.16,53.72,28.92,3.09,52.01,3.46,26.99,0
3.15,8.49,22.75,29.25,7.65,131.57,3.19,21.17,0
0.0,27.0,81.52,29.68,24.97,39.76,6.31,33.47,0
1.86,31.93,40.52,41.2,14.95,40.98,5.05,30.05,0
0.0,4.56,31.23,22.75,1.38,43.18,1.51,22.1,0
19.62,44.43,108.38,35.09,20.26,38.35,4.82,29.5,1
0.0,34.24,40.53,20.04,8.85,50.02,3.03,21.34,0
0.54,8.2,39.38,33.99,6.65,124.27,2.72,19.26,0
2.27,14.01,31.08,19.35,1.85,41.16,2.52,21.63,0
11.2,49.17,67.06,40.81,6.78,20.04,2.24,18.15,0
3.99,36.58,47.52,42.55,8.63,9.37,0.2,24.41,0
0.0,14.05,50.44,28.48,22.93,146.46,3.54,25.93,0
0.0,25.22,32.04,43.13,13.55,49.01,4.15,28.54,0
3.12,15.16,56.73,31.53,5.52,33.05,1.52,25.61,0
3.86,42.51,47.24,42.94,12.53,21.93,1.27,35.7,0
14.97,19.86,65.76,42.91,12.98,157.83,4.22,40.37,0
0.0,4.53,21.66,22.71,1.31,16.1,1.27,34.14,0
24.26,44.85,62.11,35.88,4.71,49.62,1.89,21.64,1
0.0,17.77,56.99,36.17,5.4,133.2,3.29,26.06,0
0.0,94.71,160.12,42.64,22.04,25.86,6.25,34.57,1
2.94,26.59,70.88,26.35,9.04,32.06,4.57,22.27,0
14.47,20.9,55.02,28.62,12.95,38.87,2.85,25.25,1
7.16,18.1,58.9,27.98,3.71,106.91,2.71,26.01,0
0.0,8.81,52.03,11.1,6.51,73.21,2.89,26.17,0
36.43,44.39,57.78,53.67,7.72,136.34,4.39,35.32,1
6.74,27.68,56.55,29.71,2.17,91.33,2.63,26.18,0
7.62,21.67,96.5,52.07,14.08,106.45,5.48,16.92,1
13.03,24.69,40.09,36.71,3.06,42.49,1.69,31.14,0
7.96,55.62,71.13,29.56,8.11,128.43,0.58,27.69,1
2.02,20.77,31.2,37.41,23.55,388.44,2.37,28.69,0
27.56,27.96,107.25,34.45,13.87,66.04,3.89,26.52,0
22.11,58.76,97.75,58.03,4.26,97.51,3.93,32.81,1
31.91,107.7,140.19,41.52,4.1,56.19,6.97,29.3,1
2.59,9.36,27.33,22.5,6.94,117.26,3.05,26.83,0
26.58,67.41,90.8,50.36,3.33,52.87,2.24,28.96,1
0.0,5.43,88.92,38.64,2.02,12.22,3.41,37.8,0
5.36,7.82,19.24,42.45,8.36,139.89,2.71,21.04,0
12.6,19.18,32.66,22.27,8.92,73.43,1.46,24.9,0
0.0,14.98,42.0,50.52,5.14,98.28,0.23,29.98,0
29.92,57.56,106.91,31.65,5.69,60.99,4.11,28.17,1
2.04,10.64,53.31,38.3,2.63,107.38,4.61,30.05,1
23.03,32.34,65.71,29.21,10.7,30.86,4.19,33.22,1
0.0,16.31,62.93,34.63,7.86,139.73,2.61,24.98,0
5.18,18.81,60.47,46.23,11.18,61.56,4.26,27.23,0
1.11,53.04,103.37,34.45,21.37,18.45,5.29,21.88,0
1.14,23.61,57.29,50.05,2.69,25.33,4.4,30.18,1
0.0,14.53,44.27,38.84,4.18,65.61,4.31,34.81,0
0.0,42.12,90.18,22.59,14.76,78.83,2.45,32.13,0
0.0,14.33,44.4,28.99,3.35,133.35,2.13,34.71,0
0.0,41.53,54.2,34.79,7.41,77.44,2.96,31.17,0
18.52,51.86,88.12,40.77,8.79,128.21,2.91,29.28,1
21.26,51.32,88.63,30.25,5.34,161.29,2.88,36.06,0
0.0,6.7,28.58,24.04,18.59,27.38,3.08,26.62,0
3.47,18.27,95.8,29.15,8.83,14.63,5.83,36.49,0
18.13,36.59,58.47,48.18,4.9,25.74,2.61,21.82,1
11.02,23.62,66.96,19.92,10.89,93.77,2.87,32.06,0
3.0,19.61,52.97,17.87,6.47,64.69,3.05,26.74,0
1.28,22.81,41.36,23.95,24.35,9.78,2.32,23.24,0
0.0,2.5,14.07,21.98,9.27,76.91,2.12,25.72,0
28.49,45.16,85.3,32.81,1.0,89.97,3.86,33.54,1
7.79,47.6,93.11,37.73,7.48,40.57,3.78,32.65,0
6.12,49.41,117.67,54.13,12.25,96.41,3.29,27.26,1
0.28,2.88,18.06,20.16,11.9,59.39,2.4,22.11,0
4.55,48.52,57.22,28.78,6.28,25.22,3.36,27.04,1
18.42,24.53,27.09,35.53,3.94,10.23,4.12,27.22,0
0.0,28.51,77.41,51.73,11.65,24.7,4.34,31.07,0
0.22,21.18,71.07,43.54,28.2,54.05,4.58,24.1,0
0.0,63.47,102.27,21.65,0.9,52.47,1.62,21.4,0
23.28,27.43,45.96,32.95,5.7,36.08,3.09,23.96,0
0.0,99.1,151.26,60.9,14.03,52.93,3.62,33.26,1
7.3,38.0,63.45,16.74,23.85,94.35,3.27,35.65,0
0.0,22.67,24.1,28.96,6.88,35.31,1.83,19.13,0
6.33,14.87,34.91,27.73,6.27,132.03,2.82,30.02,0
0.0,8.51,94.64,59.06,6.35,50.03,5.17,32.79,0
1.65,43.16,74.21,40.05,15.53,92.81,3.92,29.29,0
26.82,49.17,57.66,39.51,4.3,107.12,1.98,25.44,1
9.23,11.91,34.53,40.93,16.86,108.67,2.41,43.0,0
5.87,21.37,97.34,15.56,8.03,145.59,2.72,25.25,1
8.48,53.31,71.19,41.43,6.65,22.86,4.23,29.22,1
28.88,32.59,55.21,26.97,11.13,26.83,3.79,31.21,1
6.44,34.36,102.13,31.2,15.03,71.42,4.84,29.26,0
17.22,42.82,68.37,32.23,12.18,39.74,3.94,32.5,1
17.76,55.64,114.79,41.28,6.51,67.35,4.71,28.55,1
15.48,33.66,51.09,36.15,11.16,93.96,2.36,31.72,0
47.67,56.67,84.68,46.32,1.18,88.86,3.13,33.13,1
11.38,47.73,66.43,49.36,6.15,15.22,1.79,23.44,1
16.12,33.55,55.41,26.75,9.62,31.58,2.22,25.76,1
1.74,9.85,20.31,28.03,15.85,73.91,1.49,25.38,0
5.23,25.34,44.93,7.97,5.9,25.63,1.58,34.62,0
4.85,51.76,67.18,27.73,3.8,140.06,4.1,33.03,0
0.2,1.66,54.9,37.55,4.78,100.9,3.46,35.24,0
0.57,14.21,39.8,38.28,7.09,118.84,2.82,24.94,0
4.73,23.66,102.55,65.88,7.75,91.42,5.21,30.55,1
6.88,38.97,50.97,31.21,12.12,40.65,3.4,26.01,0
27.93,39.23,83.3,31.07,3.73,67.92,4.78,26.85,1
0.2,10.61,59.48,33.37,6.69,401.63,2.03,28.99,0
0.02,10.15,14.31,25.39,11.74,67.84,0.2,25.95,0
0.0,12.4,44.71,22.72,4.11,30.82,3.38,26.3,0
13.35,42.37,60.15,38.91,10.49,49.33,2.39,22.91,0
33.9,45.3,68.41,23.73,4.39,93.84,3.07,25.07,1
4.29,15.87,36.8,35.1,1.42,69.29,5.28,26.8,0
7.33,12.69,44.2,33.42,3.98,76.43,5.77,25.92,0
4.45,12.47,27.54,32.23,1.76,37.3,2.88,32.61,0
11.96,34.46,37.55,37.21,8.56,50.08,3.89,34.82,0
0.0,23.1,107.42,55.68,5.49,228.2,6.01,31.35,0
9.27,25.34,40.07,31.92,6.82,70.07,1.1,33.85,0
4.44,20.8,43.2,32.38,7.05,34.16,2.84,27.99,0
13.87,20.91,45.64,35.41,11.09,205.63,3.61,38.98,0
13.34,41.39,62.63,31.92,9.78,76.59,3.8,30.92,1
8.03,21.48,77.11,47.8,9.91,22.38,4.18,36.42,0
3.32,25.26,51.94,21.3,12.62,122.15,4.47,23.83,0
0.32,41.64,47.38,36.54,12.17,60.99,3.71,31.05,0
13.02,40.13,68.77,33.44,6.78,65.97,0.65,33.56,0
5.49,25.96,54.59,39.02,20.4,42.9,3.65,21.22,0
5.32,22.33,47.04,25.32,6.71,58.15,1.91,26.43,0
2.38,13.45,27.22,49.03,6.73,5.06,1.9,31.43,0
23.98,35.02,42.46,37.66,5.32,20.2,4.99,34.93,1
25.01,34.17,51.69,30.7,4.56,154.27,2.16,17.77,1
2.82,40.33,89.47,41.39,2.63,56.17,3.69,27.71,0
0.81,8.2,48.7,34.03,4.68,74.97,0.67,33.83,0
3.35,15.48,93.67,44.55,4.77,53.49,3.71,23.44,0
1.13,18.81,41.72,32.01,9.2,58.75,1.91,19.98,0
9.02,68.04,77.41,47.93,5.77,22.3,6.25,25.81,1
5.22,10.24,60.26,9.89,11.38,146.58,4.97,17.5,0
12.36,17.83,76.69,31.5,3.13,289.49,2.56,32.93,0
2.89,39.1,53.99,34.26,4.37,30.75,4.79,22.1,0
0.0,24.84,37.06,18.3,23.11,40.06,2.37,37.34,0
4.95,25.29,51.15,37.2,6.65,30.46,1.98,28.37,0
42.54,73.16,125.46,53.34,5.47,14.84,4.79,24.01,1
12.56,20.09,60.46,51.95,10.4,286.54,2.54,28.36,0
3.87,34.77,87.8,47.67,12.28,50.62,2.68,36.77,0
8.43,33.12,70.77,40.92,10.16,67.17,3.4,30.63,0
0.0,12.35,56.97,39.94,14.46,27.59,3.21,22.78,0
5.43,22.63,124.11,41.21,4.8,54.64,4.49,28.24,0
0.0,7.19,70.33,31.37,5.3,115.33,4.83,32.3,0
0.0,29.26,41.78,32.33,7.52,68.51,1.86,23.2,0
22.51,27.88,40.64,37.14,4.11,47.55,2.84,33.56,0
1.36,7.21,50.11,25.28,11.17,112.61,4.57,31.59,0
0.0,11.57,24.81,37.57,3.58,46.05,2.34,27.04,0
3.0,4.33,65.69,38.95,5.82,55.19,2.81,33.01,0
11.68,29.65,74.4,40.38,3.61,31.41,6.17,28.28,0
0.0,21.45,76.74,30.67,19.64,52.16,4.47,26.82,0
1.96,43.07,64.93,37.66,4.6,16.78,1.9,32.95,0
13.35,26.99,44.49,44.72,12.4,173.84,2.46,28.87,0
5.83,25.21,33.94,39.61,10.28,27.76,3.21,34.99,1
23.11,40.09,70.23,39.74,7.6,68.92,2.18,32.75,0
13.58,47.46,74.27,30.89,11.03,23.34,4.46,18.13,0
10.25,65.76,77.33,34.25,10.75,24.66,3.96,32.49,0
13.07,33.04,77.28,37.46,11.84,71.34,4.58,25.07,1
0.0,13.46,44.93,29.47,16.08,46.76,2.3,25.99,0
4.84,25.51,77.1,45.61,15.83,16.9,3.05,33.65,0
2.45,19.24,32.79,14.62,1.11,75.92,1.63,30.17,0
4.98,10.57,52.04,26.48,7.18,150.77,2.32,22.45,0
1.44,12.75,55.97,35.65,4.6,25.44,3.62,24.91,0
1.4,25.41,33.26,21.3,5.14,34.17,1.31,33.32,0
15.18,47.09,171.45,43.19,2.05,103.65,3.66,22.58,1
35.99,99.41,111.44,49.52,3.87,67.36,2.63,24.94,1
26.04,29.95,42.77,27.63,20.23,33.73,4.1,22.47,0
0.0,24.07,108.77,32.31,10.73,94.46,4.8,18.05,0
4.48,8.99,43.43,26.82,4.39,48.97,0.47,32.0,0
2.57,52.81,143.73,42.04,12.87,91.45,6.23,29.01,1
0.0,15.46,97.22,55.4,16.47,237.61,4.62,29.31,0
15.86,44.03,116.51,32.9,1.17,178.08,4.17,32.61,0
2.99,5.78,70.79,41.75,2.48,38.42,5.89,25.92,0
0.0,22.41,34.65,40.96,4.5,45.9,2.02,33.78,0
8.51,50.74,62.04,33.44,11.44,48.24,4.28,36.72,0
0.0,35.54,45.27,20.53,19.03,100.91,5.12,31.42,0
19.7,39.18,50.87,44.77,12.57,65.54,3.09,31.34,0
21.22,29.28,79.21,38.03,4.99,81.25,3.62,27.15,0
12.79,38.81,102.79,43.0,6.58,31.63,3.89,30.27,0
9.75,31.57,93.62,30.84,7.62,58.97,3.8,23.43,0
4.41,44.8,104.09,41.69,5.14,21.78,3.25,28.84,0
7.82,15.82,44.0,23.89,0.53,69.26,2.22,22.6,0
4.23,27.59,70.65,16.35,2.98,33.13,2.69,30.99,0
0.0,28.37,77.87,24.92,5.94,25.79,4.14,27.45,1
12.11,14.87,64.08,18.98,5.73,63.23,2.66,26.5,0
24.19,35.71,53.93,35.26,16.52,65.76,2.85,32.09,1
1.46,28.76,41.72,25.76,9.93,41.0,3.08,23.0,0
14.5,23.95,69.44,49.0,8.02,56.5,4.16,27.43,0
5.21,46.76,66.27,40.76,11.16,34.34,3.23,33.24,0
1.82,45.84,46.36,34.92,2.45,35.2,0.4,27.57,0
12.55,27.32,29.27,45.14,1.31,34.18,4.54,18.74,0
9.86,11.52,64.5,22.22,11.02,78.9,4.18,21.85,0
0.0,15.17,29.81,49.08,14.84,66.21,3.71,31.1,0
3.32,15.61,28.42,21.2,8.22,11.12,2.17,25.38,0
5.15,61.89,72.67,47.98,6.72,167.87,4.94,30.54,0
8.34,18.01,61.4,21.85,5.22,11.89,4.26,30.86,0
17.75,31.01,66.07,37.64,3.33,28.3,2.52,28.83,0
3.97,18.04,25.06,41.49,7.49,128.2,2.05,19.51,0
0.0,14.26,22.74,33.84,3.99,44.14,2.36,20.62,0
5.53,12.01,26.43,30.05,8.15,98.53,2.43,29.23,0
2.46,5.28,16.05,45.15,8.44,88.64,1.27,26.96,0
0.71,10.81,75.39,26.25,24.79,34.49,2.71,29.04,0
15.06,35.96,38.45,31.79,4.95,114.04,3.48,32.28,0
0.32,35.69,81.96,27.23,4.75,82.07,1.01,25.03,0
0.0,13.14,19.48,27.05,9.51,65.16,1.58,19.65,0
2.05,17.64,30.67,21.44,8.13,55.57,2.28,27.29,0
4.98,13.9,25.38,27.84,7.13,341.76,1.71,16.62,0
6.05,29.55,46.02,25.35,20.56,46.59,2.66,34.55,0
19.99,41.19,49.19,26.52,4.6,119.7,2.09,24.15,1
1.15,42.55,75.66,34.93,16.25,129.26,4.49,30.69,0
12.69,32.95,39.37,36.44,11.76,144.47,4.79,30.95,1
2.06,33.37,58.01,29.82,4.57,166.35,4.12,26.63,0
0.0,14.19,14.84,23.22,3.56,62.69,3.59,24.68,0
18.15,22.56,39.34,25.01,8.45,61.66,1.69,25.27,0
0.0,11.78,59.97,32.37,36.33,137.01,2.53,22.14,0
7.28,72.15,96.6,19.3,7.72,41.16,3.01,24.47,1
0.0,34.5,84.86,33.47,20.96,34.73,4.98,20.1,0
9.26,28.77,82.61,42.42,1.36,102.02,3.17,24.8,0
0.0,16.1,35.37,16.09,5.53,29.24,2.68,22.59,0
0.0,8.32,72.61,38.96,8.98,48.55,4.28,34.58,0
3.45,23.12,57.12,46.81,3.46,57.77,3.23,24.24,0
0.0,42.58,95.04,41.51,4.03,55.23,5.02,21.03,0
4.05,21.32,65.14,34.12,2.78,63.28,3.09,26.89,0
12.62,55.38,85.57,48.2,1.26,108.49,5.98,24.36,1
37.07,113.9,126.42,46.6,18.7,184.53,6.11,27.75,1
6.51,16.84,89.49,49.97,7.7,34.3,4.01,36.1,0
4.55,15.2,38.97,26.68,3.48,73.98,2.67,36.04,0
18.86,25.87,44.18,46.66,1.49,57.99,0.2,29.64,1
0.0,11.2,36.62,30.55,3.14,71.26,2.92,38.77,0
0.37,10.64,28.64,35.91,7.68,51.3,0.2,21.59,0
12.28,23.63,40.97,32.9,3.13,32.38,1.61,24.72,0
1.92,4.97,115.19,53.39,0.91,85.22,6.27,30.55,0
2.93,16.05,79.29,53.54,3.89,35.58,4.59,25.31,0
5.47,48.05,58.57,32.15,4.52,85.88,3.43,28.73,0
0.0,23.72,53.68,26.09,6.71,115.95,2.66,33.48,0
0.0,12.58,37.83,13.92,9.16,21.78,1.24,41.84,0
0.16,25.13,78.58,38.12,7.45,101.68,2.54,27.75,0
2.44,30.97,46.99,32.74,9.97,33.02,3.2,19.93,0
9.27,21.7,56.28,47.23,2.22,10.47,2.02,33.21,0
4.87,31.95,50.0,36.88,7.44,78.09,2.97,25.83,0
11.81,12.34,26.62,11.63,13.36,57.78,2.08,16.59,0
4.75,55.99,62.63,30.08,12.39,78.65,2.81,26.2,0
13.86,34.43,42.4,28.77,4.18,46.29,1.67,30.72,0
3.0,33.93,53.83,33.08,3.2,17.62,3.15,27.74,0
0.0,32.61,62.41,40.1,5.54,110.26,2.42,29.8,0
1.07,97.74,128.48,40.93,13.69,43.08,5.09,32.9,1
5.69,84.12,97.88,48.24,7.99,142.61,4.37,30.72,1
10.55,23.49,58.6,47.36,24.99,36.07,5.66,33.51,0
1.51,26.0,28.29,21.46,28.99,138.93,2.88,38.15,0
6.62,43.22,82.04,60.69,11.57,25.88,2.98,18.07,1
2.16,29.67,46.25,39.67,13.75,39.34,4.06,32.11,0
0.42,5.21,24.46,25.2,3.24,48.97,1.07,20.22,0
10.56,28.7,45.29,25.61,4.23,55.69,4.8,25.31,0
8.27,57.84,67.56,43.48,7.86,44.24,2.99,25.97,0
48.02,60.85,70.24,49.02,3.12,169.65,5.77,27.94,1
1.52,18.61,50.54,34.81,2.59,70.43,3.17,30.3,0
20.75,32.8,41.11,43.23,9.17,86.67,1.96,28.56,1
0.0,23.83,42.73,47.58,12.89,96.23,1.93,28.46,0
20.77,49.03,65.86,48.53,12.34,124.69,4.9,35.82,1
4.92,10.31,40.98,44.43,14.19,167.91,2.89,34.28,0
2.45,25.8,64.6,34.27,3.12,81.5,2.6,23.85,0
8.32,15.47,116.56,40.27,3.32,17.18,5.01,25.65,1
9.12,13.29,84.39,35.05,2.6,89.54,4.99,22.65,0
18.32,57.95,85.67,35.02,4.19,19.13,4.98,36.66,1
0.0,31.14,34.4,25.43,5.94,86.97,4.3,34.79,0
0.0,10.54,45.71,19.91,10.5,26.36,4.35,20.95,0
8.39,46.29,56.65,52.8,4.68,70.24,4.53,20.15,0
7.75,10.48,65.82,29.46,6.29,47.14,3.19,24.1,0
18.01,25.49,42.14,29.58,7.2,127.16,2.38,22.19,0
1.89,11.1,14.14,26.68,15.52,85.71,0.2,25.55,0
0.97,21.14,137.04,45.99,1.26,12.91,7.21,29.65,0
8.08,79.58,103.18,39.05,2.38,68.06,3.16,36.46,1
5.35,10.16,89.03,42.86,8.0,161.92,5.37,34.34,0
10.29,17.28,30.94,33.34,16.83,66.31,2.92,27.07,0
0.73,32.93,65.07,39.16,6.7,112.09,4.16,24.14,0
20.58,36.99,73.4,32.17,24.83,59.78,4.72,27.16,0
7.43,35.15,48.39,27.77,3.63,41.35,1.92,35.02,0
17.57,39.07,58.92,47.05,5.41,120.12,2.49,33.83,0
3.77,28.91,45.16,37.66,9.99,41.75,2.97,38.34,0
0.54,2.44,86.23,44.84,0.37,60.36,4.25,32.92,0
8.72,24.3,84.68,39.55,19.93,12.43,4.43,25.11,0
11.85,56.89,78.63,34.48,19.37,59.84,3.97,31.39,1
0.0,70.82,83.3,51.3,9.39,62.69,3.42,24.6,0
34.19,59.5,72.03,43.56,9.91,63.87,3.93,26.02,1
0.93,69.67,106.87,56.09,6.2,55.06,5.3,30.0,1
6.21,29.82,70.92,30.88,14.79,43.28,4.96,31.17,0
11.13,34.5,47.15,35.29,8.95,28.71,4.56,31.55,0
5.28,30.49,57.36,36.62,8.12,81.62,3.0,30.6,0
5.78,14.78,35.63,32.67,5.11,62.9,3.49,32.02,0
6.0,15.85,39.81,41.67,12.25,65.54,4.72,22.95,0
6.55,14.17,35.18,17.44,5.91,108.1,1.89,27.53,0
1.8,10.2,16.32,5.0,16.12,116.71,0.66,35.23,0
17.19,21.93,29.58,39.8,19.26,20.6,2.21,38.0,0
14.16,36.22,37.52,31.4,9.61,78.63,2.1,32.97,1
0.0,8.78,29.7,39.34,8.09,126.89,3.9,28.0,0
0.0,14.46,35.96,30.08,5.94,78.54,4.02,28.42,0
35.47,56.02,68.53,26.49,10.98,81.01,5.3,20.96,1
0.0,45.01,71.94,36.23,16.71,38.1,4.1,34.47,0
1.12,6.16,19.62,26.25,9.27,101.46,3.25,22.57,0
0.0,27.79,44.3,28.59,9.18,14.42,3.06,31.77,0
20.0,35.44,43.98,47.45,6.37,65.92,5.56,19.73,1
4.06,11.11,22.08,33.8,0.63,21.85,3.6,34.89,0
0.91,16.41,55.54,27.79,8.47,77.46,3.79,32.93,0
5.48,37.3,83.61,35.12,14.0,30.33,4.19,29.09,0
32.82,64.61,91.04,49.87,4.04,167.64,4.8,27.13,1
9.8,17.13,50.46,30.48,13.31,50.75,3.62,28.65,0
9.55,26.62,60.91,38.58,6.22,39.95,2.3,24.44,0
0.0,17.09,32.1,39.95,5.96,43.93,1.05,31.59,0
18.13,22.62,58.37,53.58,3.29,185.28,5.64,22.4,0
0.0,12.15,59.62,29.53,6.89,73.17,2.76,34.04,0
8.81,23.16,38.87,40.02,7.2,39.29,2.42,28.31,0
0.54,61.23,98.59,41.72,11.96,103.74,3.87,31.54,1
5.4,31.79,42.45,34.01,1.38,84.61,3.7,24.5,0
4.97,22.97,42.5,34.3,2.98,62.53,1.91,31.58,0
57.84,85.51,99.23,45.67,9.27,61.76,3.1,20.07,1
2.23,14.38,37.48,49.3,13.49,69.16,2.9,22.06,0
7.64,32.3,68.22,38.04,12.21,65.27,2.23,28.15,0
3.97,9.85,32.47,40.44,2.16,68.19,2.55,32.81,0
0.0,9.59,50.42,29.91,7.33,123.56,2.3,35.64,0
8.8,19.86,34.95,33.2,2.15,27.44,3.52,13.52,0
15.05,17.07,56.41,16.52,5.61,41.09,3.64,23.19,0
0.0,34.44,52.89,11.92,3.19,139.93,0.2,33.61,0
3.2,37.22,60.9,56.73,8.69,105.29,4.02,26.48,0
5.63,12.94,18.51,37.96,6.05,49.55,0.2,35.83,0
13.37,16.97,37.25,24.46,9.34,125.91,3.4,29.87,0
13.96,39.35,46.53,37.14,6.44,33.58,3.31,30.27,0
0.0,8.09,34.08,38.17,16.73,16.64,4.63,21.84,0
35.15,64.02,84.59,44.67,7.42,23.89,6.43,23.11,1
9.86,35.18,104.38,20.29,7.42,51.57,3.6,33.08,1
5.16,44.2,95.55,29.62,7.84,41.13,3.88,36.94,0
13.25,22.81,162.75,48.26,8.95,106.23,5.59,30.44,1
23.14,34.77,158.29,42.76,15.65,152.26,8.39,24.04,1
3.86,11.97,46.82,28.89,2.48,86.08,3.87,30.43,0
3.09,5.41,12.24,16.73,8.28,61.86,2.15,32.3,0
0.0,16.17,48.0,40.16,26.72,31.12,2.1,35.96,0
3.17,48.43,71.15,38.04,6.13,70.39,2.2,28.15,0
10.7,26.28,103.79,35.07,5.5,140.25,4.37,36.09,0
3.18,11.35,32.97,27.64,22.02,75.95,3.69,34.93,0
2.94,3.35,39.59,32.46,16.72,66.68,2.54,30.16,0
28.86,38.02,62.51,48.57,9.93,48.81,2.63,35.52,1
7.49,19.21,26.96,24.65,2.85,12.66,3.75,19.01,0
7.52,32.55,48.3,36.03,11.32,141.56,2.93,34.04,0
10.89,43.34,70.97,28.63,7.26,43.5,4.13,29.59,0
15.96,19.02,38.15,18.35,9.45,83.21,3.55,29.98,0
5.84,16.55,24.57,45.89,5.16,13.02,3.31,35.3,0
0.32,20.68,68.01,28.86,4.46,63.3,2.04,31.69,0
9.72,43.55,61.71,23.06,22.24,57.34,3.72,31.89,0
18.18,28.45,102.71,43.87,11.15,59.41,1.74,22.61,0
9.54,46.13,78.28,29.32,7.25,134.47,3.53,26.1,0
13.13,34.6,51.46,36.62,7.79,68.48,4.07,37.89,0
2.94,20.12,36.57,20.14,3.39,201.14,1.81,28.74,0
0.93,10.89,25.36,41.32,11.34,42.54,2.36,27.3,0
6.86,29.54,123.15,40.79,6.88,22.27,5.24,19.28,0
1.93,4.03,13.62,25.21,18.5,57.42,1.43,31.57,0
23.78,39.17,46.59,41.9,8.29,131.31,1.9,28.42,0
10.1,39.56,61.24,42.59,28.62,18.14,0.5,22.54,0
2.29,21.67,69.99,39.63,6.76,49.25,6.14,32.74,0
0.0,17.86,64.73,51.4,15.71,31.66,3.58,24.54,0
17.59,27.38,79.49,41.41,0.48,157.62,4.23,41.82,0
0.15,20.5,33.89,15.55,10.16,233.49,2.25,29.96,0
5.39,36.61,44.86,32.34,26.21,49.65,1.71,33.47,0
7.62,25.57,45.53,31.63,7.33,10.17,2.17,38.7,0
0.2,29.35,58.24,22.72,1.01,55.23,2.66,31.71,0
4.23,22.56,31.41,36.08,2.03,72.34,4.16,31.05,0
20.48,45.26,78.39,25.05,4.42,18.36,4.1,37.57,0
0.0,37.92,84.94,36.3,22.34,103.07,3.07,31.36,0
17.48,51.52,84.63,30.22,3.93,203.9,2.98,31.1,1
6.95,73.33,102.32,49.2,1.94,158.79,5.69,33.67,0
1.39,50.17,79.53,22.87,7.36,86.06,2.39,17.75,1
0.0,10.05,22.73,31.51,7.58,131.83,3.14,28.2,0
4.43,22.3,30.69,41.46,11.39,55.35,2.51,26.95,0
1.64,6.32,68.81,26.3,6.97,32.86,3.13,30.11,0
4.34,9.17,88.37,40.96,5.8,101.74,2.53,37.72,0
11.13,18.16,66.94,20.95,11.25,124.91,3.95,27.9,0
0.0,9.27,15.72,19.27,2.6,28.66,2.97,15.53,0
6.43,10.42,54.86,24.91,6.17,43.9,0.2,24.44,0
30.31,51.73,132.07,64.93,17.87,90.49,7.58,25.67,1
2.31,11.32,69.35,27.99,2.31,267.97,3.19,36.41,0
9.38,35.05,50.09,26.51,10.41,37.22,4.18,37.27,0
0.0,13.04,71.71,38.12,16.48,101.03,3.91,24.85,0
1.07,7.94,25.43,23.08,16.39,21.74,3.86,30.65,0
21.46,43.52,77.83,46.9,2.37,98.28,7.04,18.49,1
1.78,91.19,164.2,51.83,9.5,46.98,6.34,38.23,1
9.74,20.92,91.94,37.98,3.32,25.8,5.8,26.5,0
1.72,35.17,42.15,28.7,13.95,33.0,2.98,33.49,0
0.0,2.39,44.9,22.41,12.11,190.22,3.5,17.61,0
3.53,17.75,49.46,43.74,3.09,62.0,1.15,31.46,0
10.8,27.24,52.49,39.03,4.41,17.83,3.29,20.61,1
17.64,56.87,66.13,52.04,9.97,40.73,3.56,25.42,1
4.45,41.05,80.3,46.81,7.18,296.72,3.46,26.7,0
9.71,20.5,34.88,26.06,5.46,16.37,2.44,24.42,0
5.74,43.81,135.74,41.67,5.34,74.55,5.41,39.6,0
6.54,13.88,19.22,42.87,2.41,551.52,1.92,22.35,0
0.26,17.01,32.82,28.75,1.81,23.87,2.87,23.68,0
0.61,61.23,90.0,39.65,16.62,61.76,3.31,27.52,1
0.0,8.71,43.03,29.81,13.59,45.93,0.2,28.99,1
2.06,34.11,36.67,30.65,13.74,152.23,1.17,23.56,0
15.14,23.68,131.55,48.48,5.63,65.3,0.46,28.01,1
26.63,56.62,82.41,50.03,5.84,105.76,3.01,29.11,1
15.11,35.0,50.83,57.91,10.37,40.76,4.37,37.31,0
9.16,22.55,38.33,29.88,6.93,31.03,3.05,34.02,0
5.51,9.63,34.7,28.99,6.29,91.05,2.82,25.34,0
15.06,26.48,93.31,40.2,6.56,46.66,5.44,24.25,0
7.41,33.37,40.51,37.34,8.2,48.9,1.44,31.13,0
10.65,97.0,133.17,44.07,3.41,18.84,4.66,30.27,1
7.5,32.88,48.38,18.84,11.0,17.27,3.92,25.29,0
33.53,73.53,85.54,24.98,18.58,33.22,2.82,35.66,1
4.21,17.48,37.73,45.52,23.84,58.39,4.13,29.69,0
0.57,14.76,28.91,24.57,17.0,143.27,2.6,24.23,0
12.28,27.19,150.43,40.09,6.98,72.85,5.26,34.36,1
0.59,69.64,122.99,65.96,11.6,96.62,5.34,30.16,0
8.11,20.55,41.81,37.12,9.49,41.64,2.51,33.8,0
5.57,11.8,68.73,31.77,8.33,10.22,2.97,17.59,0
9.49,12.97,45.98,21.45,3.29,151.59,2.11,19.04,1
5.94,14.7,50.97,45.3,6.32,308.02,3.61,33.45,0
11.09,34.74,88.71,26.8,0.6,45.06,4.78,21.62,0
8.46,25.49,36.53,18.07,8.64,90.69,2.06,26.91,0
19.02,45.94,101.32,44.9,1.73,32.06,4.79,18.47,0
0.96,38.69,89.45,28.6,2.44,86.42,3.67,35.62,0
0.0,7.94,88.06,28.69,7.82,14.32,4.61,24.32,0
12.15,32.2,174.01,56.8,4.13,98.89,5.81,25.7,1
11.59,28.37,64.26,38.43,11.2,545.25,2.61,25.95,0
10.8,19.77,31.4,15.58,9.08,42.2,3.29,36.01,0
38.59,47.31,77.19,42.77,20.45,93.49,4.53,34.8,1
0.0,37.22,48.84,17.03,15.38,172.64,3.33,35.24,0
0.0,18.68,24.36,30.48,3.76,49.41,3.22,30.96,0
13.67,18.28,67.42,24.35,13.0,37.32,2.62,28.89,0
20.51,49.3,89.21,43.26,4.23,33.68,4.71,25.59,0
5.96,16.01,62.0,35.33,13.08,35.01,4.74,37.03,0
11.21,30.18,71.38,31.22,16.11,16.33,5.94,29.63,0
0.71,1.88,58.1,27.5,4.19,20.43,3.61,30.06,0
0.0,10.08,27.54,29.88,9.49,57.07,2.33,26.49,0
0.0,23.51,94.61,34.43,12.46,98.69,4.46,22.3,0
11.16,17.51,27.38,21.97,3.2,331.14,1.18,30.37,0
19.11,22.57,52.98,30.97,5.94,177.76,2.89,33.06,1
0.0,9.88,40.95,38.07,6.08,22.8,1.09,30.98,0
0.48,22.85,108.85,29.67,4.88,36.58,2.62,19.81,0
1.96,37.0,44.93,26.3,2.22,28.11,4.06,30.07,0
0.0,32.4,55.22,44.57,5.21,74.18,1.85,27.36,0
8.32,37.81,66.02,31.29,6.52,49.53,1.96,33.33,0
2.77,49.48,81.29,59.7,3.5,182.6,4.24,32.35,1
22.42,58.8,78.76,48.29,15.52,26.66,5.2,29.95,0
0.77,25.22,43.92,26.69,6.0,248.55,1.85,24.0,0
15.15,34.55,75.93,28.78,5.74,98.21,1.64,20.74,1
0.0,17.09,36.71,37.03,6.3,116.58,2.95,21.28,0
1.3,13.0,62.37,54.46,11.87,57.01,5.95,13.45,1
6.36,21.46,33.07,21.51,2.32,42.5,0.2,29.96,0
8.42,16.8,18.1,42.26,4.72,64.39,0.2,27.75,0
25.7,54.28,90.32,48.58,15.21,23.95,3.75,23.92,1
8.02,13.24,28.84,21.17,3.49,96.36,4.72,32.97,0
8.19,38.12,76.48,50.75,6.75,22.77,2.46,28.99,1
0.0,81.98,103.41,41.63,2.76,59.99,3.25,33.02,0
0.32,4.12,14.2,32.31,15.41,40.36,2.67,39.51,0
1.87,30.23,62.67,34.79,2.95,53.56,4.54,27.93,0
4.95,15.92,39.96,15.83,2.31,53.01,2.14,27.27,0
4.2,41.15,49.73,25.48,4.95,48.01,5.6,33.04,0
8.51,29.59,75.21,41.87,1.84,59.41,4.38,33.37,0
23.13,27.85,60.82,45.12,7.22,25.77,2.21,25.59,1
5.33,22.73,72.74,32.53,9.82,31.61,3.75,20.48,0
13.16,34.33,41.82,26.65,3.11,32.25,1.9,28.2,1
0.28,13.14,16.73,39.5,9.36,34.43,2.76,32.92,0
26.37,45.19,69.4,54.95,10.85,129.71,4.08,31.61,1
5.05,17.3,135.32,54.16,4.92,43.57,5.6,24.55,1
25.98,38.65,73.1,35.16,32.73,42.62,1.57,36.53,1
3.23,4.68,20.49,34.26,11.19,35.55,3.83,23.78,0
2.27,5.31,18.77,32.51,5.61,136.21,2.85,27.34,0
1.2,4.62,80.98,43.97,4.47,33.97,1.98,24.54,0
0.0,8.03,50.61,42.41,2.38,34.43,4.91,29.86,0
16.43,19.51,57.12,39.32,12.86,80.11,3.1,23.34,0
0.48,5.42,41.76,49.42,21.18,290.32,0.75,24.89,0
8.16,27.46,31.73,32.91,18.13,27.13,3.39,32.54,0
0.0,26.81,51.12,26.91,8.93,118.91,5.35,28.63,0
33.35,46.37,77.18,46.37,31.62,55.0,4.05,28.47,1
16.83,35.6,111.94,43.82,11.3,70.05,6.38,32.83,1
15.69,35.6,39.85,36.05,18.58,44.59,2.73,29.79,0
6.48,67.63,215.73,67.16,41.24,47.51,6.49,34.14,1
4.17,7.15,44.38,41.82,7.77,69.54,4.86,28.51,0
1.53,15.74,19.75,13.04,17.99,80.58,1.72,27.25,0
25.56,28.81,85.54,43.67,15.26,14.82,3.61,27.78,0
0.0,19.11,86.09,33.36,5.29,68.77,3.19,28.79,0
11.43,16.63,25.83,28.84,3.62,46.57,2.99,23.91,0
0.65,10.89,25.47,9.03,4.51,42.46,2.48,29.77,0
0.0,2.91,72.46,43.89,16.39,47.7,3.9,23.17,0
2.66,15.02,110.35,50.16,14.77,39.65,5.76,30.46,0
2.75,15.95,45.07,41.68,10.91,62.89,3.0,31.73,0
8.74,21.58,75.72,39.26,7.49,60.98,2.63,24.86,1
18.65,47.57,68.96,27.22,20.04,85.62,2.48,24.07,0
3.93,21.5,42.95,16.83,2.27,80.99,3.07,19.14,0
0.0,8.17,22.06,37.59,9.76,59.54,1.93,30.02,0
0.37,15.73,29.79,37.26,10.06,62.24,1.63,30.15,0
3.84,12.78,68.61,36.5,11.89,46.28,3.48,26.69,0
2.08,7.04,50.16,32.29,3.1,34.36,4.43,21.18,0
11.45,19.94,34.66,39.6,6.7,57.34,0.67,22.44,0
8.29,14.64,60.18,23.76,3.84,32.34,4.72,27.33,0
13.82,41.21,68.22,32.37,2.77,77.56,1.67,39.24,1
17.08,57.11,81.45,50.43,13.05,47.13,3.65,25.6,1
0.0,15.64,56.35,20.46,12.77,280.75,3.99,24.86,0
10.45,16.45,28.95,36.95,3.55,85.73,2.72,30.71,0
21.68,68.51,137.05,38.29,4.29,58.59,4.3,24.06,1
4.24,81.94,96.14,35.46,15.75,100.23,4.42,24.77,0
2.12,4.22,41.23,30.04,15.09,38.44,2.14,31.55,0
0.0,13.64,21.18,31.23,7.0,194.72,2.43,33.75,0
0.0,7.21,41.98,32.39,8.73,100.96,3.62,34.83,0
17.44,20.71,77.04,41.84,15.77,61.08,3.94,24.51,0
0.0,21.04,64.77,41.63,14.32,118.31,2.81,33.49,0
58.23,64.32,92.62,31.92,21.49,163.87,2.21,29.63,1
0.0,5.54,23.18,26.25,4.27,169.31,1.88,17.77,0
0.0,35.21,40.8,29.18,18.1,128.61,3.92,28.42,0
0.0,14.41,21.93,37.58,6.39,18.48,3.05,16.72,0
0.0,28.88,48.7,29.8,12.3,42.38,2.96,27.7,0
4.53,44.87,62.66,23.46,4.22,73.01,4.54,36.5,0
10.47,89.75,143.18,43.8,14.09,30.98,5.74,28.88,1
1.24,16.92,121.76,53.83,4.44,16.34,3.33,30.15,1
10.32,54.44,58.51,37.78,3.14,14.03,2.49,23.35,1
29.19,55.53,108.93,46.76,5.96,112.65,4.54,30.91,1
2.93,22.4,52.39,23.44,11.94,10.75,3.97,24.18,0
1.5,20.44,34.38,43.04,17.22,45.44,1.76,21.32,0
0.0,21.22,61.08,39.62,6.06,17.29,2.89,30.19,0
4.73,19.96,101.58,44.93,15.07,72.07,4.3,31.09,0
25.22,28.68,46.14,29.3,10.59,64.52,3.27,31.84,0
4.35,11.59,74.85,50.36,27.61,148.93,3.49,33.74,0
10.79,11.97,78.38,24.49,13.08,74.94,2.64,27.63,0
4.79,29.19,90.42,25.35,20.41,96.84,4.54,34.04,0
4.14,7.31,65.11,29.93,3.44,72.0,4.6,28.39,0
50.08,55.45,104.33,38.72,5.42,13.14,5.03,29.85,1
8.04,14.84,24.25,28.91,7.67,24.0,2.83,31.63,0
15.15,30.87,72.81,39.89,7.13,232.19,4.42,26.54,0
9.6,35.04,38.55,40.45,23.41,54.25,4.29,23.39,0
4.54,25.81,33.06,30.74,9.2,34.91,1.93,16.79,0
1.08,32.84,68.31,31.79,6.76,76.5,6.26,31.79,0
24.63,59.49,82.21,36.06,21.98,276.25,4.28,27.78,1
0.0,22.75,26.58,36.28,16.09,127.08,1.64,20.5,0
0.51,11.5,38.74,26.47,1.53,156.63,3.52,31.31,0
0.58,3.64,39.24,30.48,8.4,115.74,3.3,29.58,0
16.29,25.79,55.39,29.24,8.82,87.0,2.88,40.6,0
25.73,32.38,82.54,43.42,2.9,60.16,5.01,27.15,0
0.0,16.73,64.39,40.89,0.62,173.46,4.18,20.99,0
3.46,35.52,43.46,40.88,17.35,40.72,1.67,35.76,0
15.76,24.97,30.48,28.89,2.01,15.75,2.65,27.09,0
0.81,74.13,100.93,40.85,7.93,53.91,3.58,27.55,1
10.63,17.15,58.33,24.52,2.13,61.07,2.06,29.56,0
3.12,15.82,46.91,18.17,7.99,52.92,0.59,26.95,0
1.17,7.12,31.0,26.64,6.79,36.44,1.63,36.4,0
12.84,20.77,94.88,38.19,5.17,24.72,3.47,28.31,1
1.92,20.69,24.84,27.48,11.49,37.38,2.52,28.09,0
6.09,21.43,26.72,38.47,3.7,44.94,2.62,24.46,0
0.0,24.64,51.12,21.77,5.97,101.29,2.1,25.1,0
10.75,35.63,40.72,17.28,14.57,39.91,3.84,26.83,0
19.02,52.23,66.53,20.26,10.44,88.97,1.72,35.32,1
0.0,20.37,68.91,32.4,15.85,27.22,3.03,28.49,0
0.29,12.15,80.63,52.14,3.49,44.91,3.43,23.41,0
17.05,29.65,59.69,45.49,15.73,136.08,3.22,22.56,0
2.34,20.87,43.64,41.43,17.52,56.99,2.5,16.46,0
3.91,18.78,97.26,35.6,10.44,87.3,2.68,37.09,0
0.0,18.21,45.58,21.75,5.21,23.14,1.89,22.15,0
19.44,22.96,30.63,34.06,4.33,86.23,1.09,28.24,1
0.0,11.14,32.19,45.58,4.37,91.55,4.56,26.56,0
3.91,5.54,12.47,25.37,4.74,51.98,1.31,24.78,0
1.09,50.5,67.54,28.32,17.06,242.21,2.16,28.19,1
13.37,29.42,63.53,30.78,3.97,81.78,5.33,30.85,1
50.89,78.02,82.54,34.76,14.36,47.92,5.17,27.45,1
0.0,28.68,103.62,57.56,3.53,100.8,4.12,19.46,1
0.8,40.71,88.14,38.3,9.97,152.03,3.03,34.93,0
2.23,19.95,39.63,41.69,2.45,174.19,4.17,33.36,0
0.0,8.98,48.83,38.86,2.48,86.18,2.84,21.06,0
4.72,23.43,49.28,38.21,3.24,37.06,1.54,27.03,0
14.76,46.08,97.22,51.47,12.58,184.71,5.62,26.59,1
7.01,15.56,44.25,43.71,4.0,44.52,2.19,23.11,0
11.1,23.29,27.05,27.14,12.47,34.45,2.1,23.36,0
0.54,8.58,29.97,19.81,6.44,72.21,3.06,29.37,0
11.25,25.92,100.09,38.99,7.83,78.57,4.44,31.73,0
6.69,34.22,78.23,33.86,6.6,87.43,3.37,32.54,1
0.0,19.32,36.38,43.23,12.98,41.6,3.23,27.86,0
5.16,13.99,48.68,36.82,3.44,39.53,1.73,27.72,0
1.11,28.87,39.68,16.55,13.38,158.12,2.52,27.0,0
72.43,78.27,96.51,33.42,29.67,18.12,2.85,14.87,1
15.84,69.03,108.21,37.69,6.48,48.32,2.16,30.95,1
6.13,52.07,115.88,50.95,5.48,112.78,3.91,17.17,1
22.81,79.44,87.95,34.39,6.12,17.83,3.53,28.7,1
11.57,20.12,45.88,42.1,5.03,53.89,2.72,27.16,0
0.0,5.96,74.25,26.58,7.04,48.03,2.94,29.48,0
29.74,66.38,91.05,22.07,11.17,35.03,1.63,32.09,1
0.0,44.32,48.97,34.48,5.16,28.22,4.31,29.42,0
26.36,48.24,120.2,27.88,6.56,64.9,5.35,34.7,0
6.93,64.52,108.6,40.16,9.85,290.33,6.05,34.01,0
4.69,10.41,13.23,28.88,9.4,40.48,3.0,39.71,0
0.44,37.01,83.4,47.86,8.16,66.93,4.22,20.24,0
7.46,30.92,47.48,39.55,4.99,32.01,2.36,29.34,0
10.75,15.53,58.87,23.76,9.33,110.01,1.59,22.73,0
9.7,50.2,97.43,31.19,8.45,88.42,5.42,27.58,1
6.8,11.34,23.3,17.34,8.71,56.16,1.34,22.76,0
3.66,33.33,71.88,31.23,8.56,11.62,4.23,23.44,0
12.35,52.27,71.95,48.52,10.17,136.5,3.46,30.4,1
2.21,4.62,8.97,52.94,3.56,64.81,1.87,31.27,0
4.35,43.71,65.26,37.79,9.36,102.58,2.85,16.6,0
8.86,23.41,68.17,34.58,8.95,45.21,4.05,25.25,0
5.06,17.84,70.08,33.32,10.16,51.25,4.18,30.82,0
0.0,10.92,35.6,24.08,0.59,88.41,2.25,28.52,0
6.9,30.93,40.32,13.89,20.57,28.3,2.55,27.31,0
6.95,15.6,26.14,40.87,9.33,76.22,3.42,31.29,0
6.13,58.62,86.31,43.05,12.75,85.5,1.73,27.4,0
3.77,47.75,71.03,33.66,2.37,56.31,2.49,24.75,1
2.67,24.56,30.75,33.95,7.77,77.47,2.79,26.01,0
5.26,28.37,71.15,39.74,7.95,56.22,2.58,29.71,0
0.51,3.09,23.79,38.24,5.58,19.95,2.73,24.73,0
24.36,35.49,61.74,37.94,10.74,47.44,2.75,42.05,1
9.12,16.22,22.0,27.29,8.89,169.24,1.15,30.62,0
7.91,25.68,73.37,37.42,9.35,81.01,3.58,29.51,0
18.62,30.72,96.84,33.45,14.72,13.62,4.15,29.01,1
0.03,15.64,59.6,25.57,15.19,141.36,3.69,28.98,0
1.78,22.34,31.18,37.34,5.55,32.66,3.26,24.91,0
1.37,3.84,34.47,47.74,3.1,58.51,2.5,25.73,0
8.42,16.44,22.41,20.46,11.69,128.07,2.4,28.44,0
0.0,30.43,51.64,18.87,5.88,68.83,1.46,38.14,0
13.56,25.56,51.09,19.72,4.62,74.46,2.0,23.42,0
8.1,35.0,36.4,25.9,13.57,224.37,4.44,25.67,0
1.09,51.2,101.34,34.72,5.41,81.3,7.28,29.74,0
0.0,33.45,59.26,42.49,14.13,59.23,2.71,34.06,0
7.81,11.95,20.05,38.67,19.8,18.49,4.72,28.14,0
0.0,1.5,27.88,44.9,2.05,35.91,0.61,25.45,0
0.73,19.2,52.59,45.79,24.53,231.0,2.11,32.8,0
4.14,12.83,94.47,45.42,11.29,34.16,5.6,25.18,0
3.63,21.62,64.6,25.75,3.56,182.0,3.21,42.11,0
1.22,10.31,52.8,35.94,4.05,22.48,4.06,31.1,0
12.67,17.02,34.41,24.37,19.81,29.13,2.93,26.66,0
0.25,38.16,93.57,20.02,6.0,14.87,3.29,25.91,0
1.16,20.61,60.83,34.48,8.28,90.65,2.82,33.14,0
5.96,16.6,58.71,29.69,14.67,49.97,3.78,28.85,0
5.99,79.44,123.22,33.93,8.04,33.77,4.15,38.04,1
0.0,0.34,26.71,24.73,8.4,36.03,2.44,29.1,0
5.55,12.32,16.41,44.94,15.48,69.44,0.2,21.69,0
1.68,41.36,47.64,41.76,11.08,71.18,2.13,27.22,0
1.38,8.87,25.89,45.92,14.09,2.79,1.17,24.88,0
7.52,19.9,78.78,38.84,10.23,115.77,2.64,30.25,1
0.0,36.1,43.71,17.12,14.6,118.63,2.13,25.18,0
3.25,15.28,52.06,17.16,3.62,88.36,1.96,26.44,0
4.54,31.5,34.49,18.69,1.74,67.59,2.55,27.51,0
7.67,30.14,53.59,54.08,4.72,136.31,4.94,27.53,0
0.91,50.26,76.71,38.99,36.65,75.38,2.81,34.97,0
9.85,27.02,52.4,36.06,4.78,152.72,3.04,27.35,0
13.19,27.28,61.69,34.84,1.94,70.23,1.73,31.0,0
12.87,67.64,86.03,42.65,9.14,13.89,4.74,29.71,1
0.0,10.82,67.49,25.4,15.3,31.12,2.53,31.77,0
12.49,39.05,44.92,28.81,4.07,210.97,2.45,26.45,0
13.08,30.77,44.54,15.01,9.21,31.97,0.71,31.92,1
29.16,61.15,66.2,38.87,9.16,48.25,3.43,22.76,1
0.0,17.4,49.88,37.6,8.58,217.06,1.43,22.66,0
21.66,34.4,70.55,29.4,9.59,72.35,0.76,27.56,1
0.0,36.74,58.67,15.9,10.53,167.85,3.98,26.83,0
13.58,29.6,49.2,29.81,20.6,16.57,1.32,27.41,0
16.51,49.5,98.27,49.03,2.08,98.47,3.27,18.76,0
12.96,59.16,75.3,25.15,11.01,67.96,3.63,25.62,1
20.34,55.45,132.43,37.33,1.77,77.91,4.47,31.68,1
47.11,51.9,60.59,33.9,9.28,60.28,1.48,22.99,1
0.0,12.92,34.41,31.13,10.05,130.91,2.99,24.85,0
2.86,18.42,95.5,45.12,13.96,114.71,2.99,35.39,1
0.81,30.99,63.93,48.39,2.5,54.52,2.95,23.72,0
10.72,29.18,36.55,23.09,7.03,50.38,2.04,31.54,0
2.04,46.99,110.41,32.29,4.08,154.83,4.45,29.71,0
11.46,21.68,24.83,24.48,18.54,24.04,2.39,23.38,0
3.76,39.77,57.09,24.25,9.6,46.5,4.0,30.77,1
6.05,29.04,62.51,26.93,7.53,82.13,4.37,26.62,0
4.89,17.65,21.97,27.18,5.37,125.45,1.71,26.59,0
0.0,22.93,94.54,34.04,4.77,40.63,5.13,16.09,0
5.62,74.58,97.4,50.4,25.26,22.59,4.63,26.16,0
0.0,21.36,101.09,29.85,15.88,85.03,3.79,28.14,1
0.0,16.05,31.4,28.92,6.69,85.76,1.57,30.86,0
20.73,47.25,56.63,20.26,7.06,42.17,3.23,25.38,0
10.46,29.84,73.47,39.3,14.94,68.64,3.44,36.25,0
9.5,21.82,36.17,33.2,26.27,116.01,1.34,24.3,0
5.76,20.21,47.66,50.21,12.46,64.62,0.2,32.27,1
40.11,40.35,55.39,42.92,5.51,32.85,4.96,29.8,1
5.55,68.22,142.86,33.06,0.66,109.73,2.93,23.11,1
4.2,40.99,70.91,41.06,3.92,43.43,5.54,23.1,1
3.96,6.37,26.58,27.51,4.29,48.79,2.85,21.64,0
17.53,26.09,80.51,42.83,2.29,44.34,3.27,29.33,0
5.16,17.67,40.12,24.44,8.51,166.24,3.91,27.31,0
7.55,32.61,47.98,40.21,14.76,77.54,4.71,27.23,0
18.9,46.21,79.67,37.31,9.72,63.61,5.13,28.6,0
9.77,25.11,34.67,25.33,1.31,14.18,1.46,23.18,0
14.55,24.37,38.52,21.55,7.01,304.1,2.57,29.05,0
0.78,4.97,16.53,15.89,9.92,23.25,0.71,28.13,0
0.0,26.6,49.93,25.17,2.99,65.69,3.39,19.76,0
24.93,32.85,48.66,28.99,9.03,17.59,2.54,28.49,0
14.03,40.3,89.2,47.32,5.22,40.04,3.73,31.43,1
11.01,55.67,116.85,54.98,14.0,31.93,3.36,21.64,1
8.22,28.61,60.92,24.48,7.84,657.53,3.85,34.66,0
5.03,11.5,14.36,22.88,4.29,95.12,3.72,27.1,0
0.93,1.62,21.03,19.88,16.6,41.62,2.34,29.23,0
0.8,4.79,19.35,15.16,8.27,101.99,2.12,27.79,0
0.0,41.2,168.86,53.23,16.11,91.82,6.9,32.74,1
0.0,73.9,125.87,54.86,22.31,30.56,7.79,37.79,1
2.55,7.29,10.15,33.97,2.23,68.89,4.69,31.22,0
24.75,47.12,87.96,40.14,11.63,81.47,4.72,28.38,1
0.0,30.23,45.32,34.29,6.99,63.49,1.89,24.08,0
6.06,43.8,91.86,34.88,2.66,59.92,2.96,25.59,0
27.04,127.45,166.78,52.16,1.06,85.64,6.52,18.43,1
17.39,18.66,45.29,23.09,6.4,121.65,3.87,23.1,0
5.2,13.12,30.42,44.87,17.8,101.81,3.08,32.25,0
1.06,7.55,28.84,43.64,25.08,120.96,3.55,20.13,0
0.0,49.5,66.5,29.65,14.59,34.95,3.98,30.94,0
6.32,37.0,69.29,41.66,7.16,37.15,1.41,38.88,0
12.13,58.02,100.71,43.86,5.83,162.6,2.72,24.8,1
1.16,7.9,13.18,31.74,8.31,21.96,0.34,25.02,0
18.63,74.14,114.45,37.88,1.77,15.28,3.58,27.59,1
4.3,29.52,58.89,20.72,14.07,148.96,4.09,24.94,1
7.81,16.15,30.19,40.39,3.16,110.74,1.81,29.11,0
5.21,27.91,98.94,50.85,5.86,21.1,3.94,33.92,0
18.39,44.95,57.47,31.87,7.11,24.09,2.78,29.49,1
18.97,42.35,65.73,18.79,2.94,93.24,3.13,33.37,1
10.21,50.12,82.32,27.42,9.6,22.35,2.95,26.5,1
3.13,23.71,50.13,38.15,2.54,109.85,2.43,24.02,0
4.91,19.11,22.06,27.98,10.02,15.58,3.05,20.9,0
41.67,49.0,168.03,45.51,13.61,16.91,5.91,16.7,1
28.5,57.53,175.39,50.94,26.44,41.84,5.95,32.38,1
5.63,33.77,96.16,35.49,14.71,31.48,4.19,27.65,0
0.0,9.99,43.58,46.26,3.21,166.42,3.73,19.39,0
15.47,36.86,47.58,15.1,6.4,46.11,3.91,19.86,1
2.08,14.26,73.19,43.14,2.78,113.87,3.47,27.57,0
23.65,34.02,68.52,33.39,8.95,25.94,3.92,19.72,1
1.11,59.34,83.62,42.37,6.95,131.41,3.06,31.71,0
2.14,12.16,49.71,32.3,5.51,82.74,1.67,27.7,0
0.0,58.41,74.78,42.79,6.26,83.84,3.41,27.31,1
33.31,60.95,84.17,44.97,7.87,35.45,4.12,21.47,1
0.06,30.23,117.93,31.7,7.42,80.07,5.74,30.86,0
14.2,22.19,54.54,35.51,15.05,34.13,4.51,26.07,0
3.88,52.56,73.3,29.63,9.74,55.52,3.51,23.34,0
2.22,9.36,63.05,18.73,8.67,180.87,2.91,33.57,0
1.92,23.99,38.05,40.03,8.44,128.64,2.94,25.19,0
23.19,101.99,156.64,66.27,11.17,15.93,5.55,29.79,1
62.74,80.29,114.48,41.69,9.42,45.45,4.13,27.51,1
20.82,32.47,47.49,22.54,18.23,41.21,3.3,36.89,1
0.0,12.78,29.99,38.88,5.55,116.77,3.24,25.82,0
14.27,26.15,40.58,22.46,0.57,166.38,2.42,24.52,1
3.94,13.44,51.31,17.78,3.14,91.35,3.93,19.83,0
4.36,41.52,65.53,24.67,5.41,102.42,3.22,22.4,0
7.02,35.49,44.2,51.24,7.18,114.6,2.51,22.1,0
5.3,22.38,28.48,40.61,4.85,45.51,2.58,30.51,0
10.25,31.52,116.49,51.42,6.36,451.65,6.82,28.52,0
3.62,6.83,47.16,28.66,12.27,105.77,2.43,24.28,0
15.87,18.0,23.87,16.41,10.24,46.58,1.65,28.66,0
5.91,29.64,103.52,36.45,5.63,13.48,3.78,24.01,0
6.09,15.12,20.11,29.91,13.18,10.44,1.77,24.13,0
5.15,44.86,51.83,47.79,9.59,95.09,2.94,23.92,1
14.22,21.21,31.91,28.66,5.58,129.18,2.59,21.86,0
2.57,3.75,14.19,28.15,9.88,18.28,2.37,30.39,0
10.29,14.42,95.42,30.24,11.27,21.74,4.05,28.5,0
6.35,29.33,91.2,28.55,3.08,296.36,5.42,22.86,0
23.53,27.57,37.32,15.71,1.93,52.46,1.15,21.69,0
2.94,21.23,48.37,8.76,1.21,46.49,3.22,23.32,0
16.21,19.73,35.51,33.47,4.1,73.51,3.44,31.61,0
8.23,18.59,23.95,51.98,16.4,67.7,4.56,37.22,0
21.86,39.26,51.61,45.45,24.61,16.96,4.74,30.87,0
6.05,32.32,44.78,36.93,16.93,156.6,4.03,29.77,0
2.38,11.39,33.11,38.44,13.55,69.91,1.28,29.72,0
2.33,14.55,31.99,31.23,6.73,277.46,3.27,34.07,0
7.25,14.51,43.91,37.27,20.28,96.68,1.46,27.86,0
5.35,15.76,74.3,44.47,4.79,65.54,2.16,32.63,0
2.73,18.83,33.05,30.73,9.36,48.62,2.36,24.05,0
7.46,28.13,149.58,31.58,3.16,181.8,3.65,20.68,1
4.02,30.39,105.23,50.86,4.96,42.0,2.94,27.21,0
5.62,25.22,28.83,22.73,11.97,52.34,1.95,33.06,0
0.0,7.58,100.56,33.98,4.05,34.58,3.84,28.58,1
0.0,16.88,31.75,27.51,2.96,27.15,1.84,24.58,0
0.06,54.35,58.05,34.69,3.8,59.94,1.32,26.74,0
4.92,9.82,69.47,44.25,9.16,6.79,3.18,31.26,0
3.52,25.36,49.91,44.92,8.54,43.77,4.34,26.55,0
3.61,51.85,72.64,40.09,7.76,55.49,3.25,33.78,0
0.0,15.28,28.82,37.3,12.98,40.06,3.61,30.17,0
17.73,38.7,116.46,44.02,4.79,98.13,7.07,23.04,0
22.59,37.09,61.51,25.81,12.1,20.06,4.13,32.66,1
0.0,27.01,40.78,44.83,3.61,105.35,3.62,19.47,0
3.18,22.44,34.11,19.67,6.82,134.94,2.62,26.59,0
3.47,13.79,45.52,21.06,3.5,218.69,2.13,29.03,0
9.07,16.87,39.86,30.69,8.0,149.72,3.09,21.2,0
2.32,41.6,62.5,33.62,11.78,65.3,2.87,31.15,0
16.06,22.07,56.94,35.27,18.4,78.86,4.88,26.34,0
0.0,31.13,90.84,55.06,1.55,54.57,4.66,30.08,0
12.22,19.72,29.01,27.33,1.26,24.27,2.48,32.77,0
8.74,22.79,32.59,21.26,7.23,68.26,2.44,26.33,0
0.0,79.61,89.95,43.24,8.04,28.18,3.98,31.02,1
2.91,6.03,55.37,49.64,16.98,79.54,1.53,26.13,0
0.0,27.08,37.5,39.47,13.3,88.95,4.12,24.48,0
35.29,82.38,158.37,51.51,5.14,45.38,3.45,30.72,1
4.09,14.58,35.49,29.67,5.41,170.0,2.23,27.43,0
2.16,26.71,40.83,39.86,1.69,43.13,2.53,30.0,0
0.0,19.45,59.21,22.85,7.99,207.86,2.93,37.19,0
8.12,29.98,55.66,29.86,9.05,62.97,0.42,18.07,0
2.79,19.05,46.97,23.84,9.54,52.03,3.69,26.77,0
12.06,22.2,24.33,44.15,9.21,101.17,2.91,23.04,0
26.35,71.93,81.35,57.6,1.39,22.4,4.5,33.33,1
13.98,48.94,74.1,49.76,8.39,37.4,3.09,28.97,0
0.0,10.34,236.26,60.68,3.86,117.79,8.97,28.13,1
2.22,24.16,45.4,17.77,8.03,19.55,0.53,29.02,0
0.0,19.08,46.37,33.94,8.12,29.58,4.14,26.7,0
1.05,14.54,70.92,30.6,14.08,37.19,5.31,33.52,0
16.95,34.18,75.53,36.94,15.05,118.55,5.23,25.06,1
1.37,27.35,53.29,34.71,12.58,53.35,2.71,24.5,0
12.2,29.9,49.88,45.67,3.4,51.78,4.41,33.92,0
1.91,6.61,14.49,28.45,8.0,48.09,2.73,21.17,0
13.68,19.96,95.33,43.56,9.01,61.05,0.65,31.81,0
0.0,30.02,53.98,46.19,15.77,8.49,2.68,18.89,0
0.0,2.99,46.15,35.39,3.32,167.78,4.18,33.78,0
35.01,53.48,71.51,31.59,2.71,227.99,2.44,27.14,0
0.11,24.84,66.79,25.51,17.77,53.48,2.54,28.1,0
17.38,36.72,142.36,51.74,3.76,80.44,5.46,27.66,1
10.03,14.78,50.58,40.23,6.62,29.89,4.18,33.85,0
0.9,2.23,18.21,31.74,5.96,58.06,3.71,32.34,0
3.13,6.34,40.08,35.74,6.02,56.09,1.79,28.42,0
17.76,37.86,50.77,49.8,6.77,72.54,3.15,25.89,0
2.11,3.58,60.34,36.66,2.02,45.32,3.45,28.49,0
12.11,25.46,73.61,35.68,13.67,22.37,2.63,37.04,0
8.62,38.99,71.76,48.31,11.28,28.56,4.24,27.99,0
8.96,41.19,72.24,36.88,2.39,46.33,4.95,32.06,1
36.08,49.2,60.55,33.08,4.52,14.05,3.31,24.86,1
11.04,37.45,59.4,41.91,10.87,55.47,1.69,24.61,1
8.8,16.05,26.56,21.79,9.92,48.34,1.18,31.45,0
0.0,29.28,92.95,25.17,10.28,24.47,4.26,31.36,0
22.54,49.56,79.46,45.69,0.72,113.36,3.92,22.02,1
14.04,28.44,33.73,47.49,14.89,50.55,2.25,28.59,0
8.39,16.06,121.98,62.68,1.57,319.28,4.18,31.58,0
3.08,16.32,36.63,25.11,17.6,107.6,2.61,24.41,0
0.0,17.67,55.03,32.63,11.51,102.31,1.69,31.1,0
10.74,46.17,76.33,20.5,8.71,101.97,4.19,28.13,0
5.47,16.43,25.69,27.44,7.37,348.04,2.09,38.32,0
33.7,59.98,168.01,79.29,4.62,113.46,6.73,26.3,1
12.19,23.38,84.82,33.71,5.06,26.64,5.53,25.18,0
6.57,32.29,76.48,55.17,4.45,27.11,4.21,22.08,0
43.25,52.51,74.08,24.47,10.18,17.89,5.41,29.71,1
5.43,50.75,63.01,37.2,5.24,16.21,2.65,30.71,0
31.15,68.33,96.44,41.89,5.57,30.69,3.2,34.26,1
50.69,66.17,163.52,60.48,4.54,62.71,5.2,16.8,1
17.65,21.24,29.67,26.07,5.27,9.19,3.25,19.61,0
0.46,10.53,42.29,14.8,3.2,92.74,3.17,29.62,0
39.32,59.48,80.26,51.83,20.38,40.24,4.9,28.65,1
0.0,37.5,63.57,26.78,6.97,149.48,2.43,25.28,0
0.0,6.33,14.78,18.32,11.32,384.66,0.2,30.19,0
10.33,37.48,58.62,28.99,6.93,216.09,4.05,39.79,0
22.69,42.35,43.87,21.28,11.01,22.64,1.63,23.43,0
8.53,19.65,53.86,24.83,3.04,84.02,2.21,29.52,0
0.0,15.93,17.66,27.04,3.05,93.4,0.2,28.33,0
0.84,8.19,24.5,37.48,1.97,456.73,2.33,16.76,0
2.01,26.41,118.99,41.78,19.44,223.28,1.73,19.7,0
9.78,27.96,81.19,26.66,3.71,89.19,2.67,43.0,0
4.53,14.38,18.98,14.56,8.29,57.02,2.38,23.64,0
20.97,73.79,132.11,55.65,13.5,25.95,4.91,24.82,1
0.0,25.62,61.13,26.21,3.48,38.37,1.62,19.38,0
12.27,36.52,48.05,37.32,20.88,150.85,2.26,18.27,1
0.0,15.46,23.33,25.39,10.84,42.85,2.79,15.75,0
26.77,44.95,72.84,40.93,6.25,61.28,3.19,21.48,1
12.44,18.15,62.46,41.25,3.4,38.72,3.87,27.82,0
4.53,15.3,29.73,33.08,2.18,92.42,1.03,42.06,0
2.85,32.5,59.63,29.76,8.9,64.58,3.39,26.11,0
9.24,37.76,100.53,41.33,5.63,69.33,5.26,20.73,0
20.34,26.12,54.81,30.1,1.27,167.24,3.06,24.43,0
8.68,16.03,38.32,41.32,16.94,70.72,3.36,25.73,0
4.49,30.31,66.76,40.45,2.92,109.83,2.99,35.68,0
0.11,26.34,46.96,17.92,10.61,31.61,2.78,32.02,0
4.15,12.0,16.99,35.66,6.82,19.02,4.05,32.23,0
20.48,50.4,77.74,40.82,7.47,26.74,3.81,18.33,1
14.66,22.74,33.67,10.42,38.26,85.24,1.39,33.66,0
23.29,37.34,46.97,25.91,17.43,60.67,4.39,22.09,0
0.0,15.05,32.51,40.19,11.12,92.41,4.12,26.93,0
0.0,28.55,44.31,34.28,9.2,70.01,2.81,24.28,0
13.27,47.67,70.9,48.07,7.46,15.89,3.11,27.71,0
0.0,11.38,29.47,34.88,12.7,39.98,2.24,26.57,0
23.26,46.35,71.66,39.47,2.8,253.5,5.1,27.9,0
13.74,74.17,115.62,48.69,5.77,23.99,3.98,41.38,1
8.35,47.59,58.96,31.0,14.6,6.12,5.62,24.07,0
0.0,6.18,17.53,37.23,2.62,78.2,1.17,21.29,0
5.5,22.12,82.35,39.34,7.38,33.43,3.02,25.4,1
4.16,24.55,50.51,35.21,3.64,41.35,1.79,30.4,1
8.83,24.0,55.02,46.11,1.73,161.63,2.83,15.57,0
30.36,47.86,68.92,44.21,11.49,164.32,5.63,34.53,1
0.0,27.06,40.39,35.69,8.33,52.68,1.92,14.05,0
3.08,37.0,51.04,27.36,8.58,37.16,2.98,22.79,0
4.7,36.44,76.98,33.54,6.44,26.7,5.22,31.05,0
24.66,52.27,129.8,45.88,4.95,59.91,6.78,33.08,1
6.41,12.28,22.0,13.05,5.87,62.12,0.91,26.53,0
12.34,38.91,72.79,42.73,12.83,33.77,3.09,26.76,0
26.58,35.11,79.97,34.46,7.43,18.33,5.62,18.78,1
8.32,14.36,59.21,37.53,4.0,153.18,2.14,20.27,0
3.16,14.42,43.05,26.28,4.44,120.74,4.94,28.08,0
21.74,26.11,57.26,48.09,0.83,79.91,1.63,21.88,0
11.27,20.53,100.45,29.0,10.17,74.23,3.5,35.17,0
1.27,20.44,28.91,6.93,11.02,140.78,0.25,35.86,0
2.56,36.63,52.74,42.64,15.21,51.08,6.46,26.31,0
29.11,58.51,143.85,34.02,3.15,170.01,5.1,20.79,1
13.69,27.8,43.76,23.13,2.17,16.89,1.95,37.02,1
3.57,15.15,35.03,12.51,1.54,43.86,5.17,30.28,0
0.0,2.53,16.84,37.61,2.25,179.83,3.08,20.31,0
14.02,61.23,83.94,45.58,5.87,95.62,4.27,28.22,0
11.35,50.61,68.94,44.24,8.23,137.97,4.95,35.24,1
13.73,33.91,45.54,43.36,1.79,95.49,3.93,18.82,0
0.63,33.51,47.78,39.82,4.89,23.54,4.65,20.37,0
3.2,20.98,101.36,37.94,23.71,27.88,3.77,30.91,1
19.07,24.81,96.94,42.16,20.95,48.32,3.85,32.17,1
3.12,6.71,16.68,34.91,12.32,230.0,3.33,21.57,0
0.0,19.53,28.34,33.14,13.97,64.83,1.51,18.07,0
0.19,57.83,63.63,28.66,18.04,401.65,3.31,28.32,0
16.29,16.54,37.35,31.42,6.77,15.17,3.63,40.31,0
4.38,24.42,60.67,35.98,7.17,101.55,4.46,35.84,0
0.0,16.52,55.79,42.35,19.14,66.19,5.24,26.01,0
10.3,32.74,95.93,42.6,2.53,19.99,5.7,24.78,1
1.65,17.53,29.6,32.14,10.26,30.25,2.53,34.3,0
4.09,70.07,134.81,39.76,9.71,53.9,4.92,30.13,1
7.17,10.09,25.87,32.95,6.94,149.69,1.27,31.5,0
23.42,33.86,40.05,27.94,8.05,12.53,3.15,26.11,1
7.17,21.06,63.06,40.14,5.38,67.98,3.27,14.69,0
2.7,6.96,25.91,27.84,2.86,20.84,4.12,40.07,0
9.63,38.87,84.77,31.29,11.0,57.31,3.99,22.37,0
10.42,22.03,41.44,29.59,9.44,134.95,2.86,31.82,1
2.17,11.96,35.09,25.71,17.76,23.61,1.29,29.76,0
4.38,34.77,55.09,30.09,20.91,59.53,1.21,26.3,0
5.23,20.08,23.43,27.9,6.23,70.53,1.18,34.38,0
19.75,25.74,61.47,34.48,2.37,15.54,2.11,26.47,0
8.99,14.53,21.71,14.78,14.6,27.89,1.57,27.23,0
15.06,30.57,68.08,47.14,7.26,72.22,4.75,26.69,0
19.16,53.38,57.72,29.74,12.93,29.25,4.62,26.56,1
0.0,8.15,34.99,44.97,4.34,217.69,3.3,14.56,0
0.0,22.43,31.64,34.52,10.11,36.48,2.84,26.63,0
1.42,32.64,39.76,21.18,5.68,117.98,0.44,22.27,0
12.62,39.48,197.7,48.67,10.66,285.27,6.16,18.78,1
16.92,26.65,110.05,45.51,5.98,52.43,5.38,32.04,0
0.0,26.74,42.33,22.96,9.58,201.64,3.43,21.84,0
7.42,37.37,54.17,43.43,9.62,24.76,1.59,23.28,1
15.98,19.9,47.57,37.75,7.02,62.88,2.15,28.8,0
2.44,11.31,25.11,49.44,6.53,92.24,2.66,24.92,0
8.23,21.88,70.96,40.74,7.54,138.88,1.67,26.8,0
0.0,9.77,24.56,20.55,5.83,80.52,1.13,30.74,0
11.23,16.1,34.28,37.08,14.6,21.8,5.23,24.33,0
3.96,10.1,28.61,30.46,12.87,41.01,4.55,23.94,0
3.25,16.0,26.03,29.47,1.24,21.09,1.69,18.84,0
7.77,21.46,36.48,35.34,5.19,62.54,3.56,18.97,0
0.0,24.49,40.64,23.89,7.89,51.88,2.78,28.54,0
1.59,15.51,22.16,33.09,6.24,76.11,2.45,37.08,0
15.99,20.78,35.32,36.1,8.5,111.04,2.22,26.17,1
0.0,29.02,55.71,36.87,7.65,16.47,2.41,28.6,0
0.0,13.07,22.46,11.19,11.5,128.75,0.91,27.75,0
2.12,22.04,48.61,33.69,23.36,17.95,3.14,29.25,0
5.15,18.31,60.08,21.86,8.71,110.88,3.48,29.55,0
7.19,15.9,49.99,21.31,9.1,21.45,3.62,34.13,0
33.46,46.17,56.34,23.93,8.37,45.78,5.42,26.25,1
7.55,34.25,85.19,36.71,19.43,378.19,6.47,30.27,1
8.9,44.73,107.4,39.67,4.07,57.29,5.11,18.82,0
19.23,31.83,75.03,50.83,8.9,49.0,1.34,19.94,0
0.4,20.59,23.69,36.67,7.92,19.82,0.2,30.57,0
9.32,12.56,25.19,40.14,14.13,34.74,2.61,35.58,0
12.46,15.27,30.63,37.83,11.65,83.91,3.38,36.14,0
10.58,33.79,49.89,22.33,4.93,16.99,3.39,32.65,1
7.21,33.15,45.44,25.76,7.4,78.4,0.45,36.51,0
6.52,14.08,36.47,7.03,13.39,27.37,1.59,17.81,0
0.0,8.75,13.65,27.1,33.51,62.4,1.52,22.76,0
2.74,43.01,70.91,49.68,11.39,105.21,4.38,20.79,1
26.56,45.62,84.03,38.98,7.65,54.96,3.94,20.49,1
1.47,12.67,89.3,29.12,15.27,58.52,4.82,27.35,0
5.67,38.42,105.75,34.57,7.32,125.22,5.62,27.46,0
5.12,11.34,37.67,35.33,5.71,11.12,1.44,36.6,0
9.33,53.02,95.95,36.0,11.47,147.73,2.34,19.9,1
5.05,20.97,52.27,41.96,13.7,15.53,2.01,21.96,1
3.8,11.69,22.61,35.98,8.36,49.13,1.32,34.18,0
15.45,61.68,78.87,35.4,13.08,33.8,4.07,26.02,0
7.53,11.39,24.63,18.85,1.7,43.52,2.76,35.87,0
6.54,16.68,59.73,39.64,12.91,81.6,4.8,23.09,0
1.8,38.6,57.96,28.31,14.81,56.64,2.58,29.92,0
2.91,14.24,113.32,47.72,4.73,60.08,3.45,39.41,0
7.94,15.27,35.52,36.28,17.87,19.12,3.11,27.49,0
17.06,44.28,47.86,27.91,1.21,33.43,1.13,24.49,1
23.19,45.48,49.46,47.3,9.69,83.61,3.16,35.03,1
8.8,36.9,73.59,34.4,16.38,119.18,4.66,28.98,0
38.9,63.35,80.36,46.6,19.98,153.11,3.24,31.28,1
3.43,35.49,81.2,45.26,14.49,302.34,2.2,29.54,0
3.39,24.45,61.73,32.31,27.82,56.93,5.17,22.0,1
20.56,38.48,80.16,27.29,1.33,89.83,4.29,32.96,1
6.95,44.53,77.67,37.73,6.83,97.84,3.05,34.5,0
1.96,63.16,84.84,45.79,6.9,141.42,5.86,31.6,0
5.41,25.23,119.96,42.48,8.78,73.83,2.93,30.19,0
0.0,7.64,14.57,24.22,7.25,429.67,4.1,28.81,0
4.22,17.19,33.34,34.5,5.89,54.34,2.28,27.76,0
0.0,4.98,12.66,29.49,11.04,42.59,1.13,24.66,0
0.0,41.94,64.83,28.57,4.16,25.78,1.3,26.45,0
7.83,18.97,98.04,27.74,5.68,49.82,3.64,29.64,1
0.0,10.86,29.56,35.14,3.54,49.17,3.4,23.92,0
0.87,19.46,157.63,43.4,2.64,50.15,6.16,33.47,0
2.68,10.4,64.61,31.03,12.71,80.23,4.59,22.3,0
11.33,19.51,26.46,38.87,4.83,30.81,2.4,24.9,1
2.48,7.34,27.67,53.22,6.0,23.55,3.43,26.58,0
25.68,31.38,81.46,56.57,19.75,39.1,4.86,26.8,1
1.41,24.05,42.05,31.96,4.03,26.31,0.86,23.63,0
0.0,20.12,31.18,43.44,22.98,122.48,3.25,37.77,0
0.0,10.62,65.6,22.92,1.48,63.59,4.05,22.51,0
7.68,76.0,82.81,35.97,13.35,36.06,4.03,33.34,1
0.0,17.24,119.07,40.33,22.46,157.48,4.73,23.08,0
1.29,42.23,100.58,35.81,10.68,36.41,2.74,26.75,0
20.4,33.56,83.8,40.24,23.79,89.58,3.88,30.5,0
26.69,29.88,72.84,40.17,3.97,385.82,1.49,21.11,0
0.0,51.18,75.43,33.86,3.44,59.36,1.72,21.8,0
3.74,66.21,106.63,43.65,13.03,139.15,4.28,29.82,1
7.45,53.57,70.23,27.96,8.9,33.05,2.27,26.75,0
16.19,35.72,41.57,6.57,3.78,61.83,2.2,39.64,0
2.41,24.8,30.1,31.0,7.78,74.64,3.12,28.85,0
7.37,21.15,35.2,34.48,8.35,67.57,2.36,28.94,0
19.21,55.17,85.04,46.98,2.27,27.19,3.06,17.35,1
5.67,24.85,63.58,23.63,5.78,34.83,3.66,29.94,0
0.0,28.68,71.9,23.75,6.13,27.05,3.54,38.44,0
3.67,8.94,30.8,11.09,19.9,82.97,0.93,29.24,0
0.57,11.54,25.4,32.36,5.82,33.39,0.65,35.39,0
0.83,30.44,69.94,29.46,3.93,47.43,2.49,31.8,0
1.16,8.56,32.49,24.28,8.62,23.85,2.87,36.47,0
25.03,37.01,75.34,42.39,2.49,38.72,4.3,29.08,1
17.27,33.32,67.68,48.7,1.66,174.11,4.06,26.79,1
28.66,50.07,112.38,38.32,2.05,41.3,4.55,30.86,1
41.51,50.08,59.14,42.18,18.74,16.61,3.27,27.75,1
7.02,37.0,78.51,41.99,11.82,140.93,2.28,31.89,0
1.89,20.26,27.16,43.0,17.25,114.23,2.86,32.27,1
9.85,10.21,78.98,40.98,3.04,119.25,4.49,33.34,1
10.37,14.78,56.59,27.98,1.73,94.04,0.49,29.67,0
1.87,6.18,31.82,24.31,8.73,111.23,1.86,31.5,0
1.73,7.75,28.23,43.07,18.05,23.58,2.74,23.13,0
4.7,32.9,34.75,48.1,3.47,55.35,2.63,22.91,0
1.38,5.56,11.94,18.79,1.57,64.69,0.45,26.98,0
10.5,80.75,100.26,24.67,12.85,178.59,1.8,23.78,1
0.0,5.82,27.35,33.05,10.26,19.96,3.6,16.77,0
13.33,24.53,32.84,19.32,10.12,20.43,2.01,25.55,0
22.6,41.39,68.77,24.63,11.11,71.29,2.79,28.07,0
27.12,34.87,42.65,24.37,8.82,59.87,1.84,30.93,0
47.08,58.36,96.8,35.28,8.17,148.61,5.29,14.74,1
10.7,17.45,61.78,20.11,9.46,46.75,5.91,30.83,0
0.0,9.79,74.94,43.95,4.53,33.44,4.99,34.28,0
6.33,14.05,33.32,28.15,5.37,93.39,0.54,29.19,0
38.63,55.77,72.68,40.72,1.22,40.19,3.65,29.62,1
26.34,36.53,53.02,27.38,10.11,37.15,2.67,29.67,1
3.3,4.91,36.36,31.97,10.74,39.4,1.0,28.24,0
0.0,62.4,93.32,38.83,10.16,173.03,4.21,32.2,0
10.06,12.57,35.81,35.29,6.92,97.68,4.56,37.53,0
0.0,23.48,115.13,33.2,12.55,42.47,5.22,27.1,0
9.72,17.36,42.61,39.75,10.32,179.19,3.28,30.42,0
11.17,29.2,61.04,34.24,17.95,81.98,2.7,19.29,0
25.15,27.66,80.69,31.29,2.69,36.48,2.72,28.13,1
0.0,19.47,133.38,48.03,12.41,65.91,5.04,22.02,0
16.36,43.16,91.42,49.71,17.91,120.08,5.12,29.89,1
4.77,21.3,54.64,40.44,3.73,30.52,2.94,30.68,0
31.57,48.25,138.24,55.17,8.93,73.2,5.4,38.63,1
15.24,21.79,40.05,31.92,6.44,23.17,2.58,22.61,1
7.09,18.81,22.6,20.76,2.22,164.81,2.86,31.5,0
0.45,2.17,27.31,27.73,8.18,41.58,1.11,30.45,0
5.57,9.56,26.9,29.67,4.87,80.96,1.94,27.35,0
20.62,51.43,93.98,49.49,6.89,69.05,4.03,24.93,1
5.63,91.68,101.71,33.97,16.34,170.59,3.56,25.53,0
5.35,27.91,59.2,44.37,5.06,47.43,2.86,25.17,0
5.79,23.21,41.42,40.5,7.9,59.2,2.18,26.03,0
1.9,2.86,12.16,38.79,4.55,117.84,2.67,30.16,0
0.07,16.45,74.51,43.95,15.84,304.83,2.68,27.2,0
0.6,4.92,43.38,31.68,2.37,119.66,2.28,20.5,0
6.58,26.97,67.26,30.67,7.51,89.27,1.05,25.93,0
17.17,61.57,99.09,53.45,6.52,69.44,3.34,33.89,0
7.9,14.68,70.72,41.07,21.65,17.62,5.17,30.63,0
21.02,35.4,55.61,20.25,10.16,31.97,2.19,29.9,1
26.78,41.59,82.86,49.33,7.37,56.91,7.87,23.42,1
40.84,56.47,71.26,36.72,22.4,180.64,2.57,33.44,1
0.0,21.39,42.37,34.92,6.2,20.25,4.36,31.08,0
12.14,19.0,25.74,46.1,3.55,57.53,2.73,18.72,0
2.79,6.93,82.78,36.7,6.56,14.1,3.36,20.79,0
0.78,51.02,115.32,26.02,5.11,54.65,4.67,26.33,0
4.19,24.4,133.49,48.41,10.42,25.07,6.72,30.93,0
29.52,67.34,77.88,32.76,8.97,51.78,4.38,24.39,1
20.72,55.01,99.34,38.43,1.86,12.94,4.75,25.73,1
6.68,13.66,35.37,24.15,5.37,25.09,0.68,36.69,0
14.44,38.3,51.6,18.57,31.52,104.49,0.8,19.03,1
10.32,35.25,129.72,51.74,2.0,47.16,6.15,22.85,0
4.21,15.4,26.76,42.9,5.34,56.58,0.2,36.11,0
1.35,8.69,37.34,35.37,11.57,62.59,2.66,27.35,0
5.56,16.83,31.31,22.67,11.57,61.82,1.62,26.59,0
15.48,27.32,49.33,32.43,3.97,35.55,3.0,37.51,0
32.69,42.18,58.99,57.74,13.9,158.16,4.23,22.2,1
12.29,17.94,52.8,39.64,8.53,324.1,2.27,24.91,0
2.25,24.74,32.95,30.88,19.9,35.14,1.49,25.29,0
0.27,4.48,91.76,28.83,14.23,80.23,3.99,29.17,0
9.88,37.66,80.46,38.95,1.6,110.3,4.11,26.75,0
0.0,65.8,86.3,35.14,14.55,90.68,4.58,24.73,0
61.9,78.6,98.94,47.66,4.89,83.98,4.31,25.45,1
12.01,27.63,84.4,37.86,11.05,64.42,3.07,32.21,0
24.95,34.73,62.8,46.66,11.23,64.91,3.87,34.19,1
19.46,50.68,91.14,52.21,4.69,55.55,4.21,23.69,1
11.78,24.69,42.22,16.27,11.94,138.51,1.95,27.19,0
10.93,26.45,78.0,41.53,11.96,39.95,1.88,32.44,0
16.39,37.04,69.9,49.72,6.35,24.82,4.36,23.36,1
3.57,9.75,22.06,38.13,1.01,35.24,1.17,25.01,0
6.85,12.94,46.65,12.14,18.3,132.51,3.79,27.9,0
17.39,27.46,91.74,56.66,9.95,30.22,5.52,27.02,1
0.0,8.9,29.94,16.74,15.69,128.2,3.24,24.98,0
6.52,52.77,90.99,23.45,6.15,71.01,4.89,33.71,1
5.44,21.48,51.77,17.98,5.97,53.8,1.25,24.6,0
0.0,5.01,34.72,35.61,3.0,49.55,2.78,34.28,0
8.76,19.81,43.16,23.28,2.36,64.33,1.77,29.59,1
6.51,31.23,46.31,25.39,16.36,103.09,2.68,21.42,0
20.92,61.73,72.05,31.38,7.14,43.07,3.61,36.39,0
17.67,120.96,142.06,58.43,10.84,25.11,6.6,20.96,1
19.1,22.86,51.51,39.6,5.15,175.77,2.9,35.18,0
5.55,69.21,77.87,25.57,4.78,220.54,5.27,28.19,1
3.38,23.19,90.93,32.6,4.36,116.22,1.76,33.31,0
8.5,48.94,62.06,20.67,11.93,82.01,0.72,29.51,0
11.65,20.94,23.74,22.31,8.98,96.36,1.51,39.68,0
15.07,53.63,69.43,39.88,27.8,34.39,2.49,26.15,0
0.77,43.39,108.95,39.7,4.5,47.02,6.14,27.7,1
10.78,39.4,71.31,25.99,5.69,322.85,3.04,29.42,1
23.35,79.38,91.4,47.56,21.84,27.52,4.87,26.1,1
1.32,7.52,34.51,30.86,10.42,73.88,2.01,23.32,0
0.0,9.63,16.34,19.01,5.6,47.48,1.28,20.8,0
0.0,12.36,25.07,42.59,14.31,56.76,1.91,36.68,0
3.3,8.47,32.16,33.1,6.59,42.09,1.52,23.33,0
0.08,25.05,113.65,42.63,11.69,42.07,4.8,30.9,0
12.54,39.63,134.42,50.29,5.63,20.5,4.72,27.68,1
10.28,13.01,45.88,19.17,4.25,87.94,0.85,23.78,0
0.0,35.19,51.92,19.81,5.76,45.14,1.19,23.77,0
22.33,50.71,71.3,29.54,5.61,64.89,2.48,22.67,0
1.73,26.46,61.02,42.52,2.93,103.44,4.53,36.49,0
0.53,0.92,17.86,22.1,4.05,25.48,1.68,24.84,0
9.65,28.91,45.79,28.78,1.57,45.57,3.66,32.81,0
2.83,65.94,77.88,55.35,3.84,32.22,3.67,27.72,0
8.61,32.08,48.77,18.14,8.6,60.21,2.32,32.08,0
5.15,15.83,35.22,38.6,10.04,60.26,3.57,29.21,0
24.85,33.55,46.64,21.88,8.98,53.09,0.88,31.96,1
8.86,48.38,82.61,46.67,8.65,212.0,3.11,29.3,1
4.22,13.9,25.06,22.17,2.55,99.19,0.2,18.21,0
6.2,29.59,89.24,37.94,10.19,21.24,2.93,35.27,0
20.06,25.68,60.06,26.43,5.4,70.2,3.51,27.03,1
0.82,56.47,102.03,28.74,6.24,19.14,4.41,24.64,0
13.32,50.53,104.32,31.64,45.0,81.41,5.97,27.99,0
6.71,45.93,67.99,34.35,5.41,28.04,3.02,35.2,1
7.02,39.37,82.68,33.33,15.61,37.41,5.24,28.5,1
0.1,16.95,56.35,23.2,5.45,74.1,3.17,26.91,0
3.35,8.19,34.71,34.09,14.87,21.45,1.66,35.61,0
2.12,7.58,11.74,9.44,10.45,95.36,0.25,22.49,0
6.67,36.74,56.54,35.27,6.31,43.85,4.92,22.07,0
0.0,14.32,20.56,23.45,3.33,32.19,2.01,23.99,0
2.78,20.21,50.11,37.72,12.61,40.15,2.18,28.38,0
20.46,39.89,72.99,49.2,3.36,31.68,2.95,27.47,1
12.02,14.06,37.06,25.4,4.46,31.27,4.13,35.05,0
5.73,32.99,46.19,29.09,5.03,65.19,2.89,27.51,0
0.33,14.97,28.57,34.41,10.23,230.74,1.23,32.74,0
1.69,50.78,52.02,33.66,19.78,96.13,2.0,23.78,0
4.58,19.26,66.83,42.41,2.78,36.31,2.45,26.03,0
0.0,36.18,59.05,27.08,3.77,41.8,3.01,27.02,0
11.01,45.06,146.3,53.19,6.28,20.11,7.45,28.64,1
10.69,27.79,62.65,36.25,17.89,50.88,1.51,28.61,0
2.68,9.16,63.37,38.0,34.1,43.71,3.1,29.69,0
5.05,29.44,41.22,27.36,2.83,37.89,3.97,28.43,0
4.88,35.72,101.91,38.1,6.4,92.02,4.04,13.71,0
9.84,75.8,81.4,29.01,9.4,49.75,4.07,23.97,1
0.7,33.95,53.06,38.24,11.21,77.01,3.27,24.77,0
57.85,78.71,123.4,44.99,6.75,85.73,2.68,26.47,1
0.0,22.6,51.63,33.52,11.03,63.23,2.67,27.91,0
0.75,23.8,28.29,21.04,7.1,72.55,1.01,32.07,0
8.15,39.76,52.41,37.76,14.52,55.56,4.18,23.95,0
33.14,45.31,66.33,24.92,20.1,114.65,4.65,15.2,1
2.23,22.82,31.77,35.57,4.27,100.48,2.94,26.73,0
0.21,2.84,45.18,17.65,6.38,34.53,3.33,28.85,0
3.91,11.44,49.06,49.81,11.34,160.41,2.52,34.56,0
13.75,36.32,41.71,56.75,7.56,50.54,4.66,25.94,1
14.52,56.49,96.35,48.36,3.65,63.84,4.99,25.31,1
11.95,32.07,37.32,30.41,5.21,82.44,1.58,23.7,0
36.4,70.4,87.98,31.86,3.55,130.95,1.68,38.82,1
14.6,49.72,88.58,30.96,6.69,93.84,5.24,39.08,0
17.83,50.81,109.81,40.28,12.33,73.55,3.16,20.85,1
19.66,23.97,36.65,36.79,2.7,50.46,3.24,27.06,1
0.0,10.53,15.55,27.11,6.12,23.98,2.89,27.36,0
4.76,47.16,66.89,63.82,11.75,151.96,2.8,31.77,0
0.82,17.22,21.83,24.74,4.02,115.21,4.31,24.59,0
1.2,19.42,68.89,32.83,6.8,45.77,2.56,32.01,1
3.25,23.73,57.78,32.92,3.18,92.03,2.24,27.81,0
9.55,60.13,73.51,39.22,10.93,38.12,3.53,22.77,0
31.71,40.58,82.08,31.62,4.84,131.99,3.45,31.74,1
13.13,44.93,52.72,41.11,2.79,169.83,2.33,35.45,1
10.62,32.68,48.33,17.7,15.57,165.65,2.33,22.33,0
3.39,23.2,52.16,45.75,7.63,131.65,4.02,35.5,0
34.67,45.97,71.27,38.06,12.13,80.82,2.88,35.0,0
0.0,27.21,101.29,37.11,5.2,159.2,3.71,32.29,0
15.01,30.92,35.4,42.11,2.51,70.97,0.48,32.84,0
7.38,52.47,58.59,38.3,11.22,10.48,1.89,32.52,1
19.87,52.16,119.51,36.53,7.95,30.21,2.84,21.86,1
6.3,34.73,141.24,42.17,17.44,26.72,6.42,31.75,0
25.39,63.77,113.48,37.95,14.49,67.82,4.96,25.35,1
0.32,9.64,18.85,32.61,5.79,119.32,2.32,25.76,0
0.0,56.82,78.5,42.52,17.09,47.33,3.55,39.16,0
3.56,26.17,51.8,29.8,5.45,78.29,3.18,26.62,0
9.61,26.77,71.56,37.71,21.05,48.48,4.68,30.03,0
1.61,40.6,52.4,62.19,12.38,166.62,4.35,36.29,0
7.44,16.69,30.39,20.34,16.06,64.4,1.19,26.3,0
12.1,31.26,40.74,29.24,5.52,22.24,0.47,31.8,0
0.56,18.57,83.36,43.6,5.34,51.32,2.78,28.14,0
0.68,14.87,17.48,39.85,26.22,52.5,1.05,33.58,0
0.0,32.8,37.5,30.22,13.18,57.23,3.47,23.41,0
25.4,52.98,77.38,21.16,14.01,38.72,4.33,25.93,1
25.98,42.48,125.31,58.51,12.36,105.47,7.95,21.02,1
7.34,50.74,76.29,47.91,17.11,171.26,2.47,24.41,0
0.0,22.45,52.07,31.26,11.88,42.99,3.08,31.38,1
30.32,56.3,87.13,43.03,11.66,35.92,4.99,29.25,1
0.69,29.29,64.05,50.76,8.35,55.32,4.5,26.12,0
0.0,7.28,53.85,34.55,22.71,105.43,1.4,23.1,0
0.58,17.5,33.74,33.92,10.54,27.81,3.46,31.58,0
0.13,14.69,98.92,43.35,13.81,162.21,4.58,19.36,0
0.0,12.33,46.26,25.24,18.12,43.2,2.92,30.63,0
1.54,15.33,52.61,30.2,8.4,41.22,4.25,31.22,0
6.56,77.12,105.45,52.09,2.0,85.86,3.51,26.07,1
14.82,26.13,28.17,24.19,12.5,12.42,2.17,23.32,0
4.03,43.49,76.34,46.09,6.26,127.38,2.07,19.42,0
4.08,30.66,58.42,32.99,7.81,383.83,4.06,27.19,0
3.86,25.43,61.19,31.75,2.47,231.93,2.43,27.54,0
0.0,13.41,27.16,45.7,6.29,109.62,1.43,30.02,0
14.4,17.99,52.34,33.72,6.59,121.67,1.26,18.81,0
20.02,31.01,48.73,20.4,5.47,57.51,3.69,34.68,0
29.01,42.63,126.44,46.37,14.24,59.47,5.37,33.41,1
3.0,20.38,27.52,11.95,1.86,26.44,3.7,36.48,0
27.42,72.77,100.96,50.99,10.28,39.62,6.26,34.24,1
16.44,31.95,67.08,21.04,1.7,31.62,4.04,36.07,0
0.0,0.35,32.03,23.49,10.87,97.69,1.08,26.57,0
0.7,33.52,44.27,48.37,7.91,52.62,2.5,29.25,0
6.77,32.82,82.77,36.14,1.92,47.81,3.82,27.66,0
4.08,26.56,33.13,37.27,4.46,68.45,3.93,28.33,0
0.0,33.8,47.93,29.7,9.36,76.97,5.54,15.88,0
6.69,27.43,63.74,39.61,3.83,125.28,3.79,25.84,0
6.93,45.03,70.77,28.47,18.81,22.08,2.08,24.69,1
16.23,50.95,55.75,31.96,4.73,66.96,3.91,17.59,1
2.02,28.71,110.82,30.37,14.72,135.92,5.24,32.75,0
0.82,53.55,57.28,36.17,14.85,122.44,2.62,26.27,0
8.52,28.12,29.36,37.04,3.95,290.2,3.2,21.66,0
7.26,19.38,81.15,38.81,8.4,54.57,2.7,32.84,0
32.67,60.08,93.56,42.39,10.18,114.39,2.92,29.62,1
15.08,23.59,45.25,22.48,11.45,12.83,4.35,32.7,0
2.05,8.13,37.6,40.39,12.48,58.55,2.8,30.76,0
6.08,18.24,55.82,41.93,3.8,49.98,4.99,15.83,0
0.0,19.78,48.15,38.62,4.67,143.59,2.66,31.68,0
2.95,12.54,35.55,19.53,6.12,102.13,2.3,33.05,0
7.7,25.94,65.85,44.64,8.05,36.43,4.75,23.49,0
34.09,37.19,53.86,38.06,13.68,44.81,1.34,27.82,1
0.1,26.76,126.18,42.2,12.13,31.15,5.46,36.52,1
24.63,43.55,100.17,41.6,8.49,117.6,4.02,33.77,1
8.39,32.87,43.04,26.22,5.04,95.47,1.57,34.79,0
14.72,30.47,59.95,34.89,4.96,12.59,2.49,26.63,0
5.75,11.93,35.38,34.82,1.5,22.77,2.96,24.79,0
1.19,14.41,77.73,38.89,9.8,52.35,4.9,32.35,0
23.38,82.68,138.15,65.75,9.76,118.83,7.55,25.24,1
2.51,8.85,60.57,32.96,4.78,17.35,3.08,27.02,0
13.83,39.82,60.34,34.01,3.02,81.68,4.22,37.29,0
0.0,43.2,70.71,24.62,1.66,34.74,5.7,19.31,0
0.0,4.36,39.72,32.31,4.24,58.6,3.14,26.23,0
0.0,39.64,80.53,34.39,10.98,68.85,5.03,19.34,1
4.81,36.14,61.35,27.43,7.55,63.75,3.18,34.71,0
8.4,16.64,31.88,38.01,7.51,11.0,5.21,30.82,0
6.06,10.06,16.32,35.96,1.89,608.55,2.56,24.27,0
0.0,51.67,83.95,40.41,6.26,152.88,2.44,21.31,0
0.0,6.53,37.51,28.65,3.5,68.73,4.12,19.43,0
14.46,25.26,39.12,36.51,22.91,37.68,4.16,33.09,0
1.92,73.39,79.91,49.77,21.96,69.0,5.78,31.87,1
6.5,20.22,37.81,41.26,6.89,35.73,1.65,39.44,0
1.56,5.13,24.39,28.42,6.65,56.48,2.26,25.98,0
12.69,15.26,62.13,42.06,13.06,141.3,1.81,25.69,0
1.61,18.66,74.75,42.76,9.96,40.14,1.35,33.61,0
4.17,18.98,70.03,51.74,5.76,81.09,3.47,31.91,1
18.69,25.69,50.89,49.98,3.39,131.5,3.43,28.52,1
6.25,8.75,13.41,24.56,6.82,116.51,1.47,28.56,0
0.34,17.24,26.65,36.38,9.34,67.28,2.68,29.86,0
10.48,14.51,24.53,19.98,2.35,38.76,2.9,27.53,0
0.0,10.33,49.56,35.61,5.14,213.1,5.85,21.2,0
0.19,9.01,19.7,30.74,8.35,183.78,2.07,29.64,0
0.0,7.93,47.78,32.75,10.02,40.29,0.54,29.55,0
13.06,17.67,57.5,40.98,10.12,89.07,1.48,26.36,0
9.59,14.14,39.65,31.9,4.69,31.64,2.52,21.28,0
11.54,38.64,70.6,35.15,18.44,41.18,3.34,32.45,1
7.88,31.78,45.48,21.85,19.39,217.9,2.31,36.81,0
22.93,24.23,35.32,24.24,9.16,39.96,4.91,27.87,0
7.63,45.44,84.58,45.55,7.49,53.36,3.41,32.16,0
1.85,8.91,40.11,25.51,10.11,87.26,2.29,25.18,0
0.49,6.76,15.15,30.97,3.95,64.71,2.77,24.49,0
7.49,18.7,72.72,39.73,16.27,77.39,2.6,29.56,0
21.12,30.23,38.43,21.8,11.07,93.16,1.57,30.6,0
0.0,40.82,79.1,49.4,8.37,12.32,5.2,24.8,0
11.2,29.84,62.27,39.15,5.17,89.9,3.7,26.51,0
4.17,11.79,101.78,41.6,4.68,62.66,4.66,23.41,0
18.08,32.86,51.08,33.19,17.1,8.48,1.48,30.87,0
32.79,35.1,94.51,25.57,14.48,40.0,6.01,31.69,1
4.07,18.49,58.37,19.12,12.29,112.07,5.62,28.22,0
0.0,4.13,29.7,40.26,9.11,98.64,0.2,29.33,0
37.01,71.23,78.86,31.54,9.85,69.23,2.99,36.93,1
11.14,32.7,43.93,25.79,11.36,35.67,1.83,33.37,0
3.29,16.83,26.36,13.55,14.51,84.92,1.54,22.62,0
7.21,42.32,73.1,43.49,4.88,43.81,3.16,36.88,0
16.98,35.24,65.29,36.32,6.88,51.39,2.0,20.58,0
0.0,40.01,49.27,35.03,3.86,18.09,2.63,24.08,0
3.04,20.62,36.07,34.01,7.47,32.38,1.14,35.94,1
7.05,29.68,60.21,38.48,2.68,122.43,2.37,31.5,0
2.31,32.18,60.14,33.75,14.58,114.41,3.84,14.66,0
22.66,52.47,74.93,35.65,2.62,45.22,2.29,27.25,0
10.76,14.34,17.79,24.48,6.51,25.12,2.06,20.15,0
0.0,7.58,27.62,15.24,3.85,134.51,3.48,28.92,0
3.71,11.48,86.03,26.5,2.83,42.14,3.67,29.52,0
0.58,20.58,26.03,45.11,26.9,157.63,2.78,21.02,0
11.07,22.24,56.01,48.23,17.15,64.97,4.23,22.29,1
2.28,4.91,18.54,7.12,4.06,29.29,1.73,30.93,0
0.0,7.15,14.75,31.27,6.3,94.36,1.36,32.05,0
8.99,15.5,90.09,28.57,28.11,46.1,4.4,30.76,0
1.98,58.7,69.83,56.86,9.23,39.83,3.18,28.56,1
25.93,73.3,113.79,33.32,7.9,57.07,3.07,39.03,1
0.0,30.51,53.06,38.0,2.88,23.04,3.69,30.25,0
0.83,13.73,55.77,34.17,5.34,86.42,3.04,32.45,0
3.4,28.19,53.93,39.06,8.65,38.73,2.41,29.68,0
9.64,36.0,51.23,42.77,17.64,13.58,4.8,28.48,0
18.64,26.14,47.12,23.2,6.5,27.3,3.02,26.24,1
3.04,18.22,24.16,42.42,8.4,1030.81,3.42,34.8,0
7.35,15.02,18.84,21.76,6.76,49.27,2.11,18.45,0
0.0,2.46,11.4,11.25,5.73,142.27,2.68,30.63,0
0.88,20.88,26.88,25.01,3.21,11.87,1.56,41.88,0
2.43,28.3,76.29,35.83,2.65,54.64,1.97,32.63,0
3.38,16.12,30.33,40.53,10.78,18.56,1.84,32.83,0
12.58,52.53,146.48,54.08,6.93,25.74,6.66,34.1,1
38.93,65.03,123.86,49.62,4.53,40.26,3.46,29.61,1
1.12,6.96,26.31,22.8,8.9,216.16,2.32,35.03,0
11.01,23.52,49.01,43.3,4.16,139.71,3.54,25.68,0
22.55,25.88,74.29,40.93,2.81,31.01,5.17,15.81,1
21.46,55.15,83.77,43.13,1.63,81.38,5.17,27.2,1
0.09,29.37,116.12,55.65,4.36,64.95,3.98,25.56,0
20.25,39.8,54.37,29.3,6.06,31.04,1.92,24.65,1
0.0,20.7,38.02,47.02,4.57,12.96,5.81,29.88,0
0.0,20.28,41.17,37.54,6.29,166.94,5.23,29.31,0
6.0,30.14,41.67,40.04,20.74,132.83,1.52,28.45,0
2.39,27.06,29.97,32.44,5.44,63.75,1.55,31.42,0
27.92,35.37,62.43,32.1,2.8,38.1,4.11,26.08,1
6.12,9.5,39.19,51.61,12.36,49.97,1.22,22.8,0
17.3,46.88,73.85,36.54,2.26,64.3,3.23,37.05,1
2.76,38.29,70.69,30.27,7.09,141.39,3.19,20.15,0
16.81,52.59,70.11,27.62,7.73,49.72,3.75,20.12,1
5.26,50.2,87.75,55.94,10.5,35.21,5.53,32.68,0
5.26,48.8,65.06,41.91,2.77,74.82,5.25,21.57,0
18.7,47.05,72.82,25.82,6.45,65.53,2.74,23.33,1
10.05,19.1,47.69,30.99,4.88,103.79,2.2,21.77,0
0.94,4.13,28.64,28.95,19.54,7.53,3.24,30.06,0
32.6,43.62,114.57,36.78,0.66,35.02,6.17,26.22,1
4.06,6.01,28.73,36.11,11.57,58.39,2.69,25.0,0
0.0,36.17,38.21,30.02,1.57,20.27,4.02,30.85,0
5.7,9.65,75.45,37.46,10.51,75.91,4.03,21.1,0
4.72,22.17,54.9,24.2,18.22,26.4,3.21,27.2,0
9.62,26.07,45.91,27.36,8.22,40.5,2.35,25.1,0
11.73,47.8,66.82,26.77,9.75,41.74,1.97,30.25,0
0.0,23.63,109.53,66.65,14.44,243.7,3.83,37.72,1
3.47,13.05,36.4,7.28,12.48,42.73,1.44,24.45,0
10.14,28.19,85.88,32.97,1.73,94.33,4.47,18.87,0
5.4,22.54,66.27,35.61,12.06,18.6,4.11,30.09,0
1.92,7.82,57.24,29.68,10.55,199.02,3.15,25.64,0
14.08,27.93,41.41,34.04,8.38,34.51,1.83,25.69,0
13.96,46.25,88.29,31.58,3.38,35.93,4.09,30.41,0
4.7,23.72,36.3,33.78,7.73,41.34,1.53,24.17,0
0.0,13.13,23.01,40.03,0.2,32.04,1.76,21.12,0
1.14,20.78,36.63,12.97,1.45,27.73,2.07,27.95,0
22.58,26.83,95.11,35.49,25.8,140.25,3.86,26.15,1
2.85,38.59,47.42,28.53,5.03,50.7,1.25,32.85,0
31.33,87.38,144.1,61.98,6.8,35.45,5.83,28.94,1
0.25,2.25,7.29,28.82,8.34,217.01,1.56,33.2,0
0.0,17.83,48.7,25.01,9.03,26.75,3.96,20.69,0
27.72,30.72,40.26,32.49,5.52,67.91,1.9,25.23,1
0.0,17.45,71.93,23.38,3.73,13.31,4.37,23.6,0
2.6,22.44,54.58,47.78,1.87,23.63,5.01,29.01,0
3.55,29.31,81.29,41.66,4.68,65.72,3.39,22.36,0
0.15,17.44,59.48,33.75,10.65,92.76,3.83,36.46,0
15.92,61.85,82.31,41.06,5.74,42.32,5.8,30.15,1
4.04,28.52,38.74,28.79,8.21,233.98,0.33,42.96,0
0.0,9.04,54.54,24.64,0.86,25.91,2.24,23.95,0
0.0,10.77,26.99,24.92,9.19,35.2,4.67,28.6,0
0.97,11.27,85.59,48.45,12.98,33.1,4.62,25.39,0
6.04,11.99,16.65,27.91,7.89,57.17,2.72,31.0,0
0.0,17.31,29.23,32.86,12.26,196.23,0.78,29.64,0
38.03,48.92,99.18,51.05,7.69,210.61,4.71,34.49,1
1.54,30.3,121.22,51.93,11.9,25.71,5.35,29.59,1
19.8,39.97,41.18,26.84,12.61,26.16,1.93,25.75,0
2.29,69.53,75.86,44.41,16.04,13.48,3.99,31.95,0
0.04,7.77,26.98,30.83,11.91,99.84,0.2,31.84,0
17.16,49.32,96.93,32.65,16.28,167.7,5.59,29.45,0
21.58,30.47,90.03,45.78,17.74,52.05,5.99,24.47,1
0.0,12.23,66.37,44.18,1.82,66.78,2.02,29.66,0
7.24,11.57,142.89,33.45,20.72,91.46,5.48,20.38,0
0.63,13.8,49.05,23.72,5.15,24.33,1.71,26.24,0
6.68,13.11,39.17,23.15,12.67,54.63,2.96,16.4,0
3.38,82.67,105.36,59.82,6.98,21.66,4.68,38.09,1
9.63,30.31,54.36,26.82,10.58,104.15,2.59,25.24,0
30.61,55.5,74.26,20.46,5.41,56.2,4.26,23.38,1
0.0,11.26,43.68,21.01,4.97,46.01,3.73,17.71,0
3.11,64.17,89.21,46.35,5.71,57.69,2.4,22.31,0
17.21,51.98,93.32,34.03,4.94,38.73,5.65,19.17,1
0.0,22.62,26.47,21.58,4.13,62.46,2.57,38.78,0
21.28,32.53,84.33,23.18,7.97,39.01,2.3,28.87,1
6.37,57.01,105.77,49.85,3.22,146.87,4.67,28.51,1
0.0,20.86,58.46,42.23,18.2,20.76,2.83,20.22,0
0.0,21.81,30.05,31.82,11.76,200.46,2.51,19.16,0
1.05,27.51,46.97,24.1,6.0,78.89,2.54,33.25,0
1.77,45.68,72.2,31.31,4.47,100.67,2.52,29.86,0
0.0,42.69,48.92,27.45,8.24,7.67,1.69,30.72,0
10.12,18.05,37.38,28.64,6.29,53.94,1.73,31.69,0
12.07,32.38,109.11,35.43,6.99,19.46,3.23,25.92,0
11.34,28.85,48.71,23.56,4.81,64.36,4.19,32.09,1
15.48,36.35,67.88,35.61,14.85,17.7,3.08,28.35,1
2.2,41.31,67.21,48.7,8.9,136.72,3.51,35.85,1
8.4,56.66,118.42,33.63,8.66,122.54,5.37,32.14,1
15.32,23.45,30.58,31.67,10.98,69.98,4.2,32.69,1
10.27,20.72,31.92,40.38,9.77,28.8,2.44,25.92,0
7.41,20.47,55.82,35.25,8.41,69.55,3.9,34.09,0
22.07,61.99,87.68,40.2,13.98,56.77,4.07,21.41,1
2.75,39.48,82.05,30.83,1.14,17.11,3.94,19.71,0
2.71,3.25,12.75,34.29,5.21,67.12,1.62,36.24,0
6.37,29.17,141.95,57.28,2.54,32.04,5.4,30.49,1
6.33,10.22,38.49,43.22,2.51,83.9,3.68,26.18,0
5.97,19.6,44.57,37.56,2.34,117.88,2.8,31.82,0
0.0,2.21,64.1,31.81,7.97,27.24,2.36,29.68,0
17.53,34.05,51.07,32.66,4.81,25.56,2.91,21.86,0
8.36,25.3,56.37,25.64,7.09,78.26,2.3,31.32,1
0.0,7.78,61.12,36.19,10.42,23.13,3.89,30.21,0
21.88,38.01,68.0,38.68,19.96,89.77,1.67,28.37,0
1.68,14.67,45.87,36.42,4.78,64.46,3.55,34.75,0
5.72,25.62,90.14,51.41,7.3,48.6,5.01,32.16,1
0.0,1.33,61.18,35.29,4.36,77.64,3.87,24.01,0
56.52,62.73,163.35,44.59,20.88,46.72,5.02,28.31,1
4.49,27.6,42.59,30.28,4.98,18.04,2.45,37.05,0
1.91,11.76,50.49,35.95,10.02,29.2,3.41,25.89,1
16.22,21.38,28.08,36.38,6.99,129.81,1.37,33.25,0
0.0,6.64,10.27,23.17,7.24,68.0,0.46,29.7,0
18.6,72.88,103.7,37.92,10.6,102.33,4.26,22.93,1
3.76,6.85,18.07,33.53,5.56,59.39,2.15,24.55,0
12.96,20.72,58.58,27.28,1.88,36.68,3.77,27.31,1
7.62,25.8,32.31,34.25,12.12,95.7,2.65,25.72,0
3.31,20.72,81.95,46.12,15.12,72.34,1.48,27.47,0
0.0,15.41,66.7,35.82,4.92,25.3,2.82,33.84,0
6.27,14.54,34.71,36.52,5.46,153.42,3.08,30.24,0
0.46,11.01,24.31,19.42,4.2,143.23,1.13,21.65,0
6.01,19.06,66.16,33.36,3.12,28.91,3.67,41.14,0
14.68,18.63,26.92,21.27,3.19,73.24,0.99,14.25,0
10.26,61.18,80.42,42.62,5.74,107.21,3.56,38.96,1
2.7,11.69,64.29,12.94,2.62,56.24,3.15,23.39,0
1.18,31.95,68.96,43.24,4.72,268.28,5.43,29.94,0
1.74,20.38,56.44,28.07,11.57,45.03,2.63,24.29,0
6.88,29.38,44.91,25.14,7.0,58.81,3.04,34.62,0
2.01,23.55,84.36,49.7,2.24,352.93,3.45,23.39,0
0.4,5.63,31.82,28.7,5.31,27.77,1.23,35.85,0
0.0,38.46,84.52,34.35,14.95,63.21,3.3,34.93,0
2.42,4.98,7.55,28.87,6.35,89.56,1.25,24.94,0
13.52,21.12,74.62,38.47,14.84,100.87,3.16,25.44,1
14.27,31.92,59.95,33.37,6.94,33.84,3.3,23.17,0
7.81,20.45,40.45,41.0,16.5,144.37,2.38,29.19,0
0.0,8.09,78.63,17.28,9.91,56.47,1.89,21.48,0
6.83,42.85,86.53,29.3,5.95,39.04,3.45,26.34,1
24.44,48.73,52.71,24.13,13.22,122.61,3.58,21.95,1
0.0,20.27,71.95,50.87,5.38,24.45,5.03,30.65,1
2.18,15.93,69.06,48.35,13.36,60.91,4.52,31.63,0
13.66,37.78,102.39,42.63,5.29,50.54,4.84,25.44,1
2.3,33.1,36.57,30.37,3.78,52.51,2.2,26.53,0
29.79,39.57,44.96,29.1,9.2,116.04,0.4,31.26,1
26.79,31.56,41.79,41.0,1.33,43.46,1.49,34.04,0
26.98,30.84,51.25,22.44,10.05,33.0,3.5,19.73,1
2.39,43.15,70.03,44.22,4.76,25.7,5.6,17.05,0
21.67,27.42,48.1,47.5,20.74,182.95,2.13,32.63,0
7.19,13.02,58.59,36.26,0.2,16.02,4.15,26.04,0
0.27,30.47,36.6,33.52,12.5,60.77,1.81,31.56,0
1.33,18.52,47.51,34.01,10.62,84.13,1.97,27.34,0
9.31,63.02,76.43,33.49,6.8,57.24,4.04,29.71,0
0.0,11.62,121.14,29.68,20.8,61.29,3.99,12.58,1
4.0,21.16,47.41,33.92,13.14,59.44,1.21,27.78,0
6.15,19.79,32.28,24.44,14.15,43.1,1.85,23.9,0
11.52,51.69,87.55,31.07,21.31,97.35,3.37,19.21,0
0.0,15.86,99.27,39.02,10.33,9.71,2.51,28.45,0
4.09,17.64,28.98,36.1,2.04,94.03,4.0,34.8,0
15.61,30.27,41.78,35.49,4.29,187.64,3.15,37.01,0
37.21,37.8,52.36,36.64,5.76,51.12,2.38,17.89,1
0.27,2.81,70.56,42.24,13.62,91.3,2.45,23.57,0
21.53,28.61,38.55,34.73,13.66,42.28,2.57,36.4,1
14.69,33.12,53.13,41.47,3.47,69.31,1.92,23.97,0
25.06,49.77,55.19,43.57,0.48,28.2,3.3,30.91,1
0.0,26.63,108.73,50.41,9.24,57.83,2.14,25.93,0
12.37,36.7,51.45,26.9,21.94,114.29,2.35,27.08,0
21.04,43.01,115.79,50.92,7.21,13.7,7.5,28.09,1
5.05,19.21,69.52,32.1,13.35,38.43,3.36,28.99,0
2.93,27.76,78.9,28.96,11.2,36.61,1.49,35.49,1
6.25,20.26,103.7,35.88,9.78,374.47,5.94,25.2,0
19.4,68.03,79.71,29.65,11.86,94.19,4.24,21.89,0
0.45,16.73,98.23,48.43,4.86,47.66,3.97,30.43,0
0.19,7.03,32.02,32.41,19.34,243.65,3.37,26.7,0
0.0,89.86,125.4,54.73,9.3,135.91,3.26,26.23,1
4.26,5.51,44.8,41.87,3.14,38.78,2.13,29.73,0
0.0,11.09,16.64,26.51,4.22,63.34,2.51,31.49,0
4.4,21.27,66.84,41.84,11.13,170.62,5.1,34.85,0
0.0,17.24,22.52,15.92,7.65,129.09,0.29,25.67,0
1.54,10.52,60.67,26.92,3.71,59.51,0.2,31.43,0
2.36,12.25,50.11,19.89,5.41,95.99,3.09,29.15,0
6.66,28.96,58.16,26.11,4.84,83.56,3.21,26.04,0
7.43,9.71,15.28,20.4,3.59,116.48,0.67,21.44,0
3.35,22.94,41.6,26.91,3.06,36.39,2.9,24.75,0
2.05,44.41,61.52,30.7,1.26,30.55,3.43,17.48,0
1.48,15.11,49.43,26.51,9.48,59.9,3.75,25.56,0
0.0,31.49,81.62,28.24,8.53,18.41,4.76,32.06,0
19.43,38.72,66.64,44.38,4.29,215.15,2.85,31.59,1
0.27,4.23,19.82,26.71,11.06,74.32,2.1,25.12,0
5.33,6.67,23.69,33.67,0.45,32.32,1.43,30.73,0
0.0,15.92,75.11,30.37,3.48,47.09,4.01,21.46,0
12.04,15.76,58.34,24.89,17.01,16.13,2.42,33.49,0
5.57,36.32,64.19,44.5,11.04,43.91,5.24,30.57,0
8.22,26.52,113.34,53.63,10.93,156.8,4.75,24.73,0
0.0,48.48,140.0,49.65,18.98,15.37,4.45,33.82,1
8.75,16.02,39.65,30.47,16.45,21.44,1.53,23.81,0
0.0,5.43,17.62,42.21,3.48,54.51,1.63,26.28,0
0.97,25.23,40.84,41.37,2.74,178.93,3.01,20.16,0
0.0,37.62,149.97,46.87,13.02,71.11,6.98,29.54,0
5.44,39.66,80.26,29.06,3.51,26.23,3.92,31.76,1
20.79,66.13,114.09,56.19,11.17,56.21,5.04,29.59,1
10.64,35.52,120.35,22.18,0.96,46.81,3.72,35.76,1
25.22,37.56,86.47,37.94,15.29,34.66,2.87,20.84,1
5.8,17.55,23.96,24.72,3.42,23.48,0.2,22.24,0
12.33,49.04,116.05,37.39,2.07,52.98,5.44,28.82,1
16.88,54.85,114.16,35.99,5.79,39.17,3.98,32.69,0
16.68,50.05,87.66,38.0,27.72,31.86,4.67,36.44,1
0.0,13.22,31.98,39.72,15.89,54.74,2.41,12.0,0
0.2,27.73,68.43,28.43,3.39,70.22,1.6,24.39,0
14.9,39.75,55.99,47.78,11.92,62.91,2.74,23.85,1
25.5,50.0,91.13,36.7,7.95,61.14,5.76,36.41,1
0.0,23.51,34.3,18.59,11.87,171.31,3.29,20.9,0
0.44,16.91,24.68,21.69,16.62,175.78,0.49,26.08,0
10.5,20.93,46.29,27.46,4.62,104.47,1.42,34.68,0
2.05,6.8,12.98,22.46,4.55,172.05,2.56,25.56,0
15.91,108.44,184.39,44.6,7.02,436.53,6.26,28.21,1
11.61,21.66,82.58,43.75,6.06,47.21,5.39,28.49,0
18.28,43.53,110.8,48.12,1.34,176.58,5.05,21.96,1
2.87,8.56,35.06,29.03,2.12,47.42,0.2,30.42,0
1.76,20.42,84.96,28.33,5.01,138.34,1.98,27.04,0
0.51,21.23,47.67,26.77,4.79,125.06,1.52,30.18,0
24.91,27.04,31.65,30.2,6.58,79.45,3.34,30.74,0
0.0,2.11,28.72,17.69,11.13,100.72,4.36,26.75,0
0.0,24.13,76.58,25.52,6.26,143.63,3.99,26.88,0
6.06,18.84,65.09,32.61,2.63,86.9,1.97,36.37,0
1.67,5.27,61.61,20.88,8.97,126.3,5.0,25.39,0
17.02,19.06,27.79,35.42,3.63,44.14,2.05,36.98,0
0.0,17.01,41.8,32.85,10.5,76.9,3.19,28.94,0
3.53,44.98,138.04,58.97,4.6,42.22,8.23,26.43,1
0.0,21.88,41.28,20.27,14.92,20.88,2.01,33.23,0
2.51,23.18,74.18,30.55,2.4,74.43,2.51,35.83,0
5.86,26.36,72.15,43.39,3.25,102.53,5.28,17.37,0
4.52,9.01,17.63,34.65,14.11,50.99,1.12,34.84,0
4.02,4.5,46.03,17.94,11.34,73.4,0.97,27.74,0
11.74,20.31,58.46,47.99,4.26,479.29,4.97,25.55,0
0.0,4.93,76.1,29.99,20.12,70.29,3.59,42.85,0
8.44,13.76,15.84,40.02,14.1,162.56,2.56,29.64,0
3.75,32.81,36.63,28.58,11.83,86.12,3.5,31.59,0
2.6,39.5,62.96,42.9,20.12,61.53,6.25,27.35,0
9.66,11.15,12.11,7.89,3.25,37.84,2.32,30.31,0
6.55,7.74,32.59,66.02,10.02,36.85,4.17,34.16,0
9.13,39.16,98.08,40.55,5.66,14.31,2.02,35.12,0
35.4,59.9,76.55,49.05,5.27,42.04,5.47,30.63,1
3.68,17.91,95.91,41.07,4.48,12.94,6.08,27.25,1
0.0,67.01,76.95,40.7,5.01,88.16,2.25,34.22,1
24.7,61.3,97.15,49.6,4.67,82.9,4.08,43.0,1
2.38,28.79,111.97,58.7,22.28,85.21,5.54,33.36,0
11.65,26.27,54.57,33.73,11.32,54.35,4.47,16.95,1
4.5,8.37,14.39,41.74,4.65,66.77,0.2,30.19,0
0.0,39.68,47.21,32.79,1.54,58.23,2.57,28.43,0
6.44,11.73,114.89,48.86,5.22,86.35,3.52,29.81,0
0.72,23.0,39.77,33.45,4.04,87.88,0.2,23.55,0
1.24,48.99,111.03,44.63,25.39,33.91,5.25,29.04,0
4.54,10.09,36.2,28.87,4.71,193.62,2.05,31.05,0
0.0,12.15,55.03,30.99,9.21,95.59,3.78,29.17,0
11.34,20.98,39.71,29.88,11.96,27.42,1.78,19.31,0
1.78,16.56,30.65,38.65,2.19,87.63,3.3,23.45,0
13.19,47.14,65.16,46.27,6.85,161.34,2.27,27.78,0
12.65,17.36,50.39,15.24,9.56,26.41,0.99,28.92,1
3.43,14.04,19.2,24.39,8.28,9.85,2.11,28.45,0
5.86,8.28,24.09,13.23,35.0,25.93,1.22,35.99,0
8.56,28.77,122.38,46.28,3.61,239.8,3.4,28.13,1
2.35,12.32,46.84,20.83,14.97,26.43,2.15,24.79,0
0.0,1.57,20.83,17.19,4.73,96.16,0.2,42.54,0
6.37,26.08,67.78,32.95,12.9,55.81,3.59,29.68,1
16.79,42.03,92.46,26.09,4.51,335.42,3.11,35.59,0
0.58,11.39,18.04,32.95,10.62,156.02,1.72,30.31,0
14.01,44.39,105.76,43.72,14.64,80.97,4.29,32.27,1
0.0,10.89,23.07,22.11,16.15,45.08,1.88,26.59,0
2.99,11.16,22.12,32.74,8.8,132.19,1.25,31.74,0
3.96,8.24,67.46,31.96,7.29,14.94,1.8,26.04,0
4.71,104.8,165.54,52.21,19.78,34.92,6.5,31.56,1
0.05,22.69,28.07,52.98,5.41,74.19,3.15,28.66,0
0.0,19.29,62.9,32.78,7.85,17.1,2.91,23.79,0
3.23,19.67,67.47,36.67,7.39,60.33,2.42,34.47,0
10.0,40.31,86.28,45.51,4.68,17.53,3.94,36.47,1
0.53,42.23,94.64,66.04,9.91,71.76,3.66,20.44,0
3.77,22.84,58.02,28.69,10.18,51.37,3.07,25.03,0
35.42,66.93,125.07,41.46,10.67,52.05,2.78,21.42,1
7.11,44.1,62.76,40.04,7.71,75.31,2.77,27.27,0
3.2,42.84,54.96,29.67,7.78,55.42,3.03,24.87,0
4.42,18.4,43.12,34.13,5.3,105.81,3.99,26.54,0
29.53,40.85,62.18,52.53,12.26,27.23,2.64,33.58,1
10.41,24.61,76.61,35.0,9.93,18.6,5.63,33.12,0
0.73,18.42,37.88,26.99,22.33,193.75,3.93,29.19,0
11.52,33.29,46.94,48.74,14.16,31.84,2.77,28.17,1
0.0,1.79,48.03,28.45,0.28,48.74,3.1,27.41,0
5.58,36.35,59.47,37.28,22.87,100.89,3.47,33.11,1
19.82,26.6,42.5,14.65,3.02,34.41,0.25,39.65,0
5.67,42.52,84.28,44.37,26.15,19.75,4.65,24.04,0
0.0,6.18,36.35,33.11,7.22,60.37,1.47,34.97,0
4.9,21.66,109.55,29.18,21.96,28.96,4.81,33.29,0
19.68,31.76,49.4,32.53,21.19,238.41,3.2,25.7,0
0.46,2.01,10.89,35.33,6.56,74.68,1.08,27.71,0
11.32,18.54,33.46,25.4,4.99,176.92,2.31,30.15,0
20.75,65.9,118.35,39.25,13.5,49.73,4.74,18.43,1
8.33,16.33,28.31,40.01,19.84,94.3,1.29,18.75,0
5.21,12.7,60.26,34.02,2.38,44.52,1.39,21.28,0
0.77,45.99,74.8,43.14,6.89,36.33,0.2,29.99,0
1.28,23.68,55.76,45.12,9.08,23.87,2.62,29.24,0
3.14,10.1,31.77,22.44,3.72,96.62,2.72,34.09,0
11.64,25.18,32.29,22.95,8.93,92.95,1.24,28.89,0
43.14,104.44,120.05,47.43,5.09,37.69,5.12,37.22,1
0.5,40.0,70.66,29.06,6.67,39.27,4.96,24.13,0
9.97,18.02,33.58,30.31,19.24,106.11,2.53,33.74,0
16.21,33.19,38.03,34.24,3.63,42.49,2.86,28.32,1
5.09,18.19,90.26,46.22,7.58,47.42,2.97,36.7,1
4.76,18.12,66.13,32.72,13.24,273.45,3.64,29.98,0
0.0,15.68,48.03,48.66,8.57,59.95,3.51,16.91,0
6.37,9.02,66.09,59.07,16.27,34.52,4.03,31.59,1
4.42,9.98,23.65,21.41,6.04,39.52,1.92,14.84,0
2.53,35.72,56.42,58.16,7.89,178.26,4.66,32.22,0
7.87,43.15,50.33,27.9,3.81,64.17,0.43,21.74,0
0.0,16.08,32.94,16.92,10.28,51.67,1.88,30.02,0
0.4,12.11,52.98,34.28,26.72,19.57,3.1,24.88,0
6.56,19.01,57.8,38.61,5.43,10.93,1.48,27.16,1
24.66,69.11,175.49,48.1,5.94,104.5,7.54,35.15,1
3.64,52.53,70.82,34.15,13.14,16.37,2.88,27.68,0
5.11,44.75,98.15,47.3,21.67,49.41,4.99,29.67,1
4.85,22.7,106.41,26.56,5.79,30.82,4.22,23.91,0
0.0,11.65,25.71,28.07,9.28,100.66,1.42,27.05,0
2.85,28.35,151.99,38.37,9.54,51.16,5.02,24.03,1
6.14,16.29,58.64,29.96,22.6,116.9,3.36,32.7,1
5.95,22.49,37.75,45.5,1.16,72.6,1.19,36.35,0
8.69,24.84,73.21,39.45,18.98,90.03,3.34,18.83,0
0.0,14.63,33.38,51.64,2.16,101.17,3.16,31.35,1
1.11,9.32,57.81,29.48,10.68,113.87,2.98,26.84,0
0.0,19.46,33.47,41.46,1.52,174.57,1.01,31.03,0
21.35,31.81,50.08,41.25,4.53,58.22,3.48,26.23,1
2.08,3.7,35.45,15.36,9.59,20.19,1.6,25.96,0
7.02,9.84,12.46,21.58,8.99,62.8,2.83,39.49,0
4.67,17.39,71.6,49.27,7.74,62.77,5.32,30.78,0
0.0,5.6,41.71,35.68,1.48,69.97,1.79,29.52,0
0.0,12.85,66.7,28.57,27.09,31.5,2.2,23.22,0
4.35,38.7,71.98,21.58,5.21,89.02,2.72,34.25,0
9.81,20.67,38.29,14.03,16.6,30.56,2.64,31.14,0
8.91,30.46,44.03,39.95,10.55,144.38,2.21,36.64,0
0.0,36.86,45.51,21.86,2.72,129.87,1.48,37.32,0
0.0,33.82,80.93,52.82,4.33,173.65,4.5,32.19,0
7.98,27.24,70.64,45.35,6.51,52.25,2.83,16.63,0
8.82,44.96,76.61,13.56,1.45,23.42,5.12,35.64,0
0.0,4.95,50.13,37.21,7.41,70.95,1.78,30.06,0
7.92,16.38,58.95,28.06,7.98,102.8,2.51,18.88,0
4.3,64.17,83.78,37.18,16.06,20.96,2.24,27.46,1
3.04,22.32,43.95,32.82,6.95,28.07,3.1,27.76,0
25.36,47.67,57.69,32.09,16.05,165.81,1.97,31.7,1
3.65,16.46,34.4,33.53,12.11,198.4,2.72,24.32,0
1.47,12.82,63.91,24.13,2.97,96.09,4.79,33.44,0
12.48,21.11,79.89,45.49,2.93,64.3,2.51,31.81,0
11.92,35.91,42.45,17.35,3.82,26.4,3.99,25.05,0
20.25,43.32,75.36,34.15,10.99,99.77,5.71,16.32,1
11.05,36.32,39.71,28.49,7.11,31.19,4.59,33.66,1
10.57,28.76,74.72,50.55,5.91,332.94,5.94,31.44,1
4.89,10.95,24.91,18.96,7.28,175.77,2.96,22.77,0
0.0,7.01,34.8,33.56,15.13,35.0,1.18,20.79,0
9.13,19.15,49.23,39.42,5.13,83.47,1.87,30.43,0
0.0,35.34,36.97,37.78,2.37,35.02,0.94,29.91,0
4.87,25.3,85.42,36.13,3.93,74.55,4.09,33.23,0
4.65,34.22,59.31,39.65,12.76,129.54,1.09,22.22,0
4.85,19.09,29.9,42.58,5.81,68.75,3.15,24.59,0
2.06,25.78,98.24,33.66,16.84,56.2,5.25,30.1,0
46.32,56.97,75.55,33.85,4.12,101.6,2.35,25.85,1
5.73,13.97,16.53,28.21,5.58,108.17,0.93,33.48,0
15.43,78.7,95.81,32.8,2.48,25.86,0.57,23.63,1
7.9,16.62,57.89,48.62,21.65,46.6,3.22,30.17,0
36.08,41.22,68.18,33.66,4.17,59.95,4.12,30.31,1
8.01,33.28,33.79,28.45,5.76,64.97,3.08,24.57,1
5.77,31.24,42.64,22.74,18.36,228.16,0.65,28.85,0
0.0,26.54,63.45,39.3,8.55,46.79,3.49,26.97,0
0.0,11.9,81.09,44.63,4.42,47.24,3.55,22.77,0
1.26,24.16,47.07,21.63,10.84,35.65,1.39,33.61,0
3.45,24.84,40.18,37.22,1.11,77.6,1.51,35.0,0
0.0,4.59,7.18,33.66,8.1,17.14,2.6,35.43,0
5.69,6.3,30.87,32.64,4.99,51.74,1.31,18.04,0
5.39,14.85,59.43,26.33,17.03,87.73,3.24,27.28,0
28.37,46.76,62.44,32.14,7.73,99.98,3.52,35.06,0
32.16,34.86,74.29,22.45,17.22,93.49,1.83,26.84,1
12.51,24.22,62.82,22.5,0.9,45.65,5.46,27.96,0
12.9,31.77,36.51,38.24,5.05,47.72,1.78,24.01,1
18.15,37.62,41.0,44.44,2.97,67.8,1.78,33.77,1
8.09,61.39,73.28,33.54,21.15,57.31,2.09,22.12,1
19.13,44.59,62.53,40.16,19.95,55.98,3.31,24.84,0
0.0,1.58,63.88,29.86,8.36,33.96,2.29,32.39,0
14.45,57.72,74.37,36.05,7.01,55.14,4.05,27.47,0
0.0,10.47,68.29,39.64,7.82,16.11,4.31,30.44,0
0.0,5.2,58.61,38.97,1.34,72.26,3.7,35.22,0
17.92,28.38,52.29,29.4,5.11,36.88,2.4,30.2,0
0.83,6.68,19.1,35.4,14.61,70.46,0.2,30.16,0
0.0,0.51,8.06,15.48,3.08,70.42,0.2,35.33,0
8.81,16.63,22.03,41.83,9.65,72.15,4.73,31.54,0
0.44,19.82,75.46,29.19,11.76,39.46,4.62,32.51,0
0.0,20.28,24.67,33.98,8.28,155.6,0.33,24.34,0
0.0,23.7,40.09,17.69,3.6,17.97,2.01,18.61,0
1.87,22.66,68.64,25.19,7.12,140.91,3.07,25.81,0
12.36,32.7,39.77,16.15,1.28,65.9,4.56,15.14,0
14.45,23.04,51.0,21.26,15.54,35.22,2.6,32.26,0
3.13,10.34,23.94,39.45,13.44,135.67,1.0,32.81,0
27.84,34.93,50.46,30.01,6.66,136.99,1.88,34.69,1
9.43,20.41,45.65,37.77,9.61,37.82,3.44,34.42,0
18.27,44.83,48.66,37.89,6.29,359.72,4.2,28.58,0
1.32,3.21,76.75,43.01,2.94,54.2,4.68,34.36,0
2.64,18.22,33.08,40.99,4.29,34.74,1.34,19.01,0
3.51,15.47,32.53,28.13,2.19,45.58,1.39,42.46,0
2.57,36.31,66.8,31.94,3.42,21.08,3.57,23.84,0
5.26,45.08,47.62,19.37,3.29,28.74,3.57,30.62,0
7.92,24.05,60.35,35.46,3.22,18.89,2.46,19.83,0
7.28,23.28,64.32,34.79,9.11,132.1,4.0,28.89,0
30.73,45.24,83.74,29.11,1.45,59.32,4.49,33.3,0
32.93,84.11,92.65,33.68,5.02,53.72,4.07,31.0,1
0.0,6.43,17.91,20.57,11.29,24.21,0.79,23.38,0
23.1,25.28,34.85,19.05,12.38,40.31,0.96,34.93,0
29.15,36.67,45.81,46.07,3.95,18.54,3.69,24.47,1
0.0,31.35,43.19,37.32,13.73,30.64,1.81,20.95,0
11.82,32.5,51.59,47.14,6.51,32.97,3.55,37.1,0
5.48,10.95,46.72,40.54,7.9,122.64,3.01,27.04,0
27.79,43.22,51.27,43.28,7.71,40.01,0.53,18.18,1
26.13,59.04,132.38,30.44,8.75,161.18,5.0,37.45,1
62.19,89.22,113.35,37.09,11.4,23.27,4.3,22.11,1
12.32,14.79,41.43,42.05,4.65,35.54,1.73,31.49,0
9.93,35.53,43.09,39.53,10.48,79.95,1.47,20.21,0
0.42,31.49,53.14,41.41,10.92,53.55,5.01,20.74,0
1.75,12.79,25.64,20.58,5.77,47.19,1.54,26.27,0
10.51,24.13,46.1,37.74,22.24,68.61,2.13,35.41,0
1.52,16.02,38.68,19.86,5.86,46.43,2.99,23.93,0
5.43,67.71,139.04,46.0,24.08,13.1,5.46,18.39,0
0.0,22.86,73.23,41.33,6.77,12.62,2.93,22.93,0
6.02,22.33,84.54,29.4,28.09,286.91,4.49,32.75,1
0.0,18.06,39.76,32.27,1.45,178.68,3.22,37.95,0
17.64,19.76,31.38,27.47,7.45,110.01,2.46,33.23,0
6.5,33.16,85.46,36.3,17.52,78.7,3.39,16.88,0
1.15,46.0,63.1,31.52,8.65,60.22,3.57,27.62,0
3.89,47.04,53.24,24.19,14.62,93.85,3.27,16.68,0
1.57,9.64,47.18,24.75,4.65,35.34,1.97,25.57,0
0.21,22.89,88.87,41.73,10.82,47.53,3.85,30.28,0
2.25,5.22,70.32,24.64,12.28,127.73,3.84,35.35,0
2.29,31.51,64.18,30.38,1.72,118.31,2.05,23.44,0
3.21,9.21,44.66,34.7,11.31,66.31,1.17,28.88,0
0.0,34.67,93.56,40.17,7.02,43.0,2.9,32.13,1
19.06,42.3,49.34,26.08,3.96,153.29,2.14,24.32,0
19.44,21.49,92.72,44.08,5.42,35.57,4.12,25.26,1
4.75,37.34,59.3,39.28,4.39,78.05,2.05,28.48,0
34.37,35.54,62.44,41.86,6.11,263.35,3.76,17.17,1
2.66,9.74,41.18,30.13,3.66,81.03,0.69,29.31,0
5.8,9.32,35.99,41.57,5.5,60.28,0.2,18.24,0
9.76,77.54,128.99,41.79,9.33,25.48,5.02,31.49,1
5.56,28.2,157.79,38.31,6.47,87.9,7.82,34.11,1
1.17,18.16,38.78,20.92,0.69,29.47,1.94,17.2,0
5.19,16.72,82.86,39.24,8.76,19.66,3.1,27.73,0
0.0,80.64,115.91,33.39,8.74,48.7,3.67,23.98,0
0.23,15.0,20.86,36.69,10.58,45.86,0.8,27.25,0
15.44,93.38,134.98,54.79,1.58,38.22,5.52,26.99,1
1.02,17.37,61.44,48.21,8.96,61.78,4.51,26.52,0
3.58,44.22,64.83,39.94,5.54,70.76,1.64,21.13,0
3.19,48.57,55.55,19.19,11.86,91.57,4.35,33.33,0
7.08,15.45,37.33,30.14,13.14,101.1,3.57,22.76,0
17.5,40.26,83.47,37.16,7.54,148.68,2.95,23.87,0
6.17,44.43,104.95,45.76,24.56,49.05,5.06,29.71,1
0.0,1.49,26.59,28.35,16.09,85.07,0.28,35.76,0
1.37,32.74,141.3,56.83,3.0,15.2,7.66,29.49,1
8.45,35.87,50.61,30.63,4.06,69.28,1.68,25.73,0
2.5,28.36,60.73,36.24,5.93,51.33,3.31,25.43,0
2.72,10.16,46.67,34.12,7.03,21.0,1.63,31.64,0
2.89,4.04,26.64,30.0,2.02,43.94,3.3,29.34,0
20.19,31.08,38.16,31.26,3.84,48.14,1.15,24.69,0
0.0,11.06,22.22,25.41,8.48,83.97,1.13,22.7,0
13.45,40.71,143.61,48.45,4.03,59.44,4.91,29.75,0
1.24,10.01,13.27,21.78,4.55,49.92,1.79,21.01,0
6.47,35.76,61.19,28.79,5.92,30.77,3.7,37.46,0
10.97,12.34,86.51,31.62,2.71,136.06,3.42,30.8,0
4.4,36.2,51.59,32.44,8.84,390.65,1.95,29.19,0
16.35,26.5,42.86,26.1,8.49,56.9,3.15,21.16,1
27.57,48.5,55.42,19.22,3.63,57.11,2.53,29.72,1
32.17,37.4,43.6,44.93,8.46,85.69,1.72,28.57,1
9.19,34.65,38.64,27.22,5.9,22.36,1.87,34.29,0
1.52,19.42,35.71,25.12,7.17,27.9,2.25,18.58,0
0.0,23.77,65.17,29.39,16.9,88.89,1.33,31.84,0
0.0,58.95,99.44,34.77,9.99,114.38,2.97,22.43,0
24.47,34.74,66.99,29.82,4.03,55.61,2.74,27.53,0
8.65,13.73,34.72,25.46,23.41,70.92,1.45,26.17,0
3.99,24.24,90.71,46.77,4.16,44.61,2.73,16.27,1
0.0,8.87,51.96,30.56,5.89,88.94,4.48,23.42,0
2.68,17.11,28.39,39.07,16.7,43.71,2.53,31.52,0
23.7,38.95,57.69,43.42,8.06,49.78,2.5,29.64,1
6.44,77.74,94.65,21.73,11.67,483.66,4.88,21.34,1
3.44,15.53,69.39,40.61,2.17,70.69,4.02,28.45,0
1.15,36.85,60.72,25.92,12.71,44.49,2.41,19.78,0
2.73,4.23,57.53,44.51,13.72,98.43,4.91,36.0,0
1.73,13.03,42.91,27.43,8.29,23.43,2.88,23.82,0
13.23,29.3,58.5,30.11,8.24,23.38,0.84,29.82,0
0.13,12.65,35.38,30.28,7.04,31.28,2.53,22.41,0
0.0,15.22,46.13,37.76,8.19,215.97,2.11,27.8,0
0.64,7.83,36.5,18.93,3.29,47.03,0.85,19.32,0
1.93,35.97,133.01,48.18,8.5,72.3,3.42,33.0,1
5.4,13.61,15.24,38.47,3.74,47.68,1.09,26.75,0
8.6,14.41,20.56,30.14,8.12,134.04,1.92,24.22,0
22.35,42.02,93.53,40.63,18.03,40.17,3.57,29.76,1
15.28,39.35,73.46,28.38,11.69,29.22,3.73,33.2,0
2.9,18.7,28.24,30.83,8.38,84.47,3.52,27.58,0
2.95,8.12,78.33,43.08,21.33,36.07,3.15,28.1,0
14.42,51.87,71.7,37.87,1.04,49.37,3.18,40.76,0
1.88,19.28,39.48,33.01,8.94,56.52,3.16,27.23,0
10.64,25.6,63.7,41.3,12.51,69.24,4.14,37.61,0
0.0,16.3,153.65,51.21,6.15,67.0,5.6,26.16,0
9.08,60.24,87.89,33.11,5.81,14.45,3.3,20.29,1
7.61,13.76,22.87,31.59,15.16,23.82,0.37,18.19,0
1.95,36.24,62.44,27.44,1.48,29.48,3.31,22.99,1
0.0,4.65,39.83,33.36,3.78,87.98,3.85,23.81,0
0.0,24.4,43.66,25.47,24.93,98.91,3.39,27.46,0
6.9,11.88,25.97,51.62,9.58,60.35,4.41,25.87,0
8.5,50.35,91.98,52.35,4.38,20.93,4.57,24.5,1
0.0,24.24,36.1,38.95,6.72,89.14,3.89,27.61,0
0.0,1.75,87.81,42.29,6.94,145.23,4.11,21.3,0
0.0,26.19,76.49,37.34,4.36,102.99,3.28,22.81,0
0.84,18.17,118.8,29.56,3.63,126.71,2.66,35.89,0
6.95,9.69,22.22,32.28,5.15,25.65,3.64,24.64,0
17.15,76.21,128.94,36.89,6.67,46.74,6.12,22.71,1
17.43,34.64,72.18,32.06,12.25,217.67,2.28,35.96,0
11.99,31.52,39.58,21.16,25.37,33.91,2.15,24.8,0
16.64,30.94,84.28,18.85,15.15,64.3,1.4,34.35,1
0.11,20.75,35.37,22.87,7.28,18.45,1.28,41.37,0
11.64,18.05,42.28,32.48,4.87,35.83,1.49,20.12,0
13.43,18.58,48.59,9.06,9.52,23.52,2.0,27.34,0
0.0,17.91,31.0,30.2,3.87,27.54,4.08,21.34,0
22.61,25.61,50.34,49.98,8.2,79.32,2.57,27.4,0
14.12,25.96,54.83,29.48,6.72,102.91,4.31,30.52,1
1.37,7.16,9.65,33.95,12.36,125.59,2.09,21.77,0
0.0,8.19,42.54,24.67,10.59,44.01,1.27,24.43,0
6.71,46.47,142.93,72.6,4.54,52.78,4.85,34.54,1
2.88,24.42,88.93,42.23,3.69,51.85,2.69,33.07,0
0.0,44.09,103.65,40.79,11.34,166.49,4.51,35.45,0
5.24,14.5,23.36,20.39,6.27,156.61,0.2,18.43,0
1.98,31.65,59.9,32.57,8.56,91.39,4.6,33.74,1
14.24,49.82,59.43,32.75,5.8,64.25,2.96,25.44,1
0.0,3.12,10.18,23.75,11.8,62.17,1.89,36.15,0
15.83,25.06,33.13,17.14,10.49,66.01,3.17,30.76,0
4.65,31.75,75.94,29.7,11.8,25.93,4.79,35.64,0
11.78,22.93,76.23,44.79,0.96,65.17,4.05,29.65,0
24.48,30.5,62.77,27.83,16.18,16.84,4.38,28.22,0
8.78,82.13,130.49,61.55,2.24,53.49,4.52,27.07,1
15.56,17.54,24.69,44.22,6.34,47.99,3.45,30.05,0
0.0,7.25,18.91,18.13,8.4,34.03,0.59,22.35,0
0.0,11.23,46.99,22.54,10.96,50.73,3.57,26.58,0
2.78,17.86,63.1,15.45,10.53,219.88,3.6,29.5,0
1.11,15.23,50.65,55.95,10.84,33.12,4.68,29.84,0
9.7,21.56,26.46,28.17,11.98,74.9,0.2,30.39,0
9.68,20.06,78.43,35.09,9.06,97.3,4.75,30.92,0
19.57,29.34,41.32,31.04,18.85,13.85,2.92,34.45,0
4.6,27.15,33.97,35.09,10.72,108.22,2.45,28.33,0
0.0,14.14,50.93,17.31,11.03,35.91,2.16,31.99,0
19.78,23.6,99.6,46.13,7.38,30.88,4.07,25.28,1
18.85,32.51,81.08,49.31,2.67,78.83,6.57,38.08,0
2.86,22.0,50.0,35.29,22.53,80.96,2.71,24.36,0
19.4,108.17,121.55,46.53,16.52,146.5,5.36,28.54,1
3.31,14.27,80.26,28.39,5.33,28.83,4.35,32.64,0
0.0,28.74,31.59,42.3,4.87,27.45,1.8,24.07,0
15.15,48.89,102.92,45.34,3.3,41.23,5.61,31.31,1
1.19,12.75,38.24,23.34,5.43,111.16,1.54,26.98,0
17.2,52.92,62.91,39.01,19.5,48.69,4.55,24.37,1
0.0,29.34,67.18,46.18,1.47,9.3,2.63,20.98,0
38.71,70.38,89.11,26.49,12.12,50.44,3.19,26.57,1
2.73,10.67,25.71,40.61,15.42,48.42,3.27,31.7,0
2.14,73.49,86.88,38.92,10.99,31.45,4.15,25.28,1
13.99,42.76,86.26,41.66,17.09,87.69,4.49,26.05,0
8.76,14.62,26.58,21.12,10.21,72.14,0.89,32.28,0
2.8,14.43,118.37,25.08,15.1,72.28,6.28,27.12,0
1.96,22.6,64.48,38.62,4.8,40.46,1.46,35.92,0
28.88,49.92,70.37,26.18,2.2,36.23,4.45,22.76,1
4.17,32.65,48.06,17.9,9.78,25.65,3.21,27.43,0
4.46,29.43,56.66,24.48,10.34,78.69,2.21,26.32,0
0.0,8.7,49.82,40.93,7.66,126.08,3.38,22.02,0
23.36,63.04,91.39,49.88,10.18,86.53,4.86,29.29,1
0.08,41.83,100.87,54.04,13.5,46.89,4.28,21.04,0
0.0,26.38,54.54,44.93,12.84,54.53,2.6,28.16,0
15.96,48.41,99.19,33.63,11.31,47.76,4.77,30.0,0
7.73,19.86,65.88,25.78,8.51,77.95,5.1,26.25,0
5.09,14.43,34.19,36.54,6.68,68.05,1.76,32.53,0
5.57,17.16,43.93,36.41,3.15,94.66,3.68,23.41,0
5.25,52.84,103.0,49.17,10.26,134.0,5.14,23.9,1
0.75,13.41,18.86,34.68,5.24,53.0,4.39,26.96,0
4.01,22.37,61.78,35.34,7.57,36.67,4.78,28.17,0
3.01,13.07,45.36,41.99,7.46,11.02,4.18,19.07,0
21.02,24.63,28.36,30.79,5.75,107.37,4.22,28.38,1
30.41,38.61,41.98,43.18,3.23,28.27,3.21,16.22,1
5.84,19.72,39.83,24.47,13.01,54.55,2.29,22.18,0
1.87,24.74,45.0,17.82,3.04,51.25,3.57,39.81,0
24.39,55.29,78.84,36.0,5.21,8.1,2.86,29.64,1
7.63,11.15,43.72,30.69,20.68,123.39,4.32,29.48,0
4.22,25.78,29.69,25.98,10.16,132.45,0.91,34.73,0
8.91,13.46,51.53,22.39,13.29,68.93,1.47,28.03,0
9.93,16.34,71.92,34.55,7.12,23.72,2.69,28.57,0
1.5,29.15,56.5,25.27,20.31,55.18,1.9,26.73,0
1.28,7.3,34.65,22.41,10.94,88.86,1.54,38.25,0
0.3,15.2,44.47,24.82,13.15,39.66,0.37,32.45,0
4.33,13.55,81.7,20.93,1.23,207.84,2.61,27.29,0
2.66,30.61,57.96,32.12,1.88,63.1,2.77,30.41,0
19.93,43.24,67.93,40.26,14.14,170.33,3.77,36.12,1
35.09,56.59,76.26,27.42,6.07,30.67,3.25,33.27,1
7.39,14.26,25.96,40.33,12.44,139.89,2.73,28.94,0
19.95,38.14,55.38,26.35,7.14,99.06,3.23,31.76,0
0.15,24.62,45.54,31.9,24.94,37.21,1.17,32.89,0
2.92,15.53,49.95,26.36,11.13,64.21,3.79,27.25,0
4.4,11.03,41.23,19.32,8.7,101.93,1.81,26.91,0
1.42,16.75,25.12,24.37,7.09,24.83,0.2,25.28,0
4.67,19.91,30.26,23.39,0.34,13.91,1.34,31.06,0
27.97,72.0,92.91,38.8,13.4,21.27,4.25,33.62,1
4.83,22.26,53.92,36.32,3.82,44.05,4.8,23.36,0
9.6,21.9,41.64,49.4,3.21,50.71,4.43,32.71,0
2.15,17.15,88.27,42.06,11.93,44.69,1.91,33.09,0
7.14,16.85,23.92,30.07,7.74,23.31,0.93,37.32,0
8.41,16.75,33.88,28.38,29.47,131.56,2.76,24.15,0
13.08,25.29,31.67,17.21,12.92,103.24,2.41,33.26,0
1.63,15.02,34.05,33.39,21.81,92.97,2.59,28.73,0
3.18,14.65,50.8,26.96,9.51,53.84,3.19,21.17,0
14.6,23.11,70.72,36.46,16.51,179.61,1.54,27.74,1
2.09,49.86,51.97,29.83,4.5,83.43,2.67,29.89,1
0.0,9.17,20.55,5.0,2.75,23.3,1.54,35.07,0
1.44,39.8,140.54,44.79,20.21,107.29,4.16,36.46,0
14.09,26.7,41.2,28.11,5.88,34.89,2.43,33.14,0
16.46,24.26,41.63,37.55,31.71,16.7,2.73,27.02,1
11.44,21.84,72.68,44.43,11.06,204.34,3.6,24.34,0
19.35,22.56,49.87,37.53,19.18,44.58,5.12,28.6,0
25.96,45.07,53.85,29.52,1.5,25.24,3.27,30.72,1
12.15,43.94,54.36,37.86,11.09,74.6,2.71,25.75,0
3.75,24.97,41.03,27.64,20.09,83.63,1.4,24.58,0
0.0,16.89,34.86,31.63,1.34,42.61,3.84,28.16,0
0.0,77.72,114.26,54.03,2.86,17.52,5.1,33.3,1
0.37,7.56,24.11,31.32,5.2,35.15,1.48,39.78,0
17.12,52.43,92.11,58.46,5.29,93.66,2.76,28.14,1
0.63,23.14,29.38,38.57,18.35,141.55,3.45,21.72,0
0.59,4.39,21.8,20.63,7.01,465.16,2.56,21.22,0
1.01,9.75,47.08,29.52,6.11,14.74,1.88,32.81,0
4.64,11.76,56.47,30.55,6.33,62.07,2.23,31.32,0
7.4,34.13,84.1,36.08,11.69,39.6,3.93,19.74,0
7.37,24.8,46.54,35.2,6.07,63.93,4.13,25.86,0
1.14,14.65,31.43,20.28,7.44,17.77,2.58,25.58,0
16.0,26.56,33.52,26.92,14.57,87.08,1.34,27.29,0
4.08,5.61,75.03,32.49,5.82,49.86,5.11,28.72,0
13.73,39.35,52.0,31.42,2.61,85.6,3.13,30.9,0
5.12,64.18,130.54,60.32,17.47,7.06,4.58,27.61,1
0.99,39.61,52.03,28.45,4.35,94.65,2.57,19.75,0
2.31,18.63,41.99,21.59,12.54,17.32,2.71,26.54,0
0.18,37.02,74.01,47.33,5.87,68.87,5.08,28.07,0
0.0,24.19,33.47,33.52,16.39,271.61,2.26,37.43,0
6.09,55.22,134.35,60.89,8.44,17.18,3.84,25.53,1
0.0,2.74,43.2,24.78,19.05,51.08,1.83,28.79,0
0.0,14.59,36.76,30.99,24.56,49.52,4.83,29.49,0
13.0,65.58,79.76,39.49,1.66,60.16,5.94,26.68,1
20.6,25.4,53.85,39.3,9.69,20.46,3.83,42.38,1
0.61,16.96,64.09,45.71,4.92,49.0,1.04,17.39,0
77.74,90.43,104.04,35.8,14.91,84.3,6.63,26.53,1
12.58,20.3,61.11,32.23,15.39,80.18,2.24,28.51,0
6.01,55.8,142.99,36.27,10.95,29.19,6.26,27.95,0
0.0,7.75,19.96,24.43,18.79,20.94,2.05,22.36,0
9.41,22.16,45.13,64.86,8.88,66.2,4.14,19.36,1
0.0,13.02,74.15,32.27,8.93,69.06,3.97,32.03,0
0.0,11.11,34.03,26.66,13.74,138.84,2.59,29.49,0
10.63,21.65,95.49,51.4,15.74,106.92,4.14,22.89,0
34.5,40.4,57.41,41.67,3.86,213.96,2.01,27.89,1
6.41,16.43,64.12,29.06,17.99,44.74,2.13,28.98,0
15.81,64.0,71.53,39.53,2.29,50.96,3.55,32.56,1
33.92,51.16,90.23,54.35,9.64,50.02,3.73,25.8,1
0.0,14.82,45.51,50.19,4.94,30.07,3.04,20.9,0
10.83,43.05,54.15,41.6,10.19,129.67,4.22,28.84,0
21.29,32.55,63.21,27.31,5.02,122.03,3.91,20.5,0
18.13,20.57,50.39,32.79,12.38,53.15,3.35,29.38,0
19.78,48.96,93.92,37.63,17.56,145.75,4.46,29.03,1
1.65,7.19,39.15,46.07,5.29,41.23,3.12,27.98,0
7.75,18.19,34.17,21.94,3.45,33.01,3.54,29.81,0
21.53,24.76,41.45,22.03,5.56,184.98,2.7,29.38,0
10.37,17.2,80.11,27.18,4.28,91.14,2.6,20.66,1
0.0,6.82,19.12,15.08,14.52,133.98,4.68,33.41,0
0.0,19.13,60.87,34.51,4.48,69.07,2.67,29.8,0
18.69,21.25,32.68,24.55,6.68,68.25,0.43,31.03,1
11.16,43.7,50.97,18.15,4.55,114.25,2.65,30.64,0
13.75,25.01,29.99,22.25,4.78,46.31,0.87,23.18,0
8.91,21.21,33.77,31.96,4.49,78.55,1.01,27.61,0
13.83,28.31,46.72,36.52,4.18,254.62,3.11,35.23,0
13.69,17.25,52.4,24.84,10.24,81.71,3.27,28.92,0
0.0,24.82,57.41,22.23,5.5,17.51,1.85,28.94,0
0.66,24.59,46.31,42.96,5.77,51.45,2.7,26.36,0
8.87,32.65,46.03,26.58,13.85,46.3,4.09,28.69,0
7.71,12.46,22.98,45.56,0.71,52.84,0.5,29.03,0
0.0,5.17,12.27,28.39,3.24,46.61,2.02,27.52,0
26.07,42.3,63.17,17.01,7.26,90.65,2.24,21.26,1
13.29,22.68,38.3,23.87,4.13,30.12,2.73,22.61,0
0.0,12.62,75.59,36.19,12.92,57.51,3.1,31.53,0
6.5,16.88,59.34,40.35,15.72,68.45,1.85,25.33,0
0.0,45.96,118.01,32.67,17.55,414.35,5.32,16.18,0
8.56,32.66,38.47,29.29,3.97,72.81,4.91,28.82,0
4.81,11.34,38.26,22.96,8.34,26.44,3.17,24.42,0
2.58,15.59,80.34,43.73,14.17,23.31,3.77,26.73,0
16.56,22.19,72.24,24.4,0.96,114.17,4.17,27.15,0
16.25,26.11,45.26,31.9,7.18,217.26,2.67,35.32,0
1.26,12.63,29.87,25.53,13.73,20.71,4.15,34.53,0
18.21,26.44,72.84,37.93,6.08,94.76,3.68,26.77,0
1.49,16.84,34.88,26.94,5.34,27.35,4.46,20.49,0
0.0,21.26,64.37,24.29,23.77,56.63,4.09,35.22,0
0.0,11.33,77.23,34.07,1.98,158.43,4.17,20.96,0
1.85,7.2,100.14,28.35,17.55,54.22,4.38,30.5,0
2.34,15.22,93.79,29.57,10.62,41.21,4.36,28.56,0
6.79,20.78,87.91,37.14,2.35,515.12,2.51,43.0,0
0.65,58.07,90.54,21.72,7.78,257.24,3.72,27.63,1
17.89,39.57,56.09,41.17,19.31,59.46,5.13,34.07,0
0.0,2.26,34.61,32.19,6.84,68.48,1.88,22.38,0
1.4,16.29,29.35,46.22,4.54,44.82,2.4,29.48,0
0.0,31.48,42.26,49.92,9.18,85.65,3.81,24.22,0
4.56,25.0,87.27,27.95,6.16,21.36,2.01,31.21,1
0.0,15.66,49.77,38.51,5.27,110.92,1.78,26.02,0
2.76,9.95,27.59,30.18,8.27,11.29,3.99,29.81,0
1.24,21.85,40.65,40.44,1.43,121.19,2.51,29.7,0
2.8,12.87,79.93,33.9,10.49,76.47,5.5,27.41,0
3.49,25.41,56.8,30.47,5.73,23.38,3.95,33.51,0
30.82,59.29,77.71,35.68,12.25,155.91,3.16,25.69,1
9.14,44.34,59.08,35.6,7.0,39.63,4.46,25.67,0
9.0,37.71,63.63,33.54,14.21,143.91,2.89,31.3,0
1.15,18.83,92.76,43.98,1.8,13.61,2.88,30.95,1
15.69,20.01,30.5,23.94,3.18,23.73,4.06,30.52,1
17.84,23.86,79.96,23.15,2.72,30.04,1.5,31.18,1
11.48,24.84,137.43,41.99,8.35,56.97,4.77,22.93,0
10.27,35.95,71.43,31.04,16.2,72.49,1.92,26.09,0
0.0,15.58,18.64,47.41,16.85,73.28,2.39,22.93,0
8.63,28.83,41.92,30.8,0.76,19.03,3.06,22.28,0
24.32,57.1,65.79,42.05,6.45,29.63,4.29,41.66,1
9.17,30.65,67.96,33.81,2.81,35.42,5.6,27.21,0
13.48,23.97,38.45,20.0,1.47,16.55,3.32,19.9,0
2.83,53.93,64.65,25.63,20.14,49.15,3.1,23.99,0
0.81,26.11,153.03,51.85,11.03,23.21,5.52,22.18,1
0.0,27.27,48.64,39.83,7.27,40.22,2.01,24.38,1
20.62,40.07,63.34,40.64,9.58,55.39,3.61,19.81,1
4.17,46.96,86.73,40.89,3.11,71.29,3.41,33.01,1
18.02,68.85,124.04,49.63,3.02,46.14,7.19,33.07,0
2.1,27.15,41.03,35.45,14.88,53.35,3.07,34.14,0
19.28,55.73,103.26,44.47,15.71,58.96,3.57,30.8,0
5.76,18.72,122.67,48.96,16.68,70.34,4.95,34.93,0
2.77,37.41,76.48,39.43,7.81,4.46,4.93,32.94,1
2.82,32.95,80.83,33.09,7.57,36.66,4.05,20.05,0
15.07,19.89,72.95,36.64,9.14,99.24,3.38,24.83,0
9.14,37.3,49.17,51.9,1.68,15.28,2.98,27.39,1
15.17,16.75,20.07,32.04,15.44,137.3,2.84,29.93,0
23.99,29.28,60.47,44.96,13.25,65.19,3.44,31.55,1
3.64,35.54,42.86,27.43,15.7,72.11,2.01,16.11,0
11.72,14.91,76.0,35.58,22.54,93.31,3.85,26.28,0
4.61,10.35,50.98,24.11,16.54,83.85,2.97,27.36,0
2.35,32.2,44.05,26.12,11.11,120.49,2.88,26.98,0
9.31,26.39,36.43,36.6,37.01,99.61,3.73,34.05,0
0.0,6.91,28.45,19.22,3.57,35.06,0.8,17.58,0
16.91,29.69,68.96,52.16,10.95,39.0,3.34,30.73,0
8.02,28.96,38.32,32.54,7.76,156.44,2.46,25.98,0
1.0,12.84,55.01,49.25,11.49,107.31,2.61,36.25,0
8.27,77.04,147.35,59.65,0.69,133.76,4.87,18.73,1
0.0,41.28,71.71,38.22,7.27,37.9,3.74,40.1,0
0.0,4.96,38.18,22.94,5.96,33.68,2.76,29.86,0
0.0,34.75,79.42,33.78,2.03,81.25,3.19,36.62,0
0.0,16.67,31.72,29.84,10.65,72.42,4.04,30.13,1
3.83,42.19,52.32,32.18,2.36,115.45,2.68,34.92,0
8.22,38.97,68.9,37.88,30.93,103.58,1.76,31.12,0
56.64,61.7,96.61,57.73,3.94,51.04,5.3,23.19,1
19.67,35.83,36.91,26.25,4.34,281.05,1.38,35.35,1
0.0,9.75,34.59,21.67,2.27,76.76,4.38,34.71,0
31.57,47.45,66.52,39.86,11.99,77.44,2.57,26.18,1
1.06,13.0,31.55,32.88,7.26,9.05,1.36,37.94,0
10.72,44.26,61.45,25.87,7.39,45.65,4.28,32.14,1
4.04,16.24,45.42,41.98,3.46,13.8,2.59,31.34,0
33.44,81.11,91.56,23.87,11.96,14.99,3.74,30.82,1
18.01,37.58,51.04,42.34,20.05,82.03,1.95,27.51,0
29.15,40.24,89.08,49.73,3.86,66.61,3.97,39.18,1
11.44,27.83,28.95,48.24,9.5,113.82,2.41,33.9,0
2.08,13.54,45.42,29.23,3.09,138.11,1.75,23.44,0
13.46,20.01,37.03,31.85,6.05,71.42,3.98,20.45,0
24.01,33.12,89.54,40.72,10.68,115.12,2.99,17.34,0
0.4,19.84,68.81,30.54,5.49,59.63,2.83,24.71,0
9.8,26.49,95.87,42.05,12.72,184.92,3.35,27.3,0
15.98,37.3,81.73,41.46,2.73,69.67,3.24,29.27,1
1.6,16.89,50.27,36.26,7.8,126.46,1.51,27.04,0
2.86,14.1,19.06,35.95,9.81,109.03,2.61,19.7,0
4.68,11.32,31.94,36.44,1.25,54.4,4.05,33.35,0
9.92,21.64,74.59,36.21,3.65,104.52,4.36,21.56,1
5.77,27.32,79.03,23.94,3.57,58.44,4.53,18.17,0
6.69,13.47,72.9,51.0,9.96,126.18,4.2,26.88,0
36.74,45.8,75.22,26.5,1.78,64.18,2.36,25.89,1
5.43,24.75,42.1,34.67,9.74,26.58,1.31,25.57,0
27.18,46.24,48.33,19.7,4.83,65.24,1.71,31.42,1
51.88,58.5,100.97,36.78,9.59,67.12,4.77,36.93,1
18.52,40.95,91.64,41.01,4.71,96.65,5.27,23.28,1
2.44,22.05,31.96,32.45,12.57,74.92,1.35,31.66,0
17.68,76.89,92.13,29.97,11.1,73.66,4.11,19.44,1
2.24,8.49,25.69,43.24,9.13,353.89,3.55,24.01,0
15.0,66.58,67.59,31.62,4.38,65.47,4.8,30.66,1
6.98,26.27,46.46,42.35,6.71,7.75,4.26,28.13,0
24.92,27.78,59.49,30.57,2.45,45.62,2.97,12.82,0
2.16,14.53,26.54,26.43,5.98,61.46,4.82,30.0,0
5.35,17.28,27.38,48.48,6.72,97.51,4.84,28.4,0
1.88,36.09,60.18,35.98,8.19,78.5,2.85,21.35,0
0.0,9.1,49.73,16.27,13.29,67.77,3.57,24.96,0
9.45,13.8,23.54,29.6,4.63,69.8,2.35,30.01,0
5.39,27.25,144.26,47.43,10.76,29.8,5.52,25.54,1
0.0,18.55,91.97,35.7,2.3,33.66,2.08,25.25,0
25.75,53.2,84.26,27.16,9.94,205.73,6.99,30.05,1
6.49,47.85,126.03,39.01,12.84,49.29,3.99,26.61,1
1.73,40.18,61.89,50.19,6.58,85.26,2.73,22.19,0
15.22,85.28,129.22,40.24,6.05,97.62,4.66,32.24,1
20.23,71.38,91.35,42.04,12.08,69.58,5.65,25.48,1
0.0,25.3,69.01,30.81,10.71,67.86,3.19,22.73,0
0.0,16.66,31.22,19.3,13.85,59.35,0.2,33.96,0
2.87,21.22,67.38,30.84,1.75,17.15,2.34,31.16,0
10.25,42.85,86.27,46.12,5.32,114.63,5.7,26.35,0
30.15,40.03,113.73,52.73,26.0,50.85,4.8,27.73,1
38.96,51.36,92.01,35.75,5.46,62.85,3.45,24.1,1
7.48,33.28,63.28,31.0,8.77,54.69,4.32,31.9,0
23.94,28.14,47.37,52.96,11.17,177.55,4.44,29.25,1
22.33,31.8,42.22,36.26,5.38,29.54,3.19,17.47,1
5.4,12.4,24.02,38.31,5.92,47.19,2.86,28.31,0
2.73,44.89,75.45,42.99,12.97,75.52,6.24,27.49,0
11.15,16.42,37.02,44.54,12.08,127.7,2.19,31.11,0
7.75,19.02,41.38,31.2,1.69,49.35,0.84,25.77,0
1.45,10.5,16.88,30.12,3.13,48.66,1.38,28.19,0
5.42,18.0,33.07,27.44,4.96,101.4,2.04,22.26,0
3.35,27.15,57.38,23.3,8.11,82.1,3.79,30.07,0
6.23,27.87,57.82,30.68,2.78,110.96,2.55,27.57,0
20.19,39.31,55.37,15.27,2.39,36.64,0.74,38.23,0
3.3,28.68,49.79,25.39,6.11,54.88,3.08,26.29,1
8.83,30.01,40.39,35.26,2.36,56.12,2.1,36.23,0
5.25,5.9,25.85,41.08,4.44,204.16,1.92,19.82,0
5.16,31.51,39.95,20.99,3.57,199.13,1.35,28.76,0
3.99,22.94,76.11,44.19,14.84,48.5,2.79,28.09,0
11.54,55.65,61.88,32.67,4.55,15.17,2.91,22.35,1
0.0,6.42,12.39,25.79,9.39,14.09,0.85,31.39,0
11.76,28.16,61.1,43.84,1.73,55.46,4.71,35.06,0
8.1,29.33,76.0,42.04,3.53,38.17,2.51,31.0,1
7.41,60.03,121.71,33.05,2.84,177.22,4.94,19.38,0
0.0,4.36,29.14,27.59,10.49,151.1,2.5,32.2,0
19.53,37.93,57.3,30.67,7.34,239.78,3.41,35.88,0
3.77,22.98,55.45,41.15,5.53,84.48,4.06,29.86,0
3.37,10.19,23.83,38.02,2.27,9.92,3.24,35.75,0
0.48,13.11,47.02,38.34,2.5,43.19,2.6,21.72,0
0.99,13.86,59.09,33.55,8.96,23.88,3.54,26.08,0
0.0,7.95,47.98,24.16,14.31,109.87,1.09,27.25,0
6.59,26.11,47.0,26.87,6.54,29.99,4.94,24.34,0
2.12,23.45,25.86,28.95,9.35,84.51,1.61,26.92,0
16.42,35.9,61.58,37.58,4.18,45.83,1.64,19.51,0
9.43,13.13,31.67,27.7,14.53,39.44,1.64,29.34,0
7.77,17.31,45.77,44.02,12.63,296.12,3.32,25.27,0
2.71,59.59,89.39,46.94,6.76,68.63,5.41,30.5,0
4.35,13.25,41.97,47.73,4.65,44.74,3.24,27.14,0
29.23,33.48,61.58,24.34,2.12,42.87,3.15,36.72,1
2.63,15.29,20.99,35.9,10.41,69.18,3.34,26.73,0
4.03,5.28,63.65,45.88,3.54,148.0,3.22,33.79,0
0.02,80.7,87.37,31.16,3.13,287.27,3.69,34.8,1
3.46,6.82,24.81,31.94,9.61,45.27,2.96,30.27,0
6.11,13.09,58.69,34.82,6.35,37.97,4.33,24.32,0
0.07,8.4,64.34,33.98,14.44,113.2,3.85,23.43,0
0.0,21.16,56.86,24.79,8.68,75.22,1.35,30.22,0
4.17,6.81,31.69,26.8,19.37,28.6,4.11,25.86,0
25.61,124.31,144.2,42.12,4.6,17.54,5.66,32.25,1
5.65,21.51,55.07,42.27,7.71,23.61,0.66,33.94,0
8.42,10.46,25.75,42.55,2.16,43.07,1.8,19.88,0
3.12,60.99,90.41,31.27,3.81,174.16,5.26,25.38,0
10.42,31.42,37.11,38.13,2.78,19.43,1.29,27.81,0
13.99,26.08,59.69,35.78,10.6,72.1,3.24,27.55,0
21.22,23.24,26.26,32.41,7.49,78.82,4.68,24.37,0
27.68,44.62,110.79,39.37,5.31,132.23,5.4,24.07,1
9.13,20.89,32.35,23.68,13.28,25.61,0.75,19.29,0
21.83,25.07,90.24,52.78,4.28,36.4,3.92,22.88,1
16.52,34.35,47.62,28.37,17.79,85.91,1.78,31.4,0
10.72,21.69,41.28,39.25,9.0,120.43,3.49,28.4,0
5.46,16.03,69.26,42.87,10.68,64.0,4.62,31.85,1
0.0,35.89,47.0,31.36,3.48,73.1,1.96,34.37,0
43.61,86.93,88.46,44.82,4.07,103.16,2.52,31.03,1
6.73,36.07,144.41,44.68,10.75,16.31,5.93,26.32,1
2.49,28.1,48.35,36.95,4.55,40.14,3.71,27.99,0
2.51,31.1,72.48,21.15,1.62,32.87,4.14,39.16,0
13.78,20.67,52.09,28.53,4.12,63.44,3.59,19.37,0
0.0,12.57,60.68,35.43,5.13,22.11,2.79,29.84,0
25.54,53.53,86.83,25.11,6.85,40.19,0.67,34.46,1
8.98,33.48,37.77,20.87,10.89,48.62,1.59,29.25,0
1.36,7.81,32.32,16.32,9.87,64.5,2.95,24.38,0
11.78,30.63,80.44,43.16,1.38,121.61,3.82,26.59,0
15.11,20.79,40.41,19.85,3.28,362.66,2.84,27.7,0
1.17,8.45,39.79,21.71,7.16,68.77,0.47,23.88,0
11.32,40.19,58.25,29.81,6.07,26.36,2.69,29.13,0
3.19,24.65,44.31,39.45,13.49,79.42,2.56,27.41,0
3.31,23.8,34.02,5.0,17.34,56.7,2.45,34.38,0
4.02,17.51,39.36,27.17,9.96,82.67,2.26,34.17,0
0.0,20.81,55.42,43.63,6.86,66.73,2.71,26.47,0
19.6,34.66,56.47,25.98,9.25,29.52,1.33,26.03,1
3.45,12.22,33.75,33.1,13.85,89.94,2.76,30.19,0
3.22,31.65,45.04,36.94,16.95,130.82,2.91,34.29,1
22.36,23.99,35.67,16.69,4.17,76.76,1.35,30.66,1
10.0,21.88,63.3,32.18,3.3,127.13,1.82,26.03,0
0.7,43.52,84.68,32.83,15.26,66.07,6.39,22.93,0
8.4,19.44,57.1,35.6,10.34,27.98,2.06,30.72,0
10.41,19.83,74.04,41.6,1.25,76.41,4.4,27.24,0
4.39,6.59,9.65,29.18,14.52,60.39,1.32,26.92,0
34.02,44.48,66.39,40.9,25.38,69.35,1.57,27.25,1
4.08,35.93,54.97,26.09,9.14,50.97,4.14,29.44,0
5.75,55.22,73.03,34.07,7.81,51.22,3.53,31.82,0
6.1,27.59,41.38,37.88,8.21,88.68,3.0,29.24,0
14.07,23.25,49.12,37.2,7.71,129.41,2.77,39.55,1
0.32,42.5,43.22,16.82,6.47,18.36,1.91,34.11,0
16.1,57.38,67.84,38.36,18.6,84.3,3.7,28.97,0
47.34,70.4,85.05,26.31,11.29,187.25,3.94,26.02,1
0.0,5.13,56.46,23.01,5.67,112.35,1.42,26.51,0
0.57,10.75,34.72,39.79,15.61,62.49,0.53,21.06,0
0.0,12.1,15.37,34.54,17.1,61.39,1.17,16.79,0
0.47,7.49,9.63,20.14,2.5,57.75,1.44,36.78,0
0.72,25.75,102.9,42.44,9.67,199.7,5.63,29.11,0
15.2,30.02,123.63,48.81,24.5,56.77,5.72,22.36,1
21.79,32.61,66.47,27.76,3.42,31.84,5.32,29.97,1
8.32,22.93,40.18,10.96,3.94,61.58,2.23,21.59,0
19.26,23.48,51.6,35.78,0.8,31.48,0.78,33.59,1
13.81,26.87,54.37,46.9,0.87,101.83,1.7,30.31,0
1.62,44.75,146.24,42.48,15.33,30.41,4.8,29.09,0
9.69,25.78,80.74,37.37,15.46,260.47,4.26,38.4,1
0.02,8.43,34.15,39.84,8.06,119.53,1.83,25.85,0
5.75,14.8,69.3,48.66,6.35,24.8,3.28,21.21,0
7.71,12.89,19.41,31.56,11.22,61.76,2.51,27.05,0
12.1,33.52,39.16,26.78,7.41,21.89,2.05,28.77,0
30.79,41.26,87.99,40.2,5.55,46.69,3.44,27.26,1
0.0,46.51,83.44,35.16,9.34,180.52,4.29,25.34,0
5.52,66.24,78.36,34.15,5.14,19.31,0.75,33.95,1
25.88,26.2,92.04,44.88,3.67,24.86,4.83,33.35,1
1.25,24.75,66.17,39.13,27.74,47.29,4.01,32.89,0
0.17,13.03,20.13,31.97,12.27,60.31,2.43,30.76,0
13.5,24.65,41.85,29.14,9.56,54.85,4.15,36.44,0
11.29,44.18,45.11,45.27,2.53,23.19,4.1,23.08,1
0.0,28.36,87.49,31.76,12.16,9.59,4.91,32.61,0
1.98,59.65,91.12,23.65,5.15,136.47,3.13,30.18,1
0.0,13.33,35.79,24.94,8.34,70.68,2.41,28.74,0
0.0,68.4,80.73,41.29,18.87,22.37,3.0,29.29,0
10.35,23.93,58.14,32.46,6.31,49.43,4.49,19.64,0
10.32,34.34,40.34,22.01,3.71,43.27,1.98,27.28,1
5.57,11.33,49.38,44.61,6.83,22.24,4.19,24.47,0
0.0,6.85,77.69,19.4,24.66,34.94,2.86,25.21,0
0.0,9.21,40.21,29.91,11.6,16.05,1.82,21.53,0
9.32,23.69,35.98,29.97,22.08,41.77,3.96,18.37,0
0.0,6.26,27.02,50.27,2.88,51.51,3.72,26.62,0
0.0,40.81,42.55,40.0,2.83,11.79,4.47,34.05,0
2.39,31.44,54.56,38.37,1.63,41.45,1.77,27.1,0
5.61,15.11,38.97,51.1,1.45,50.97,1.57,32.6,0
0.0,3.45,44.81,38.4,6.14,13.25,0.98,22.39,0
9.83,83.21,117.37,51.86,7.06,160.19,5.14,28.89,1
4.69,53.31,75.78,32.7,5.15,122.87,3.19,28.68,0
0.0,6.41,26.7,41.21,4.03,134.46,2.07,30.54,0
6.4,17.84,64.36,26.51,27.47,24.25,3.67,27.42,0
0.0,23.92,101.22,35.62,3.87,150.05,3.41,26.48,0
2.85,22.32,53.09,48.25,5.92,38.4,1.29,16.17,0
3.12,12.05,117.25,43.4,4.08,164.57,2.96,29.04,0
5.71,33.44,113.69,44.85,11.13,52.23,3.47,22.8,1
6.78,32.24,45.29,48.74,16.08,31.98,3.23,41.1,0
14.24,35.82,40.5,25.51,6.03,32.42,2.88,32.52,1
5.23,40.54,56.43,34.58,4.33,154.98,4.32,40.28,0
0.0,9.34,31.29,17.07,6.53,113.76,0.98,25.69,0
0.18,22.62,30.74,37.24,13.99,22.91,1.79,28.88,1
0.0,6.11,21.54,35.84,6.46,50.89,2.58,29.56,0
39.04,60.4,123.95,47.98,8.78,22.93,4.32,22.06,1
34.12,63.22,110.26,35.68,12.7,81.42,4.25,29.78,1
0.0,0.83,30.16,34.06,4.68,27.67,2.58,25.89,0
17.11,51.19,66.68,29.01,2.66,44.56,5.03,32.02,0
9.64,88.74,137.14,34.42,10.31,48.1,5.81,32.86,1
20.41,92.44,127.39,54.35,11.77,183.22,4.39,19.04,1
0.33,4.93,54.75,35.31,18.6,19.93,4.31,34.79,0
9.7,13.96,19.27,24.75,9.49,41.98,1.49,40.7,0
1.18,51.46,68.14,41.47,4.97,102.84,4.33,24.88,0
0.0,2.67,84.29,27.24,2.75,103.78,3.94,34.43,0
6.3,49.13,76.39,45.74,10.63,30.85,2.0,24.46,1
13.71,17.52,68.81,41.57,11.2,84.15,3.57,42.94,0
12.34,17.03,36.05,17.28,15.87,135.37,2.56,29.15,0
18.41,64.45,86.37,49.81,16.67,100.91,1.08,15.29,1
0.61,24.31,47.78,54.14,4.75,35.1,3.19,36.73,0
33.9,41.5,72.29,49.55,8.38,44.06,4.94,31.91,1
6.04,40.73,96.03,52.15,5.66,23.08,4.27,35.06,1
0.0,19.51,27.99,28.69,14.87,42.42,1.51,19.41,0
17.02,31.69,55.33,17.06,12.48,48.27,2.93,32.73,0
4.86,10.05,56.67,33.04,8.26,52.11,4.09,29.36,0
1.76,7.74,12.65,25.65,2.75,72.91,3.1,18.21,0
4.92,31.5,39.71,29.38,9.28,58.9,3.07,24.75,0
0.0,5.53,6.22,21.71,3.88,44.87,1.0,18.72,0
27.94,38.54,66.39,38.6,13.92,15.4,2.1,28.68,1
11.12,19.81,50.44,27.5,30.87,53.1,3.7,27.69,0
6.05,54.97,129.1,38.29,4.05,134.06,4.33,28.66,1
3.22,14.72,20.4,26.37,10.13,105.54,0.93,29.94,0
19.34,35.48,46.27,31.46,20.61,18.53,0.72,28.97,1
29.47,31.97,108.39,37.75,11.92,47.37,2.25,29.2,1
0.0,12.64,48.21,44.75,1.26,48.26,3.96,25.49,0
6.04,12.9,33.11,34.61,16.33,73.19,2.16,21.25,0
8.93,23.0,49.09,39.47,20.38,45.21,3.59,38.71,0
19.16,29.39,73.46,45.32,1.19,217.69,5.17,21.02,1
13.11,17.52,38.47,27.3,6.35,53.53,3.74,30.86,0
9.68,20.53,63.33,51.0,3.05,13.88,0.77,21.46,0
5.23,6.12,75.38,43.88,3.53,102.02,2.26,32.57,0
0.0,9.21,96.08,45.11,3.87,82.88,4.09,23.59,0
6.68,115.0,226.93,50.71,14.79,35.52,8.41,30.82,1
3.51,27.34,63.77,26.91,21.95,55.77,3.64,35.64,0
0.0,18.96,40.64,36.33,9.14,78.43,4.89,17.37,0
29.53,36.86,73.21,27.35,16.59,24.71,3.98,23.69,1
5.9,29.9,52.54,29.11,14.83,89.06,2.42,37.63,0
12.71,19.13,33.32,31.82,5.04,45.66,1.88,27.07,1
3.82,52.38,88.81,36.15,9.12,26.38,2.78,36.42,0
0.0,36.15,59.41,41.43,6.01,65.3,3.81,25.5,0
13.78,20.12,26.63,37.9,15.59,29.61,2.02,27.86,0
31.4,41.72,58.16,24.94,8.87,168.79,0.72,24.08,1
18.88,43.26,74.86,33.24,4.34,74.08,4.29,28.93,1
10.2,21.19,39.99,28.81,4.05,107.2,2.6,36.52,0
3.6,23.47,50.39,31.07,9.57,7.2,3.25,31.65,0
7.95,52.53,60.76,37.83,13.73,59.62,1.87,39.01,1
13.3,51.21,62.28,12.12,10.16,157.98,4.62,35.24,0
3.03,12.94,47.33,32.31,2.92,23.3,1.94,38.62,0
13.1,34.5,47.85,10.65,12.13,135.28,4.01,27.02,0
4.13,5.29,24.33,33.73,7.65,34.57,2.48,31.47,0
0.03,6.76,41.11,27.36,5.91,51.16,2.18,32.56,0
4.51,27.75,63.02,36.52,11.13,30.53,5.3,31.51,0
6.66,23.38,32.34,27.84,1.81,88.5,2.55,25.42,0
17.02,27.34,88.32,47.5,1.51,72.98,4.3,30.26,1
8.61,15.4,54.48,27.23,9.4,94.11,2.51,21.02,0
0.0,11.67,83.81,35.96,11.69,22.75,1.11,27.33,0
13.29,75.37,106.67,47.41,5.73,121.15,5.59,33.07,1
3.27,22.01,79.76,56.52,5.26,26.83,3.69,27.94,1
0.0,8.64,47.96,25.92,4.8,97.01,2.35,19.18,0
13.16,17.99,59.73,44.57,7.06,140.2,2.24,28.96,1
15.52,24.17,83.61,27.3,12.97,39.27,3.01,22.84,0
7.19,14.44,34.57,23.66,12.44,67.96,1.2,23.04,0
9.15,12.68,19.37,42.75,16.16,49.44,3.54,26.28,0
6.87,16.98,25.93,30.84,5.49,9.11,0.54,31.33,0
12.69,28.75,52.73,33.65,4.4,111.79,0.56,23.22,0
4.32,7.61,99.84,37.5,3.87,43.96,2.71,18.4,0
0.08,37.12,119.89,39.12,21.14,52.71,6.2,19.82,0
0.75,10.04,96.55,35.99,6.69,133.45,2.85,18.43,0
3.31,15.58,126.08,55.9,3.69,51.53,6.21,28.91,1
4.03,26.63,83.94,29.43,8.16,66.07,0.9,24.47,0
26.87,42.26,50.88,22.77,20.14,281.21,1.91,31.24,1
5.76,10.94,22.73,20.82,1.92,106.55,1.66,21.64,0
9.15,20.1,28.3,26.39,21.65,91.83,0.89,31.26,0
4.61,6.98,107.06,24.21,8.71,55.81,4.13,14.65,0
6.88,43.49,59.88,24.99,12.76,97.45,3.02,22.86,1
9.02,16.33,40.16,34.22,4.06,132.99,1.34,26.6,0
18.96,27.73,63.93,38.42,3.15,59.75,2.0,25.76,0
18.52,27.26,42.21,43.27,15.48,24.1,2.96,32.32,0
0.0,27.27,31.4,32.29,8.63,83.74,3.98,27.23,0
0.9,5.23,18.42,33.58,3.0,115.5,3.14,32.03,0
3.26,9.28,48.61,44.05,0.84,44.46,4.21,30.8,0
17.07,33.54,54.39,30.27,9.57,48.13,3.82,19.26,0
8.0,40.61,71.61,45.82,20.45,33.25,4.59,24.47,0
4.0,20.1,52.7,38.3,3.92,114.51,2.54,35.0,0
0.0,21.38,74.33,35.12,2.78,46.27,2.82,28.99,0
13.91,29.52,47.89,39.93,1.35,44.11,4.28,30.64,1
19.83,33.77,77.08,24.35,19.81,47.25,2.97,31.71,0
0.23,27.45,68.08,35.05,8.5,99.7,2.41,29.31,0
0.0,16.95,48.39,31.67,5.8,110.61,3.73,26.23,0
5.08,54.4,129.3,54.11,23.6,79.46,4.49,29.55,1
5.28,14.3,39.66,31.82,1.15,56.22,2.79,33.8,0
25.58,69.62,88.55,43.0,7.98,39.13,1.62,30.07,1
1.65,8.73,18.9,36.39,4.77,67.3,2.81,30.1,0
0.87,14.67,25.08,28.68,1.49,56.29,0.54,26.01,0
0.71,6.47,77.51,22.04,13.07,115.6,3.68,22.82,0
0.0,11.32,18.63,28.87,4.62,107.24,1.82,31.73,0
4.18,11.37,37.17,20.99,18.9,99.5,4.99,26.31,0
14.82,21.77,39.45,32.52,6.14,235.84,2.55,18.78,0
15.51,19.81,23.82,30.38,6.9,354.2,2.64,25.92,0
0.0,13.4,16.72,39.32,7.82,82.86,2.57,26.75,0
17.82,37.89,49.61,33.19,16.37,80.87,1.96,36.39,0
5.89,92.83,189.34,53.43,9.35,108.39,7.75,27.03,1
13.06,33.63,101.12,35.67,14.9,217.59,4.51,30.78,0
1.97,18.88,56.63,35.8,11.34,41.25,3.88,41.75,0
5.7,14.29,73.03,46.91,4.72,40.7,6.27,22.71,0
3.93,17.75,27.33,19.42,10.18,44.22,0.43,24.55,0
6.49,10.3,26.36,34.09,3.92,156.89,2.71,33.06,0
3.72,16.89,40.36,27.67,12.27,197.12,2.64,27.46,0
7.42,9.63,31.45,28.11,12.49,40.41,0.8,23.34,0
0.0,12.28,19.79,21.12,12.93,68.6,0.36,27.73,0
1.76,85.2,135.8,37.45,2.34,246.83,5.96,19.98,1
4.53,20.29,29.9,31.62,1.65,80.33,4.26,28.94,0
11.41,62.56,69.4,37.4,6.25,63.89,4.85,19.58,0
18.89,98.75,104.86,40.33,12.72,145.66,5.3,29.14,1
5.76,9.86,14.64,31.0,6.63,42.0,2.23,34.63,0
17.36,37.4,68.95,24.13,10.72,346.2,3.95,17.85,0
8.84,13.34,37.66,33.09,21.23,220.03,2.57,27.55,0
23.79,29.57,68.67,40.87,3.71,16.32,4.55,20.97,0
9.55,19.65,47.12,26.03,21.4,31.44,1.99,23.01,1
0.0,17.48,53.62,34.83,10.08,50.09,4.05,33.17,0
12.04,18.81,30.86,37.27,10.61,35.14,3.57,35.15,0
6.61,25.35,71.63,29.23,10.81,22.73,3.7,35.91,0
1.44,59.8,69.8,41.52,20.81,25.38,6.5,19.56,0
7.02,30.27,42.05,30.6,6.34,45.88,1.99,36.2,0
9.82,70.83,131.26,50.74,3.28,41.66,6.89,31.25,1
7.55,17.19,27.98,29.57,20.69,149.09,1.5,22.61,0
0.0,9.06,16.2,17.09,3.64,130.93,2.16,29.74,0
26.01,32.93,63.58,31.6,6.1,65.51,2.97,30.83,0
14.07,38.58,77.55,36.84,10.25,63.29,5.44,31.37,0
5.23,11.23,22.85,14.86,5.83,34.94,2.17,39.43,0
3.25,59.26,119.1,63.92,5.5,118.8,4.03,29.21,1
24.46,28.37,40.59,28.88,4.2,23.23,3.01,21.29,1
7.46,14.43,57.09,34.35,25.81,51.15,1.78,33.98,0
0.0,10.29,20.86,25.56,10.26,36.09,2.29,26.97,0
24.56,29.58,94.6,32.08,17.53,434.22,4.21,30.58,1
2.32,11.51,76.96,39.6,9.04,74.08,1.73,38.05,0
0.0,31.98,62.04,36.18,15.06,213.15,5.09,25.74,0
7.66,22.95,95.51,19.37,21.84,77.15,4.0,26.25,1
1.17,32.03,116.89,41.41,15.28,131.99,6.11,24.67,0
4.42,44.21,98.07,42.6,7.92,63.64,5.79,33.38,0
9.3,18.73,46.78,24.83,3.99,39.79,2.67,23.17,0
11.87,34.41,49.14,19.4,4.19,25.57,1.79,19.38,0
7.66,19.49,32.81,39.42,15.03,19.81,3.53,26.03,0
0.0,8.14,37.89,29.52,1.88,83.71,1.71,25.32,0
4.79,15.97,40.16,15.26,6.27,333.83,1.55,27.95,0
3.76,52.58,63.93,38.96,8.1,22.83,5.0,30.74,0
9.07,39.14,48.2,22.37,10.19,45.4,2.2,24.66,0
3.62,41.95,78.38,51.62,12.27,117.67,3.65,27.48,0
2.07,12.28,102.47,36.88,5.32,55.32,5.34,29.22,0
0.0,4.39,15.96,9.58,11.01,200.14,1.28,28.07,0
0.83,22.12,45.29,43.5,6.26,103.82,1.84,29.64,0
6.02,56.74,120.43,44.09,10.87,9.49,4.72,28.52,0
21.67,33.54,102.23,35.53,4.22,63.42,4.75,36.81,0
0.0,41.33,55.16,35.05,6.2,113.19,2.58,30.82,0
7.17,48.9,61.73,39.36,5.87,63.63,3.39,19.52,0
0.0,43.98,48.52,49.87,5.29,91.51,2.86,18.11,0
0.0,21.85,44.47,26.68,5.37,41.02,1.51,16.69,0
0.0,17.75,40.62,23.46,20.52,132.22,0.2,25.28,0
0.22,27.76,67.07,60.93,3.85,40.33,4.75,29.97,0
6.92,48.18,72.09,25.42,3.08,8.96,3.52,22.89,0
0.0,26.03,79.57,36.28,3.33,30.3,3.65,27.51,0
6.51,30.85,34.54,24.87,2.81,48.16,1.84,20.06,0
1.24,10.27,64.7,27.09,1.32,65.18,3.54,17.86,0
2.6,26.08,58.48,30.32,6.41,23.18,2.48,30.95,0
40.74,61.28,77.82,29.53,13.65,57.61,4.1,26.01,1
5.68,72.03,102.81,44.83,13.73,89.15,4.21,19.12,1
0.0,29.2,66.16,35.34,15.36,170.15,2.34,20.17,0
18.91,40.58,84.24,35.38,9.1,10.99,5.73,31.93,0
4.15,13.79,33.52,34.1,4.87,29.12,3.44,31.38,0
0.0,3.66,23.47,11.7,14.77,200.06,3.4,22.13,0
3.47,10.41,17.28,27.58,5.99,62.07,3.19,20.35,0
6.68,73.03,136.92,43.59,1.35,28.94,4.7,22.92,1
7.34,20.33,45.57,31.38,2.98,94.19,2.63,32.14,0
7.27,30.5,36.57,35.02,6.65,90.12,3.63,32.42,0
26.35,34.74,54.14,35.66,5.57,8.39,2.96,16.12,0
0.0,2.97,19.73,38.19,10.37,71.53,1.23,26.88,0
11.5,24.77,85.06,36.1,9.3,35.88,3.92,17.42,1
15.02,53.02,133.95,45.74,4.26,62.49,7.17,26.18,1
0.0,5.25,36.75,33.68,16.26,70.26,2.93,22.69,0
0.82,3.79,46.29,17.79,6.94,127.71,0.8,27.86,0
0.0,3.4,32.53,42.31,25.62,130.63,1.99,29.05,0
1.67,8.66,45.29,36.97,4.93,178.53,4.43,26.03,0
14.58,31.14,33.45,25.55,10.79,102.06,2.21,29.68,0
0.0,7.67,91.68,36.95,0.74,146.89,2.27,26.45,0
25.23,47.29,88.02,47.39,18.16,23.68,4.47,16.66,1
0.32,14.79,28.03,23.58,4.6,162.44,1.77,23.02,0
0.19,7.01,30.74,38.58,8.27,101.26,3.8,22.58,0
24.12,98.22,115.43,53.42,8.93,276.62,4.84,23.42,1
1.23,12.18,48.53,28.07,4.02,130.98,4.93,35.12,0
2.36,12.77,95.46,32.09,0.41,33.34,3.48,25.58,0
4.21,19.06,109.2,52.03,4.77,103.15,5.98,23.25,0
8.92,23.86,49.67,38.86,7.33,99.58,3.09,23.28,1
4.0,19.63,61.67,35.33,1.82,87.31,2.79,29.65,0
9.31,27.14,49.8,34.84,5.27,250.97,2.73,34.46,0
10.51,55.38,74.18,34.04,9.68,108.92,2.42,24.01,1
7.65,36.65,56.06,35.15,5.24,53.69,4.3,27.67,0
1.74,14.88,89.76,47.85,2.74,56.69,3.51,24.29,0
29.61,72.81,109.01,51.75,4.14,73.21,6.39,21.41,1
35.91,43.34,95.83,48.68,2.62,77.55,5.15,14.66,1
20.61,29.24,47.57,31.07,14.49,36.97,2.64,23.09,0
7.18,54.43,72.42,26.16,4.82,74.92,3.62,23.17,1
1.29,68.44,87.68,59.28,6.41,36.75,5.02,35.18,1
3.78,14.08,40.23,21.07,11.1,22.94,3.33,32.87,0
0.0,19.31,32.23,32.37,2.67,65.45,4.58,26.42,0
19.09,23.98,49.66,33.16,1.62,23.39,4.79,30.66,0
10.74,13.6,27.24,45.9,1.13,72.5,0.61,28.66,0
2.84,21.28,60.3,47.12,15.56,28.66,4.85,21.18,0
1.35,10.03,61.45,14.91,2.06,49.49,3.36,20.14,0
7.67,10.9,21.34,12.84,12.17,30.48,0.76,39.84,0
1.5,31.38,103.25,53.89,4.66,53.84,3.78,30.59,1
0.0,30.23,83.59,45.77,7.04,126.9,5.05,34.41,0
0.28,39.08,56.71,27.49,7.09,30.16,3.37,33.47,0
10.4,14.26,73.24,39.36,11.22,80.25,3.55,36.25,0
10.47,26.98,37.41,28.43,1.34,95.22,4.29,29.08,0
3.37,11.65,57.57,31.85,12.86,25.32,2.97,24.46,0
31.22,37.13,59.04,38.88,15.62,129.39,4.71,30.91,1
3.18,34.63,68.58,40.58,7.73,93.77,0.2,33.26,0
14.77,32.63,60.28,32.2,3.64,103.51,5.38,26.09,0
2.99,17.67,42.48,27.87,10.17,84.41,4.02,29.46,0
0.0,34.04,120.67,39.8,4.45,60.31,4.38,19.96,0
1.42,16.65,47.5,27.72,12.5,110.53,2.3,22.78,0
11.68,17.62,71.05,25.84,2.81,71.23,2.98,24.54,0
8.83,11.04,18.72,37.09,10.05,48.05,3.6,18.03,0
5.2,23.3,51.28,57.77,30.21,36.3,3.96,36.11,0
8.98,13.69,22.35,27.6,2.68,29.44,1.16,29.7,0
7.72,20.33,71.41,35.63,3.38,21.38,3.44,34.28,0
9.01,22.74,26.44,55.51,7.5,99.03,3.71,25.75,0
9.05,45.9,80.73,23.9,20.45,185.91,4.6,23.59,0
11.28,16.12,45.46,26.52,10.37,62.32,4.33,21.54,0
0.0,22.94,65.44,38.62,14.77,120.69,2.97,29.51,0
41.85,61.88,111.43,41.3,2.53,30.61,4.18,20.21,1
6.79,26.69,60.24,28.42,11.71,268.57,4.6,26.97,0
23.2,45.53,95.26,58.72,4.68,240.99,4.27,31.55,1
6.97,21.37,76.83,45.87,10.3,21.72,4.98,36.31,0
7.52,33.34,56.97,38.36,4.31,42.51,2.98,26.08,1
1.48,2.26,33.86,39.48,8.61,39.18,1.65,32.81,0
2.18,27.59,45.09,35.34,9.36,78.44,2.38,27.63,0
0.0,39.18,126.81,53.2,4.55,123.35,4.96,30.32,1
35.28,124.34,203.29,64.69,3.52,91.69,5.79,29.53,1
19.65,85.64,129.59,29.01,4.33,25.71,5.45,21.33,1
1.46,7.59,48.27,32.57,3.45,46.59,3.66,19.45,0
6.07,19.49,50.62,32.96,11.55,76.16,2.22,30.21,0
11.46,24.42,51.61,24.54,10.09,218.19,4.76,25.61,0
0.0,60.67,125.5,39.4,22.31,19.21,5.68,29.07,0
1.03,63.3,64.98,33.31,22.19,52.29,3.85,32.53,0
4.92,41.27,63.56,34.26,16.64,24.65,4.06,36.05,0
24.75,40.14,67.98,50.19,24.65,71.1,3.23,20.71,1
1.32,16.52,25.84,37.86,5.71,38.33,1.44,31.74,0
11.83,53.82,108.2,39.95,3.57,44.39,2.57,24.49,1
33.69,42.11,48.67,43.2,15.78,14.34,5.07,24.77,1
19.88,54.57,73.08,33.85,3.17,78.11,2.52,33.97,1
0.0,4.11,27.58,10.31,5.85,80.88,1.92,28.51,0
2.37,9.88,15.58,25.45,8.17,73.26,2.45,24.87,0
4.97,59.29,78.36,48.31,8.64,76.0,4.25,32.33,0
0.72,27.65,56.7,50.37,17.89,80.12,4.47,24.14,0
16.81,31.53,97.0,41.98,9.66,9.42,4.89,37.46,0
0.0,14.03,25.51,27.34,6.71,46.95,2.19,29.05,0
1.42,5.34,34.83,30.13,2.12,44.11,1.95,28.08,0
8.89,25.76,52.82,29.12,1.94,52.87,4.25,32.68,0
5.58,65.81,85.19,37.36,6.8,51.93,2.93,31.95,0
0.67,16.19,29.09,20.94,6.36,24.33,4.3,32.45,0
27.33,32.31,77.69,26.15,3.47,76.71,3.83,26.2,1
0.0,1.91,57.32,32.31,27.77,28.03,2.12,21.53,0
14.4,21.9,44.96,30.09,9.66,51.99,2.06,26.14,0
10.86,33.86,51.59,22.69,7.5,17.96,4.13,33.13,1
11.61,19.58,64.63,35.88,3.58,17.0,2.43,27.23,0
0.0,13.08,29.73,32.11,4.62,113.76,2.84,32.18,0
5.06,43.58,77.38,43.51,4.48,34.41,3.43,29.1,0
7.88,18.92,57.18,12.78,2.78,145.96,2.98,25.92,0
9.44,54.1,62.41,37.81,4.44,13.66,4.98,32.91,0
4.15,11.37,97.43,49.3,12.26,37.29,4.13,30.04,0
11.91,31.88,69.53,41.76,19.15,29.83,5.03,30.0,0
4.56,21.43,35.01,35.45,1.54,26.92,2.44,23.24,0
0.49,9.69,42.98,30.02,12.14,618.79,2.12,26.12,0
0.72,18.39,50.24,26.59,18.6,41.42,3.59,27.91,0
9.99,63.08,148.17,49.38,1.7,323.13,5.88,27.6,1
0.91,17.9,77.03,41.88,9.75,395.28,5.32,23.08,0
12.96,47.08,144.65,52.89,5.96,72.88,4.97,29.44,1
0.88,19.45,110.29,55.76,1.3,237.88,3.76,26.82,0
0.0,2.19,9.75,21.4,7.66,33.65,3.01,23.25,0
35.73,44.74,56.63,33.87,26.16,37.64,1.76,32.19,1
22.76,29.92,37.08,31.37,2.02,55.31,3.94,28.04,1
6.53,7.87,80.07,28.01,3.38,126.82,2.25,14.9,1
2.17,26.04,35.68,25.27,10.36,97.9,3.48,14.94,0
13.22,24.35,39.46,28.89,12.06,40.05,2.98,23.99,0
42.78,44.51,98.87,39.08,15.15,137.53,2.62,28.65,1
2.81,6.08,92.51,34.32,24.8,43.46,1.64,28.53,0
34.44,64.43,162.49,61.1,7.91,128.26,6.5,19.74,1
2.14,8.92,57.35,36.33,15.05,231.37,4.38,31.47,0
0.0,11.21,34.91,36.56,3.13,36.48,4.12,26.59,0
6.06,23.88,87.0,35.3,5.48,47.01,2.52,24.28,0
0.0,56.63,101.78,31.84,7.21,53.42,5.16,28.48,0
12.49,72.53,112.26,47.53,17.51,25.78,4.84,27.19,1
0.0,20.53,54.63,6.7,13.03,114.96,4.41,32.91,0
10.54,32.22,59.32,36.92,5.94,61.97,2.69,27.6,1
15.67,29.09,34.03,9.61,17.15,72.81,2.56,32.55,0
31.62,63.63,102.73,49.29,6.77,26.44,2.82,29.67,1
0.0,2.2,8.98,9.41,1.71,45.7,2.34,28.93,0
1.42,14.11,43.35,23.54,1.41,31.72,1.34,22.61,0
3.15,21.64,52.09,40.12,3.75,127.41,3.83,30.63,0
11.26,35.46,62.59,22.84,32.76,65.84,3.33,20.34,1
4.55,17.14,24.0,28.93,9.73,109.9,1.69,28.11,0
0.0,55.34,99.58,54.49,3.99,23.78,3.96,40.35,1
2.09,29.56,51.09,45.11,3.24,56.03,3.28,22.3,0
7.64,30.84,46.91,35.74,5.68,44.3,3.54,37.47,0
2.74,14.28,45.18,44.86,20.98,41.45,3.44,37.74,0
27.68,36.46,74.9,40.23,6.49,236.73,4.81,29.28,1
9.34,58.06,74.23,29.64,21.98,59.21,3.29,30.16,1
0.0,4.64,41.44,17.55,11.74,16.84,2.68,24.58,0
5.28,22.7,70.59,36.44,7.21,4.02,5.26,34.6,0
12.04,14.94,26.88,29.59,9.89,117.34,3.23,26.67,0
8.35,25.84,41.5,45.6,8.03,63.9,1.52,37.44,0
2.4,28.97,83.25,40.03,8.7,100.88,3.21,41.01,1
4.09,38.14,59.44,42.94,13.39,251.5,3.19,28.29,0
5.06,76.62,110.13,47.11,1.94,108.96,3.89,22.03,0
17.54,26.19,31.51,30.67,1.24,70.5,3.25,27.06,0
12.42,45.54,108.62,29.92,5.91,49.87,3.33,30.46,1
0.0,16.46,24.59,18.56,10.45,93.74,0.64,21.01,0
26.43,69.43,84.73,42.21,9.44,44.77,3.85,21.49,1
34.26,48.68,62.42,36.92,11.78,44.32,2.13,20.86,0
2.94,12.13,25.1,14.74,12.99,80.43,1.28,29.27,0
10.57,69.76,101.74,35.57,12.98,168.84,4.98,18.9,1
56.8,96.85,139.53,33.08,2.48,50.95,4.41,30.62,1
5.74,20.55,60.46,44.67,7.18,21.02,3.85,29.63,0
7.6,17.28,34.16,31.07,7.91,36.4,1.85,19.28,0
13.42,21.57,36.44,37.68,18.06,78.1,2.31,23.43,0
23.33,53.29,94.89,28.69,0.97,38.26,4.81,26.47,1
0.0,44.73,54.85,30.4,19.7,80.31,3.28,25.93,0
5.49,33.25,47.58,27.27,2.45,36.08,4.14,39.9,0
23.25,46.22,103.85,37.33,6.84,64.37,3.62,36.18,1
13.91,21.1,55.25,47.75,9.54,80.35,3.43,22.87,0
9.4,13.42,59.28,40.01,14.23,21.43,1.84,25.29,0
7.66,13.66,89.05,44.07,10.04,159.81,3.84,23.87,0
22.15,50.06,61.82,31.57,13.88,227.73,1.73,26.88,0
12.17,22.44,31.72,25.9,5.59,42.11,2.94,22.26,0
32.0,40.18,60.52,39.0,15.89,114.44,2.84,22.22,0
4.46,20.7,84.29,57.31,7.51,103.7,4.78,27.89,0
0.0,48.5,60.46,32.52,3.87,85.68,4.11,29.18,0
19.6,23.08,73.79,23.38,3.61,28.4,3.34,32.92,1
3.7,16.87,17.85,24.98,9.43,115.68,3.57,20.58,0
6.33,29.56,69.59,38.0,16.18,102.91,3.58,19.97,0
8.3,10.27,14.41,37.37,7.71,28.75,1.66,21.82,0
2.27,36.1,65.43,40.76,5.23,15.43,2.87,24.32,1
0.0,32.31,133.94,48.7,8.56,56.75,4.35,32.62,1
18.37,35.26,81.53,31.92,10.58,29.21,2.92,28.61,1
44.09,52.29,124.64,47.7,12.24,97.27,3.73,32.79,1
6.56,98.97,125.53,30.42,3.68,35.73,4.65,36.66,0
0.0,18.42,64.42,41.39,0.97,49.99,3.91,20.54,0
21.2,23.51,67.23,23.32,6.69,57.64,2.19,27.17,1
0.0,9.18,15.21,27.79,20.77,14.66,3.38,32.88,0
2.06,18.9,29.09,27.33,7.52,57.52,4.79,21.63,0
35.19,37.15,42.83,41.16,18.25,17.79,1.86,37.41,1
11.1,17.68,106.0,34.91,8.64,90.14,6.27,29.66,0
9.26,15.59,83.27,21.32,8.98,361.06,3.89,39.21,0
10.85,25.27,49.7,33.03,9.63,289.85,3.54,26.8,0
0.49,5.97,18.45,34.4,4.87,51.8,0.2,28.82,0
11.55,26.44,41.1,44.03,5.55,139.79,1.82,30.0,0
9.89,40.38,56.94,31.2,14.35,62.55,2.38,35.6,0
4.94,80.54,85.37,47.8,2.76,145.62,1.15,23.56,0
26.75,33.86,46.68,34.19,5.65,27.3,2.32,27.91,1
15.77,32.62,99.78,45.42,3.82,54.68,5.07,15.58,1
0.0,12.71,80.88,41.33,10.01,61.71,2.83,29.46,0
3.16,23.87,41.57,16.7,7.16,101.22,3.07,15.46,0
1.98,6.77,98.75,29.45,6.45,53.54,3.28,27.81,0
0.6,34.66,77.32,28.45,3.59,51.83,4.96,32.75,0
23.78,64.8,167.0,46.34,7.61,42.35,5.2,27.6,1
3.13,28.87,85.33,32.62,9.92,22.63,5.58,26.71,0
16.08,22.51,30.52,28.01,2.52,86.88,2.42,29.76,0
11.87,61.92,96.52,39.14,4.58,45.59,4.38,22.38,0
0.0,14.81,55.73,30.92,3.85,64.23,2.5,20.02,0
23.77,74.41,101.1,53.54,8.65,8.47,5.11,28.28,1
5.74,19.4,27.17,37.77,13.35,55.95,0.79,30.14,0
3.14,13.92,38.34,27.7,6.63,43.94,2.25,28.94,0
0.0,7.33,51.4,43.5,10.04,107.13,2.89,25.96,0
0.82,4.31,42.28,54.87,1.72,39.09,2.94,26.9,0
0.0,35.19,36.76,32.39,5.8,43.87,1.79,30.19,0
0.0,8.57,105.08,33.24,3.08,26.17,3.49,32.42,0
10.9,42.23,64.08,31.14,8.08,44.33,2.7,33.2,0
0.14,1.71,17.34,34.07,5.95,40.82,1.49,34.63,0
7.12,10.74,28.42,23.01,3.68,71.82,2.23,22.09,0
21.48,57.93,70.14,29.44,6.56,40.68,5.66,25.08,1
14.19,27.43,54.6,32.21,10.22,15.51,2.62,25.99,0
8.66,31.71,50.64,41.62,14.32,34.8,3.93,24.77,0
1.72,19.62,81.13,42.78,10.28,72.04,4.03,28.79,0
9.55,15.35,38.09,43.38,4.6,27.99,6.11,15.59,0
0.08,24.91,53.54,21.72,1.11,225.59,3.98,20.29,0
0.0,5.62,25.03,24.87,7.78,317.01,3.04,21.09,0
20.45,74.46,85.25,30.89,10.78,38.92,3.41,33.02,1
4.0,30.98,59.24,26.75,7.13,136.03,3.95,23.46,0
0.0,41.74,107.2,40.74,4.6,40.95,4.62,25.05,0
9.84,15.66,57.89,37.96,23.35,51.17,3.47,28.58,0
0.0,10.23,29.96,24.57,7.14,250.22,4.44,23.84,0
9.53,47.79,124.88,50.74,23.08,84.26,4.56,32.55,1
2.92,10.18,62.7,22.92,12.8,46.35,4.07,15.94,0
6.27,31.87,99.68,49.15,5.1,91.98,2.64,36.94,0
0.0,12.07,62.87,29.58,3.48,51.76,3.96,29.49,0
2.57,54.9,136.6,57.13,6.13,28.4,5.92,21.19,1
1.77,3.01,6.79,36.36,4.79,55.84,2.27,28.7,0
0.31,68.05,85.53,28.44,7.5,41.76,4.58,29.67,1
2.76,14.67,30.98,28.97,17.23,102.34,4.06,30.24,0
13.24,19.79,34.96,27.26,11.37,50.75,2.24,24.31,0
12.41,21.92,50.15,28.58,25.15,126.9,2.67,26.93,0
3.12,18.36,53.76,38.34,16.79,31.4,3.43,29.47,0
3.32,32.34,53.08,35.05,13.1,20.04,2.17,20.58,0
2.54,88.6,93.37,34.83,10.73,119.28,4.2,26.49,0
13.2,25.17,117.43,39.04,3.58,57.91,4.39,29.18,0
1.51,13.93,39.93,41.09,8.82,281.79,3.89,38.27,0
16.74,29.62,53.26,19.64,4.72,55.91,2.72,29.29,0
0.0,7.35,21.57,24.78,10.28,58.56,1.72,28.23,0
16.84,62.12,117.47,51.83,9.6,82.87,5.12,32.25,1
2.33,18.04,88.62,32.7,5.43,31.41,1.99,34.07,0
13.49,23.37,34.68,31.0,10.82,105.46,1.5,25.3,0
15.89,55.53,90.07,39.63,6.2,85.68,5.38,28.12,0
0.0,4.94,79.08,36.35,8.95,26.22,1.5,42.28,0
10.15,20.33,31.48,28.91,7.17,160.6,2.79,23.26,0
8.88,51.15,98.82,27.22,20.43,12.86,4.97,27.32,1
10.85,43.59,93.01,35.06,16.81,39.09,3.39,30.54,1
51.6,73.09,97.07,37.63,9.15,177.07,4.27,23.33,1
56.37,107.2,121.21,60.63,14.43,39.64,4.15,24.22,1
21.29,67.98,94.08,32.32,8.44,85.09,4.42,32.5,1
0.16,3.69,13.86,5.0,4.69,88.18,0.67,20.73,0
2.01,54.08,68.49,50.49,24.41,40.82,3.65,37.23,1
6.62,20.98,40.75,35.69,0.86,26.24,2.67,26.73,0
2.36,9.8,10.85,26.81,2.01,20.63,2.75,16.84,0
0.18,4.35,27.68,26.41,11.96,69.42,1.66,31.67,0
16.17,49.77,80.54,25.47,1.14,42.61,3.87,29.41,1
0.0,17.88,53.29,46.81,5.96,37.5,1.6,37.56,0
12.49,27.78,60.55,32.15,9.28,43.23,1.38,21.63,0
12.0,45.94,122.23,37.72,3.78,258.12,4.01,36.85,1
0.0,60.93,62.19,54.4,4.17,102.76,3.13,23.77,0
0.0,76.08,93.67,39.67,19.47,31.43,4.64,25.86,1
4.6,22.45,42.06,38.41,2.28,22.85,1.04,22.25,0
7.36,12.28,22.86,47.03,8.33,77.97,2.9,23.91,0
2.54,17.43,41.31,32.86,5.73,25.2,3.23,29.59,0
1.42,39.11,46.0,31.25,4.67,63.6,0.2,15.97,1
4.15,53.07,59.63,29.34,6.31,146.32,2.02,30.71,0
11.41,71.4,117.4,42.92,7.1,173.16,3.47,29.29,1
0.0,29.78,92.37,49.47,2.64,17.63,2.52,33.9,0
5.84,10.35,39.73,27.65,5.41,85.13,0.31,23.27,0
0.18,31.46,49.06,39.91,9.66,4.28,4.86,21.42,0
46.1,64.93,83.38,35.01,1.64,28.32,2.63,21.29,1
6.38,15.22,22.66,33.9,3.42,42.59,1.63,27.98,0
25.37,42.11,59.68,44.37,12.19,78.12,3.69,37.3,1
10.69,41.91,61.32,32.22,0.84,91.38,2.46,31.64,0
34.61,50.82,73.66,53.22,7.26,48.59,3.96,29.75,1
4.28,5.42,39.19,42.26,3.37,98.51,3.72,27.69,0
5.32,19.39,42.3,30.33,5.06,122.29,0.53,25.65,0
3.26,52.13,148.91,43.34,14.02,24.99,3.4,33.57,0
0.64,8.27,19.02,6.95,8.06,77.0,1.61,40.39,0
0.0,16.44,54.22,42.11,25.69,34.73,1.09,25.75,0
7.43,8.63,57.04,40.07,3.46,100.08,2.22,28.34,0
15.57,35.45,66.6,33.83,8.51,125.43,1.84,23.25,0
3.86,15.43,28.7,9.13,5.39,72.82,1.35,34.96,0
1.69,61.9,96.68,25.49,14.75,130.01,2.68,35.76,0
24.54,45.64,71.63,22.98,2.02,39.33,2.97,27.2,1
0.0,1.64,11.49,30.14,8.51,175.22,0.2,27.37,0
4.95,8.14,37.63,28.32,6.46,29.69,1.68,27.92,0
12.65,51.33,97.94,46.3,11.84,90.62,3.34,34.86,1
0.1,38.28,78.83,26.9,15.43,66.59,3.14,25.14,0
5.06,26.77,50.02,31.72,4.31,87.59,0.86,28.34,0
16.18,16.43,23.26,31.36,6.27,35.13,1.3,28.42,0
0.05,24.7,77.36,50.57,17.62,134.41,1.53,12.0,0
11.02,30.86,49.91,31.15,6.4,195.66,4.36,23.57,0
0.0,10.48,21.73,30.83,2.11,119.28,1.39,29.53,0
3.73,70.84,118.58,30.85,24.14,98.19,3.86,35.83,1
19.09,59.11,75.82,27.81,4.09,45.08,3.69,31.4,0
11.57,12.05,48.12,34.02,11.68,556.78,3.11,29.85,0
20.31,34.76,73.58,47.08,6.68,109.5,4.34,20.43,1
3.99,14.4,78.4,31.13,1.68,57.24,4.18,26.41,0
0.36,20.51,42.03,24.99,12.73,7.48,3.13,37.16,0
4.36,5.26,32.58,14.34,2.77,37.32,1.34,28.14,0
17.0,31.93,47.89,15.11,6.31,129.54,0.2,22.34,0
27.65,37.85,43.14,9.82,8.53,49.48,4.18,43.0,1
40.22,72.4,98.85,47.97,2.02,39.43,5.59,28.6,1
1.84,30.07,62.42,31.66,8.96,99.37,3.34,30.92,0
0.0,37.51,63.99,37.37,13.87,34.14,3.72,28.77,0
0.0,15.16,87.95,34.46,11.38,68.4,5.83,35.72,0
0.0,39.67,48.39,38.25,3.57,132.89,2.96,21.46,0
15.25,29.59,48.43,38.06,4.16,37.86,1.97,26.65,0
9.26,15.32,51.09,31.67,7.56,36.47,3.18,30.39,0
10.02,12.78,56.41,21.95,12.84,92.02,1.85,30.11,0
4.22,10.26,69.94,48.57,11.72,108.87,4.48,31.45,0
1.82,27.71,54.7,21.74,5.9,27.71,2.61,27.77,0
24.2,33.85,35.85,24.11,7.39,47.75,0.97,27.58,1
0.0,10.83,50.67,32.25,4.05,189.46,2.51,27.04,0
12.14,17.13,36.7,21.25,4.46,59.8,0.82,23.43,0
2.37,3.77,96.73,46.88,1.75,91.33,3.59,26.49,0
14.62,54.51,92.16,38.99,9.41,68.9,3.5,24.47,0
13.01,51.16,77.68,42.1,5.81,135.32,2.96,26.76,1
11.41,12.31,21.07,16.8,1.77,38.02,2.31,32.37,0
10.7,54.55,77.93,47.09,9.47,181.94,3.22,26.87,0
16.22,42.03,87.25,39.81,0.93,33.81,3.58,29.12,0
16.23,31.86,43.95,38.77,4.95,168.55,3.3,27.55,0
5.15,29.26,54.13,39.4,1.88,95.11,3.89,22.5,0
3.18,37.61,130.47,40.21,25.0,67.11,3.7,23.12,1
8.37,32.85,52.01,44.71,19.21,39.7,2.06,33.01,0
21.11,29.18,59.55,30.23,5.51,42.01,4.61,23.65,1
0.41,2.04,49.35,33.49,7.48,30.39,1.76,28.38,0
3.71,23.19,47.57,41.31,42.77,87.85,1.55,31.34,0
1.58,29.28,66.36,13.99,18.52,59.94,5.05,32.22,0
0.0,10.81,55.2,38.36,9.12,33.51,1.74,27.45,0
2.05,16.38,49.97,40.06,9.6,55.65,2.06,37.41,0
0.0,15.7,43.15,26.54,19.63,134.8,2.43,27.1,0
0.0,7.15,43.66,35.77,2.36,34.18,2.58,26.15,0
30.6,44.01,52.4,50.6,17.41,243.0,1.45,34.03,1
0.0,29.07,44.91,29.13,6.79,63.66,1.81,29.9,0
11.3,33.14,49.58,36.19,25.47,9.72,3.02,30.94,0
40.14,46.51,62.85,23.32,18.61,177.68,4.53,25.5,1
19.37,52.03,103.86,47.89,14.16,39.35,5.31,24.54,1
10.78,55.07,132.24,51.53,6.0,22.64,4.84,26.54,0
13.11,16.39,57.8,44.09,2.41,19.48,3.2,24.34,0
1.67,9.18,117.72,28.9,4.19,22.52,4.98,19.11,1
19.85,25.09,51.76,38.39,17.35,31.15,2.43,26.84,0
33.26,47.91,54.05,44.74,0.94,158.2,2.36,23.59,1
2.67,30.54,83.02,43.23,16.11,8.65,2.94,40.06,0
0.0,11.04,41.38,31.85,2.9,34.65,3.48,31.79,0
15.54,45.92,93.72,22.18,5.75,711.51,3.69,30.25,1
50.79,68.33,152.96,41.03,3.68,68.64,4.96,16.72,1
0.0,13.63,50.2,25.54,11.62,49.68,2.66,30.75,0
3.8,15.27,74.66,47.52,11.89,62.7,1.92,23.08,0
1.32,28.86,48.86,17.8,16.52,178.29,3.71,38.64,0
6.94,13.56,55.62,54.62,9.1,19.31,3.95,25.74,0
0.63,8.88,64.2,30.46,24.45,185.09,2.36,34.82,0
3.56,21.85,63.35,38.05,11.92,218.51,4.6,22.53,0
0.0,14.51,70.17,39.7,9.92,43.32,3.09,36.42,0
0.0,5.51,21.64,20.89,5.44,44.4,0.67,22.72,0
4.34,17.37,51.49,30.0,7.46,250.46,3.8,25.58,0
12.27,19.93,74.19,20.37,7.21,257.25,3.57,28.58,0
0.0,22.82,75.88,46.6,3.78,34.84,3.76,35.67,0
43.9,53.26,81.39,44.32,1.49,17.71,3.13,29.41,1
9.89,16.54,70.32,30.29,2.22,157.55,1.82,26.29,0
1.68,11.19,43.11,39.85,1.29,9.11,1.25,42.93,0
23.13,25.06,95.1,40.12,2.89,91.52,2.98,20.11,0
16.22,21.4,58.68,16.73,21.33,20.18,2.45,38.99,0
11.6,42.83,46.38,42.51,19.81,45.54,3.34,23.17,0
6.55,10.96,20.21,30.13,16.08,39.29,0.77,30.91,0
1.82,16.41,28.58,37.37,5.58,113.64,2.31,30.49,0
8.71,24.87,72.44,37.61,5.1,63.86,4.27,30.6,0
6.51,41.06,55.13,30.74,16.06,48.92,2.04,25.81,0
21.93,32.88,75.35,35.56,10.84,68.61,2.98,37.34,1
10.58,31.1,43.34,21.05,2.94,259.08,1.43,26.51,0
2.87,35.93,66.2,39.93,5.07,34.79,2.66,23.0,0
2.77,27.45,41.3,33.77,3.59,124.27,2.56,21.04,0
0.51,31.05,37.12,29.99,8.44,31.1,4.44,28.31,0
7.04,36.61,108.24,35.76,6.07,46.54,6.34,26.79,0
2.08,48.66,57.58,22.59,8.86,29.73,2.95,31.33,0
0.0,9.0,14.51,35.03,4.4,65.04,0.42,24.56,0
14.71,63.49,68.25,20.41,1.88,97.75,3.07,42.35,1
1.59,8.14,27.56,36.83,5.02,27.75,1.85,24.6,0
3.23,6.78,17.71,9.18,2.95,71.23,1.12,24.42,0
26.61,55.54,95.24,35.08,7.22,75.21,3.95,32.28,1
17.21,25.39,39.3,36.4,1.98,74.36,3.63,28.7,0
10.39,24.51,65.48,43.65,10.39,21.03,2.5,28.13,0
6.93,27.23,77.71,34.44,15.95,152.8,4.72,33.39,0
32.35,41.89,67.66,42.17,16.17,50.0,2.86,22.46,1
3.44,20.96,113.67,32.3,5.68,48.16,4.63,39.46,0
0.62,18.68,48.89,25.4,3.86,44.42,2.78,21.53,0
21.83,26.11,35.23,34.56,3.49,24.3,2.42,25.31,1
10.42,15.21,35.06,26.94,4.69,90.17,1.53,28.85,0
0.0,54.59,88.68,32.97,10.51,68.12,3.52,31.98,0
10.45,37.15,46.15,30.09,3.99,118.32,3.39,21.53,1
0.0,28.16,98.57,37.33,16.67,124.32,2.77,16.43,0
17.69,29.24,53.29,31.27,14.72,44.46,4.45,34.09,0
7.34,9.82,12.16,40.58,9.1,127.3,0.49,23.25,0
8.89,26.79,80.15,48.08,15.85,39.51,5.4,27.23,0
9.61,28.32,107.14,50.27,9.08,159.07,2.66,22.01,1
10.26,40.32,60.5,34.8,4.41,140.1,3.48,27.41,0
4.72,23.52,31.52,32.76,25.72,29.83,3.76,23.92,0
5.57,41.34,88.22,30.29,4.21,133.71,4.49,23.5,1
2.01,6.32,22.62,45.76,3.7,53.23,1.06,32.41,0
6.97,12.11,63.9,28.44,11.5,31.12,2.98,27.33,0
4.75,23.09,38.64,43.89,2.72,81.7,2.43,28.06,0
6.08,32.05,83.27,36.81,6.22,13.82,1.53,25.07,1
0.0,10.86,21.16,40.11,19.23,43.07,1.13,30.72,0
1.17,5.36,102.32,37.02,3.56,98.74,5.39,32.02,0
3.96,24.52,51.32,39.35,2.01,41.53,2.56,22.15,0
0.0,26.59,142.43,60.52,9.8,36.51,5.36,24.45,0
0.0,38.4,76.89,49.85,6.58,47.7,3.48,36.38,0
6.98,10.99,24.37,31.06,5.75,122.63,2.51,28.4,0
0.0,31.25,46.66,32.52,6.69,41.95,4.1,29.57,0
1.18,10.29,144.42,52.91,9.5,66.11,6.43,37.39,0
8.61,41.51,53.52,43.83,14.7,91.86,2.87,31.43,0
14.08,85.43,89.55,46.65,3.92,75.23,3.4,26.01,1
2.19,18.35,25.22,32.13,14.81,27.24,3.21,27.01,0
17.68,26.83,61.26,46.17,9.61,155.32,2.69,21.99,0
22.45,37.51,75.96,25.51,9.43,36.78,3.51,24.86,1
4.36,29.14,77.2,42.63,2.11,26.42,5.98,26.92,0
4.34,6.97,20.07,22.07,1.61,91.51,0.51,22.7,0
0.93,16.53,25.3,45.34,8.35,112.35,1.22,28.81,0
6.29,15.82,117.26,51.92,3.28,124.61,4.38,34.49,1
14.16,18.66,68.62,22.99,9.97,67.18,2.05,16.94,0
20.91,39.35,47.94,20.87,1.94,46.12,2.63,36.54,1
0.0,39.01,59.99,22.21,8.83,75.62,1.14,34.31,0
4.87,13.23,32.72,34.92,3.72,29.71,3.99,21.16,0
11.51,34.85,48.81,40.26,10.25,140.74,2.27,24.27,0
0.0,25.28,69.13,18.81,3.64,76.05,2.07,26.62,0
4.63,24.13,29.8,24.45,0.7,58.71,3.45,21.87,0
31.33,32.36,150.85,45.02,9.87,283.92,6.27,32.26,1
15.84,27.13,109.07,45.27,4.28,123.98,4.06,28.04,1
0.0,5.28,33.52,27.49,6.76,22.99,2.53,30.86,0
26.07,62.22,77.1,39.39,5.76,89.36,3.14,22.46,1
2.64,11.15,51.34,23.21,8.12,119.54,2.04,32.76,0
0.0,28.58,43.37,19.19,14.89,73.49,1.14,17.26,0
6.67,18.58,21.28,21.36,12.05,44.07,2.72,21.56,0
0.0,14.22,50.71,32.47,3.32,151.49,5.07,23.22,0
4.78,28.05,88.67,39.95,4.31,89.17,2.81,33.2,0
11.46,16.0,42.63,16.52,2.7,37.17,2.22,35.12,0
1.5,16.19,48.36,25.03,1.59,31.41,3.58,24.59,0
1.23,9.77,18.4,31.35,15.91,96.91,2.99,27.85,0
0.0,34.09,84.27,50.99,13.78,135.88,2.95,23.79,0
0.0,48.72,79.05,28.83,8.66,74.88,3.86,13.17,1
2.12,34.65,56.35,41.95,4.24,100.47,2.03,32.2,0
4.46,52.48,84.07,27.6,7.35,56.94,2.08,29.41,1
2.6,6.01,25.85,43.69,7.74,217.71,0.56,30.6,0
8.52,21.47,49.36,19.23,3.84,82.11,3.41,38.88,0
6.42,23.88,111.79,25.86,14.15,92.16,2.79,20.27,1
3.33,9.53,41.54,29.91,4.58,92.31,2.33,23.78,0
11.15,38.96,92.5,26.73,2.44,88.99,4.22,21.16,0
4.94,38.35,72.04,37.68,3.28,118.14,4.85,32.16,0
3.18,26.97,78.24,29.05,1.51,15.19,3.36,26.98,0
0.78,10.02,43.73,38.11,6.98,33.53,3.16,21.61,0
0.0,6.79,65.83,33.73,8.41,99.8,3.78,22.1,0
3.04,38.63,70.22,28.33,4.73,45.38,2.56,33.59,1
14.27,23.83,49.08,35.59,3.49,89.73,2.1,24.52,0
0.59,46.12,71.26,28.27,2.4,82.14,3.28,27.5,0
2.58,8.07,22.84,27.82,13.31,46.36,2.06,28.08,0
15.43,54.74,81.51,32.3,3.75,137.18,5.77,34.27,0
65.48,74.17,122.43,51.09,6.97,47.11,5.11,23.33,1
4.49,13.42,37.86,19.69,12.79,98.18,2.16,27.94,0
8.35,10.39,35.46,16.07,15.69,105.8,1.75,14.56,0
0.0,4.55,12.31,32.22,6.33,30.03,1.42,19.53,0
9.9,34.57,123.38,32.3,11.58,67.16,4.35,33.68,0
1.87,30.08,81.55,39.2,12.74,114.1,4.23,37.65,0
0.79,144.93,198.19,66.14,8.87,23.93,7.05,34.76,1
11.62,38.0,93.93,46.37,7.6,35.27,4.25,24.39,1
0.0,32.42,73.56,34.58,5.51,29.39,3.88,26.03,0
11.81,20.45,41.49,40.6,1.17,159.6,2.15,25.95,0
37.32,46.2,70.85,36.1,3.7,73.97,4.93,24.06,1
16.7,32.87,60.04,24.29,8.91,149.45,0.68,28.97,0
0.0,15.05,19.51,45.63,1.1,45.59,4.04,31.06,0
1.2,21.9,31.2,23.87,16.35,207.15,1.62,28.81,0
14.61,17.47,42.3,34.16,13.38,47.26,1.27,22.27,1
0.0,47.32,62.13,35.38,0.99,20.92,4.52,32.13,0
4.46,46.13,79.94,25.49,13.65,21.18,1.85,19.08,1
2.64,6.23,75.01,45.15,9.88,37.74,5.29,29.99,0
6.35,15.79,31.71,26.94,26.19,54.11,0.2,25.93,0
6.79,34.78,69.61,44.07,25.6,49.6,4.7,24.98,0
10.26,43.69,59.93,25.28,3.35,56.76,2.36,37.48,1
25.47,77.75,84.83,31.25,12.51,46.01,2.74,30.39,1
17.81,31.5,33.83,33.8,16.53,82.53,4.07,38.68,0
16.31,24.44,46.97,42.22,10.35,17.6,1.81,37.09,0
13.85,20.57,84.7,44.06,9.78,25.11,3.63,26.17,1
6.91,11.19,22.91,12.56,9.07,521.88,0.31,31.13,0
4.58,48.62,58.5,42.3,2.44,92.42,3.39,20.28,0
18.81,22.23,70.01,31.62,4.68,19.49,4.0,30.34,0
14.4,58.38,125.15,33.27,23.02,55.47,6.75,32.4,1
0.62,13.07,30.21,39.54,4.09,25.33,3.02,31.04,0
11.3,36.23,91.73,34.44,8.47,89.19,2.83,31.66,0
7.09,29.55,53.3,42.43,3.27,46.68,2.83,24.63,0
9.37,13.52,33.56,32.44,16.59,126.05,1.59,28.08,0
21.58,28.78,61.11,35.93,5.84,29.67,2.95,42.07,1
0.9,41.57,55.66,43.05,2.97,47.34,3.85,38.11,0
0.49,15.71,71.45,27.98,4.65,171.73,2.49,33.61,0
8.01,75.62,114.62,53.33,6.61,109.33,3.52,31.49,1
1.33,10.06,33.62,15.83,1.4,125.88,1.89,34.13,0
0.0,22.26,30.26,31.56,22.84,75.97,2.07,23.41,0
0.0,5.56,29.57,44.21,8.63,245.02,2.11,29.91,0
43.38,74.73,123.06,53.05,6.42,79.26,5.15,24.87,1
6.26,24.85,98.98,40.99,9.16,72.8,3.36,23.99,1
11.67,35.51,52.07,47.36,6.23,30.35,2.9,28.98,0
3.85,36.75,61.12,28.33,15.83,35.59,1.48,32.27,0
19.57,37.5,77.81,40.44,7.77,159.16,4.04,31.33,0
29.38,41.9,50.54,31.15,5.92,33.06,1.63,20.09,1
6.08,20.85,29.13,30.44,8.39,51.4,2.47,18.75,0
1.29,31.28,48.9,40.29,5.89,155.83,1.62,26.47,0
25.51,57.96,101.16,42.7,5.63,149.42,3.27,22.64,1
10.81,25.6,28.01,22.22,3.25,35.02,1.58,33.47,0
4.79,10.31,32.43,7.36,5.15,148.97,3.69,26.08,0
0.0,36.46,100.2,52.0,3.74,85.5,5.18,20.77,0
5.09,29.9,62.4,41.91,12.62,55.2,2.09,23.36,0
7.2,12.72,34.02,35.42,6.41,112.57,2.94,27.96,0
8.53,25.1,163.63,54.79,8.7,73.4,7.39,28.02,1
0.71,15.47,37.36,29.57,10.62,62.82,1.21,30.42,0
0.83,19.69,64.4,24.75,4.89,47.73,3.01,32.23,1
0.0,12.16,47.59,34.97,8.74,40.54,3.41,32.87,0
1.18,36.02,53.3,33.52,3.27,95.98,3.37,32.95,0
13.1,36.24,50.83,44.63,15.47,179.63,3.37,20.06,0
35.61,48.19,80.43,36.89,15.07,19.48,2.09,34.36,1
3.64,39.97,49.25,40.23,7.36,40.4,3.38,29.53,0
8.87,23.41,142.94,46.1,7.89,49.24,3.24,35.52,0
0.0,33.53,42.16,34.55,8.22,17.65,0.2,31.02,0
0.0,38.2,116.35,33.46,18.2,12.21,2.13,25.33,0
18.42,30.43,43.71,17.15,2.66,115.04,4.36,30.05,1
10.94,12.36,28.1,26.83,15.91,28.09,0.48,15.51,0
11.51,30.42,59.64,41.72,12.6,41.54,3.54,24.59,0
18.99,43.8,114.81,44.81,4.07,16.28,6.35,27.18,1
9.52,43.35,85.07,35.05,12.18,52.73,3.73,24.92,1
0.0,2.51,12.24,20.56,8.34,99.33,1.25,25.87,0
23.45,54.16,159.21,35.32,6.36,52.47,5.4,27.92,1
1.97,6.99,43.45,36.61,14.51,117.32,3.68,24.64,0
21.76,88.91,131.99,40.46,5.78,105.63,5.58,15.73,1
17.26,35.0,54.82,11.97,5.97,21.48,3.57,27.72,0
9.09,52.61,83.28,37.33,15.78,91.97,3.63,29.29,0
17.45,73.17,74.43,43.37,9.71,30.03,5.51,19.85,0
26.58,67.7,100.03,63.36,9.98,61.9,4.87,20.62,1
10.89,61.17,180.05,65.52,5.38,35.09,7.12,14.06,1
15.41,52.13,89.8,42.67,16.76,54.03,4.27,18.66,1
0.23,28.94,85.89,37.32,3.48,31.79,3.91,20.51,0
14.17,38.55,58.6,38.23,15.05,59.5,2.93,28.35,0
0.16,59.56,84.77,35.92,14.06,40.87,1.48,24.68,0
7.93,28.19,62.03,27.37,10.31,52.71,1.6,30.25,0
1.34,52.16,95.18,30.08,1.13,62.07,2.95,37.96,0
2.52,20.63,42.99,12.31,7.8,191.19,2.28,22.47,0
29.88,52.07,82.09,39.82,15.52,140.83,3.16,30.41,1
5.85,41.65,47.78,34.67,10.0,78.11,4.33,29.94,0
7.83,49.92,91.44,50.92,6.24,22.72,5.37,25.01,1
14.87,29.03,41.24,10.0,1.69,27.62,0.68,33.54,0
7.1,37.64,43.11,41.32,7.19,103.29,1.63,36.62,0
13.89,43.43,117.77,46.18,2.4,75.46,3.56,33.08,1
15.38,21.88,27.94,40.63,5.76,35.06,1.29,12.0,0
2.09,31.77,62.95,48.79,8.68,226.42,4.17,24.2,0
0.0,50.06,57.77,17.79,2.06,20.2,2.27,29.43,0
6.97,13.26,17.37,32.14,12.75,67.5,1.87,27.63,0
2.56,12.7,35.77,32.88,19.0,32.61,4.08,22.38,0
16.79,34.65,51.4,39.97,3.83,175.6,3.44,24.28,1
2.74,7.14,46.92,47.01,7.18,31.85,0.35,35.06,0
26.39,55.31,124.06,43.39,6.97,31.34,7.61,30.99,1
27.35,34.8,76.44,31.45,8.19,19.37,0.88,28.65,1
24.25,28.81,60.01,31.21,9.34,58.13,0.77,26.2,1
12.6,44.94,72.9,21.84,10.73,100.23,3.86,18.76,0
1.5,19.37,69.87,55.95,5.68,54.57,3.75,25.56,0
3.53,10.58,105.82,56.83,9.23,32.25,5.7,31.02,0
12.34,23.23,33.89,28.28,4.07,58.87,2.55,35.38,0
4.94,47.81,75.22,39.0,0.88,108.99,4.98,26.76,0
4.47,24.82,85.99,29.33,13.87,58.75,2.91,43.0,0
25.4,48.3,60.65,28.75,9.21,58.08,2.5,27.74,1
0.0,4.97,28.33,37.42,0.56,45.11,1.52,21.58,0
13.22,28.97,48.28,36.17,4.08,94.27,2.72,40.57,1
11.46,41.78,92.86,43.0,10.63,54.96,4.24,30.25,0
7.64,13.14,49.46,31.78,9.13,121.45,3.99,27.88,0
0.03,5.96,55.41,40.38,6.05,167.18,5.18,29.31,0
3.65,11.52,29.75,12.2,8.5,27.05,2.38,31.59,0
7.45,40.45,94.44,42.89,8.18,50.79,4.33,21.39,0
0.0,6.47,63.41,51.98,8.53,50.8,3.68,19.9,0
20.85,38.1,83.27,45.84,22.55,112.22,4.17,36.39,1
6.38,10.3,26.85,15.83,5.09,97.35,1.48,27.82,0
5.7,11.69,78.44,40.52,7.34,53.14,2.45,28.72,0
14.08,42.9,45.26,28.41,2.65,109.17,1.71,34.77,0
30.57,67.67,130.92,59.49,15.26,134.33,6.21,31.8,1
3.48,16.27,76.12,37.68,6.42,43.31,4.89,23.25,0
0.0,3.72,23.47,48.23,6.26,149.13,3.3,30.5,0
33.99,51.39,92.92,59.47,8.2,13.7,4.72,23.38,1
8.55,29.46,40.74,35.81,17.68,13.61,4.81,23.25,0
46.22,52.67,73.38,38.35,1.11,42.08,4.04,24.67,1
26.85,40.87,78.19,49.71,6.12,71.42,5.02,27.07,1
0.98,6.22,9.22,20.2,6.95,35.78,1.95,24.2,0
4.68,8.63,32.89,33.78,0.61,50.12,3.7,31.53,0
0.0,13.66,22.67,26.29,25.74,61.91,3.36,20.47,0
1.48,9.76,13.49,22.41,9.07,26.37,0.35,28.52,0
0.0,41.62,63.69,43.32,22.96,84.91,4.49,31.57,0
1.9,35.4,50.3,33.83,13.08,68.68,2.92,33.66,0
0.0,17.84,27.66,48.41,7.09,46.79,1.15,17.02,0
0.61,7.3,123.19,39.22,5.78,518.24,3.49,30.72,0
1.73,39.77,81.62,28.9,5.13,26.2,5.44,32.98,0
5.69,27.14,45.69,32.04,8.84,32.4,2.78,28.7,1
0.0,21.91,50.78,37.9,1.52,167.39,2.26,24.93,0
21.77,34.26,45.14,30.65,10.86,36.62,1.57,33.25,0
1.52,35.43,85.69,44.6,24.17,78.61,3.18,31.05,0
9.18,21.01,53.21,25.77,11.37,33.32,2.81,38.39,0
1.33,3.77,38.51,38.31,16.94,73.56,3.73,32.35,0
6.22,10.67,22.46,19.8,2.68,18.21,2.91,30.21,0
5.34,68.63,94.99,26.67,7.62,35.46,6.86,27.02,1
22.74,31.24,61.65,18.98,5.69,106.18,3.87,34.55,1
4.04,52.55,73.69,49.89,3.28,117.27,3.79,28.97,1
4.47,13.32,35.13,36.14,27.0,57.31,4.3,31.13,0
0.0,18.02,55.7,39.27,2.35,48.31,1.83,28.59,0
0.0,40.15,58.91,31.44,4.7,36.46,4.14,25.78,0
8.5,32.22,36.93,38.16,10.29,66.57,4.36,36.03,0
8.75,25.29,49.67,25.96,3.77,32.91,3.49,36.27,0
7.48,23.54,43.63,24.45,5.13,121.62,4.03,23.96,0
17.47,47.32,91.94,40.97,8.5,248.36,4.47,36.91,0
5.55,18.67,61.11,38.57,6.16,134.57,4.38,31.78,0
2.74,64.45,134.01,39.3,4.53,64.44,4.34,24.42,1
7.24,10.5,26.33,38.55,6.55,107.72,3.11,16.27,0
4.25,13.5,69.99,26.56,5.27,121.89,2.07,23.0,0
19.33,27.45,37.97,31.31,10.62,53.51,3.99,30.13,0
1.37,15.83,59.18,40.28,9.99,26.11,4.43,30.23,0
4.73,25.44,37.56,14.23,12.3,244.61,1.73,24.66,0
1.81,12.94,23.27,26.91,8.76,80.54,0.2,25.17,0
22.54,50.95,79.15,43.47,4.54,154.5,2.89,21.06,0
2.0,8.02,33.62,33.01,26.76,173.16,2.55,31.16,0
26.01,30.82,63.54,38.32,4.18,41.88,3.17,30.11,1
0.95,30.31,37.95,22.45,3.61,79.39,0.98,32.1,0
13.25,33.73,40.09,27.33,2.66,34.45,3.88,40.58,0
4.44,11.74,35.28,38.87,3.93,10.31,3.41,22.22,0
0.0,18.47,36.08,45.44,5.55,37.4,2.83,33.28,0
25.2,33.67,61.66,24.37,3.06,387.05,3.67,27.21,1
0.64,33.76,95.16,37.71,5.26,46.49,4.11,20.8,0
2.95,19.28,134.87,31.31,17.15,114.62,2.39,25.15,0
8.26,10.82,73.01,37.55,1.45,47.61,5.21,19.62,0
0.0,44.7,74.29,39.26,2.61,306.97,6.02,24.11,0
1.24,42.13,83.52,37.77,5.5,13.9,4.38,28.32,1
3.86,28.73,54.55,40.35,9.64,63.13,2.77,29.85,0
0.0,7.39,47.52,14.63,4.42,239.71,0.43,18.95,0
7.27,8.49,31.0,28.85,3.32,55.25,1.85,36.81,0
0.0,23.94,56.1,39.74,1.82,173.14,1.5,26.53,0
12.95,45.77,57.52,50.99,2.04,101.57,2.9,22.38,1
19.64,24.8,40.66,32.89,11.43,43.91,1.76,35.33,0
13.88,39.17,63.4,39.59,5.31,10.15,3.22,32.42,1
15.95,24.46,84.33,23.92,18.01,23.3,3.17,24.07,1
3.54,31.09,57.52,23.32,5.37,56.68,2.75,24.66,1
0.0,5.3,31.4,44.95,8.55,22.17,2.36,26.33,0
18.74,48.68,78.55,40.07,8.02,71.94,4.14,32.37,1
1.35,19.02,42.65,31.94,4.16,50.2,1.89,29.31,0
5.09,9.06,46.46,29.78,2.86,125.54,0.36,43.0,0
0.16,6.67,37.03,33.44,0.25,52.36,2.13,28.55,0
0.0,31.24,54.78,20.96,13.06,44.24,4.43,37.81,0
7.98,19.64,55.23,44.41,3.1,39.3,2.78,23.49,0
6.09,9.3,30.91,31.6,8.45,45.99,1.21,23.79,0
1.56,17.88,42.34,16.5,5.36,160.81,2.51,29.02,0
34.69,46.31,127.97,47.76,1.19,164.95,5.21,40.06,1
11.28,31.34,51.48,25.79,18.46,63.36,4.48,24.43,0
1.07,43.59,63.35,47.7,7.72,31.23,3.34,31.85,0
2.74,12.74,17.16,21.18,9.86,331.96,0.2,28.28,0
5.9,11.85,27.72,28.12,12.31,103.87,2.63,32.23,0
2.77,8.43,31.28,30.05,10.37,39.51,3.13,23.82,0
23.65,67.84,86.18,45.31,2.83,34.36,4.18,25.02,1
10.51,12.65,46.27,47.56,13.09,68.42,4.2,24.59,0
13.92,34.35,49.84,34.21,6.32,103.11,2.13,38.26,1
15.51,29.58,72.61,42.56,6.01,140.75,4.52,24.3,0
10.43,36.49,41.68,24.68,20.77,227.36,5.17,18.78,1
12.2,32.16,46.82,31.08,20.87,35.55,2.6,29.14,0
22.69,39.89,66.89,38.6,6.43,17.71,2.55,20.16,1
12.89,48.07,73.5,35.37,9.36,33.74,2.95,28.22,1
0.0,22.01,49.75,40.66,14.77,40.67,2.27,37.91,0
30.84,47.28,49.11,26.76,7.52,150.64,3.82,18.99,1
0.0,27.57,59.88,33.56,6.97,35.75,3.53,23.63,0
9.97,25.06,42.48,23.39,11.7,148.35,2.45,21.83,0
6.79,24.13,54.98,41.31,6.5,79.96,5.99,29.95,0
2.29,5.64,37.57,34.02,6.31,17.18,1.46,26.57,0
15.59,66.28,148.72,58.78,11.13,82.73,6.92,23.08,1
4.41,29.6,58.96,30.14,5.07,250.1,4.53,25.93,0
10.66,35.55,125.67,69.26,7.83,99.02,5.86,29.05,1
0.0,19.54,37.32,33.8,13.05,41.53,1.84,17.8,0
18.58,75.53,123.59,50.68,4.54,50.27,4.39,23.76,1
16.96,48.68,56.81,42.7,13.65,53.12,1.97,24.8,1
5.7,7.15,31.28,30.05,0.76,92.88,4.51,39.53,0
0.3,19.56,63.48,35.46,6.15,82.67,3.05,27.69,0
19.89,48.06,70.28,35.41,4.33,27.25,2.43,30.92,1
0.0,58.56,107.94,49.65,15.48,42.0,3.7,23.12,0
6.14,15.5,19.99,24.84,1.14,117.76,4.63,28.77,0
3.42,14.91,30.76,32.35,4.47,84.57,2.03,20.73,0
9.6,29.95,45.94,39.92,4.01,29.64,1.8,27.08,0
3.3,19.45,26.43,35.08,6.32,40.81,1.59,34.49,0
16.03,24.22,38.43,9.59,22.14,109.98,3.89,33.32,0
0.0,5.42,17.13,28.36,8.5,104.42,2.43,28.94,0
20.05,49.2,76.19,30.07,12.15,113.79,3.03,24.44,1
4.63,14.58,42.55,29.8,12.91,71.44,2.57,26.96,0
2.04,30.03,75.53,45.98,2.85,73.14,5.48,26.23,0
9.33,22.83,62.32,56.28,22.59,40.55,3.31,28.19,0
15.1,26.32,49.94,24.99,16.75,37.59,2.49,23.67,1
3.98,32.91,169.0,45.75,14.9,13.85,5.38,30.23,0
4.64,10.19,53.3,34.98,5.94,52.83,1.22,24.77,0
0.75,10.11,128.63,47.61,19.7,64.55,7.06,40.96,0
0.0,19.46,23.03,20.03,8.71,37.31,3.87,32.92,0
1.76,21.17,22.92,35.35,3.12,95.96,2.18,34.91,0
5.81,34.26,66.64,27.92,19.39,220.89,3.75,30.26,0
2.96,27.07,60.27,20.92,9.51,71.79,2.23,27.19,0
2.99,29.3,45.49,22.49,7.47,121.84,3.9,30.26,0
0.0,19.29,35.09,37.85,8.12,31.24,2.61,29.18,0
0.0,9.35,35.65,28.93,11.12,104.82,5.41,30.49,0
0.0,19.41,26.23,9.77,3.05,56.52,4.28,25.64,0
6.03,24.79,89.75,43.47,2.88,74.64,1.81,32.11,0
9.8,21.42,54.8,34.78,9.67,64.72,1.05,29.94,0
6.38,45.15,92.26,50.26,5.24,43.02,5.43,34.95,1
10.43,32.59,44.7,33.32,1.22,19.18,1.44,27.81,0
0.0,3.03,16.34,29.72,1.05,42.79,0.7,21.62,0
5.33,6.22,39.99,28.54,8.04,43.18,3.4,31.06,0
2.12,53.43,81.08,33.47,10.96,27.84,2.98,32.83,0
4.12,84.99,137.82,38.24,11.3,42.58,4.66,13.81,1
0.0,4.8,28.9,19.17,4.81,40.37,3.44,23.34,0
0.0,9.67,48.94,36.14,17.13,100.88,2.91,29.67,0
5.76,11.72,32.36,21.16,3.44,94.41,2.47,26.46,0
0.73,29.55,113.36,41.01,1.47,213.18,4.19,30.1,0
0.98,2.45,13.07,41.77,4.26,477.03,1.77,23.63,0
3.55,16.74,19.24,35.32,9.53,106.85,2.46,27.58,0
10.01,17.83,27.17,32.6,7.92,13.63,1.77,33.48,0
14.74,43.34,85.2,42.31,11.9,44.95,2.26,21.38,0
0.0,3.82,70.09,30.53,10.12,25.72,3.81,31.15,0
1.88,34.48,48.86,25.33,9.1,274.45,1.68,33.4,0
6.87,7.94,60.04,42.09,7.21,62.47,2.93,24.75,0
9.48,15.85,41.85,38.55,3.5,55.51,2.82,36.2,0
13.4,16.73,54.35,17.63,7.2,160.62,3.42,31.06,0
8.35,34.85,53.95,33.39,5.39,47.09,1.21,23.5,0
1.13,12.17,19.11,21.39,2.83,63.76,2.91,29.53,0
6.66,30.88,89.13,34.61,1.22,41.15,2.86,17.92,0
5.57,12.66,55.65,24.86,7.82,59.53,5.65,20.6,0
0.0,7.15,53.48,41.98,4.19,159.96,4.48,28.66,0
0.67,8.9,50.54,21.43,11.91,28.37,4.96,30.88,1
7.7,39.86,69.89,19.68,14.38,232.4,3.88,34.54,0
13.43,26.41,45.4,27.38,7.07,77.66,2.15,22.7,0
1.6,34.26,100.8,58.47,9.49,45.99,4.78,36.56,0
34.69,67.02,85.11,48.21,7.26,33.96,4.4,20.49,1
0.0,54.49,65.83,48.96,4.82,121.8,2.38,24.86,0
4.87,9.67,33.71,40.5,3.44,83.81,1.77,32.25,0
5.75,43.78,54.95,31.48,1.55,34.8,2.7,32.41,0
16.3,44.2,87.67,38.4,5.13,186.51,3.97,31.03,1
1.0,12.3,56.51,31.45,27.09,71.06,4.04,26.56,0
1.74,23.32,57.26,22.38,2.14,147.55,2.44,25.9,0
1.83,10.72,54.3,23.77,12.32,191.47,3.59,31.68,0
15.47,20.13,89.63,45.66,20.63,73.73,3.32,30.41,0
18.48,65.12,102.22,34.98,12.28,59.44,4.67,25.0,1
2.61,6.87,47.99,33.33,0.75,28.8,3.94,27.18,0
0.16,5.94,28.61,20.01,11.11,105.38,1.34,24.69,0
0.26,17.53,37.43,27.75,19.28,72.76,2.48,22.08,0
0.0,25.87,39.84,36.19,23.26,52.44,3.48,31.59,0
20.47,54.22,72.68,21.63,6.4,36.15,1.89,20.79,1
5.02,5.95,34.19,30.21,3.16,84.14,2.24,32.25,0
14.66,28.23,50.56,38.43,4.92,167.86,2.93,19.27,0
3.23,16.47,31.01,29.68,13.66,169.95,1.85,32.01,0
39.39,63.09,88.05,30.46,1.31,35.83,3.99,24.37,1
12.23,13.98,38.47,31.54,3.36,72.01,1.02,22.7,0
7.85,41.27,90.36,27.18,10.07,24.38,3.9,31.06,1
9.96,15.27,70.82,34.74,16.94,36.7,4.18,28.94,1
0.0,18.28,87.04,30.34,7.86,81.16,3.88,25.42,0
1.92,26.23,31.83,23.61,1.22,44.64,2.82,25.06,0
14.44,19.67,52.5,50.24,18.42,20.91,3.36,29.63,0
5.26,26.96,29.61,40.18,13.32,27.93,1.93,19.17,0
10.7,37.95,62.83,39.17,6.61,276.45,3.29,35.79,1
3.03,10.34,75.15,40.45,13.32,24.87,4.21,29.66,0
4.18,14.22,63.98,39.14,2.98,51.91,4.55,30.3,0
18.98,27.22,96.06,40.13,3.37,93.13,2.96,34.73,1
6.6,29.51,33.67,28.35,3.0,64.94,2.42,40.97,0
7.01,30.0,70.22,30.87,8.23,60.98,5.65,32.24,0
4.57,46.57,51.84,33.88,22.7,110.6,3.76,21.89,1
2.41,25.51,46.93,21.64,6.33,164.93,2.93,24.25,0
3.4,32.39,112.98,44.25,15.53,73.37,3.68,17.28,0
5.32,24.85,68.59,46.89,14.99,19.94,4.19,22.04,0
19.96,22.79,74.34,42.48,8.94,64.8,3.67,30.39,1
5.4,44.58,78.33,38.79,15.26,116.98,3.03,28.52,0
16.43,25.5,35.53,16.46,8.84,65.97,2.65,30.6,1
0.27,32.29,75.02,32.57,14.39,56.17,3.7,28.99,1
9.24,19.06,81.14,59.19,24.03,152.95,4.27,26.51,1
0.0,23.27,40.88,33.24,6.62,178.33,0.84,31.99,0
0.84,52.25,121.1,36.16,18.71,359.15,4.18,21.74,1
1.01,30.15,32.2,31.04,9.31,55.59,3.26,33.78,0
2.01,24.05,33.5,33.16,9.24,95.36,1.54,32.55,0
16.38,26.66,36.21,30.8,14.96,174.11,0.21,27.26,0
0.0,8.79,27.58,31.48,10.04,65.21,2.58,26.55,0
18.52,20.66,71.55,29.44,16.14,143.33,2.07,31.9,1
2.73,4.99,6.61,41.87,19.27,43.42,2.32,28.42,0
3.04,25.17,77.15,35.46,11.55,61.23,5.73,26.32,0
24.68,48.5,94.66,39.81,0.76,37.63,4.03,29.69,1
11.61,42.35,49.94,29.76,5.02,32.85,3.37,32.46,0
32.56,58.52,69.88,50.15,5.54,44.6,3.56,23.41,1
37.02,41.73,50.14,30.01,2.23,52.38,3.35,30.07,1
16.26,37.34,41.97,24.46,11.59,170.38,2.68,25.08,1
0.72,74.16,87.48,45.45,11.5,48.11,4.02,27.93,1
8.69,50.96,55.17,25.17,16.64,87.3,4.47,22.87,0
5.9,31.2,59.93,21.88,4.61,25.21,2.92,26.4,0
1.57,25.28,38.05,28.36,19.84,66.37,4.43,29.88,0
15.32,28.68,44.37,30.28,4.57,18.53,2.82,33.6,1
0.0,9.7,14.08,39.45,12.85,26.7,2.04,27.48,0
0.23,34.14,58.84,23.38,17.57,70.41,2.58,33.6,0
0.0,12.43,43.03,29.98,8.41,97.25,1.55,26.88,0
0.0,25.97,32.04,25.58,31.77,109.23,1.7,28.76,0
0.53,9.26,33.51,19.41,11.34,40.57,2.44,28.79,0
3.93,45.62,73.55,28.85,13.47,77.86,3.57,26.64,1
16.61,39.39,251.14,69.71,3.62,75.6,8.32,26.91,1
1.85,22.2,50.56,48.43,11.15,76.71,4.34,31.99,0
16.97,30.25,96.1,46.68,1.65,227.38,4.41,22.48,0
36.4,57.93,113.45,55.8,5.62,43.4,5.0,32.44,1
19.37,49.75,96.41,14.27,21.24,83.36,4.39,23.73,1
0.04,23.82,39.89,29.3,6.64,75.21,4.42,28.51,0
1.09,18.84,71.17,35.54,2.9,130.99,3.58,33.3,0
17.06,20.84,32.52,39.75,24.32,43.02,0.34,23.95,0
1.0,25.42,35.58,51.66,7.04,87.46,0.64,28.43,0
5.74,17.3,65.73,39.46,4.43,109.89,3.5,29.97,0
9.46,31.38,93.82,37.76,10.8,151.44,2.13,29.86,0
12.56,15.32,33.33,24.68,7.68,76.61,1.1,31.98,0
6.95,9.58,28.27,27.66,1.82,51.72,2.37,22.16,0
0.0,61.41,88.52,26.95,12.15,68.66,3.66,31.33,0
2.44,23.86,76.41,24.15,12.94,41.76,1.07,32.27,0
19.34,68.29,105.88,44.39,0.73,151.93,3.08,34.01,1
5.11,5.75,85.17,36.24,4.99,168.76,2.85,17.51,0
29.67,50.22,90.95,34.6,5.04,7.79,4.61,33.12,1
7.47,44.23,45.5,43.51,16.2,62.04,3.18,23.26,0
0.41,19.37,36.24,60.09,0.67,59.53,3.76,33.93,0
10.81,29.52,48.33,28.1,7.93,56.36,3.69,23.36,0
20.33,37.57,63.05,26.51,6.61,274.04,4.03,42.0,1
6.26,8.98,22.59,39.65,9.78,161.24,2.17,26.26,0
6.4,51.28,65.45,25.42,6.09,27.23,4.46,26.69,0
8.62,38.36,78.09,28.98,6.81,34.35,3.4,25.75,1
9.86,16.25,62.37,40.1,12.58,127.32,0.58,26.58,1
1.21,12.33,33.98,36.55,9.49,101.73,2.24,22.7,0
0.0,7.65,67.7,35.42,3.3,116.33,3.57,31.64,0
11.47,60.48,78.93,36.99,0.82,76.36,1.25,27.9,1
5.18,85.18,107.8,58.73,9.33,106.09,3.81,26.36,1
8.79,13.55,27.75,27.53,5.11,36.03,3.43,30.28,1
3.83,5.7,19.46,39.18,12.08,81.61,0.85,25.17,0
8.97,19.5,28.2,32.81,13.59,66.93,2.02,26.33,0
0.11,11.91,21.41,42.87,15.32,234.43,4.71,21.65,0
2.63,4.58,9.02,18.23,5.14,43.07,2.17,26.19,0
0.0,13.69,41.22,30.24,0.85,143.47,2.56,36.65,0
2.77,24.01,53.43,26.82,5.72,22.11,2.4,31.84,0
0.0,0.51,37.56,20.78,11.71,155.45,3.36,29.85,0
12.75,45.7,63.09,48.61,19.14,22.12,3.94,30.53,0
23.8,27.57,54.7,33.9,15.45,31.2,4.87,29.85,1
0.0,1.06,28.96,20.9,7.21,61.35,3.94,25.75,0
5.28,47.51,67.03,34.04,20.98,43.48,2.21,34.12,0
3.83,18.63,29.83,13.33,8.81,38.05,1.29,21.57,0
24.71,59.28,73.76,35.51,5.23,25.06,4.97,29.61,1
5.82,37.38,121.27,50.67,3.14,14.46,6.27,37.45,0
18.44,22.46,71.24,50.56,2.32,82.0,4.0,25.8,1
11.86,17.72,35.5,5.0,4.01,99.39,0.53,29.38,0
7.67,13.48,24.26,23.52,0.98,179.92,1.4,26.02,0
1.7,28.06,126.28,49.94,4.74,48.18,3.75,32.3,0
7.71,12.49,51.76,37.22,12.46,73.01,3.85,25.51,0
0.0,6.6,18.04,22.23,17.42,149.56,2.76,24.33,0
2.6,22.5,100.65,42.15,6.65,69.94,5.52,26.2,0
0.0,6.41,33.02,26.67,3.04,376.71,2.16,22.3,0
21.51,39.78,76.1,37.58,3.06,91.47,3.38,24.77,1
6.53,31.0,81.01,50.58,3.63,44.52,2.57,22.7,0
20.93,29.18,55.73,41.85,9.69,66.47,2.32,29.59,0
6.15,15.74,20.75,18.44,8.69,33.63,1.48,25.93,0
6.83,37.45,45.7,23.99,10.25,11.31,2.62,25.31,0
11.09,11.93,25.23,34.96,9.46,26.17,2.09,30.74,0
4.67,25.67,66.48,22.76,4.77,6.93,2.8,21.98,0
3.77,22.03,83.8,41.37,6.63,45.16,3.92,30.34,0
2.91,24.78,56.69,40.61,6.65,44.15,4.21,32.01,0
0.13,1.3,49.38,28.26,12.9,44.7,4.21,23.73,0
2.94,48.43,61.64,33.93,4.21,30.48,2.1,30.88,0
16.73,41.58,59.78,42.81,6.62,33.33,3.14,32.08,1
2.42,37.55,49.82,55.88,4.11,39.85,4.39,30.45,0
35.17,75.47,107.27,47.97,7.37,42.72,4.4,24.98,1
0.0,58.66,121.09,45.75,1.65,42.25,6.98,18.56,0
17.47,34.81,77.23,25.84,1.94,73.97,4.31,24.85,0
3.51,27.87,40.79,12.37,1.34,43.56,0.2,36.63,0
9.65,10.6,24.38,25.6,20.08,219.94,2.89,25.71,0
0.36,10.7,38.61,40.63,5.56,81.18,4.17,30.67,0
0.0,13.29,34.03,34.09,8.18,156.95,0.39,26.43,0
14.18,42.83,48.36,39.93,2.68,71.71,2.52,23.52,1
20.92,22.76,36.16,33.68,13.63,38.13,3.42,25.85,1
5.44,48.44,94.88,45.17,10.07,83.12,3.71,30.81,0
2.42,15.29,23.33,25.99,13.82,63.47,1.24,23.9,0
4.84,87.73,108.25,50.61,7.64,36.35,3.31,28.3,1
4.82,14.13,64.32,45.51,11.43,26.33,2.7,28.13,0
3.39,11.01,32.93,33.4,10.69,117.51,2.17,30.58,0
6.32,9.21,16.44,28.58,5.55,135.61,3.15,25.18,0
10.28,42.47,68.48,17.36,8.63,43.64,5.05,24.72,1
9.28,25.4,29.35,28.63,8.9,36.0,3.13,29.8,0
1.44,18.32,23.0,27.6,14.78,134.19,1.87,27.32,0
3.52,15.25,62.66,36.9,1.72,61.62,3.66,32.72,0
0.0,33.35,69.47,49.15,13.07,61.73,4.77,32.09,0
8.96,29.2,40.77,30.68,7.06,17.9,2.46,27.6,0
0.64,5.61,38.37,55.88,7.42,52.83,1.8,36.81,0
1.91,12.43,53.4,33.53,5.99,73.02,2.63,20.01,0
9.49,68.64,82.99,45.87,5.61,35.81,3.19,25.49,0
10.13,31.9,99.15,40.79,22.38,44.98,3.91,32.17,0
17.14,32.64,61.12,21.44,4.26,52.84,0.75,16.22,0
40.41,87.85,91.98,40.27,6.48,32.76,5.63,28.91,1
5.12,37.82,63.18,27.92,9.61,103.5,3.55,23.95,0
3.79,25.62,39.99,41.39,1.27,147.99,0.2,38.51,0
6.15,23.98,51.92,31.46,8.92,42.25,2.73,25.3,0
2.61,32.93,76.56,27.88,9.33,9.93,6.01,28.45,0
0.0,5.12,12.59,37.01,0.7,37.89,1.41,26.49,0
0.0,26.85,59.05,41.84,3.42,67.0,2.25,26.45,0
4.3,24.55,98.68,55.15,0.88,45.21,5.43,33.78,0
22.74,63.39,86.41,46.94,3.89,227.26,2.31,29.4,1
2.24,13.96,24.39,32.02,16.07,63.49,2.85,24.35,0
12.19,28.56,64.38,37.72,5.34,26.99,2.09,30.12,0
18.99,32.55,36.4,35.01,18.95,71.16,2.12,30.09,0
12.0,17.93,26.14,14.05,4.1,221.24,3.35,29.17,0
13.5,21.85,32.66,20.75,6.41,29.92,0.45,30.56,0
0.0,12.55,29.92,28.55,4.19,66.34,2.29,33.75,0
3.33,8.13,33.99,28.73,4.91,159.9,2.9,20.68,0
0.0,12.82,66.92,25.77,3.28,59.07,3.31,24.21,0
1.36,14.75,50.18,7.45,5.1,57.38,2.09,21.95,1
0.0,4.99,47.27,32.53,2.15,58.3,2.85,27.91,0
9.59,83.49,131.99,43.83,11.46,121.87,2.7,28.17,1
0.0,23.85,38.98,20.85,6.41,151.11,3.96,29.02,0
0.0,20.15,66.91,26.55,3.32,302.93,3.4,35.55,0
4.64,27.47,39.35,26.32,2.45,163.42,3.48,32.74,0
0.0,10.51,28.4,14.15,4.32,68.52,1.53,31.77,0
37.28,69.39,94.75,60.62,4.75,32.88,4.32,32.98,1
3.2,44.5,68.27,36.57,8.65,70.73,5.06,29.4,0
18.54,36.92,87.22,31.12,6.65,126.69,2.4,34.45,1
0.0,26.05,105.48,57.61,0.7,110.02,5.91,27.03,0
7.86,13.92,40.75,32.53,3.45,49.21,3.67,28.51,0
10.02,48.56,155.67,37.29,13.29,13.78,8.18,27.78,0
0.0,23.82,55.27,19.37,1.83,113.33,2.65,22.74,0
12.91,43.52,76.45,48.46,7.82,111.75,3.44,25.1,0
1.24,16.32,53.48,29.6,15.09,73.51,4.03,20.46,0
2.21,21.1,64.55,23.59,12.23,182.09,1.88,32.63,0
0.0,23.11,80.93,29.46,3.5,40.07,4.95,28.72,0
13.63,47.86,71.4,26.12,14.12,51.17,2.35,27.8,1
7.65,12.51,43.91,40.08,9.95,36.29,2.88,25.54,0
7.03,44.43,54.35,32.04,7.51,30.13,3.73,26.09,0
6.76,58.0,83.31,35.57,17.31,48.14,4.25,29.69,1
7.36,21.82,30.85,38.59,1.37,102.38,2.26,32.5,0
1.04,17.61,32.18,22.12,15.67,59.77,2.4,32.6,0
11.85,54.57,104.61,40.94,9.04,15.35,3.26,21.88,1
0.45,74.2,135.54,57.23,6.27,26.45,4.47,31.02,1
6.92,12.82,23.9,25.45,16.3,22.82,1.73,20.76,0
4.03,23.0,30.43,20.94,5.47,169.24,2.63,18.38,0
1.92,5.12,59.38,20.76,5.89,38.29,3.48,33.34,0
4.22,9.92,56.78,30.86,7.72,78.95,3.99,28.67,0
7.02,36.22,56.5,46.38,15.32,42.21,1.7,25.16,0
11.8,29.27,36.89,18.32,1.25,23.44,3.43,27.75,0
5.54,32.98,121.98,43.81,11.18,13.37,5.22,35.08,1
15.31,36.76,90.43,19.96,19.21,116.86,3.9,35.83,1
1.28,18.15,115.24,49.14,4.76,94.96,4.61,26.34,0
3.17,41.77,99.8,33.27,1.19,211.41,4.45,33.55,1
9.84,55.43,124.98,51.9,6.05,51.99,3.12,31.66,1
0.0,15.14,44.73,37.15,1.59,143.84,0.2,28.77,0
13.4,19.67,52.67,26.75,4.33,28.76,2.87,30.87,1
0.0,23.99,71.53,30.31,21.59,18.23,4.16,32.64,0
29.68,35.05,74.92,39.14,21.57,22.32,2.38,24.57,1
1.33,3.7,15.27,21.17,12.56,268.93,1.84,32.92,0
27.4,34.78,42.08,29.81,9.68,49.74,4.32,30.47,0
12.33,19.29,85.33,58.81,12.67,16.52,5.78,28.92,1
0.0,29.33,47.1,21.52,13.54,99.17,2.09,22.65,0
0.29,54.85,99.44,60.25,3.71,52.02,4.13,28.47,1
0.0,45.6,88.79,49.25,18.29,44.14,6.48,32.07,0
3.07,14.56,73.47,33.92,0.95,103.96,3.53,23.83,0
15.15,33.93,55.29,27.75,10.48,18.23,2.88,36.52,0
24.3,37.85,78.41,32.14,3.11,152.4,5.85,30.31,1
0.0,39.15,105.31,62.19,5.38,94.25,4.56,29.55,1
0.0,23.41,48.04,24.84,3.7,139.39,2.12,18.88,0
8.4,40.22,47.49,22.89,8.03,186.8,0.47,30.53,1
0.0,7.3,30.36,25.19,1.88,24.04,2.25,24.53,0
14.91,101.09,119.59,34.94,2.99,77.5,4.23,34.39,1
11.16,14.45,24.85,28.2,13.65,128.69,2.14,27.79,0
5.68,11.21,23.58,26.3,4.36,32.98,0.2,27.66,1
14.3,46.2,80.24,31.83,8.48,106.18,3.77,38.55,0
13.82,17.03,81.47,33.06,8.45,60.79,4.48,27.95,1
0.25,54.98,121.87,44.82,7.87,17.18,5.97,29.7,0
0.0,44.49,69.16,46.53,6.42,436.04,3.82,27.34,0
4.73,33.3,39.82,21.47,13.78,120.08,2.71,28.82,0
14.65,22.93,50.54,42.19,7.24,86.03,5.86,25.69,0
0.08,31.96,61.29,46.52,22.4,56.43,4.07,28.04,0
0.0,14.81,27.82,35.09,15.41,70.7,2.71,24.84,0
0.0,6.71,44.98,46.49,1.02,35.92,3.04,28.75,0
2.33,17.42,71.64,46.56,11.83,42.81,4.29,25.12,0
0.55,15.2,60.92,21.66,11.05,56.51,1.23,41.28,0
9.25,25.47,38.32,14.93,9.3,42.09,4.63,28.12,0
14.57,41.84,67.26,25.66,6.74,64.28,3.74,18.49,1
37.48,48.43,66.55,40.36,6.43,22.85,2.83,19.75,1
4.44,17.35,37.88,30.75,12.9,48.01,2.57,24.73,0
1.58,17.67,102.44,42.37,9.08,43.98,4.09,17.84,0
30.86,72.45,78.78,44.26,14.24,47.24,4.96,31.69,1
4.08,65.37,68.54,25.07,5.6,68.8,3.66,21.82,0
20.95,27.57,55.38,25.98,3.6,107.84,2.13,37.89,0
6.87,20.43,57.72,17.01,2.41,101.44,3.84,31.04,0
0.0,21.97,30.94,46.68,6.47,13.58,0.2,25.65,0
9.29,12.67,27.52,32.0,15.36,80.62,2.31,19.85,0
12.14,26.22,55.79,41.32,11.8,162.62,2.25,29.93,1
0.0,30.0,34.11,27.33,0.58,178.7,3.05,27.6,0
13.44,33.42,90.08,47.79,5.25,67.21,2.29,28.58,0
23.0,28.8,97.75,28.47,11.58,51.28,3.47,33.28,1
15.61,47.71,52.79,37.84,9.02,105.5,5.45,23.21,0
9.58,38.6,65.39,33.69,11.13,17.49,3.53,20.86,0
6.57,16.58,49.34,35.78,17.02,33.25,2.73,28.5,0
2.35,51.26,71.24,35.59,4.13,90.94,2.88,23.9,0
